--
-- PostgreSQL database dump
--

SET statement_timeout = 0;
SET client_encoding = 'UTF8';
SET standard_conforming_strings = on;
SET check_function_bodies = false;
SET client_min_messages = warning;

--
-- Name: plpgsql; Type: EXTENSION; Schema: -; Owner: -
--

CREATE EXTENSION IF NOT EXISTS plpgsql WITH SCHEMA pg_catalog;


--
-- Name: EXTENSION plpgsql; Type: COMMENT; Schema: -; Owner: -
--

COMMENT ON EXTENSION plpgsql IS 'PL/pgSQL procedural language';


SET search_path = public, pg_catalog;

SET default_tablespace = '';

SET default_with_oids = false;

--
-- Name: ap_masspayment; Type: TABLE; Schema: public; Owner: -; Tablespace: 
--

CREATE TABLE ap_masspayment (
    id integer NOT NULL,
    currency_code character varying(5) NOT NULL,
    sender_email character varying(75) NOT NULL,
    memo character varying(255) NOT NULL,
    created timestamp with time zone NOT NULL,
    modified timestamp with time zone NOT NULL,
    status smallint DEFAULT 0 NOT NULL
);


--
-- Name: ap_masspayment_id_seq; Type: SEQUENCE; Schema: public; Owner: -
--

CREATE SEQUENCE ap_masspayment_id_seq
    START WITH 1
    INCREMENT BY 1
    NO MINVALUE
    NO MAXVALUE
    CACHE 1;


--
-- Name: ap_masspayment_id_seq; Type: SEQUENCE OWNED BY; Schema: public; Owner: -
--

ALTER SEQUENCE ap_masspayment_id_seq OWNED BY ap_masspayment.id;


--
-- Name: ap_masspayment_id_seq; Type: SEQUENCE SET; Schema: public; Owner: -
--

SELECT pg_catalog.setval('ap_masspayment_id_seq', 114, true);


--
-- Name: ap_masspaymentreceiver; Type: TABLE; Schema: public; Owner: -; Tablespace: 
--

CREATE TABLE ap_masspaymentreceiver (
    id integer NOT NULL,
    payment_id integer NOT NULL,
    email character varying(75) NOT NULL,
    amount double precision NOT NULL,
    "primary" boolean DEFAULT false NOT NULL
);


--
-- Name: ap_masspaymentreceiver_id_seq; Type: SEQUENCE; Schema: public; Owner: -
--

CREATE SEQUENCE ap_masspaymentreceiver_id_seq
    START WITH 1
    INCREMENT BY 1
    NO MINVALUE
    NO MAXVALUE
    CACHE 1;


--
-- Name: ap_masspaymentreceiver_id_seq; Type: SEQUENCE OWNED BY; Schema: public; Owner: -
--

ALTER SEQUENCE ap_masspaymentreceiver_id_seq OWNED BY ap_masspaymentreceiver.id;


--
-- Name: ap_masspaymentreceiver_id_seq; Type: SEQUENCE SET; Schema: public; Owner: -
--

SELECT pg_catalog.setval('ap_masspaymentreceiver_id_seq', 149, true);


--
-- Name: auth_group; Type: TABLE; Schema: public; Owner: -; Tablespace: 
--

CREATE TABLE auth_group (
    id integer NOT NULL,
    name character varying(80) NOT NULL
);


--
-- Name: auth_group_id_seq; Type: SEQUENCE; Schema: public; Owner: -
--

CREATE SEQUENCE auth_group_id_seq
    START WITH 1
    INCREMENT BY 1
    NO MINVALUE
    NO MAXVALUE
    CACHE 1;


--
-- Name: auth_group_id_seq; Type: SEQUENCE OWNED BY; Schema: public; Owner: -
--

ALTER SEQUENCE auth_group_id_seq OWNED BY auth_group.id;


--
-- Name: auth_group_id_seq; Type: SEQUENCE SET; Schema: public; Owner: -
--

SELECT pg_catalog.setval('auth_group_id_seq', 1, false);


--
-- Name: auth_group_permissions; Type: TABLE; Schema: public; Owner: -; Tablespace: 
--

CREATE TABLE auth_group_permissions (
    id integer NOT NULL,
    group_id integer NOT NULL,
    permission_id integer NOT NULL
);


--
-- Name: auth_group_permissions_id_seq; Type: SEQUENCE; Schema: public; Owner: -
--

CREATE SEQUENCE auth_group_permissions_id_seq
    START WITH 1
    INCREMENT BY 1
    NO MINVALUE
    NO MAXVALUE
    CACHE 1;


--
-- Name: auth_group_permissions_id_seq; Type: SEQUENCE OWNED BY; Schema: public; Owner: -
--

ALTER SEQUENCE auth_group_permissions_id_seq OWNED BY auth_group_permissions.id;


--
-- Name: auth_group_permissions_id_seq; Type: SEQUENCE SET; Schema: public; Owner: -
--

SELECT pg_catalog.setval('auth_group_permissions_id_seq', 1, false);


--
-- Name: auth_message; Type: TABLE; Schema: public; Owner: -; Tablespace: 
--

CREATE TABLE auth_message (
    id integer NOT NULL,
    user_id integer NOT NULL,
    message text NOT NULL
);


--
-- Name: auth_message_id_seq; Type: SEQUENCE; Schema: public; Owner: -
--

CREATE SEQUENCE auth_message_id_seq
    START WITH 1
    INCREMENT BY 1
    NO MINVALUE
    NO MAXVALUE
    CACHE 1;


--
-- Name: auth_message_id_seq; Type: SEQUENCE OWNED BY; Schema: public; Owner: -
--

ALTER SEQUENCE auth_message_id_seq OWNED BY auth_message.id;


--
-- Name: auth_message_id_seq; Type: SEQUENCE SET; Schema: public; Owner: -
--

SELECT pg_catalog.setval('auth_message_id_seq', 1, false);


--
-- Name: auth_permission; Type: TABLE; Schema: public; Owner: -; Tablespace: 
--

CREATE TABLE auth_permission (
    id integer NOT NULL,
    name character varying(50) NOT NULL,
    content_type_id integer NOT NULL,
    codename character varying(100) NOT NULL
);


--
-- Name: auth_permission_id_seq; Type: SEQUENCE; Schema: public; Owner: -
--

CREATE SEQUENCE auth_permission_id_seq
    START WITH 1
    INCREMENT BY 1
    NO MINVALUE
    NO MAXVALUE
    CACHE 1;


--
-- Name: auth_permission_id_seq; Type: SEQUENCE OWNED BY; Schema: public; Owner: -
--

ALTER SEQUENCE auth_permission_id_seq OWNED BY auth_permission.id;


--
-- Name: auth_permission_id_seq; Type: SEQUENCE SET; Schema: public; Owner: -
--

SELECT pg_catalog.setval('auth_permission_id_seq', 252, true);


--
-- Name: auth_user; Type: TABLE; Schema: public; Owner: -; Tablespace: 
--

CREATE TABLE auth_user (
    id integer NOT NULL,
    username character varying(30) NOT NULL,
    first_name character varying(30) NOT NULL,
    last_name character varying(30) NOT NULL,
    email character varying(75) NOT NULL,
    password character varying(128) NOT NULL,
    is_staff boolean NOT NULL,
    is_active boolean NOT NULL,
    is_superuser boolean NOT NULL,
    last_login timestamp with time zone NOT NULL,
    date_joined timestamp with time zone NOT NULL
);


--
-- Name: auth_user_groups; Type: TABLE; Schema: public; Owner: -; Tablespace: 
--

CREATE TABLE auth_user_groups (
    id integer NOT NULL,
    user_id integer NOT NULL,
    group_id integer NOT NULL
);


--
-- Name: auth_user_groups_id_seq; Type: SEQUENCE; Schema: public; Owner: -
--

CREATE SEQUENCE auth_user_groups_id_seq
    START WITH 1
    INCREMENT BY 1
    NO MINVALUE
    NO MAXVALUE
    CACHE 1;


--
-- Name: auth_user_groups_id_seq; Type: SEQUENCE OWNED BY; Schema: public; Owner: -
--

ALTER SEQUENCE auth_user_groups_id_seq OWNED BY auth_user_groups.id;


--
-- Name: auth_user_groups_id_seq; Type: SEQUENCE SET; Schema: public; Owner: -
--

SELECT pg_catalog.setval('auth_user_groups_id_seq', 1, false);


--
-- Name: auth_user_id_seq; Type: SEQUENCE; Schema: public; Owner: -
--

CREATE SEQUENCE auth_user_id_seq
    START WITH 1
    INCREMENT BY 1
    NO MINVALUE
    NO MAXVALUE
    CACHE 1;


--
-- Name: auth_user_id_seq; Type: SEQUENCE OWNED BY; Schema: public; Owner: -
--

ALTER SEQUENCE auth_user_id_seq OWNED BY auth_user.id;


--
-- Name: auth_user_id_seq; Type: SEQUENCE SET; Schema: public; Owner: -
--

SELECT pg_catalog.setval('auth_user_id_seq', 279, true);


--
-- Name: auth_user_user_permissions; Type: TABLE; Schema: public; Owner: -; Tablespace: 
--

CREATE TABLE auth_user_user_permissions (
    id integer NOT NULL,
    user_id integer NOT NULL,
    permission_id integer NOT NULL
);


--
-- Name: auth_user_user_permissions_id_seq; Type: SEQUENCE; Schema: public; Owner: -
--

CREATE SEQUENCE auth_user_user_permissions_id_seq
    START WITH 1
    INCREMENT BY 1
    NO MINVALUE
    NO MAXVALUE
    CACHE 1;


--
-- Name: auth_user_user_permissions_id_seq; Type: SEQUENCE OWNED BY; Schema: public; Owner: -
--

ALTER SEQUENCE auth_user_user_permissions_id_seq OWNED BY auth_user_user_permissions.id;


--
-- Name: auth_user_user_permissions_id_seq; Type: SEQUENCE SET; Schema: public; Owner: -
--

SELECT pg_catalog.setval('auth_user_user_permissions_id_seq', 1, false);


--
-- Name: classes_class; Type: TABLE; Schema: public; Owner: -; Tablespace: 
--

CREATE TABLE classes_class (
    id integer NOT NULL,
    created timestamp with time zone NOT NULL,
    updated timestamp with time zone NOT NULL,
    tutor_id integer NOT NULL,
    student_id integer NOT NULL,
    date timestamp with time zone NOT NULL,
    credit_fee double precision NOT NULL,
    scribblar_id character varying(100),
    earning_fee double precision NOT NULL,
    universal_fee double precision NOT NULL,
    status smallint NOT NULL,
    cancelation_reason character varying(500),
    alert_sent boolean NOT NULL,
    duration smallint NOT NULL,
    tutor_appeared boolean NOT NULL,
    cover text,
    subject_credits_per_hour double precision NOT NULL,
    subject character varying(255) NOT NULL,
    level character varying(255),
    system character varying(255),
    only_subject character varying(255),
    CONSTRAINT ck_duration_pstv_7c5e16d7 CHECK ((duration >= 0)),
    CONSTRAINT ck_status_pstv_c3e9669 CHECK ((status >= 0)),
    CONSTRAINT classes_class_duration_check CHECK ((duration >= 0)),
    CONSTRAINT classes_class_status_check CHECK ((status >= 0))
);


--
-- Name: classes_class_id_seq; Type: SEQUENCE; Schema: public; Owner: -
--

CREATE SEQUENCE classes_class_id_seq
    START WITH 1
    INCREMENT BY 1
    NO MINVALUE
    NO MAXVALUE
    CACHE 1;


--
-- Name: classes_class_id_seq; Type: SEQUENCE OWNED BY; Schema: public; Owner: -
--

ALTER SEQUENCE classes_class_id_seq OWNED BY classes_class.id;


--
-- Name: classes_class_id_seq; Type: SEQUENCE SET; Schema: public; Owner: -
--

SELECT pg_catalog.setval('classes_class_id_seq', 140, true);


--
-- Name: classes_classlevel; Type: TABLE; Schema: public; Owner: -; Tablespace: 
--

CREATE TABLE classes_classlevel (
    id integer NOT NULL,
    system_id integer NOT NULL,
    level character varying(30) NOT NULL
);


--
-- Name: classes_classlevel_id_seq; Type: SEQUENCE; Schema: public; Owner: -
--

CREATE SEQUENCE classes_classlevel_id_seq
    START WITH 1
    INCREMENT BY 1
    NO MINVALUE
    NO MAXVALUE
    CACHE 1;


--
-- Name: classes_classlevel_id_seq; Type: SEQUENCE OWNED BY; Schema: public; Owner: -
--

ALTER SEQUENCE classes_classlevel_id_seq OWNED BY classes_classlevel.id;


--
-- Name: classes_classlevel_id_seq; Type: SEQUENCE SET; Schema: public; Owner: -
--

SELECT pg_catalog.setval('classes_classlevel_id_seq', 67, true);


--
-- Name: classes_classsubject; Type: TABLE; Schema: public; Owner: -; Tablespace: 
--

CREATE TABLE classes_classsubject (
    id integer NOT NULL,
    subject character varying(30) NOT NULL
);


--
-- Name: classes_classsubject_id_seq; Type: SEQUENCE; Schema: public; Owner: -
--

CREATE SEQUENCE classes_classsubject_id_seq
    START WITH 1
    INCREMENT BY 1
    NO MINVALUE
    NO MAXVALUE
    CACHE 1;


--
-- Name: classes_classsubject_id_seq; Type: SEQUENCE OWNED BY; Schema: public; Owner: -
--

ALTER SEQUENCE classes_classsubject_id_seq OWNED BY classes_classsubject.id;


--
-- Name: classes_classsubject_id_seq; Type: SEQUENCE SET; Schema: public; Owner: -
--

SELECT pg_catalog.setval('classes_classsubject_id_seq', 71, true);


--
-- Name: classes_classsubject_systems; Type: TABLE; Schema: public; Owner: -; Tablespace: 
--

CREATE TABLE classes_classsubject_systems (
    id integer NOT NULL,
    classsubject_id integer NOT NULL,
    educationalsystem_id integer NOT NULL
);


--
-- Name: classes_classsubject_systems_id_seq; Type: SEQUENCE; Schema: public; Owner: -
--

CREATE SEQUENCE classes_classsubject_systems_id_seq
    START WITH 1
    INCREMENT BY 1
    NO MINVALUE
    NO MAXVALUE
    CACHE 1;


--
-- Name: classes_classsubject_systems_id_seq; Type: SEQUENCE OWNED BY; Schema: public; Owner: -
--

ALTER SEQUENCE classes_classsubject_systems_id_seq OWNED BY classes_classsubject_systems.id;


--
-- Name: classes_classsubject_systems_id_seq; Type: SEQUENCE SET; Schema: public; Owner: -
--

SELECT pg_catalog.setval('classes_classsubject_systems_id_seq', 270, true);


--
-- Name: classes_classuserhistory; Type: TABLE; Schema: public; Owner: -; Tablespace: 
--

CREATE TABLE classes_classuserhistory (
    id integer NOT NULL,
    _class_id integer NOT NULL,
    user_id integer NOT NULL,
    enter timestamp with time zone NOT NULL,
    leave timestamp with time zone NOT NULL
);


--
-- Name: classes_classuserhistory_id_seq; Type: SEQUENCE; Schema: public; Owner: -
--

CREATE SEQUENCE classes_classuserhistory_id_seq
    START WITH 1
    INCREMENT BY 1
    NO MINVALUE
    NO MAXVALUE
    CACHE 1;


--
-- Name: classes_classuserhistory_id_seq; Type: SEQUENCE OWNED BY; Schema: public; Owner: -
--

ALTER SEQUENCE classes_classuserhistory_id_seq OWNED BY classes_classuserhistory.id;


--
-- Name: classes_classuserhistory_id_seq; Type: SEQUENCE SET; Schema: public; Owner: -
--

SELECT pg_catalog.setval('classes_classuserhistory_id_seq', 1, false);


--
-- Name: classes_educationalsystem; Type: TABLE; Schema: public; Owner: -; Tablespace: 
--

CREATE TABLE classes_educationalsystem (
    id integer NOT NULL,
    system character varying(30) NOT NULL
);


--
-- Name: classes_educationalsystem_id_seq; Type: SEQUENCE; Schema: public; Owner: -
--

CREATE SEQUENCE classes_educationalsystem_id_seq
    START WITH 1
    INCREMENT BY 1
    NO MINVALUE
    NO MAXVALUE
    CACHE 1;


--
-- Name: classes_educationalsystem_id_seq; Type: SEQUENCE OWNED BY; Schema: public; Owner: -
--

ALTER SEQUENCE classes_educationalsystem_id_seq OWNED BY classes_educationalsystem.id;


--
-- Name: classes_educationalsystem_id_seq; Type: SEQUENCE SET; Schema: public; Owner: -
--

SELECT pg_catalog.setval('classes_educationalsystem_id_seq', 10, true);


--
-- Name: classes_educationalsystemcountry; Type: TABLE; Schema: public; Owner: -; Tablespace: 
--

CREATE TABLE classes_educationalsystemcountry (
    id integer NOT NULL,
    system_id integer NOT NULL,
    country character varying(2) NOT NULL
);


--
-- Name: classes_educationalsystemcountry_id_seq; Type: SEQUENCE; Schema: public; Owner: -
--

CREATE SEQUENCE classes_educationalsystemcountry_id_seq
    START WITH 1
    INCREMENT BY 1
    NO MINVALUE
    NO MAXVALUE
    CACHE 1;


--
-- Name: classes_educationalsystemcountry_id_seq; Type: SEQUENCE OWNED BY; Schema: public; Owner: -
--

ALTER SEQUENCE classes_educationalsystemcountry_id_seq OWNED BY classes_educationalsystemcountry.id;


--
-- Name: classes_educationalsystemcountry_id_seq; Type: SEQUENCE SET; Schema: public; Owner: -
--

SELECT pg_catalog.setval('classes_educationalsystemcountry_id_seq', 10, true);


--
-- Name: common_feedbackanswer; Type: TABLE; Schema: public; Owner: -; Tablespace: 
--

CREATE TABLE common_feedbackanswer (
    id integer NOT NULL,
    created timestamp with time zone NOT NULL,
    updated timestamp with time zone NOT NULL,
    question_id integer NOT NULL,
    option_id integer NOT NULL,
    comment character varying(255)
);


--
-- Name: common_feedbackanswer_id_seq; Type: SEQUENCE; Schema: public; Owner: -
--

CREATE SEQUENCE common_feedbackanswer_id_seq
    START WITH 1
    INCREMENT BY 1
    NO MINVALUE
    NO MAXVALUE
    CACHE 1;


--
-- Name: common_feedbackanswer_id_seq; Type: SEQUENCE OWNED BY; Schema: public; Owner: -
--

ALTER SEQUENCE common_feedbackanswer_id_seq OWNED BY common_feedbackanswer.id;


--
-- Name: common_feedbackanswer_id_seq; Type: SEQUENCE SET; Schema: public; Owner: -
--

SELECT pg_catalog.setval('common_feedbackanswer_id_seq', 16, true);


--
-- Name: common_feedbackquestion; Type: TABLE; Schema: public; Owner: -; Tablespace: 
--

CREATE TABLE common_feedbackquestion (
    id integer NOT NULL,
    created timestamp with time zone NOT NULL,
    updated timestamp with time zone NOT NULL,
    title character varying(200) NOT NULL,
    slug character varying(50),
    optional_text_title character varying(255),
    "position" smallint NOT NULL,
    CONSTRAINT ck_position_pstv_4f84f7e4 CHECK (("position" >= 0)),
    CONSTRAINT common_feedbackquestion_position_check CHECK (("position" >= 0))
);


--
-- Name: common_feedbackquestion_id_seq; Type: SEQUENCE; Schema: public; Owner: -
--

CREATE SEQUENCE common_feedbackquestion_id_seq
    START WITH 1
    INCREMENT BY 1
    NO MINVALUE
    NO MAXVALUE
    CACHE 1;


--
-- Name: common_feedbackquestion_id_seq; Type: SEQUENCE OWNED BY; Schema: public; Owner: -
--

ALTER SEQUENCE common_feedbackquestion_id_seq OWNED BY common_feedbackquestion.id;


--
-- Name: common_feedbackquestion_id_seq; Type: SEQUENCE SET; Schema: public; Owner: -
--

SELECT pg_catalog.setval('common_feedbackquestion_id_seq', 4, true);


--
-- Name: common_feedbackquestionoption; Type: TABLE; Schema: public; Owner: -; Tablespace: 
--

CREATE TABLE common_feedbackquestionoption (
    id integer NOT NULL,
    created timestamp with time zone NOT NULL,
    updated timestamp with time zone NOT NULL,
    title character varying(255),
    question_id integer NOT NULL,
    "position" smallint NOT NULL,
    CONSTRAINT ck_position_pstv_3bb5c043 CHECK (("position" >= 0)),
    CONSTRAINT common_feedbackquestionoption_position_check CHECK (("position" >= 0))
);


--
-- Name: common_feedbackquestionoption_id_seq; Type: SEQUENCE; Schema: public; Owner: -
--

CREATE SEQUENCE common_feedbackquestionoption_id_seq
    START WITH 1
    INCREMENT BY 1
    NO MINVALUE
    NO MAXVALUE
    CACHE 1;


--
-- Name: common_feedbackquestionoption_id_seq; Type: SEQUENCE OWNED BY; Schema: public; Owner: -
--

ALTER SEQUENCE common_feedbackquestionoption_id_seq OWNED BY common_feedbackquestionoption.id;


--
-- Name: common_feedbackquestionoption_id_seq; Type: SEQUENCE SET; Schema: public; Owner: -
--

SELECT pg_catalog.setval('common_feedbackquestionoption_id_seq', 20, true);


--
-- Name: core_bundle; Type: TABLE; Schema: public; Owner: -; Tablespace: 
--

CREATE TABLE core_bundle (
    id integer NOT NULL,
    credits double precision NOT NULL,
    discount double precision NOT NULL
);


--
-- Name: core_bundle_id_seq; Type: SEQUENCE; Schema: public; Owner: -
--

CREATE SEQUENCE core_bundle_id_seq
    START WITH 1
    INCREMENT BY 1
    NO MINVALUE
    NO MAXVALUE
    CACHE 1;


--
-- Name: core_bundle_id_seq; Type: SEQUENCE OWNED BY; Schema: public; Owner: -
--

ALTER SEQUENCE core_bundle_id_seq OWNED BY core_bundle.id;


--
-- Name: core_bundle_id_seq; Type: SEQUENCE SET; Schema: public; Owner: -
--

SELECT pg_catalog.setval('core_bundle_id_seq', 4, true);


--
-- Name: core_country; Type: TABLE; Schema: public; Owner: -; Tablespace: 
--

CREATE TABLE core_country (
    id integer NOT NULL,
    country character varying(2) NOT NULL,
    country_name character varying(150) NOT NULL
);


--
-- Name: core_country_id_seq; Type: SEQUENCE; Schema: public; Owner: -
--

CREATE SEQUENCE core_country_id_seq
    START WITH 1
    INCREMENT BY 1
    NO MINVALUE
    NO MAXVALUE
    CACHE 1;


--
-- Name: core_country_id_seq; Type: SEQUENCE OWNED BY; Schema: public; Owner: -
--

ALTER SEQUENCE core_country_id_seq OWNED BY core_country.id;


--
-- Name: core_country_id_seq; Type: SEQUENCE SET; Schema: public; Owner: -
--

SELECT pg_catalog.setval('core_country_id_seq', 237, true);


--
-- Name: core_country_timezones; Type: TABLE; Schema: public; Owner: -; Tablespace: 
--

CREATE TABLE core_country_timezones (
    id integer NOT NULL,
    country_id integer NOT NULL,
    timezone_id integer NOT NULL
);


--
-- Name: core_country_timezones_id_seq; Type: SEQUENCE; Schema: public; Owner: -
--

CREATE SEQUENCE core_country_timezones_id_seq
    START WITH 1
    INCREMENT BY 1
    NO MINVALUE
    NO MAXVALUE
    CACHE 1;


--
-- Name: core_country_timezones_id_seq; Type: SEQUENCE OWNED BY; Schema: public; Owner: -
--

ALTER SEQUENCE core_country_timezones_id_seq OWNED BY core_country_timezones.id;


--
-- Name: core_country_timezones_id_seq; Type: SEQUENCE SET; Schema: public; Owner: -
--

SELECT pg_catalog.setval('core_country_timezones_id_seq', 236, true);


--
-- Name: core_currency; Type: TABLE; Schema: public; Owner: -; Tablespace: 
--

CREATE TABLE core_currency (
    id integer NOT NULL,
    created timestamp with time zone NOT NULL,
    updated timestamp with time zone NOT NULL,
    acronym character varying(3) NOT NULL,
    name character varying(25) NOT NULL,
    symbol character varying(3) NOT NULL,
    value double precision NOT NULL,
    manual boolean DEFAULT false NOT NULL
);


--
-- Name: core_currency_id_seq; Type: SEQUENCE; Schema: public; Owner: -
--

CREATE SEQUENCE core_currency_id_seq
    START WITH 1
    INCREMENT BY 1
    NO MINVALUE
    NO MAXVALUE
    CACHE 1;


--
-- Name: core_currency_id_seq; Type: SEQUENCE OWNED BY; Schema: public; Owner: -
--

ALTER SEQUENCE core_currency_id_seq OWNED BY core_currency.id;


--
-- Name: core_currency_id_seq; Type: SEQUENCE SET; Schema: public; Owner: -
--

SELECT pg_catalog.setval('core_currency_id_seq', 3, true);


--
-- Name: core_discount; Type: TABLE; Schema: public; Owner: -; Tablespace: 
--

CREATE TABLE core_discount (
    id integer NOT NULL,
    created timestamp with time zone NOT NULL,
    updated timestamp with time zone NOT NULL,
    type smallint NOT NULL,
    description character varying(255),
    code character varying(15),
    start date NOT NULL,
    "end" date NOT NULL,
    valid smallint NOT NULL,
    discount_percentage double precision NOT NULL,
    discount_fixed double precision NOT NULL,
    total_times smallint NOT NULL,
    total_times_used smallint NOT NULL,
    CONSTRAINT ck_total_times_pstv_2912b0b9 CHECK ((total_times >= 0)),
    CONSTRAINT ck_total_times_used_pstv_152a0fba CHECK ((total_times_used >= 0)),
    CONSTRAINT core_discount_total_times_check CHECK ((total_times >= 0)),
    CONSTRAINT core_discount_total_times_used_check CHECK ((total_times_used >= 0)),
    CONSTRAINT core_discount_type_check CHECK ((type >= 0)),
    CONSTRAINT core_discount_valid_check CHECK ((valid >= 0))
);


--
-- Name: core_discount_id_seq; Type: SEQUENCE; Schema: public; Owner: -
--

CREATE SEQUENCE core_discount_id_seq
    START WITH 1
    INCREMENT BY 1
    NO MINVALUE
    NO MAXVALUE
    CACHE 1;


--
-- Name: core_discount_id_seq; Type: SEQUENCE OWNED BY; Schema: public; Owner: -
--

ALTER SEQUENCE core_discount_id_seq OWNED BY core_discount.id;


--
-- Name: core_discount_id_seq; Type: SEQUENCE SET; Schema: public; Owner: -
--

SELECT pg_catalog.setval('core_discount_id_seq', 8, true);


--
-- Name: core_discountuser; Type: TABLE; Schema: public; Owner: -; Tablespace: 
--

CREATE TABLE core_discountuser (
    id integer NOT NULL,
    created timestamp with time zone NOT NULL,
    updated timestamp with time zone NOT NULL,
    user_id integer NOT NULL,
    discount_id integer NOT NULL,
    used integer NOT NULL,
    active boolean NOT NULL,
    CONSTRAINT ck_used_pstv_664de1d4 CHECK ((used >= 0)),
    CONSTRAINT core_discountuser_used_check CHECK ((used >= 0))
);


--
-- Name: core_discountuser_id_seq; Type: SEQUENCE; Schema: public; Owner: -
--

CREATE SEQUENCE core_discountuser_id_seq
    START WITH 1
    INCREMENT BY 1
    NO MINVALUE
    NO MAXVALUE
    CACHE 1;


--
-- Name: core_discountuser_id_seq; Type: SEQUENCE OWNED BY; Schema: public; Owner: -
--

ALTER SEQUENCE core_discountuser_id_seq OWNED BY core_discountuser.id;


--
-- Name: core_discountuser_id_seq; Type: SEQUENCE SET; Schema: public; Owner: -
--

SELECT pg_catalog.setval('core_discountuser_id_seq', 17, true);


--
-- Name: core_document; Type: TABLE; Schema: public; Owner: -; Tablespace: 
--

CREATE TABLE core_document (
    id integer NOT NULL,
    slug character varying(50) NOT NULL,
    file character varying(100) NOT NULL
);


--
-- Name: core_document_id_seq; Type: SEQUENCE; Schema: public; Owner: -
--

CREATE SEQUENCE core_document_id_seq
    START WITH 1
    INCREMENT BY 1
    NO MINVALUE
    NO MAXVALUE
    CACHE 1;


--
-- Name: core_document_id_seq; Type: SEQUENCE OWNED BY; Schema: public; Owner: -
--

ALTER SEQUENCE core_document_id_seq OWNED BY core_document.id;


--
-- Name: core_document_id_seq; Type: SEQUENCE SET; Schema: public; Owner: -
--

SELECT pg_catalog.setval('core_document_id_seq', 3, true);


--
-- Name: core_emailtemplate; Type: TABLE; Schema: public; Owner: -; Tablespace: 
--

CREATE TABLE core_emailtemplate (
    id integer NOT NULL,
    type smallint NOT NULL,
    body text NOT NULL,
    subject character varying(255) NOT NULL,
    CONSTRAINT core_emailtemplate_type_check CHECK ((type >= 0))
);


--
-- Name: core_emailtemplate_id_seq; Type: SEQUENCE; Schema: public; Owner: -
--

CREATE SEQUENCE core_emailtemplate_id_seq
    START WITH 1
    INCREMENT BY 1
    NO MINVALUE
    NO MAXVALUE
    CACHE 1;


--
-- Name: core_emailtemplate_id_seq; Type: SEQUENCE OWNED BY; Schema: public; Owner: -
--

ALTER SEQUENCE core_emailtemplate_id_seq OWNED BY core_emailtemplate.id;


--
-- Name: core_emailtemplate_id_seq; Type: SEQUENCE SET; Schema: public; Owner: -
--

SELECT pg_catalog.setval('core_emailtemplate_id_seq', 14, true);


--
-- Name: core_masswithdraw; Type: TABLE; Schema: public; Owner: -; Tablespace: 
--

CREATE TABLE core_masswithdraw (
    id integer NOT NULL,
    created timestamp with time zone NOT NULL,
    updated timestamp with time zone NOT NULL,
    currency_id integer
);


--
-- Name: core_masswithdraw_id_seq; Type: SEQUENCE; Schema: public; Owner: -
--

CREATE SEQUENCE core_masswithdraw_id_seq
    START WITH 1
    INCREMENT BY 1
    NO MINVALUE
    NO MAXVALUE
    CACHE 1;


--
-- Name: core_masswithdraw_id_seq; Type: SEQUENCE OWNED BY; Schema: public; Owner: -
--

ALTER SEQUENCE core_masswithdraw_id_seq OWNED BY core_masswithdraw.id;


--
-- Name: core_masswithdraw_id_seq; Type: SEQUENCE SET; Schema: public; Owner: -
--

SELECT pg_catalog.setval('core_masswithdraw_id_seq', 1, false);


--
-- Name: core_masswithdraw_items; Type: TABLE; Schema: public; Owner: -; Tablespace: 
--

CREATE TABLE core_masswithdraw_items (
    id integer NOT NULL,
    masswithdraw_id integer NOT NULL,
    withdrawitem_id integer NOT NULL
);


--
-- Name: core_masswithdraw_items_id_seq; Type: SEQUENCE; Schema: public; Owner: -
--

CREATE SEQUENCE core_masswithdraw_items_id_seq
    START WITH 1
    INCREMENT BY 1
    NO MINVALUE
    NO MAXVALUE
    CACHE 1;


--
-- Name: core_masswithdraw_items_id_seq; Type: SEQUENCE OWNED BY; Schema: public; Owner: -
--

ALTER SEQUENCE core_masswithdraw_items_id_seq OWNED BY core_masswithdraw_items.id;


--
-- Name: core_masswithdraw_items_id_seq; Type: SEQUENCE SET; Schema: public; Owner: -
--

SELECT pg_catalog.setval('core_masswithdraw_items_id_seq', 1, false);


--
-- Name: core_quote; Type: TABLE; Schema: public; Owner: -; Tablespace: 
--

CREATE TABLE core_quote (
    id integer NOT NULL,
    quote text NOT NULL
);


--
-- Name: core_quote_id_seq; Type: SEQUENCE; Schema: public; Owner: -
--

CREATE SEQUENCE core_quote_id_seq
    START WITH 1
    INCREMENT BY 1
    NO MINVALUE
    NO MAXVALUE
    CACHE 1;


--
-- Name: core_quote_id_seq; Type: SEQUENCE OWNED BY; Schema: public; Owner: -
--

ALTER SEQUENCE core_quote_id_seq OWNED BY core_quote.id;


--
-- Name: core_quote_id_seq; Type: SEQUENCE SET; Schema: public; Owner: -
--

SELECT pg_catalog.setval('core_quote_id_seq', 52, true);


--
-- Name: core_timezone; Type: TABLE; Schema: public; Owner: -; Tablespace: 
--

CREATE TABLE core_timezone (
    id integer NOT NULL,
    timezone character varying(100) NOT NULL
);


--
-- Name: core_timezone_id_seq; Type: SEQUENCE; Schema: public; Owner: -
--

CREATE SEQUENCE core_timezone_id_seq
    START WITH 1
    INCREMENT BY 1
    NO MINVALUE
    NO MAXVALUE
    CACHE 1;


--
-- Name: core_timezone_id_seq; Type: SEQUENCE OWNED BY; Schema: public; Owner: -
--

ALTER SEQUENCE core_timezone_id_seq OWNED BY core_timezone.id;


--
-- Name: core_timezone_id_seq; Type: SEQUENCE SET; Schema: public; Owner: -
--

SELECT pg_catalog.setval('core_timezone_id_seq', 575, true);


--
-- Name: core_video; Type: TABLE; Schema: public; Owner: -; Tablespace: 
--

CREATE TABLE core_video (
    id integer NOT NULL,
    description character varying(30) NOT NULL,
    url character varying(255) NOT NULL,
    active boolean DEFAULT true NOT NULL,
    type smallint NOT NULL,
    CONSTRAINT ck_type_pstv_3c8a3512 CHECK ((type >= 0)),
    CONSTRAINT core_video_type_check CHECK ((type >= 0))
);


--
-- Name: core_video_id_seq; Type: SEQUENCE; Schema: public; Owner: -
--

CREATE SEQUENCE core_video_id_seq
    START WITH 1
    INCREMENT BY 1
    NO MINVALUE
    NO MAXVALUE
    CACHE 1;


--
-- Name: core_video_id_seq; Type: SEQUENCE OWNED BY; Schema: public; Owner: -
--

ALTER SEQUENCE core_video_id_seq OWNED BY core_video.id;


--
-- Name: core_video_id_seq; Type: SEQUENCE SET; Schema: public; Owner: -
--

SELECT pg_catalog.setval('core_video_id_seq', 3, true);


--
-- Name: django_admin_log; Type: TABLE; Schema: public; Owner: -; Tablespace: 
--

CREATE TABLE django_admin_log (
    id integer NOT NULL,
    action_time timestamp with time zone NOT NULL,
    user_id integer NOT NULL,
    content_type_id integer,
    object_id text,
    object_repr character varying(200) NOT NULL,
    action_flag smallint NOT NULL,
    change_message text NOT NULL,
    CONSTRAINT django_admin_log_action_flag_check CHECK ((action_flag >= 0))
);


--
-- Name: django_admin_log_id_seq; Type: SEQUENCE; Schema: public; Owner: -
--

CREATE SEQUENCE django_admin_log_id_seq
    START WITH 1
    INCREMENT BY 1
    NO MINVALUE
    NO MAXVALUE
    CACHE 1;


--
-- Name: django_admin_log_id_seq; Type: SEQUENCE OWNED BY; Schema: public; Owner: -
--

ALTER SEQUENCE django_admin_log_id_seq OWNED BY django_admin_log.id;


--
-- Name: django_admin_log_id_seq; Type: SEQUENCE SET; Schema: public; Owner: -
--

SELECT pg_catalog.setval('django_admin_log_id_seq', 1336, true);


--
-- Name: django_comment_flags; Type: TABLE; Schema: public; Owner: -; Tablespace: 
--

CREATE TABLE django_comment_flags (
    id integer NOT NULL,
    user_id integer NOT NULL,
    comment_id integer NOT NULL,
    flag character varying(30) NOT NULL,
    flag_date timestamp with time zone NOT NULL
);


--
-- Name: django_comment_flags_id_seq; Type: SEQUENCE; Schema: public; Owner: -
--

CREATE SEQUENCE django_comment_flags_id_seq
    START WITH 1
    INCREMENT BY 1
    NO MINVALUE
    NO MAXVALUE
    CACHE 1;


--
-- Name: django_comment_flags_id_seq; Type: SEQUENCE OWNED BY; Schema: public; Owner: -
--

ALTER SEQUENCE django_comment_flags_id_seq OWNED BY django_comment_flags.id;


--
-- Name: django_comment_flags_id_seq; Type: SEQUENCE SET; Schema: public; Owner: -
--

SELECT pg_catalog.setval('django_comment_flags_id_seq', 1, false);


--
-- Name: django_comments; Type: TABLE; Schema: public; Owner: -; Tablespace: 
--

CREATE TABLE django_comments (
    id integer NOT NULL,
    content_type_id integer NOT NULL,
    object_pk text NOT NULL,
    site_id integer NOT NULL,
    user_id integer,
    user_name character varying(50) NOT NULL,
    user_email character varying(75) NOT NULL,
    user_url character varying(200) NOT NULL,
    comment text NOT NULL,
    submit_date timestamp with time zone NOT NULL,
    ip_address inet,
    is_public boolean NOT NULL,
    is_removed boolean NOT NULL
);


--
-- Name: django_comments_id_seq; Type: SEQUENCE; Schema: public; Owner: -
--

CREATE SEQUENCE django_comments_id_seq
    START WITH 1
    INCREMENT BY 1
    NO MINVALUE
    NO MAXVALUE
    CACHE 1;


--
-- Name: django_comments_id_seq; Type: SEQUENCE OWNED BY; Schema: public; Owner: -
--

ALTER SEQUENCE django_comments_id_seq OWNED BY django_comments.id;


--
-- Name: django_comments_id_seq; Type: SEQUENCE SET; Schema: public; Owner: -
--

SELECT pg_catalog.setval('django_comments_id_seq', 1, false);


--
-- Name: django_content_type; Type: TABLE; Schema: public; Owner: -; Tablespace: 
--

CREATE TABLE django_content_type (
    id integer NOT NULL,
    name character varying(100) NOT NULL,
    app_label character varying(100) NOT NULL,
    model character varying(100) NOT NULL
);


--
-- Name: django_content_type_id_seq; Type: SEQUENCE; Schema: public; Owner: -
--

CREATE SEQUENCE django_content_type_id_seq
    START WITH 1
    INCREMENT BY 1
    NO MINVALUE
    NO MAXVALUE
    CACHE 1;


--
-- Name: django_content_type_id_seq; Type: SEQUENCE OWNED BY; Schema: public; Owner: -
--

ALTER SEQUENCE django_content_type_id_seq OWNED BY django_content_type.id;


--
-- Name: django_content_type_id_seq; Type: SEQUENCE SET; Schema: public; Owner: -
--

SELECT pg_catalog.setval('django_content_type_id_seq', 83, true);


--
-- Name: django_flatpage; Type: TABLE; Schema: public; Owner: -; Tablespace: 
--

CREATE TABLE django_flatpage (
    id integer NOT NULL,
    url character varying(100) NOT NULL,
    title character varying(200) NOT NULL,
    content text NOT NULL,
    enable_comments boolean NOT NULL,
    template_name character varying(70) NOT NULL,
    registration_required boolean NOT NULL
);


--
-- Name: django_flatpage_id_seq; Type: SEQUENCE; Schema: public; Owner: -
--

CREATE SEQUENCE django_flatpage_id_seq
    START WITH 1
    INCREMENT BY 1
    NO MINVALUE
    NO MAXVALUE
    CACHE 1;


--
-- Name: django_flatpage_id_seq; Type: SEQUENCE OWNED BY; Schema: public; Owner: -
--

ALTER SEQUENCE django_flatpage_id_seq OWNED BY django_flatpage.id;


--
-- Name: django_flatpage_id_seq; Type: SEQUENCE SET; Schema: public; Owner: -
--

SELECT pg_catalog.setval('django_flatpage_id_seq', 13, true);


--
-- Name: django_flatpage_sites; Type: TABLE; Schema: public; Owner: -; Tablespace: 
--

CREATE TABLE django_flatpage_sites (
    id integer NOT NULL,
    flatpage_id integer NOT NULL,
    site_id integer NOT NULL
);


--
-- Name: django_flatpage_sites_id_seq; Type: SEQUENCE; Schema: public; Owner: -
--

CREATE SEQUENCE django_flatpage_sites_id_seq
    START WITH 1
    INCREMENT BY 1
    NO MINVALUE
    NO MAXVALUE
    CACHE 1;


--
-- Name: django_flatpage_sites_id_seq; Type: SEQUENCE OWNED BY; Schema: public; Owner: -
--

ALTER SEQUENCE django_flatpage_sites_id_seq OWNED BY django_flatpage_sites.id;


--
-- Name: django_flatpage_sites_id_seq; Type: SEQUENCE SET; Schema: public; Owner: -
--

SELECT pg_catalog.setval('django_flatpage_sites_id_seq', 96, true);


--
-- Name: django_session; Type: TABLE; Schema: public; Owner: -; Tablespace: 
--

CREATE TABLE django_session (
    session_key character varying(40) NOT NULL,
    session_data text NOT NULL,
    expire_date timestamp with time zone NOT NULL
);


--
-- Name: django_site; Type: TABLE; Schema: public; Owner: -; Tablespace: 
--

CREATE TABLE django_site (
    id integer NOT NULL,
    domain character varying(100) NOT NULL,
    name character varying(50) NOT NULL
);


--
-- Name: django_site_id_seq; Type: SEQUENCE; Schema: public; Owner: -
--

CREATE SEQUENCE django_site_id_seq
    START WITH 1
    INCREMENT BY 1
    NO MINVALUE
    NO MAXVALUE
    CACHE 1;


--
-- Name: django_site_id_seq; Type: SEQUENCE OWNED BY; Schema: public; Owner: -
--

ALTER SEQUENCE django_site_id_seq OWNED BY django_site.id;


--
-- Name: django_site_id_seq; Type: SEQUENCE SET; Schema: public; Owner: -
--

SELECT pg_catalog.setval('django_site_id_seq', 3, true);


--
-- Name: emailconfirmation_emailaddress; Type: TABLE; Schema: public; Owner: -; Tablespace: 
--

CREATE TABLE emailconfirmation_emailaddress (
    id integer NOT NULL,
    user_id integer NOT NULL,
    email character varying(75) NOT NULL,
    verified boolean NOT NULL,
    "primary" boolean NOT NULL
);


--
-- Name: emailconfirmation_emailaddress_id_seq; Type: SEQUENCE; Schema: public; Owner: -
--

CREATE SEQUENCE emailconfirmation_emailaddress_id_seq
    START WITH 1
    INCREMENT BY 1
    NO MINVALUE
    NO MAXVALUE
    CACHE 1;


--
-- Name: emailconfirmation_emailaddress_id_seq; Type: SEQUENCE OWNED BY; Schema: public; Owner: -
--

ALTER SEQUENCE emailconfirmation_emailaddress_id_seq OWNED BY emailconfirmation_emailaddress.id;


--
-- Name: emailconfirmation_emailaddress_id_seq; Type: SEQUENCE SET; Schema: public; Owner: -
--

SELECT pg_catalog.setval('emailconfirmation_emailaddress_id_seq', 271, true);


--
-- Name: emailconfirmation_emailconfirmation; Type: TABLE; Schema: public; Owner: -; Tablespace: 
--

CREATE TABLE emailconfirmation_emailconfirmation (
    id integer NOT NULL,
    email_address_id integer NOT NULL,
    sent timestamp with time zone NOT NULL,
    confirmation_key character varying(40) NOT NULL
);


--
-- Name: emailconfirmation_emailconfirmation_id_seq; Type: SEQUENCE; Schema: public; Owner: -
--

CREATE SEQUENCE emailconfirmation_emailconfirmation_id_seq
    START WITH 1
    INCREMENT BY 1
    NO MINVALUE
    NO MAXVALUE
    CACHE 1;


--
-- Name: emailconfirmation_emailconfirmation_id_seq; Type: SEQUENCE OWNED BY; Schema: public; Owner: -
--

ALTER SEQUENCE emailconfirmation_emailconfirmation_id_seq OWNED BY emailconfirmation_emailconfirmation.id;


--
-- Name: emailconfirmation_emailconfirmation_id_seq; Type: SEQUENCE SET; Schema: public; Owner: -
--

SELECT pg_catalog.setval('emailconfirmation_emailconfirmation_id_seq', 271, true);


--
-- Name: facebook_facebookaccesstoken; Type: TABLE; Schema: public; Owner: -; Tablespace: 
--

CREATE TABLE facebook_facebookaccesstoken (
    id integer NOT NULL,
    app_id integer NOT NULL,
    account_id integer NOT NULL,
    access_token character varying(200) NOT NULL
);


--
-- Name: facebook_facebookaccesstoken_id_seq; Type: SEQUENCE; Schema: public; Owner: -
--

CREATE SEQUENCE facebook_facebookaccesstoken_id_seq
    START WITH 1
    INCREMENT BY 1
    NO MINVALUE
    NO MAXVALUE
    CACHE 1;


--
-- Name: facebook_facebookaccesstoken_id_seq; Type: SEQUENCE OWNED BY; Schema: public; Owner: -
--

ALTER SEQUENCE facebook_facebookaccesstoken_id_seq OWNED BY facebook_facebookaccesstoken.id;


--
-- Name: facebook_facebookaccesstoken_id_seq; Type: SEQUENCE SET; Schema: public; Owner: -
--

SELECT pg_catalog.setval('facebook_facebookaccesstoken_id_seq', 12, true);


--
-- Name: facebook_facebookaccount; Type: TABLE; Schema: public; Owner: -; Tablespace: 
--

CREATE TABLE facebook_facebookaccount (
    socialaccount_ptr_id integer NOT NULL,
    social_id character varying(255) NOT NULL,
    name character varying(255) NOT NULL,
    link character varying(200) NOT NULL
);


--
-- Name: facebook_facebookapp; Type: TABLE; Schema: public; Owner: -; Tablespace: 
--

CREATE TABLE facebook_facebookapp (
    id integer NOT NULL,
    site_id integer NOT NULL,
    name character varying(40) NOT NULL,
    application_id character varying(80) NOT NULL,
    api_key character varying(80) NOT NULL,
    application_secret character varying(80) NOT NULL
);


--
-- Name: facebook_facebookapp_id_seq; Type: SEQUENCE; Schema: public; Owner: -
--

CREATE SEQUENCE facebook_facebookapp_id_seq
    START WITH 1
    INCREMENT BY 1
    NO MINVALUE
    NO MAXVALUE
    CACHE 1;


--
-- Name: facebook_facebookapp_id_seq; Type: SEQUENCE OWNED BY; Schema: public; Owner: -
--

ALTER SEQUENCE facebook_facebookapp_id_seq OWNED BY facebook_facebookapp.id;


--
-- Name: facebook_facebookapp_id_seq; Type: SEQUENCE SET; Schema: public; Owner: -
--

SELECT pg_catalog.setval('facebook_facebookapp_id_seq', 3, true);


--
-- Name: faq_faqitem; Type: TABLE; Schema: public; Owner: -; Tablespace: 
--

CREATE TABLE faq_faqitem (
    id integer NOT NULL,
    section_id integer,
    question character varying(255) NOT NULL,
    answers text NOT NULL,
    "position" integer DEFAULT 0 NOT NULL
);


--
-- Name: faq_faqitem_id_seq; Type: SEQUENCE; Schema: public; Owner: -
--

CREATE SEQUENCE faq_faqitem_id_seq
    START WITH 1
    INCREMENT BY 1
    NO MINVALUE
    NO MAXVALUE
    CACHE 1;


--
-- Name: faq_faqitem_id_seq; Type: SEQUENCE OWNED BY; Schema: public; Owner: -
--

ALTER SEQUENCE faq_faqitem_id_seq OWNED BY faq_faqitem.id;


--
-- Name: faq_faqitem_id_seq; Type: SEQUENCE SET; Schema: public; Owner: -
--

SELECT pg_catalog.setval('faq_faqitem_id_seq', 53, true);


--
-- Name: faq_faqsection; Type: TABLE; Schema: public; Owner: -; Tablespace: 
--

CREATE TABLE faq_faqsection (
    id integer NOT NULL,
    section character varying(150) NOT NULL,
    "position" integer DEFAULT 0 NOT NULL
);


--
-- Name: faq_faqsection_id_seq; Type: SEQUENCE; Schema: public; Owner: -
--

CREATE SEQUENCE faq_faqsection_id_seq
    START WITH 1
    INCREMENT BY 1
    NO MINVALUE
    NO MAXVALUE
    CACHE 1;


--
-- Name: faq_faqsection_id_seq; Type: SEQUENCE OWNED BY; Schema: public; Owner: -
--

ALTER SEQUENCE faq_faqsection_id_seq OWNED BY faq_faqsection.id;


--
-- Name: faq_faqsection_id_seq; Type: SEQUENCE SET; Schema: public; Owner: -
--

SELECT pg_catalog.setval('faq_faqsection_id_seq', 13, true);


--
-- Name: flatblocks_flatblock; Type: TABLE; Schema: public; Owner: -; Tablespace: 
--

CREATE TABLE flatblocks_flatblock (
    id integer NOT NULL,
    slug character varying(255) NOT NULL,
    header character varying(255),
    content text
);


--
-- Name: flatblocks_flatblock_id_seq; Type: SEQUENCE; Schema: public; Owner: -
--

CREATE SEQUENCE flatblocks_flatblock_id_seq
    START WITH 1
    INCREMENT BY 1
    NO MINVALUE
    NO MAXVALUE
    CACHE 1;


--
-- Name: flatblocks_flatblock_id_seq; Type: SEQUENCE OWNED BY; Schema: public; Owner: -
--

ALTER SEQUENCE flatblocks_flatblock_id_seq OWNED BY flatblocks_flatblock.id;


--
-- Name: flatblocks_flatblock_id_seq; Type: SEQUENCE SET; Schema: public; Owner: -
--

SELECT pg_catalog.setval('flatblocks_flatblock_id_seq', 3, true);


--
-- Name: mailchimp_campaign; Type: TABLE; Schema: public; Owner: -; Tablespace: 
--

CREATE TABLE mailchimp_campaign (
    content text NOT NULL,
    sent_date timestamp with time zone NOT NULL,
    id integer NOT NULL,
    name character varying(255) NOT NULL,
    campaign_id character varying(50) NOT NULL,
    object_id integer,
    content_type_id integer,
    extra_info text,
    CONSTRAINT mailchimp_campaign_object_id_check CHECK ((object_id >= 0))
);


--
-- Name: mailchimp_campaign_id_seq; Type: SEQUENCE; Schema: public; Owner: -
--

CREATE SEQUENCE mailchimp_campaign_id_seq
    START WITH 1
    INCREMENT BY 1
    NO MINVALUE
    NO MAXVALUE
    CACHE 1;


--
-- Name: mailchimp_campaign_id_seq; Type: SEQUENCE OWNED BY; Schema: public; Owner: -
--

ALTER SEQUENCE mailchimp_campaign_id_seq OWNED BY mailchimp_campaign.id;


--
-- Name: mailchimp_campaign_id_seq; Type: SEQUENCE SET; Schema: public; Owner: -
--

SELECT pg_catalog.setval('mailchimp_campaign_id_seq', 1, false);


--
-- Name: mailchimp_queue; Type: TABLE; Schema: public; Owner: -; Tablespace: 
--

CREATE TABLE mailchimp_queue (
    type_opts text NOT NULL,
    segment_options_all boolean DEFAULT false NOT NULL,
    id integer NOT NULL,
    contents text NOT NULL,
    subject character varying(255) NOT NULL,
    campaign_type character varying(50) NOT NULL,
    authenticate boolean DEFAULT false NOT NULL,
    title character varying(255),
    from_email character varying(75) NOT NULL,
    segment_options boolean DEFAULT false NOT NULL,
    list_id character varying(50) NOT NULL,
    auto_tweet boolean DEFAULT false NOT NULL,
    from_name character varying(255) NOT NULL,
    folder_id character varying(50),
    generate_text boolean DEFAULT false NOT NULL,
    to_email character varying(75) NOT NULL,
    tracking_text_clicks boolean DEFAULT false NOT NULL,
    auto_footer boolean DEFAULT false NOT NULL,
    tracking_html_clicks boolean DEFAULT true NOT NULL,
    google_analytics character varying(100),
    segment_options_conditions text NOT NULL,
    template_id integer NOT NULL,
    tracking_opens boolean DEFAULT true NOT NULL,
    object_id integer,
    content_type_id integer,
    locked boolean DEFAULT false NOT NULL,
    extra_info text,
    CONSTRAINT ck_template_id_pstv_776eed7c CHECK ((template_id >= 0)),
    CONSTRAINT mailchimp_queue_object_id_check CHECK ((object_id >= 0))
);


--
-- Name: mailchimp_queue_id_seq; Type: SEQUENCE; Schema: public; Owner: -
--

CREATE SEQUENCE mailchimp_queue_id_seq
    START WITH 1
    INCREMENT BY 1
    NO MINVALUE
    NO MAXVALUE
    CACHE 1;


--
-- Name: mailchimp_queue_id_seq; Type: SEQUENCE OWNED BY; Schema: public; Owner: -
--

ALTER SEQUENCE mailchimp_queue_id_seq OWNED BY mailchimp_queue.id;


--
-- Name: mailchimp_queue_id_seq; Type: SEQUENCE SET; Schema: public; Owner: -
--

SELECT pg_catalog.setval('mailchimp_queue_id_seq', 1, false);


--
-- Name: mailchimp_reciever; Type: TABLE; Schema: public; Owner: -; Tablespace: 
--

CREATE TABLE mailchimp_reciever (
    id integer NOT NULL,
    campaign_id integer NOT NULL,
    email character varying(75) NOT NULL
);


--
-- Name: mailchimp_reciever_id_seq; Type: SEQUENCE; Schema: public; Owner: -
--

CREATE SEQUENCE mailchimp_reciever_id_seq
    START WITH 1
    INCREMENT BY 1
    NO MINVALUE
    NO MAXVALUE
    CACHE 1;


--
-- Name: mailchimp_reciever_id_seq; Type: SEQUENCE OWNED BY; Schema: public; Owner: -
--

ALTER SEQUENCE mailchimp_reciever_id_seq OWNED BY mailchimp_reciever.id;


--
-- Name: mailchimp_reciever_id_seq; Type: SEQUENCE SET; Schema: public; Owner: -
--

SELECT pg_catalog.setval('mailchimp_reciever_id_seq', 1, false);


--
-- Name: openid_openidaccount; Type: TABLE; Schema: public; Owner: -; Tablespace: 
--

CREATE TABLE openid_openidaccount (
    socialaccount_ptr_id integer NOT NULL,
    identity character varying(255) NOT NULL
);


--
-- Name: openid_openidnonce; Type: TABLE; Schema: public; Owner: -; Tablespace: 
--

CREATE TABLE openid_openidnonce (
    id integer NOT NULL,
    server_url character varying(255) NOT NULL,
    "timestamp" integer NOT NULL,
    salt character varying(255) NOT NULL,
    date_created timestamp with time zone NOT NULL
);


--
-- Name: openid_openidnonce_id_seq; Type: SEQUENCE; Schema: public; Owner: -
--

CREATE SEQUENCE openid_openidnonce_id_seq
    START WITH 1
    INCREMENT BY 1
    NO MINVALUE
    NO MAXVALUE
    CACHE 1;


--
-- Name: openid_openidnonce_id_seq; Type: SEQUENCE OWNED BY; Schema: public; Owner: -
--

ALTER SEQUENCE openid_openidnonce_id_seq OWNED BY openid_openidnonce.id;


--
-- Name: openid_openidnonce_id_seq; Type: SEQUENCE SET; Schema: public; Owner: -
--

SELECT pg_catalog.setval('openid_openidnonce_id_seq', 1, false);


--
-- Name: openid_openidstore; Type: TABLE; Schema: public; Owner: -; Tablespace: 
--

CREATE TABLE openid_openidstore (
    id integer NOT NULL,
    server_url character varying(255) NOT NULL,
    handle character varying(255) NOT NULL,
    secret text NOT NULL,
    issued integer NOT NULL,
    lifetime integer NOT NULL,
    assoc_type text NOT NULL
);


--
-- Name: openid_openidstore_id_seq; Type: SEQUENCE; Schema: public; Owner: -
--

CREATE SEQUENCE openid_openidstore_id_seq
    START WITH 1
    INCREMENT BY 1
    NO MINVALUE
    NO MAXVALUE
    CACHE 1;


--
-- Name: openid_openidstore_id_seq; Type: SEQUENCE OWNED BY; Schema: public; Owner: -
--

ALTER SEQUENCE openid_openidstore_id_seq OWNED BY openid_openidstore.id;


--
-- Name: openid_openidstore_id_seq; Type: SEQUENCE SET; Schema: public; Owner: -
--

SELECT pg_catalog.setval('openid_openidstore_id_seq', 1, false);


--
-- Name: paypal_ipn; Type: TABLE; Schema: public; Owner: -; Tablespace: 
--

CREATE TABLE paypal_ipn (
    id integer NOT NULL,
    business character varying(127) NOT NULL,
    charset character varying(32) NOT NULL,
    custom character varying(255) NOT NULL,
    notify_version numeric(64,2) DEFAULT 0.00,
    parent_txn_id character varying(19) NOT NULL,
    receiver_email character varying(127) NOT NULL,
    receiver_id character varying(127) NOT NULL,
    residence_country character varying(2) NOT NULL,
    test_ipn boolean DEFAULT false NOT NULL,
    txn_id character varying(30) NOT NULL,
    txn_type character varying(128) NOT NULL,
    verify_sign character varying(255) NOT NULL,
    address_country character varying(64) NOT NULL,
    address_city character varying(40) NOT NULL,
    address_country_code character varying(64) NOT NULL,
    address_name character varying(128) NOT NULL,
    address_state character varying(40) NOT NULL,
    address_status character varying(11) NOT NULL,
    address_street character varying(200) NOT NULL,
    address_zip character varying(20) NOT NULL,
    contact_phone character varying(20) NOT NULL,
    first_name character varying(64) NOT NULL,
    last_name character varying(64) NOT NULL,
    payer_business_name character varying(127) NOT NULL,
    payer_email character varying(127) NOT NULL,
    payer_id character varying(13) NOT NULL,
    auth_amount numeric(64,2) DEFAULT 0.00,
    auth_exp character varying(28) NOT NULL,
    auth_id character varying(19) NOT NULL,
    auth_status character varying(9) NOT NULL,
    exchange_rate numeric(64,16) DEFAULT 0.0000000000000000,
    invoice character varying(127) NOT NULL,
    item_name character varying(127) NOT NULL,
    item_number character varying(127) NOT NULL,
    mc_currency character varying(32) DEFAULT 'USD'::character varying NOT NULL,
    mc_fee numeric(64,2) DEFAULT 0.00,
    mc_gross numeric(64,2) DEFAULT 0.00,
    mc_handling numeric(64,2) DEFAULT 0.00,
    mc_shipping numeric(64,2) DEFAULT 0.00,
    memo character varying(255) NOT NULL,
    num_cart_items integer DEFAULT 0,
    option_name1 character varying(64) NOT NULL,
    option_name2 character varying(64) NOT NULL,
    payer_status character varying(10) NOT NULL,
    payment_date timestamp with time zone,
    payment_gross numeric(64,2) DEFAULT 0.00,
    payment_status character varying(9) NOT NULL,
    payment_type character varying(7) NOT NULL,
    pending_reason character varying(14) NOT NULL,
    protection_eligibility character varying(32) NOT NULL,
    quantity integer DEFAULT 1,
    reason_code character varying(15) NOT NULL,
    remaining_settle numeric(64,2) DEFAULT 0.00,
    settle_amount numeric(64,2) DEFAULT 0.00,
    settle_currency character varying(32) NOT NULL,
    shipping numeric(64,2) DEFAULT 0.00,
    shipping_method character varying(255) NOT NULL,
    tax numeric(64,2) DEFAULT 0.00,
    transaction_entity character varying(7) NOT NULL,
    auction_buyer_id character varying(64) NOT NULL,
    auction_closing_date timestamp with time zone,
    auction_multi_item integer DEFAULT 0,
    for_auction numeric(64,2) DEFAULT 0.00,
    amount numeric(64,2) DEFAULT 0.00,
    amount_per_cycle numeric(64,2) DEFAULT 0.00,
    initial_payment_amount numeric(64,2) DEFAULT 0.00,
    next_payment_date timestamp with time zone,
    outstanding_balance numeric(64,2) DEFAULT 0.00,
    payment_cycle character varying(32) NOT NULL,
    period_type character varying(32) NOT NULL,
    product_name character varying(128) NOT NULL,
    product_type character varying(128) NOT NULL,
    profile_status character varying(32) NOT NULL,
    recurring_payment_id character varying(128) NOT NULL,
    rp_invoice_id character varying(127) NOT NULL,
    time_created timestamp with time zone,
    amount1 numeric(64,2) DEFAULT 0.00,
    amount2 numeric(64,2) DEFAULT 0.00,
    amount3 numeric(64,2) DEFAULT 0.00,
    mc_amount1 numeric(64,2) DEFAULT 0.00,
    mc_amount2 numeric(64,2) DEFAULT 0.00,
    mc_amount3 numeric(64,2) DEFAULT 0.00,
    password character varying(24) NOT NULL,
    period1 character varying(32) NOT NULL,
    period2 character varying(32) NOT NULL,
    period3 character varying(32) NOT NULL,
    reattempt character varying(1) NOT NULL,
    recur_times integer DEFAULT 0,
    recurring character varying(1) NOT NULL,
    retry_at timestamp with time zone,
    subscr_date timestamp with time zone,
    subscr_effective timestamp with time zone,
    subscr_id character varying(19) NOT NULL,
    username character varying(64) NOT NULL,
    case_creation_date timestamp with time zone,
    case_id character varying(14) NOT NULL,
    case_type character varying(24) NOT NULL,
    receipt_id character varying(64) NOT NULL,
    currency_code character varying(32) DEFAULT 'USD'::character varying NOT NULL,
    handling_amount numeric(64,2) DEFAULT 0.00,
    transaction_subject character varying(255) NOT NULL,
    ipaddress inet NOT NULL,
    flag boolean DEFAULT false NOT NULL,
    flag_code character varying(16) NOT NULL,
    flag_info text NOT NULL,
    query text NOT NULL,
    response text NOT NULL,
    created_at timestamp with time zone NOT NULL,
    updated_at timestamp with time zone NOT NULL,
    from_view character varying(6)
);


--
-- Name: paypal_ipn_id_seq; Type: SEQUENCE; Schema: public; Owner: -
--

CREATE SEQUENCE paypal_ipn_id_seq
    START WITH 1
    INCREMENT BY 1
    NO MINVALUE
    NO MAXVALUE
    CACHE 1;


--
-- Name: paypal_ipn_id_seq; Type: SEQUENCE OWNED BY; Schema: public; Owner: -
--

ALTER SEQUENCE paypal_ipn_id_seq OWNED BY paypal_ipn.id;


--
-- Name: paypal_ipn_id_seq; Type: SEQUENCE SET; Schema: public; Owner: -
--

SELECT pg_catalog.setval('paypal_ipn_id_seq', 271, true);


--
-- Name: profile_child; Type: TABLE; Schema: public; Owner: -; Tablespace: 
--

CREATE TABLE profile_child (
    id integer NOT NULL,
    parent_id integer NOT NULL,
    child_id integer NOT NULL,
    active boolean NOT NULL,
    key character varying(30)
);


--
-- Name: profile_child_id_seq; Type: SEQUENCE; Schema: public; Owner: -
--

CREATE SEQUENCE profile_child_id_seq
    START WITH 1
    INCREMENT BY 1
    NO MINVALUE
    NO MAXVALUE
    CACHE 1;


--
-- Name: profile_child_id_seq; Type: SEQUENCE OWNED BY; Schema: public; Owner: -
--

ALTER SEQUENCE profile_child_id_seq OWNED BY profile_child.id;


--
-- Name: profile_child_id_seq; Type: SEQUENCE SET; Schema: public; Owner: -
--

SELECT pg_catalog.setval('profile_child_id_seq', 10, true);


--
-- Name: profile_dayavailability; Type: TABLE; Schema: public; Owner: -; Tablespace: 
--

CREATE TABLE profile_dayavailability (
    id integer NOT NULL,
    user_id integer NOT NULL,
    date date NOT NULL,
    begin time without time zone NOT NULL,
    "end" time without time zone NOT NULL,
    day_off boolean NOT NULL
);


--
-- Name: profile_dayavailability_id_seq; Type: SEQUENCE; Schema: public; Owner: -
--

CREATE SEQUENCE profile_dayavailability_id_seq
    START WITH 1
    INCREMENT BY 1
    NO MINVALUE
    NO MAXVALUE
    CACHE 1;


--
-- Name: profile_dayavailability_id_seq; Type: SEQUENCE OWNED BY; Schema: public; Owner: -
--

ALTER SEQUENCE profile_dayavailability_id_seq OWNED BY profile_dayavailability.id;


--
-- Name: profile_dayavailability_id_seq; Type: SEQUENCE SET; Schema: public; Owner: -
--

SELECT pg_catalog.setval('profile_dayavailability_id_seq', 1, false);


--
-- Name: profile_genre; Type: TABLE; Schema: public; Owner: -; Tablespace: 
--

CREATE TABLE profile_genre (
    id integer NOT NULL,
    name character varying(50) NOT NULL,
    parent_id integer,
    lft integer NOT NULL,
    rght integer NOT NULL,
    tree_id integer NOT NULL,
    level integer NOT NULL,
    CONSTRAINT profile_genre_level_check CHECK ((level >= 0)),
    CONSTRAINT profile_genre_lft_check CHECK ((lft >= 0)),
    CONSTRAINT profile_genre_rght_check CHECK ((rght >= 0)),
    CONSTRAINT profile_genre_tree_id_check CHECK ((tree_id >= 0))
);


--
-- Name: profile_genre_id_seq; Type: SEQUENCE; Schema: public; Owner: -
--

CREATE SEQUENCE profile_genre_id_seq
    START WITH 1
    INCREMENT BY 1
    NO MINVALUE
    NO MAXVALUE
    CACHE 1;


--
-- Name: profile_genre_id_seq; Type: SEQUENCE OWNED BY; Schema: public; Owner: -
--

ALTER SEQUENCE profile_genre_id_seq OWNED BY profile_genre.id;


--
-- Name: profile_genre_id_seq; Type: SEQUENCE SET; Schema: public; Owner: -
--

SELECT pg_catalog.setval('profile_genre_id_seq', 1, false);


--
-- Name: profile_message; Type: TABLE; Schema: public; Owner: -; Tablespace: 
--

CREATE TABLE profile_message (
    id integer NOT NULL,
    created timestamp with time zone NOT NULL,
    updated timestamp with time zone NOT NULL,
    user_id integer NOT NULL,
    to_id integer NOT NULL,
    message character varying(520) NOT NULL,
    related_class_id integer,
    read boolean NOT NULL,
    email_sent boolean NOT NULL,
    child_id integer
);


--
-- Name: profile_message_id_seq; Type: SEQUENCE; Schema: public; Owner: -
--

CREATE SEQUENCE profile_message_id_seq
    START WITH 1
    INCREMENT BY 1
    NO MINVALUE
    NO MAXVALUE
    CACHE 1;


--
-- Name: profile_message_id_seq; Type: SEQUENCE OWNED BY; Schema: public; Owner: -
--

ALTER SEQUENCE profile_message_id_seq OWNED BY profile_message.id;


--
-- Name: profile_message_id_seq; Type: SEQUENCE SET; Schema: public; Owner: -
--

SELECT pg_catalog.setval('profile_message_id_seq', 159, true);


--
-- Name: profile_newslettersubscription; Type: TABLE; Schema: public; Owner: -; Tablespace: 
--

CREATE TABLE profile_newslettersubscription (
    id integer NOT NULL,
    created timestamp with time zone NOT NULL,
    updated timestamp with time zone NOT NULL,
    email character varying(255) NOT NULL,
    email_verified boolean DEFAULT false NOT NULL,
    hash_key character varying(20) NOT NULL
);


--
-- Name: profile_newslettersubscription_id_seq; Type: SEQUENCE; Schema: public; Owner: -
--

CREATE SEQUENCE profile_newslettersubscription_id_seq
    START WITH 1
    INCREMENT BY 1
    NO MINVALUE
    NO MAXVALUE
    CACHE 1;


--
-- Name: profile_newslettersubscription_id_seq; Type: SEQUENCE OWNED BY; Schema: public; Owner: -
--

ALTER SEQUENCE profile_newslettersubscription_id_seq OWNED BY profile_newslettersubscription.id;


--
-- Name: profile_newslettersubscription_id_seq; Type: SEQUENCE SET; Schema: public; Owner: -
--

SELECT pg_catalog.setval('profile_newslettersubscription_id_seq', 1, false);


--
-- Name: profile_referral; Type: TABLE; Schema: public; Owner: -; Tablespace: 
--

CREATE TABLE profile_referral (
    id integer NOT NULL,
    created timestamp with time zone NOT NULL,
    updated timestamp with time zone NOT NULL,
    user_id integer NOT NULL,
    name character varying(30) NOT NULL,
    email character varying(75) NOT NULL,
    key character varying(30) NOT NULL,
    used boolean NOT NULL,
    activated boolean NOT NULL
);


--
-- Name: profile_referral_id_seq; Type: SEQUENCE; Schema: public; Owner: -
--

CREATE SEQUENCE profile_referral_id_seq
    START WITH 1
    INCREMENT BY 1
    NO MINVALUE
    NO MAXVALUE
    CACHE 1;


--
-- Name: profile_referral_id_seq; Type: SEQUENCE OWNED BY; Schema: public; Owner: -
--

ALTER SEQUENCE profile_referral_id_seq OWNED BY profile_referral.id;


--
-- Name: profile_referral_id_seq; Type: SEQUENCE SET; Schema: public; Owner: -
--

SELECT pg_catalog.setval('profile_referral_id_seq', 23, true);


--
-- Name: profile_report; Type: TABLE; Schema: public; Owner: -; Tablespace: 
--

CREATE TABLE profile_report (
    id integer NOT NULL,
    created timestamp with time zone NOT NULL,
    updated timestamp with time zone NOT NULL,
    violator_id integer NOT NULL,
    user_id integer NOT NULL,
    description text NOT NULL
);


--
-- Name: profile_report_id_seq; Type: SEQUENCE; Schema: public; Owner: -
--

CREATE SEQUENCE profile_report_id_seq
    START WITH 1
    INCREMENT BY 1
    NO MINVALUE
    NO MAXVALUE
    CACHE 1;


--
-- Name: profile_report_id_seq; Type: SEQUENCE OWNED BY; Schema: public; Owner: -
--

ALTER SEQUENCE profile_report_id_seq OWNED BY profile_report.id;


--
-- Name: profile_report_id_seq; Type: SEQUENCE SET; Schema: public; Owner: -
--

SELECT pg_catalog.setval('profile_report_id_seq', 6, true);


--
-- Name: profile_studentinterest; Type: TABLE; Schema: public; Owner: -; Tablespace: 
--

CREATE TABLE profile_studentinterest (
    id integer NOT NULL,
    user_id integer NOT NULL,
    subject_id integer NOT NULL,
    system_id integer,
    level_id integer
);


--
-- Name: profile_studentinterest_id_seq; Type: SEQUENCE; Schema: public; Owner: -
--

CREATE SEQUENCE profile_studentinterest_id_seq
    START WITH 1
    INCREMENT BY 1
    NO MINVALUE
    NO MAXVALUE
    CACHE 1;


--
-- Name: profile_studentinterest_id_seq; Type: SEQUENCE OWNED BY; Schema: public; Owner: -
--

ALTER SEQUENCE profile_studentinterest_id_seq OWNED BY profile_studentinterest.id;


--
-- Name: profile_studentinterest_id_seq; Type: SEQUENCE SET; Schema: public; Owner: -
--

SELECT pg_catalog.setval('profile_studentinterest_id_seq', 86, true);


--
-- Name: profile_studentreview; Type: TABLE; Schema: public; Owner: -; Tablespace: 
--

CREATE TABLE profile_studentreview (
    id integer NOT NULL,
    created timestamp with time zone NOT NULL,
    updated timestamp with time zone NOT NULL,
    user_id integer NOT NULL,
    related_class_id integer NOT NULL,
    text text NOT NULL
);


--
-- Name: profile_studentreview_id_seq; Type: SEQUENCE; Schema: public; Owner: -
--

CREATE SEQUENCE profile_studentreview_id_seq
    START WITH 1
    INCREMENT BY 1
    NO MINVALUE
    NO MAXVALUE
    CACHE 1;


--
-- Name: profile_studentreview_id_seq; Type: SEQUENCE OWNED BY; Schema: public; Owner: -
--

ALTER SEQUENCE profile_studentreview_id_seq OWNED BY profile_studentreview.id;


--
-- Name: profile_studentreview_id_seq; Type: SEQUENCE SET; Schema: public; Owner: -
--

SELECT pg_catalog.setval('profile_studentreview_id_seq', 29, true);


--
-- Name: profile_topupitem; Type: TABLE; Schema: public; Owner: -; Tablespace: 
--

CREATE TABLE profile_topupitem (
    id integer NOT NULL,
    created timestamp with time zone NOT NULL,
    updated timestamp with time zone NOT NULL,
    user_id integer NOT NULL,
    value double precision NOT NULL,
    credits integer NOT NULL,
    status smallint DEFAULT 0 NOT NULL,
    invoice character varying(20),
    currency_id integer NOT NULL,
    discount_id integer,
    CONSTRAINT profile_topupitem_credits_check CHECK ((credits >= 0)),
    CONSTRAINT profile_topupitem_status_check CHECK ((status >= 0))
);


--
-- Name: profile_topupitem_id_seq; Type: SEQUENCE; Schema: public; Owner: -
--

CREATE SEQUENCE profile_topupitem_id_seq
    START WITH 1
    INCREMENT BY 1
    NO MINVALUE
    NO MAXVALUE
    CACHE 1;


--
-- Name: profile_topupitem_id_seq; Type: SEQUENCE OWNED BY; Schema: public; Owner: -
--

ALTER SEQUENCE profile_topupitem_id_seq OWNED BY profile_topupitem.id;


--
-- Name: profile_topupitem_id_seq; Type: SEQUENCE SET; Schema: public; Owner: -
--

SELECT pg_catalog.setval('profile_topupitem_id_seq', 118, true);


--
-- Name: profile_tutorfavorite; Type: TABLE; Schema: public; Owner: -; Tablespace: 
--

CREATE TABLE profile_tutorfavorite (
    id integer NOT NULL,
    created timestamp with time zone NOT NULL,
    updated timestamp with time zone NOT NULL,
    user_id integer NOT NULL,
    tutor_id integer NOT NULL
);


--
-- Name: profile_tutorfavorite_id_seq; Type: SEQUENCE; Schema: public; Owner: -
--

CREATE SEQUENCE profile_tutorfavorite_id_seq
    START WITH 1
    INCREMENT BY 1
    NO MINVALUE
    NO MAXVALUE
    CACHE 1;


--
-- Name: profile_tutorfavorite_id_seq; Type: SEQUENCE OWNED BY; Schema: public; Owner: -
--

ALTER SEQUENCE profile_tutorfavorite_id_seq OWNED BY profile_tutorfavorite.id;


--
-- Name: profile_tutorfavorite_id_seq; Type: SEQUENCE SET; Schema: public; Owner: -
--

SELECT pg_catalog.setval('profile_tutorfavorite_id_seq', 1, false);


--
-- Name: profile_tutorqualification; Type: TABLE; Schema: public; Owner: -; Tablespace: 
--

CREATE TABLE profile_tutorqualification (
    id integer NOT NULL,
    user_id integer NOT NULL,
    qualification character varying(200) NOT NULL,
    document character varying(100)
);


--
-- Name: profile_tutorqualification_id_seq; Type: SEQUENCE; Schema: public; Owner: -
--

CREATE SEQUENCE profile_tutorqualification_id_seq
    START WITH 1
    INCREMENT BY 1
    NO MINVALUE
    NO MAXVALUE
    CACHE 1;


--
-- Name: profile_tutorqualification_id_seq; Type: SEQUENCE OWNED BY; Schema: public; Owner: -
--

ALTER SEQUENCE profile_tutorqualification_id_seq OWNED BY profile_tutorqualification.id;


--
-- Name: profile_tutorqualification_id_seq; Type: SEQUENCE SET; Schema: public; Owner: -
--

SELECT pg_catalog.setval('profile_tutorqualification_id_seq', 96, true);


--
-- Name: profile_tutorreview; Type: TABLE; Schema: public; Owner: -; Tablespace: 
--

CREATE TABLE profile_tutorreview (
    id integer NOT NULL,
    created timestamp with time zone NOT NULL,
    updated timestamp with time zone NOT NULL,
    user_id integer NOT NULL,
    rate smallint DEFAULT 0 NOT NULL,
    text text NOT NULL,
    related_class_id integer NOT NULL,
    is_active boolean NOT NULL,
    CONSTRAINT profile_tutorreview_rate_check CHECK ((rate >= 0))
);


--
-- Name: profile_tutorreview_id_seq; Type: SEQUENCE; Schema: public; Owner: -
--

CREATE SEQUENCE profile_tutorreview_id_seq
    START WITH 1
    INCREMENT BY 1
    NO MINVALUE
    NO MAXVALUE
    CACHE 1;


--
-- Name: profile_tutorreview_id_seq; Type: SEQUENCE OWNED BY; Schema: public; Owner: -
--

ALTER SEQUENCE profile_tutorreview_id_seq OWNED BY profile_tutorreview.id;


--
-- Name: profile_tutorreview_id_seq; Type: SEQUENCE SET; Schema: public; Owner: -
--

SELECT pg_catalog.setval('profile_tutorreview_id_seq', 43, true);


--
-- Name: profile_tutorsubject; Type: TABLE; Schema: public; Owner: -; Tablespace: 
--

CREATE TABLE profile_tutorsubject (
    id integer NOT NULL,
    user_id integer NOT NULL,
    subject_id integer NOT NULL,
    credits double precision NOT NULL,
    level_id integer,
    system_id integer
);


--
-- Name: profile_tutorsubject_id_seq; Type: SEQUENCE; Schema: public; Owner: -
--

CREATE SEQUENCE profile_tutorsubject_id_seq
    START WITH 1
    INCREMENT BY 1
    NO MINVALUE
    NO MAXVALUE
    CACHE 1;


--
-- Name: profile_tutorsubject_id_seq; Type: SEQUENCE OWNED BY; Schema: public; Owner: -
--

ALTER SEQUENCE profile_tutorsubject_id_seq OWNED BY profile_tutorsubject.id;


--
-- Name: profile_tutorsubject_id_seq; Type: SEQUENCE SET; Schema: public; Owner: -
--

SELECT pg_catalog.setval('profile_tutorsubject_id_seq', 346, true);


--
-- Name: profile_uploadprofileimage; Type: TABLE; Schema: public; Owner: -; Tablespace: 
--

CREATE TABLE profile_uploadprofileimage (
    id integer NOT NULL,
    key character varying(150) NOT NULL,
    image character varying(100)
);


--
-- Name: profile_uploadprofileimage_id_seq; Type: SEQUENCE; Schema: public; Owner: -
--

CREATE SEQUENCE profile_uploadprofileimage_id_seq
    START WITH 1
    INCREMENT BY 1
    NO MINVALUE
    NO MAXVALUE
    CACHE 1;


--
-- Name: profile_uploadprofileimage_id_seq; Type: SEQUENCE OWNED BY; Schema: public; Owner: -
--

ALTER SEQUENCE profile_uploadprofileimage_id_seq OWNED BY profile_uploadprofileimage.id;


--
-- Name: profile_uploadprofileimage_id_seq; Type: SEQUENCE SET; Schema: public; Owner: -
--

SELECT pg_catalog.setval('profile_uploadprofileimage_id_seq', 164, true);


--
-- Name: profile_usercreditmovement; Type: TABLE; Schema: public; Owner: -; Tablespace: 
--

CREATE TABLE profile_usercreditmovement (
    id integer NOT NULL,
    created timestamp with time zone NOT NULL,
    updated timestamp with time zone NOT NULL,
    user_id integer NOT NULL,
    type smallint NOT NULL,
    credits double precision NOT NULL,
    value character varying(15),
    related_class_id integer,
    CONSTRAINT profile_usercreditmovement_type_check CHECK ((type >= 0))
);


--
-- Name: profile_usercreditmovement_id_seq; Type: SEQUENCE; Schema: public; Owner: -
--

CREATE SEQUENCE profile_usercreditmovement_id_seq
    START WITH 1
    INCREMENT BY 1
    NO MINVALUE
    NO MAXVALUE
    CACHE 1;


--
-- Name: profile_usercreditmovement_id_seq; Type: SEQUENCE OWNED BY; Schema: public; Owner: -
--

ALTER SEQUENCE profile_usercreditmovement_id_seq OWNED BY profile_usercreditmovement.id;


--
-- Name: profile_usercreditmovement_id_seq; Type: SEQUENCE SET; Schema: public; Owner: -
--

SELECT pg_catalog.setval('profile_usercreditmovement_id_seq', 377, true);


--
-- Name: profile_userprofile; Type: TABLE; Schema: public; Owner: -; Tablespace: 
--

CREATE TABLE profile_userprofile (
    id integer NOT NULL,
    created timestamp with time zone NOT NULL,
    updated timestamp with time zone NOT NULL,
    user_id integer NOT NULL,
    about character varying(500),
    title character varying(100),
    profile_image character varying(100) NOT NULL,
    address character varying(150),
    location character varying(50),
    postcode character varying(10),
    country character varying(2),
    phone character varying(20),
    newsletters boolean DEFAULT true NOT NULL,
    type smallint NOT NULL,
    credit double precision NOT NULL,
    income double precision NOT NULL,
    referral smallint NOT NULL,
    date_of_birth date,
    scribblar_id character varying(100),
    video character varying(200),
    avg_rate double precision NOT NULL,
    gender smallint NOT NULL,
    timezone character varying(50) NOT NULL,
    crb boolean NOT NULL,
    crb_file character varying(100),
    no_reviews integer NOT NULL,
    min_credits integer NOT NULL,
    max_credits integer NOT NULL,
    classes_given integer NOT NULL,
    referral_key character varying(30),
    other_referral character varying(200),
    currency_id integer,
    activated boolean NOT NULL,
    activation_date timestamp with time zone,
    featured boolean NOT NULL,
    webcam boolean NOT NULL,
    paypal_email character varying(75),
    partners_newsletters boolean NOT NULL,
    crb_expiry_date date,
    crb_alert_expire_date boolean NOT NULL,
    crb_alert_expired boolean NOT NULL,
    test_class_minutes smallint NOT NULL,
    test_class_id character varying(100),
    notifications_messages boolean NOT NULL,
    notifications_classes boolean NOT NULL,
    notifications_other boolean NOT NULL,
    income_without_commission double precision NOT NULL,
    profile_image_approved boolean NOT NULL,
    about_approved boolean NOT NULL,
    video_approved boolean NOT NULL,
    qualification_documents_approved boolean NOT NULL,
    is_new boolean NOT NULL,
    class_language character varying(10) NOT NULL,
    zipcode character varying(10),
    price_per_hour double precision NOT NULL,
    CONSTRAINT ck_classes_given_pstv_60f4e2fe CHECK ((classes_given >= 0)),
    CONSTRAINT ck_gender_pstv_712b51c1 CHECK ((gender >= 0)),
    CONSTRAINT ck_max_credits_pstv_73a42141 CHECK ((max_credits >= 0)),
    CONSTRAINT ck_min_credits_pstv_2fe5d96b CHECK ((min_credits >= 0)),
    CONSTRAINT ck_no_reviews_pstv_1c54ba9e CHECK ((no_reviews >= 0)),
    CONSTRAINT ck_referral_pstv_5aeaec95 CHECK ((referral >= 0)),
    CONSTRAINT ck_test_class_minutes_pstv_3615e051 CHECK ((test_class_minutes >= 0)),
    CONSTRAINT ck_type_pstv_410696c8 CHECK ((type >= 0)),
    CONSTRAINT profile_userprofile_classes_given_check CHECK ((classes_given >= 0)),
    CONSTRAINT profile_userprofile_gender_check CHECK ((gender >= 0)),
    CONSTRAINT profile_userprofile_max_credits_check CHECK ((max_credits >= 0)),
    CONSTRAINT profile_userprofile_min_credits_check CHECK ((min_credits >= 0)),
    CONSTRAINT profile_userprofile_no_reviews_check CHECK ((no_reviews >= 0)),
    CONSTRAINT profile_userprofile_referral_check CHECK ((referral >= 0)),
    CONSTRAINT profile_userprofile_test_class_minutes_check CHECK ((test_class_minutes >= 0)),
    CONSTRAINT profile_userprofile_type_check CHECK ((type >= 0))
);


--
-- Name: profile_userprofile_favorite; Type: TABLE; Schema: public; Owner: -; Tablespace: 
--

CREATE TABLE profile_userprofile_favorite (
    id integer NOT NULL,
    userprofile_id integer NOT NULL,
    user_id integer NOT NULL
);


--
-- Name: profile_userprofile_favorite_id_seq; Type: SEQUENCE; Schema: public; Owner: -
--

CREATE SEQUENCE profile_userprofile_favorite_id_seq
    START WITH 1
    INCREMENT BY 1
    NO MINVALUE
    NO MAXVALUE
    CACHE 1;


--
-- Name: profile_userprofile_favorite_id_seq; Type: SEQUENCE OWNED BY; Schema: public; Owner: -
--

ALTER SEQUENCE profile_userprofile_favorite_id_seq OWNED BY profile_userprofile_favorite.id;


--
-- Name: profile_userprofile_favorite_id_seq; Type: SEQUENCE SET; Schema: public; Owner: -
--

SELECT pg_catalog.setval('profile_userprofile_favorite_id_seq', 67, true);


--
-- Name: profile_userprofile_genres; Type: TABLE; Schema: public; Owner: -; Tablespace: 
--

CREATE TABLE profile_userprofile_genres (
    id integer NOT NULL,
    userprofile_id integer NOT NULL,
    genre_id integer NOT NULL
);


--
-- Name: profile_userprofile_genres_id_seq; Type: SEQUENCE; Schema: public; Owner: -
--

CREATE SEQUENCE profile_userprofile_genres_id_seq
    START WITH 1
    INCREMENT BY 1
    NO MINVALUE
    NO MAXVALUE
    CACHE 1;


--
-- Name: profile_userprofile_genres_id_seq; Type: SEQUENCE OWNED BY; Schema: public; Owner: -
--

ALTER SEQUENCE profile_userprofile_genres_id_seq OWNED BY profile_userprofile_genres.id;


--
-- Name: profile_userprofile_genres_id_seq; Type: SEQUENCE SET; Schema: public; Owner: -
--

SELECT pg_catalog.setval('profile_userprofile_genres_id_seq', 263, true);


--
-- Name: profile_userprofile_id_seq; Type: SEQUENCE; Schema: public; Owner: -
--

CREATE SEQUENCE profile_userprofile_id_seq
    START WITH 1
    INCREMENT BY 1
    NO MINVALUE
    NO MAXVALUE
    CACHE 1;


--
-- Name: profile_userprofile_id_seq; Type: SEQUENCE OWNED BY; Schema: public; Owner: -
--

ALTER SEQUENCE profile_userprofile_id_seq OWNED BY profile_userprofile.id;


--
-- Name: profile_userprofile_id_seq; Type: SEQUENCE SET; Schema: public; Owner: -
--

SELECT pg_catalog.setval('profile_userprofile_id_seq', 286, true);


--
-- Name: profile_weekavailability; Type: TABLE; Schema: public; Owner: -; Tablespace: 
--

CREATE TABLE profile_weekavailability (
    id integer NOT NULL,
    user_id integer NOT NULL,
    weekday smallint NOT NULL,
    begin time without time zone NOT NULL,
    "end" time without time zone NOT NULL,
    CONSTRAINT profile_weekavailability_weekday_check CHECK ((weekday >= 0))
);


--
-- Name: profile_weekavailability_id_seq; Type: SEQUENCE; Schema: public; Owner: -
--

CREATE SEQUENCE profile_weekavailability_id_seq
    START WITH 1
    INCREMENT BY 1
    NO MINVALUE
    NO MAXVALUE
    CACHE 1;


--
-- Name: profile_weekavailability_id_seq; Type: SEQUENCE OWNED BY; Schema: public; Owner: -
--

ALTER SEQUENCE profile_weekavailability_id_seq OWNED BY profile_weekavailability.id;


--
-- Name: profile_weekavailability_id_seq; Type: SEQUENCE SET; Schema: public; Owner: -
--

SELECT pg_catalog.setval('profile_weekavailability_id_seq', 467, true);


--
-- Name: profile_withdrawitem; Type: TABLE; Schema: public; Owner: -; Tablespace: 
--

CREATE TABLE profile_withdrawitem (
    id integer NOT NULL,
    created timestamp with time zone NOT NULL,
    updated timestamp with time zone NOT NULL,
    user_id integer NOT NULL,
    currency_id integer NOT NULL,
    value double precision NOT NULL,
    credits double precision NOT NULL,
    status smallint DEFAULT 0 NOT NULL,
    invoice character varying(20),
    email character varying(75) NOT NULL,
    commission double precision NOT NULL,
    monthly_payment boolean NOT NULL,
    CONSTRAINT profile_withdrawitem_status_check CHECK ((status >= 0))
);


--
-- Name: profile_withdrawitem_id_seq; Type: SEQUENCE; Schema: public; Owner: -
--

CREATE SEQUENCE profile_withdrawitem_id_seq
    START WITH 1
    INCREMENT BY 1
    NO MINVALUE
    NO MAXVALUE
    CACHE 1;


--
-- Name: profile_withdrawitem_id_seq; Type: SEQUENCE OWNED BY; Schema: public; Owner: -
--

ALTER SEQUENCE profile_withdrawitem_id_seq OWNED BY profile_withdrawitem.id;


--
-- Name: profile_withdrawitem_id_seq; Type: SEQUENCE SET; Schema: public; Owner: -
--

SELECT pg_catalog.setval('profile_withdrawitem_id_seq', 153, true);


--
-- Name: socialaccount_socialaccount; Type: TABLE; Schema: public; Owner: -; Tablespace: 
--

CREATE TABLE socialaccount_socialaccount (
    id integer NOT NULL,
    user_id integer NOT NULL,
    last_login timestamp with time zone DEFAULT '2012-04-23 10:36:11.630459+00'::timestamp with time zone NOT NULL,
    date_joined timestamp with time zone DEFAULT '2012-04-23 10:36:11.630678+00'::timestamp with time zone NOT NULL
);


--
-- Name: socialaccount_socialaccount_id_seq; Type: SEQUENCE; Schema: public; Owner: -
--

CREATE SEQUENCE socialaccount_socialaccount_id_seq
    START WITH 1
    INCREMENT BY 1
    NO MINVALUE
    NO MAXVALUE
    CACHE 1;


--
-- Name: socialaccount_socialaccount_id_seq; Type: SEQUENCE OWNED BY; Schema: public; Owner: -
--

ALTER SEQUENCE socialaccount_socialaccount_id_seq OWNED BY socialaccount_socialaccount.id;


--
-- Name: socialaccount_socialaccount_id_seq; Type: SEQUENCE SET; Schema: public; Owner: -
--

SELECT pg_catalog.setval('socialaccount_socialaccount_id_seq', 12, true);


--
-- Name: south_migrationhistory; Type: TABLE; Schema: public; Owner: -; Tablespace: 
--

CREATE TABLE south_migrationhistory (
    id integer NOT NULL,
    app_name character varying(255) NOT NULL,
    migration character varying(255) NOT NULL,
    applied timestamp with time zone NOT NULL
);


--
-- Name: south_migrationhistory_id_seq; Type: SEQUENCE; Schema: public; Owner: -
--

CREATE SEQUENCE south_migrationhistory_id_seq
    START WITH 1
    INCREMENT BY 1
    NO MINVALUE
    NO MAXVALUE
    CACHE 1;


--
-- Name: south_migrationhistory_id_seq; Type: SEQUENCE OWNED BY; Schema: public; Owner: -
--

ALTER SEQUENCE south_migrationhistory_id_seq OWNED BY south_migrationhistory.id;


--
-- Name: south_migrationhistory_id_seq; Type: SEQUENCE SET; Schema: public; Owner: -
--

SELECT pg_catalog.setval('south_migrationhistory_id_seq', 128, true);


--
-- Name: tagging_tag; Type: TABLE; Schema: public; Owner: -; Tablespace: 
--

CREATE TABLE tagging_tag (
    id integer NOT NULL,
    name character varying(50) NOT NULL
);


--
-- Name: tagging_tag_id_seq; Type: SEQUENCE; Schema: public; Owner: -
--

CREATE SEQUENCE tagging_tag_id_seq
    START WITH 1
    INCREMENT BY 1
    NO MINVALUE
    NO MAXVALUE
    CACHE 1;


--
-- Name: tagging_tag_id_seq; Type: SEQUENCE OWNED BY; Schema: public; Owner: -
--

ALTER SEQUENCE tagging_tag_id_seq OWNED BY tagging_tag.id;


--
-- Name: tagging_tag_id_seq; Type: SEQUENCE SET; Schema: public; Owner: -
--

SELECT pg_catalog.setval('tagging_tag_id_seq', 1, false);


--
-- Name: tagging_taggeditem; Type: TABLE; Schema: public; Owner: -; Tablespace: 
--

CREATE TABLE tagging_taggeditem (
    id integer NOT NULL,
    tag_id integer NOT NULL,
    content_type_id integer NOT NULL,
    object_id integer NOT NULL,
    CONSTRAINT tagging_taggeditem_object_id_check CHECK ((object_id >= 0))
);


--
-- Name: tagging_taggeditem_id_seq; Type: SEQUENCE; Schema: public; Owner: -
--

CREATE SEQUENCE tagging_taggeditem_id_seq
    START WITH 1
    INCREMENT BY 1
    NO MINVALUE
    NO MAXVALUE
    CACHE 1;


--
-- Name: tagging_taggeditem_id_seq; Type: SEQUENCE OWNED BY; Schema: public; Owner: -
--

ALTER SEQUENCE tagging_taggeditem_id_seq OWNED BY tagging_taggeditem.id;


--
-- Name: tagging_taggeditem_id_seq; Type: SEQUENCE SET; Schema: public; Owner: -
--

SELECT pg_catalog.setval('tagging_taggeditem_id_seq', 1, false);


--
-- Name: twitter_twitteraccount; Type: TABLE; Schema: public; Owner: -; Tablespace: 
--

CREATE TABLE twitter_twitteraccount (
    socialaccount_ptr_id integer NOT NULL,
    social_id bigint NOT NULL,
    username character varying(15) NOT NULL,
    profile_image_url character varying(200) NOT NULL
);


--
-- Name: twitter_twitterapp; Type: TABLE; Schema: public; Owner: -; Tablespace: 
--

CREATE TABLE twitter_twitterapp (
    id integer NOT NULL,
    site_id integer NOT NULL,
    name character varying(40) NOT NULL,
    consumer_key character varying(80) NOT NULL,
    consumer_secret character varying(80) NOT NULL,
    request_token_url character varying(200) NOT NULL,
    access_token_url character varying(200) NOT NULL,
    authorize_url character varying(200) NOT NULL
);


--
-- Name: twitter_twitterapp_id_seq; Type: SEQUENCE; Schema: public; Owner: -
--

CREATE SEQUENCE twitter_twitterapp_id_seq
    START WITH 1
    INCREMENT BY 1
    NO MINVALUE
    NO MAXVALUE
    CACHE 1;


--
-- Name: twitter_twitterapp_id_seq; Type: SEQUENCE OWNED BY; Schema: public; Owner: -
--

ALTER SEQUENCE twitter_twitterapp_id_seq OWNED BY twitter_twitterapp.id;


--
-- Name: twitter_twitterapp_id_seq; Type: SEQUENCE SET; Schema: public; Owner: -
--

SELECT pg_catalog.setval('twitter_twitterapp_id_seq', 1, false);


--
-- Name: id; Type: DEFAULT; Schema: public; Owner: -
--

ALTER TABLE ONLY ap_masspayment ALTER COLUMN id SET DEFAULT nextval('ap_masspayment_id_seq'::regclass);


--
-- Name: id; Type: DEFAULT; Schema: public; Owner: -
--

ALTER TABLE ONLY ap_masspaymentreceiver ALTER COLUMN id SET DEFAULT nextval('ap_masspaymentreceiver_id_seq'::regclass);


--
-- Name: id; Type: DEFAULT; Schema: public; Owner: -
--

ALTER TABLE ONLY auth_group ALTER COLUMN id SET DEFAULT nextval('auth_group_id_seq'::regclass);


--
-- Name: id; Type: DEFAULT; Schema: public; Owner: -
--

ALTER TABLE ONLY auth_group_permissions ALTER COLUMN id SET DEFAULT nextval('auth_group_permissions_id_seq'::regclass);


--
-- Name: id; Type: DEFAULT; Schema: public; Owner: -
--

ALTER TABLE ONLY auth_message ALTER COLUMN id SET DEFAULT nextval('auth_message_id_seq'::regclass);


--
-- Name: id; Type: DEFAULT; Schema: public; Owner: -
--

ALTER TABLE ONLY auth_permission ALTER COLUMN id SET DEFAULT nextval('auth_permission_id_seq'::regclass);


--
-- Name: id; Type: DEFAULT; Schema: public; Owner: -
--

ALTER TABLE ONLY auth_user ALTER COLUMN id SET DEFAULT nextval('auth_user_id_seq'::regclass);


--
-- Name: id; Type: DEFAULT; Schema: public; Owner: -
--

ALTER TABLE ONLY auth_user_groups ALTER COLUMN id SET DEFAULT nextval('auth_user_groups_id_seq'::regclass);


--
-- Name: id; Type: DEFAULT; Schema: public; Owner: -
--

ALTER TABLE ONLY auth_user_user_permissions ALTER COLUMN id SET DEFAULT nextval('auth_user_user_permissions_id_seq'::regclass);


--
-- Name: id; Type: DEFAULT; Schema: public; Owner: -
--

ALTER TABLE ONLY classes_class ALTER COLUMN id SET DEFAULT nextval('classes_class_id_seq'::regclass);


--
-- Name: id; Type: DEFAULT; Schema: public; Owner: -
--

ALTER TABLE ONLY classes_classlevel ALTER COLUMN id SET DEFAULT nextval('classes_classlevel_id_seq'::regclass);


--
-- Name: id; Type: DEFAULT; Schema: public; Owner: -
--

ALTER TABLE ONLY classes_classsubject ALTER COLUMN id SET DEFAULT nextval('classes_classsubject_id_seq'::regclass);


--
-- Name: id; Type: DEFAULT; Schema: public; Owner: -
--

ALTER TABLE ONLY classes_classsubject_systems ALTER COLUMN id SET DEFAULT nextval('classes_classsubject_systems_id_seq'::regclass);


--
-- Name: id; Type: DEFAULT; Schema: public; Owner: -
--

ALTER TABLE ONLY classes_classuserhistory ALTER COLUMN id SET DEFAULT nextval('classes_classuserhistory_id_seq'::regclass);


--
-- Name: id; Type: DEFAULT; Schema: public; Owner: -
--

ALTER TABLE ONLY classes_educationalsystem ALTER COLUMN id SET DEFAULT nextval('classes_educationalsystem_id_seq'::regclass);


--
-- Name: id; Type: DEFAULT; Schema: public; Owner: -
--

ALTER TABLE ONLY classes_educationalsystemcountry ALTER COLUMN id SET DEFAULT nextval('classes_educationalsystemcountry_id_seq'::regclass);


--
-- Name: id; Type: DEFAULT; Schema: public; Owner: -
--

ALTER TABLE ONLY common_feedbackanswer ALTER COLUMN id SET DEFAULT nextval('common_feedbackanswer_id_seq'::regclass);


--
-- Name: id; Type: DEFAULT; Schema: public; Owner: -
--

ALTER TABLE ONLY common_feedbackquestion ALTER COLUMN id SET DEFAULT nextval('common_feedbackquestion_id_seq'::regclass);


--
-- Name: id; Type: DEFAULT; Schema: public; Owner: -
--

ALTER TABLE ONLY common_feedbackquestionoption ALTER COLUMN id SET DEFAULT nextval('common_feedbackquestionoption_id_seq'::regclass);


--
-- Name: id; Type: DEFAULT; Schema: public; Owner: -
--

ALTER TABLE ONLY core_bundle ALTER COLUMN id SET DEFAULT nextval('core_bundle_id_seq'::regclass);


--
-- Name: id; Type: DEFAULT; Schema: public; Owner: -
--

ALTER TABLE ONLY core_country ALTER COLUMN id SET DEFAULT nextval('core_country_id_seq'::regclass);


--
-- Name: id; Type: DEFAULT; Schema: public; Owner: -
--

ALTER TABLE ONLY core_country_timezones ALTER COLUMN id SET DEFAULT nextval('core_country_timezones_id_seq'::regclass);


--
-- Name: id; Type: DEFAULT; Schema: public; Owner: -
--

ALTER TABLE ONLY core_currency ALTER COLUMN id SET DEFAULT nextval('core_currency_id_seq'::regclass);


--
-- Name: id; Type: DEFAULT; Schema: public; Owner: -
--

ALTER TABLE ONLY core_discount ALTER COLUMN id SET DEFAULT nextval('core_discount_id_seq'::regclass);


--
-- Name: id; Type: DEFAULT; Schema: public; Owner: -
--

ALTER TABLE ONLY core_discountuser ALTER COLUMN id SET DEFAULT nextval('core_discountuser_id_seq'::regclass);


--
-- Name: id; Type: DEFAULT; Schema: public; Owner: -
--

ALTER TABLE ONLY core_document ALTER COLUMN id SET DEFAULT nextval('core_document_id_seq'::regclass);


--
-- Name: id; Type: DEFAULT; Schema: public; Owner: -
--

ALTER TABLE ONLY core_emailtemplate ALTER COLUMN id SET DEFAULT nextval('core_emailtemplate_id_seq'::regclass);


--
-- Name: id; Type: DEFAULT; Schema: public; Owner: -
--

ALTER TABLE ONLY core_masswithdraw ALTER COLUMN id SET DEFAULT nextval('core_masswithdraw_id_seq'::regclass);


--
-- Name: id; Type: DEFAULT; Schema: public; Owner: -
--

ALTER TABLE ONLY core_masswithdraw_items ALTER COLUMN id SET DEFAULT nextval('core_masswithdraw_items_id_seq'::regclass);


--
-- Name: id; Type: DEFAULT; Schema: public; Owner: -
--

ALTER TABLE ONLY core_quote ALTER COLUMN id SET DEFAULT nextval('core_quote_id_seq'::regclass);


--
-- Name: id; Type: DEFAULT; Schema: public; Owner: -
--

ALTER TABLE ONLY core_timezone ALTER COLUMN id SET DEFAULT nextval('core_timezone_id_seq'::regclass);


--
-- Name: id; Type: DEFAULT; Schema: public; Owner: -
--

ALTER TABLE ONLY core_video ALTER COLUMN id SET DEFAULT nextval('core_video_id_seq'::regclass);


--
-- Name: id; Type: DEFAULT; Schema: public; Owner: -
--

ALTER TABLE ONLY django_admin_log ALTER COLUMN id SET DEFAULT nextval('django_admin_log_id_seq'::regclass);


--
-- Name: id; Type: DEFAULT; Schema: public; Owner: -
--

ALTER TABLE ONLY django_comment_flags ALTER COLUMN id SET DEFAULT nextval('django_comment_flags_id_seq'::regclass);


--
-- Name: id; Type: DEFAULT; Schema: public; Owner: -
--

ALTER TABLE ONLY django_comments ALTER COLUMN id SET DEFAULT nextval('django_comments_id_seq'::regclass);


--
-- Name: id; Type: DEFAULT; Schema: public; Owner: -
--

ALTER TABLE ONLY django_content_type ALTER COLUMN id SET DEFAULT nextval('django_content_type_id_seq'::regclass);


--
-- Name: id; Type: DEFAULT; Schema: public; Owner: -
--

ALTER TABLE ONLY django_flatpage ALTER COLUMN id SET DEFAULT nextval('django_flatpage_id_seq'::regclass);


--
-- Name: id; Type: DEFAULT; Schema: public; Owner: -
--

ALTER TABLE ONLY django_flatpage_sites ALTER COLUMN id SET DEFAULT nextval('django_flatpage_sites_id_seq'::regclass);


--
-- Name: id; Type: DEFAULT; Schema: public; Owner: -
--

ALTER TABLE ONLY django_site ALTER COLUMN id SET DEFAULT nextval('django_site_id_seq'::regclass);


--
-- Name: id; Type: DEFAULT; Schema: public; Owner: -
--

ALTER TABLE ONLY emailconfirmation_emailaddress ALTER COLUMN id SET DEFAULT nextval('emailconfirmation_emailaddress_id_seq'::regclass);


--
-- Name: id; Type: DEFAULT; Schema: public; Owner: -
--

ALTER TABLE ONLY emailconfirmation_emailconfirmation ALTER COLUMN id SET DEFAULT nextval('emailconfirmation_emailconfirmation_id_seq'::regclass);


--
-- Name: id; Type: DEFAULT; Schema: public; Owner: -
--

ALTER TABLE ONLY facebook_facebookaccesstoken ALTER COLUMN id SET DEFAULT nextval('facebook_facebookaccesstoken_id_seq'::regclass);


--
-- Name: id; Type: DEFAULT; Schema: public; Owner: -
--

ALTER TABLE ONLY facebook_facebookapp ALTER COLUMN id SET DEFAULT nextval('facebook_facebookapp_id_seq'::regclass);


--
-- Name: id; Type: DEFAULT; Schema: public; Owner: -
--

ALTER TABLE ONLY faq_faqitem ALTER COLUMN id SET DEFAULT nextval('faq_faqitem_id_seq'::regclass);


--
-- Name: id; Type: DEFAULT; Schema: public; Owner: -
--

ALTER TABLE ONLY faq_faqsection ALTER COLUMN id SET DEFAULT nextval('faq_faqsection_id_seq'::regclass);


--
-- Name: id; Type: DEFAULT; Schema: public; Owner: -
--

ALTER TABLE ONLY flatblocks_flatblock ALTER COLUMN id SET DEFAULT nextval('flatblocks_flatblock_id_seq'::regclass);


--
-- Name: id; Type: DEFAULT; Schema: public; Owner: -
--

ALTER TABLE ONLY mailchimp_campaign ALTER COLUMN id SET DEFAULT nextval('mailchimp_campaign_id_seq'::regclass);


--
-- Name: id; Type: DEFAULT; Schema: public; Owner: -
--

ALTER TABLE ONLY mailchimp_queue ALTER COLUMN id SET DEFAULT nextval('mailchimp_queue_id_seq'::regclass);


--
-- Name: id; Type: DEFAULT; Schema: public; Owner: -
--

ALTER TABLE ONLY mailchimp_reciever ALTER COLUMN id SET DEFAULT nextval('mailchimp_reciever_id_seq'::regclass);


--
-- Name: id; Type: DEFAULT; Schema: public; Owner: -
--

ALTER TABLE ONLY openid_openidnonce ALTER COLUMN id SET DEFAULT nextval('openid_openidnonce_id_seq'::regclass);


--
-- Name: id; Type: DEFAULT; Schema: public; Owner: -
--

ALTER TABLE ONLY openid_openidstore ALTER COLUMN id SET DEFAULT nextval('openid_openidstore_id_seq'::regclass);


--
-- Name: id; Type: DEFAULT; Schema: public; Owner: -
--

ALTER TABLE ONLY paypal_ipn ALTER COLUMN id SET DEFAULT nextval('paypal_ipn_id_seq'::regclass);


--
-- Name: id; Type: DEFAULT; Schema: public; Owner: -
--

ALTER TABLE ONLY profile_child ALTER COLUMN id SET DEFAULT nextval('profile_child_id_seq'::regclass);


--
-- Name: id; Type: DEFAULT; Schema: public; Owner: -
--

ALTER TABLE ONLY profile_dayavailability ALTER COLUMN id SET DEFAULT nextval('profile_dayavailability_id_seq'::regclass);


--
-- Name: id; Type: DEFAULT; Schema: public; Owner: -
--

ALTER TABLE ONLY profile_genre ALTER COLUMN id SET DEFAULT nextval('profile_genre_id_seq'::regclass);


--
-- Name: id; Type: DEFAULT; Schema: public; Owner: -
--

ALTER TABLE ONLY profile_message ALTER COLUMN id SET DEFAULT nextval('profile_message_id_seq'::regclass);


--
-- Name: id; Type: DEFAULT; Schema: public; Owner: -
--

ALTER TABLE ONLY profile_newslettersubscription ALTER COLUMN id SET DEFAULT nextval('profile_newslettersubscription_id_seq'::regclass);


--
-- Name: id; Type: DEFAULT; Schema: public; Owner: -
--

ALTER TABLE ONLY profile_referral ALTER COLUMN id SET DEFAULT nextval('profile_referral_id_seq'::regclass);


--
-- Name: id; Type: DEFAULT; Schema: public; Owner: -
--

ALTER TABLE ONLY profile_report ALTER COLUMN id SET DEFAULT nextval('profile_report_id_seq'::regclass);


--
-- Name: id; Type: DEFAULT; Schema: public; Owner: -
--

ALTER TABLE ONLY profile_studentinterest ALTER COLUMN id SET DEFAULT nextval('profile_studentinterest_id_seq'::regclass);


--
-- Name: id; Type: DEFAULT; Schema: public; Owner: -
--

ALTER TABLE ONLY profile_studentreview ALTER COLUMN id SET DEFAULT nextval('profile_studentreview_id_seq'::regclass);


--
-- Name: id; Type: DEFAULT; Schema: public; Owner: -
--

ALTER TABLE ONLY profile_topupitem ALTER COLUMN id SET DEFAULT nextval('profile_topupitem_id_seq'::regclass);


--
-- Name: id; Type: DEFAULT; Schema: public; Owner: -
--

ALTER TABLE ONLY profile_tutorfavorite ALTER COLUMN id SET DEFAULT nextval('profile_tutorfavorite_id_seq'::regclass);


--
-- Name: id; Type: DEFAULT; Schema: public; Owner: -
--

ALTER TABLE ONLY profile_tutorqualification ALTER COLUMN id SET DEFAULT nextval('profile_tutorqualification_id_seq'::regclass);


--
-- Name: id; Type: DEFAULT; Schema: public; Owner: -
--

ALTER TABLE ONLY profile_tutorreview ALTER COLUMN id SET DEFAULT nextval('profile_tutorreview_id_seq'::regclass);


--
-- Name: id; Type: DEFAULT; Schema: public; Owner: -
--

ALTER TABLE ONLY profile_tutorsubject ALTER COLUMN id SET DEFAULT nextval('profile_tutorsubject_id_seq'::regclass);


--
-- Name: id; Type: DEFAULT; Schema: public; Owner: -
--

ALTER TABLE ONLY profile_uploadprofileimage ALTER COLUMN id SET DEFAULT nextval('profile_uploadprofileimage_id_seq'::regclass);


--
-- Name: id; Type: DEFAULT; Schema: public; Owner: -
--

ALTER TABLE ONLY profile_usercreditmovement ALTER COLUMN id SET DEFAULT nextval('profile_usercreditmovement_id_seq'::regclass);


--
-- Name: id; Type: DEFAULT; Schema: public; Owner: -
--

ALTER TABLE ONLY profile_userprofile ALTER COLUMN id SET DEFAULT nextval('profile_userprofile_id_seq'::regclass);


--
-- Name: id; Type: DEFAULT; Schema: public; Owner: -
--

ALTER TABLE ONLY profile_userprofile_favorite ALTER COLUMN id SET DEFAULT nextval('profile_userprofile_favorite_id_seq'::regclass);


--
-- Name: id; Type: DEFAULT; Schema: public; Owner: -
--

ALTER TABLE ONLY profile_userprofile_genres ALTER COLUMN id SET DEFAULT nextval('profile_userprofile_genres_id_seq'::regclass);


--
-- Name: id; Type: DEFAULT; Schema: public; Owner: -
--

ALTER TABLE ONLY profile_weekavailability ALTER COLUMN id SET DEFAULT nextval('profile_weekavailability_id_seq'::regclass);


--
-- Name: id; Type: DEFAULT; Schema: public; Owner: -
--

ALTER TABLE ONLY profile_withdrawitem ALTER COLUMN id SET DEFAULT nextval('profile_withdrawitem_id_seq'::regclass);


--
-- Name: id; Type: DEFAULT; Schema: public; Owner: -
--

ALTER TABLE ONLY socialaccount_socialaccount ALTER COLUMN id SET DEFAULT nextval('socialaccount_socialaccount_id_seq'::regclass);


--
-- Name: id; Type: DEFAULT; Schema: public; Owner: -
--

ALTER TABLE ONLY south_migrationhistory ALTER COLUMN id SET DEFAULT nextval('south_migrationhistory_id_seq'::regclass);


--
-- Name: id; Type: DEFAULT; Schema: public; Owner: -
--

ALTER TABLE ONLY tagging_tag ALTER COLUMN id SET DEFAULT nextval('tagging_tag_id_seq'::regclass);


--
-- Name: id; Type: DEFAULT; Schema: public; Owner: -
--

ALTER TABLE ONLY tagging_taggeditem ALTER COLUMN id SET DEFAULT nextval('tagging_taggeditem_id_seq'::regclass);


--
-- Name: id; Type: DEFAULT; Schema: public; Owner: -
--

ALTER TABLE ONLY twitter_twitterapp ALTER COLUMN id SET DEFAULT nextval('twitter_twitterapp_id_seq'::regclass);


--
-- Data for Name: ap_masspayment; Type: TABLE DATA; Schema: public; Owner: -
--

COPY ap_masspayment (id, currency_code, sender_email, memo, created, modified, status) FROM stdin;
1	GBP	sandbo_1318841681_biz@rawjam.co.uk	Payment on 2012-06-11 14:10:20.251759	2012-06-11 13:10:20.252265+00	2012-06-11 13:10:20.252307+00	0
2	EUR	sandbo_1318841681_biz@rawjam.co.uk	Payment on 2012-06-11 14:10:21.651255	2012-06-11 13:10:21.651627+00	2012-06-11 13:10:21.651652+00	0
3	GBP	sandbo_1318841681_biz@rawjam.co.uk	Payment on 2012-06-11 14:20:12.584898	2012-06-11 13:20:12.585171+00	2012-06-11 13:20:12.585193+00	0
4	EUR	sandbo_1318841681_biz@rawjam.co.uk	Payment on 2012-06-11 14:20:13.634714	2012-06-11 13:20:13.635043+00	2012-06-11 13:20:13.635073+00	0
5	GBP	sandbo_1318841681_biz@rawjam.co.uk	Payment on 2012-06-11 14:21:44.515597	2012-06-11 13:21:44.515849+00	2012-06-11 13:21:44.51587+00	0
6	EUR	sandbo_1318841681_biz@rawjam.co.uk	Payment on 2012-06-11 14:21:45.541874	2012-06-11 13:21:45.542111+00	2012-06-11 13:21:45.542132+00	0
7	GBP	sandbo_1318841681_biz@rawjam.co.uk	Payment on 2012-06-11 14:24:09.650200	2012-06-11 13:24:09.650447+00	2012-06-11 13:24:09.650469+00	0
8	EUR	sandbo_1318841681_biz@rawjam.co.uk	Payment on 2012-06-11 14:24:10.671881	2012-06-11 13:24:10.672139+00	2012-06-11 13:24:10.672161+00	0
9	GBP	sandbo_1318841681_biz@rawjam.co.uk	Payment on 2012-06-11 14:58:11.649300	2012-06-11 13:58:11.649559+00	2012-06-11 13:58:11.64958+00	0
10	EUR	sandbo_1318841681_biz@rawjam.co.uk	Payment on 2012-06-11 14:58:13.746707	2012-06-11 13:58:13.746939+00	2012-06-11 13:58:13.74696+00	0
11	GBP	sandbo_1318841681_biz@rawjam.co.uk	Payment on 2012-06-11 15:07:38.923473	2012-06-11 14:07:38.923731+00	2012-06-11 14:07:38.923753+00	0
12	EUR	sandbo_1318841681_biz@rawjam.co.uk	Payment on 2012-06-11 15:07:40.881199	2012-06-11 14:07:40.881431+00	2012-06-11 14:07:40.881452+00	0
13	GBP	sandbo_1318841681_biz@rawjam.co.uk	Payment on 2012-06-11 15:13:02.804395	2012-06-11 14:13:02.804658+00	2012-06-11 14:13:02.80468+00	0
14	EUR	sandbo_1318841681_biz@rawjam.co.uk	Payment on 2012-06-11 15:13:04.723724	2012-06-11 14:13:04.723957+00	2012-06-11 14:13:04.723978+00	0
15	GBP	sandbo_1318841681_biz@rawjam.co.uk	Payment on 2012-06-11 15:17:44.983686	2012-06-11 14:17:44.983929+00	2012-06-11 14:17:44.983951+00	0
16	EUR	sandbo_1318841681_biz@rawjam.co.uk	Payment on 2012-06-11 15:17:46.880418	2012-06-11 14:17:46.880721+00	2012-06-11 14:17:46.880744+00	0
17	GBP	sandbo_1318841681_biz@rawjam.co.uk	Payment on 2012-06-11 15:20:44.817617	2012-06-11 14:20:44.817857+00	2012-06-11 14:20:44.817878+00	0
18	EUR	sandbo_1318841681_biz@rawjam.co.uk	Payment on 2012-06-11 15:20:46.771457	2012-06-11 14:20:46.771708+00	2012-06-11 14:20:46.771729+00	0
19	GBP	sandbo_1318841681_biz@rawjam.co.uk	Payment on 2012-06-11 15:27:26.014511	2012-06-11 14:27:26.014754+00	2012-06-11 14:27:26.014776+00	0
20	EUR	sandbo_1318841681_biz@rawjam.co.uk	Payment on 2012-06-11 15:27:27.974819	2012-06-11 14:27:27.975066+00	2012-06-11 14:27:27.975087+00	0
21	GBP	sandbo_1318841681_biz@rawjam.co.uk	Payment on 2012-06-11 15:32:03.584636	2012-06-11 14:32:03.584887+00	2012-06-11 14:32:03.584909+00	0
22	EUR	sandbo_1318841681_biz@rawjam.co.uk	Payment on 2012-06-11 15:32:05.495604	2012-06-11 14:32:05.495837+00	2012-06-11 14:32:05.495859+00	0
23	GBP	sandbo_1318841681_biz@rawjam.co.uk	Payment on 2012-06-11 16:06:59.032448	2012-06-11 15:06:59.032851+00	2012-06-11 15:06:59.032885+00	0
24	EUR	sandbo_1318841681_biz@rawjam.co.uk	Payment on 2012-06-11 16:07:01.005483	2012-06-11 15:07:01.005863+00	2012-06-11 15:07:01.005894+00	0
25	GBP	sandbo_1318841681_biz@rawjam.co.uk	Payment on 2012-06-11 16:12:58.555861	2012-06-11 15:12:58.556129+00	2012-06-11 15:12:58.556151+00	0
26	EUR	sandbo_1318841681_biz@rawjam.co.uk	Payment on 2012-06-11 16:13:00.494266	2012-06-11 15:13:00.494506+00	2012-06-11 15:13:00.494528+00	0
27	EUR	sandbo_1318841681_biz@rawjam.co.uk	Payment on 2012-06-11 17:19:57.072423	2012-06-11 16:19:57.072715+00	2012-06-11 16:19:57.072738+00	0
28	EUR	sandbo_1318841681_biz@rawjam.co.uk	Payment on 2012-06-11 17:20:42.739949	2012-06-11 16:20:42.740254+00	2012-06-11 16:20:42.740279+00	0
29	GBP	sandbo_1318841681_biz@rawjam.co.uk	Payment on 2012-06-11 17:23:10.165031	2012-06-11 16:23:10.165315+00	2012-06-11 16:23:10.165339+00	0
30	GBP	sandbo_1318841681_biz@rawjam.co.uk	Payment on 2012-06-20 16:17:05.384816	2012-06-20 15:17:05.385065+00	2012-06-20 15:17:05.385092+00	0
31	GBP	sandbo_1318841681_biz@rawjam.co.uk	Payment on 2012-06-27 09:55:26.802544	2012-06-27 08:55:26.802892+00	2012-06-27 08:55:26.802924+00	0
32	GBP	sandbo_1318841681_biz@rawjam.co.uk	Payment on 2012-06-29 10:25:03.143123	2012-06-29 09:25:03.143405+00	2012-06-29 09:25:03.143434+00	0
33	GBP	sandbo_1318841681_biz@rawjam.co.uk	Payment on 2012-07-02 13:10:33.134262	2012-07-02 12:10:33.134432+00	2012-07-02 12:10:33.134453+00	0
34	EUR	sandbo_1318841681_biz@rawjam.co.uk	Payment on 2012-07-02 13:10:35.277964	2012-07-02 12:10:35.278124+00	2012-07-02 12:10:35.278144+00	0
35	GBP	sandbo_1318841681_biz@rawjam.co.uk	Payment on 2012-07-03 01:00:12.364747	2012-07-03 00:00:12.364919+00	2012-07-03 00:00:12.364941+00	0
36	EUR	sandbo_1318841681_biz@rawjam.co.uk	Payment on 2012-07-03 01:00:14.754537	2012-07-03 00:00:14.754745+00	2012-07-03 00:00:14.75477+00	0
37	GBP	sandbo_1318841681_biz@rawjam.co.uk	Payment on 2012-07-03 12:24:51.302159	2012-07-03 11:24:51.302562+00	2012-07-03 11:24:51.302607+00	0
38	GBP	sandbo_1318841681_biz@rawjam.co.uk	Payment on 2012-07-03 12:38:43.449139	2012-07-03 11:38:43.449385+00	2012-07-03 11:38:43.449415+00	0
39	GBP	sandbo_1318841681_biz@rawjam.co.uk	Payment on 2012-07-03 12:42:33.761728	2012-07-03 11:42:33.761943+00	2012-07-03 11:42:33.761967+00	0
40	GBP	sandbo_1318841681_biz@rawjam.co.uk	Payment on 2012-07-04 01:00:12.391269	2012-07-04 00:00:12.391532+00	2012-07-04 00:00:12.391565+00	0
41	EUR	sandbo_1318841681_biz@rawjam.co.uk	Payment on 2012-07-04 01:00:15.122079	2012-07-04 00:00:15.122448+00	2012-07-04 00:00:15.122487+00	0
42	GBP	sandbo_1318841681_biz@rawjam.co.uk	Payment on 2012-07-05 01:00:08.833333	2012-07-05 00:00:08.833582+00	2012-07-05 00:00:08.833614+00	0
43	EUR	sandbo_1318841681_biz@rawjam.co.uk	Payment on 2012-07-05 01:00:11.314611	2012-07-05 00:00:11.314871+00	2012-07-05 00:00:11.314905+00	0
44	GBP	sandbo_1318841681_biz@rawjam.co.uk	Payment on 2012-07-06 01:00:08.032578	2012-07-06 00:00:08.03275+00	2012-07-06 00:00:08.032771+00	0
45	EUR	sandbo_1318841681_biz@rawjam.co.uk	Payment on 2012-07-06 01:00:10.070972	2012-07-06 00:00:10.071209+00	2012-07-06 00:00:10.071239+00	0
46	GBP	sandbo_1318841681_biz@rawjam.co.uk	Payment on 2012-07-07 01:00:08.439173	2012-07-07 00:00:08.439403+00	2012-07-07 00:00:08.439426+00	0
47	EUR	sandbo_1318841681_biz@rawjam.co.uk	Payment on 2012-07-07 01:00:29.158417	2012-07-07 00:00:29.158769+00	2012-07-07 00:00:29.15881+00	0
48	GBP	sandbo_1318841681_biz@rawjam.co.uk	Payment on 2012-07-08 01:00:12.190620	2012-07-08 00:00:12.190788+00	2012-07-08 00:00:12.190809+00	0
49	EUR	sandbo_1318841681_biz@rawjam.co.uk	Payment on 2012-07-08 01:00:14.789282	2012-07-08 00:00:14.789516+00	2012-07-08 00:00:14.78954+00	0
50	GBP	sandbo_1318841681_biz@rawjam.co.uk	Payment on 2012-07-09 01:00:12.318209	2012-07-09 00:00:12.318391+00	2012-07-09 00:00:12.318412+00	0
51	EUR	sandbo_1318841681_biz@rawjam.co.uk	Payment on 2012-07-09 01:00:14.707634	2012-07-09 00:00:14.707946+00	2012-07-09 00:00:14.707974+00	0
52	GBP	sandbo_1318841681_biz@rawjam.co.uk	Payment on 2012-07-10 01:00:09.958359	2012-07-10 00:00:09.95853+00	2012-07-10 00:00:09.958551+00	0
53	EUR	sandbo_1318841681_biz@rawjam.co.uk	Payment on 2012-07-10 01:00:12.136246	2012-07-10 00:00:12.136405+00	2012-07-10 00:00:12.136426+00	0
54	GBP	sandbo_1318841681_biz@rawjam.co.uk	Payment on 2012-07-11 01:00:42.678303	2012-07-11 00:00:42.678472+00	2012-07-11 00:00:42.678494+00	0
55	EUR	sandbo_1318841681_biz@rawjam.co.uk	Payment on 2012-07-11 01:00:45.591502	2012-07-11 00:00:45.591661+00	2012-07-11 00:00:45.591682+00	0
56	GBP	sandbo_1318841681_biz@rawjam.co.uk	Payment on 2012-07-12 01:00:12.942080	2012-07-12 00:00:12.942252+00	2012-07-12 00:00:12.942278+00	0
57	EUR	sandbo_1318841681_biz@rawjam.co.uk	Payment on 2012-07-12 01:00:15.701391	2012-07-12 00:00:15.701554+00	2012-07-12 00:00:15.701575+00	0
58	GBP	sandbo_1318841681_biz@rawjam.co.uk	Payment on 2012-07-13 01:00:14.613403	2012-07-13 00:00:14.61373+00	2012-07-13 00:00:14.613765+00	0
59	EUR	sandbo_1318841681_biz@rawjam.co.uk	Payment on 2012-07-13 01:00:16.555709	2012-07-13 00:00:16.556011+00	2012-07-13 00:00:16.556038+00	0
60	GBP	sandbo_1318841681_biz@rawjam.co.uk	Payment on 2012-07-14 01:00:06.909938	2012-07-14 00:00:06.91029+00	2012-07-14 00:00:06.91033+00	0
61	EUR	sandbo_1318841681_biz@rawjam.co.uk	Payment on 2012-07-14 01:00:08.886093	2012-07-14 00:00:08.886251+00	2012-07-14 00:00:08.886271+00	0
62	GBP	sandbo_1318841681_biz@rawjam.co.uk	Payment on 2012-07-15 01:00:09.475977	2012-07-15 00:00:09.476332+00	2012-07-15 00:00:09.476373+00	0
63	EUR	sandbo_1318841681_biz@rawjam.co.uk	Payment on 2012-07-15 01:00:12.684477	2012-07-15 00:00:12.68472+00	2012-07-15 00:00:12.684745+00	0
64	GBP	sandbo_1318841681_biz@rawjam.co.uk	Payment on 2012-07-16 01:00:07.939062	2012-07-16 00:00:07.939299+00	2012-07-16 00:00:07.939326+00	0
65	EUR	sandbo_1318841681_biz@rawjam.co.uk	Payment on 2012-07-16 01:00:09.923525	2012-07-16 00:00:09.923688+00	2012-07-16 00:00:09.923708+00	0
66	GBP	sandbo_1318841681_biz@rawjam.co.uk	Payment on 2012-07-17 01:00:10.573655	2012-07-17 00:00:10.574043+00	2012-07-17 00:00:10.574151+00	0
67	EUR	sandbo_1318841681_biz@rawjam.co.uk	Payment on 2012-07-17 01:00:13.746132	2012-07-17 00:00:13.746404+00	2012-07-17 00:00:13.746431+00	0
68	GBP	sandbo_1318841681_biz@rawjam.co.uk	Payment on 2012-07-18 01:00:45.121708	2012-07-18 00:00:45.122053+00	2012-07-18 00:00:45.122089+00	0
69	EUR	sandbo_1318841681_biz@rawjam.co.uk	Payment on 2012-07-18 01:00:47.386502	2012-07-18 00:00:47.386679+00	2012-07-18 00:00:47.386701+00	0
70	GBP	sandbo_1318841681_biz@rawjam.co.uk	Payment on 2012-07-19 01:00:14.652359	2012-07-19 00:00:14.652607+00	2012-07-19 00:00:14.652633+00	0
71	EUR	sandbo_1318841681_biz@rawjam.co.uk	Payment on 2012-07-19 01:00:16.878515	2012-07-19 00:00:16.878673+00	2012-07-19 00:00:16.878693+00	0
72	GBP	sandbo_1318841681_biz@rawjam.co.uk	Payment on 2012-07-20 01:00:12.017311	2012-07-20 00:00:12.017492+00	2012-07-20 00:00:12.017514+00	0
73	EUR	sandbo_1318841681_biz@rawjam.co.uk	Payment on 2012-07-20 01:00:14.430191	2012-07-20 00:00:14.430351+00	2012-07-20 00:00:14.430372+00	0
74	GBP	sandbo_1318841681_biz@rawjam.co.uk	Payment on 2012-07-21 01:00:18.295402	2012-07-21 00:00:18.295572+00	2012-07-21 00:00:18.295593+00	0
75	EUR	sandbo_1318841681_biz@rawjam.co.uk	Payment on 2012-07-21 01:00:22.116154	2012-07-21 00:00:22.116369+00	2012-07-21 00:00:22.116397+00	0
76	GBP	sandbo_1318841681_biz@rawjam.co.uk	Payment on 2012-07-22 01:00:32.640404	2012-07-22 00:00:32.640741+00	2012-07-22 00:00:32.640773+00	0
77	EUR	sandbo_1318841681_biz@rawjam.co.uk	Payment on 2012-07-22 01:00:34.628371	2012-07-22 00:00:34.628594+00	2012-07-22 00:00:34.628618+00	0
78	GBP	sandbo_1318841681_biz@rawjam.co.uk	Payment on 2012-07-23 01:00:08.910348	2012-07-23 00:00:08.910627+00	2012-07-23 00:00:08.910664+00	0
79	EUR	sandbo_1318841681_biz@rawjam.co.uk	Payment on 2012-07-23 01:00:10.652170	2012-07-23 00:00:10.652332+00	2012-07-23 00:00:10.652354+00	0
80	GBP	sandbo_1318841681_biz@rawjam.co.uk	Payment on 2012-07-24 01:00:09.388373	2012-07-24 00:00:09.388623+00	2012-07-24 00:00:09.388649+00	0
81	EUR	sandbo_1318841681_biz@rawjam.co.uk	Payment on 2012-07-24 01:00:11.310651	2012-07-24 00:00:11.310809+00	2012-07-24 00:00:11.31083+00	0
82	GBP	sandbo_1318841681_biz@rawjam.co.uk	Payment on 2012-07-25 01:00:15.749660	2012-07-25 00:00:15.749936+00	2012-07-25 00:00:15.749963+00	0
83	EUR	sandbo_1318841681_biz@rawjam.co.uk	Payment on 2012-07-25 01:00:17.559390	2012-07-25 00:00:17.559548+00	2012-07-25 00:00:17.559568+00	0
84	GBP	sandbo_1318841681_biz@rawjam.co.uk	Payment on 2012-07-26 01:00:13.468093	2012-07-26 00:00:13.468462+00	2012-07-26 00:00:13.468501+00	0
85	EUR	sandbo_1318841681_biz@rawjam.co.uk	Payment on 2012-07-26 01:00:15.424294	2012-07-26 00:00:15.424452+00	2012-07-26 00:00:15.424472+00	0
86	GBP	sandbo_1318841681_biz@rawjam.co.uk	Payment on 2012-07-27 01:00:13.536838	2012-07-27 00:00:13.537116+00	2012-07-27 00:00:13.537144+00	0
87	EUR	sandbo_1318841681_biz@rawjam.co.uk	Payment on 2012-07-27 01:00:15.626595	2012-07-27 00:00:15.626773+00	2012-07-27 00:00:15.626794+00	0
88	GBP	sandbo_1318841681_biz@rawjam.co.uk	Payment on 2012-07-27 12:22:56.529642	2012-07-27 11:22:56.529907+00	2012-07-27 11:22:56.529935+00	0
89	EUR	sandbo_1318841681_biz@rawjam.co.uk	Payment on 2012-07-28 01:00:17.711531	2012-07-28 00:00:17.711913+00	2012-07-28 00:00:17.711952+00	0
90	EUR	sandbo_1318841681_biz@rawjam.co.uk	Payment on 2012-07-29 01:00:11.095195	2012-07-29 00:00:11.095458+00	2012-07-29 00:00:11.095484+00	0
91	EUR	sandbo_1318841681_biz@rawjam.co.uk	Payment on 2012-07-30 01:00:09.557033	2012-07-30 00:00:09.557267+00	2012-07-30 00:00:09.557294+00	0
92	EUR	sandbo_1318841681_biz@rawjam.co.uk	Payment on 2012-07-31 01:00:09.732620	2012-07-31 00:00:09.732893+00	2012-07-31 00:00:09.732922+00	0
93	GBP	sandbo_1318841681_biz@rawjam.co.uk	Payment on 2012-07-31 14:10:41.008836	2012-07-31 13:10:41.009111+00	2012-07-31 13:10:41.009141+00	0
94	GBP	sandbo_1318841681_biz@rawjam.co.uk	Payment on 2012-08-01 01:00:13.752247	2012-08-01 00:00:13.752496+00	2012-08-01 00:00:13.752522+00	0
95	EUR	sandbo_1318841681_biz@rawjam.co.uk	Payment on 2012-08-01 01:00:15.917064	2012-08-01 00:00:15.917226+00	2012-08-01 00:00:15.917246+00	0
96	GBP	sandbo_1318841681_biz@rawjam.co.uk	Payment on 2012-08-02 01:00:19.091316	2012-08-02 00:00:19.091671+00	2012-08-02 00:00:19.091709+00	0
97	EUR	sandbo_1318841681_biz@rawjam.co.uk	Payment on 2012-08-02 01:00:21.020689	2012-08-02 00:00:21.02101+00	2012-08-02 00:00:21.021044+00	0
98	GBP	sandbo_1318841681_biz@rawjam.co.uk	Payment on 2012-08-03 01:00:21.787295	2012-08-03 00:00:21.787571+00	2012-08-03 00:00:21.787599+00	0
99	EUR	sandbo_1318841681_biz@rawjam.co.uk	Payment on 2012-08-03 01:00:24.173572	2012-08-03 00:00:24.173806+00	2012-08-03 00:00:24.173852+00	0
100	EUR	sandbo_1318841681_biz@rawjam.co.uk	Payment on 2012-08-04 01:00:23.014665	2012-08-04 00:00:23.014957+00	2012-08-04 00:00:23.014997+00	0
101	EUR	sandbo_1318841681_biz@rawjam.co.uk	Payment on 2012-08-05 01:00:33.855737	2012-08-05 00:00:33.856059+00	2012-08-05 00:00:33.856094+00	0
102	EUR	sandbo_1318841681_biz@rawjam.co.uk	Payment on 2012-08-06 01:00:08.628570	2012-08-06 00:00:08.628784+00	2012-08-06 00:00:08.628807+00	0
103	GBP	sandbo_1318841681_biz@rawjam.co.uk	Payment on 2012-08-07 01:00:10.351236	2012-08-07 00:00:10.351604+00	2012-08-07 00:00:10.351644+00	0
104	EUR	sandbo_1318841681_biz@rawjam.co.uk	Payment on 2012-08-07 01:00:12.941713	2012-08-07 00:00:12.941893+00	2012-08-07 00:00:12.941926+00	0
105	GBP	sandbo_1318841681_biz@rawjam.co.uk	Payment on 2012-08-08 01:00:08.716856	2012-08-08 00:00:08.717221+00	2012-08-08 00:00:08.717262+00	0
106	EUR	sandbo_1318841681_biz@rawjam.co.uk	Payment on 2012-08-08 01:00:11.138468	2012-08-08 00:00:11.138629+00	2012-08-08 00:00:11.13865+00	0
107	GBP	sandbo_1318841681_biz@rawjam.co.uk	Payment on 2012-08-09 01:00:07.729573	2012-08-09 00:00:07.729962+00	2012-08-09 00:00:07.730004+00	0
108	EUR	sandbo_1318841681_biz@rawjam.co.uk	Payment on 2012-08-09 01:00:09.853430	2012-08-09 00:00:09.853595+00	2012-08-09 00:00:09.853616+00	0
109	GBP	nick@universaltutors.com	Payment on 2012-08-10 18:17:24.690441	2012-08-10 17:17:24.690682+00	2012-08-10 17:17:24.690708+00	0
110	GBP	nick@universaltutors.com	Payment on 2012-08-13 12:18:28.922613	2012-08-13 11:18:28.92283+00	2012-08-13 11:18:28.922854+00	0
111	GBP	nick@universaltutors.com	Payment on 2012-08-13 16:40:39.292784	2012-08-13 15:40:39.293085+00	2012-08-13 15:40:39.293123+00	0
112	GBP	nick@universaltutors.com	Payment on 2012-08-13 16:44:08.572830	2012-08-13 15:44:08.573146+00	2012-08-13 15:44:08.573178+00	0
113	GBP	nick@universaltutors.com	Payment on 2012-08-14 09:49:03.929409	2012-08-14 08:49:03.929604+00	2012-08-14 08:49:03.929627+00	0
114	GBP	nick@universaltutors.com	Payment on 2012-08-14 09:54:50.852195	2012-08-14 08:54:50.852502+00	2012-08-14 08:54:50.852541+00	0
\.


--
-- Data for Name: ap_masspaymentreceiver; Type: TABLE DATA; Schema: public; Owner: -
--

COPY ap_masspaymentreceiver (id, payment_id, email, amount, "primary") FROM stdin;
1	1		62.3999999999999986	f
2	2		20.6999999999999993	f
3	2		93	f
4	3		62.3999999999999986	f
5	4		20.6999999999999993	f
6	4		93	f
7	5		62.3999999999999986	f
8	6		20.6999999999999993	f
9	6		93	f
10	7		62.3999999999999986	f
11	8		20.6999999999999993	f
12	8		93	f
13	9	sandbo_1318841728_per@rawjam.co.uk	62.3999999999999986	f
14	9	sandbo_1339420777_per@rawjam.co.uk	40.7999999999999972	f
15	10	sandbo_1337615033_per@rawjam.co.uk	93	f
16	10	sandbo_1337615033_per@rawjam.co.uk	20.6999999999999993	f
17	11	sandbo_1318841728_per@rawjam.co.uk	62.3999999999999986	f
18	11	sandbo_1339420777_per@rawjam.co.uk	40.7999999999999972	f
19	12	sandbo_1337615033_per@rawjam.co.uk	93	f
20	12	sandbo_1337615033_per@rawjam.co.uk	20.6999999999999993	f
21	13	sandbo_1318841728_per@rawjam.co.uk	62.3999999999999986	f
22	13	sandbo_1339420777_per@rawjam.co.uk	40.7999999999999972	f
23	14	sandbo_1337615033_per@rawjam.co.uk	93	f
24	14	sandbo_1337615033_per@rawjam.co.uk	20.6999999999999993	f
25	15	sandbo_1318841728_per@rawjam.co.uk	62.3999999999999986	f
26	15	sandbo_1339420777_per@rawjam.co.uk	40.7999999999999972	f
27	16	sandbo_1337615033_per@rawjam.co.uk	93	f
28	16	sandbo_1337615033_per@rawjam.co.uk	20.6999999999999993	f
29	17	sandbo_1318841728_per@rawjam.co.uk	62.3999999999999986	f
30	17	sandbo_1339420777_per@rawjam.co.uk	40.7999999999999972	f
31	18	sandbo_1337615033_per@rawjam.co.uk	93	f
32	18	sandbo_1337615033_per@rawjam.co.uk	20.6999999999999993	f
33	19	sandbo_1318841728_per@rawjam.co.uk	62.3999999999999986	f
34	19	sandbo_1339420777_per@rawjam.co.uk	40.7999999999999972	f
35	20	sandbo_1337615033_per@rawjam.co.uk	93	f
36	20	sandbo_1337615033_per@rawjam.co.uk	20.6999999999999993	f
37	21	sandbo_1339420777_per@rawjam.co.uk	40.7999999999999972	f
38	21	sandbo_1318841728_per@rawjam.co.uk	62.3999999999999986	f
39	22	sandbo_1337615033_per@rawjam.co.uk	93	f
40	22	sandbo_1337615033_per@rawjam.co.uk	20.6999999999999993	f
41	23	sandbo_1339420777_per@rawjam.co.uk	40.7999999999999972	f
42	23	sandbo_1318841728_per@rawjam.co.uk	62.3999999999999986	f
43	24	sandbo_1337615033_per@rawjam.co.uk	93	f
44	24	sandbo_1337615033_per@rawjam.co.uk	20.6999999999999993	f
45	25	sandbo_1339420777_per@rawjam.co.uk	40.7999999999999972	f
46	25	sandbo_1318841728_per@rawjam.co.uk	62.3999999999999986	f
47	26	sandbo_1337615033_per@rawjam.co.uk	93	f
48	26	sandbo_1337615033_per@rawjam.co.uk	20.6999999999999993	f
49	27	sandbo_1337615033_per@rawjam.co.uk	93	f
50	28	sandbo_1337615033_per@rawjam.co.uk	93	f
51	29	sandbo_1337615033_per@rawjam.co.uk	124	f
52	30	sandbo_1337615033_per@rawjam.co.uk	14	f
53	31	sandbo_1337615033_per@rawjam.co.uk	8	f
54	32	sandbo_1337615033_per@rawjam.co.uk	0	f
55	33	sandbo_1339420777_per@rawjam.co.uk	50.3999999999999986	f
56	33	sandbo_1318841728_per@rawjam.co.uk	94.7999999999999972	f
57	34	sandbo_1337615033_per@rawjam.co.uk	34.3200000000000003	f
58	35	sandbo_1318841728_per@rawjam.co.uk	0.800000000000000044	f
59	35	sandbo_1339420777_per@rawjam.co.uk	0.400000000000000022	f
60	36	sandbo_1337615033_per@rawjam.co.uk	34.3599999999999994	f
61	37	sandbo_1318841728_per@rawjam.co.uk	0.800000000000000044	f
62	38	sandbo_1318841728_per@rawjam.co.uk	0.800000000000000044	f
63	39	sandbo_1318841728_per@rawjam.co.uk	0.800000000000000044	f
64	40	sandbo_1318841728_per@rawjam.co.uk	0.800000000000000044	f
65	40	sandbo_1339420777_per@rawjam.co.uk	0.400000000000000022	f
66	41	sandbo_1337615033_per@rawjam.co.uk	34.3599999999999994	f
67	42	sandbo_1339420777_per@rawjam.co.uk	0.400000000000000022	f
68	42	sandbo_1318841728_per@rawjam.co.uk	0.800000000000000044	f
69	43	sandbo_1337615033_per@rawjam.co.uk	34.3500000000000014	f
70	44	sandbo_1339420777_per@rawjam.co.uk	0.400000000000000022	f
71	44	sandbo_1318841728_per@rawjam.co.uk	0.800000000000000044	f
72	45	sandbo_1337615033_per@rawjam.co.uk	34.5799999999999983	f
73	46	sandbo_1339420777_per@rawjam.co.uk	0.400000000000000022	f
74	46	sandbo_1318841728_per@rawjam.co.uk	0.800000000000000044	f
75	47	sandbo_1337615033_per@rawjam.co.uk	34.759999999999998	f
76	48	sandbo_1339420777_per@rawjam.co.uk	0.400000000000000022	f
77	48	sandbo_1318841728_per@rawjam.co.uk	0.800000000000000044	f
78	49	sandbo_1337615033_per@rawjam.co.uk	34.7899999999999991	f
79	50	sandbo_1318841728_per@rawjam.co.uk	0.800000000000000044	f
80	50	sandbo_1339420777_per@rawjam.co.uk	0.400000000000000022	f
81	51	sandbo_1337615033_per@rawjam.co.uk	34.7999999999999972	f
82	52	sandbo_1339420777_per@rawjam.co.uk	0.400000000000000022	f
83	52	sandbo_1318841728_per@rawjam.co.uk	0.800000000000000044	f
84	53	sandbo_1337615033_per@rawjam.co.uk	34.7899999999999991	f
85	54	sandbo_1318841728_per@rawjam.co.uk	0.800000000000000044	f
86	54	sandbo_1339420777_per@rawjam.co.uk	0.400000000000000022	f
87	55	sandbo_1337615033_per@rawjam.co.uk	34.9200000000000017	f
88	56	sandbo_1339420777_per@rawjam.co.uk	0.400000000000000022	f
89	56	sandbo_1318841728_per@rawjam.co.uk	0.800000000000000044	f
90	57	sandbo_1337615033_per@rawjam.co.uk	34.9799999999999969	f
91	58	sandbo_1339420777_per@rawjam.co.uk	0.400000000000000022	f
92	59	sandbo_1337615033_per@rawjam.co.uk	34.8999999999999986	f
93	60	sandbo_1339420777_per@rawjam.co.uk	0.400000000000000022	f
94	61	sandbo_1337615033_per@rawjam.co.uk	35.4099999999999966	f
95	62	sandbo_1339420777_per@rawjam.co.uk	0.400000000000000022	f
96	63	sandbo_1337615033_per@rawjam.co.uk	35.4500000000000028	f
97	64	sandbo_1339420777_per@rawjam.co.uk	0.400000000000000022	f
98	65	sandbo_1337615033_per@rawjam.co.uk	35.4399999999999977	f
99	66	sandbo_1339420777_per@rawjam.co.uk	0.400000000000000022	f
100	67	sandbo_1337615033_per@rawjam.co.uk	35.4399999999999977	f
101	68	sandbo_1339420777_per@rawjam.co.uk	0.400000000000000022	f
102	69	sandbo_1337615033_per@rawjam.co.uk	35.4399999999999977	f
103	70	sandbo_1339420777_per@rawjam.co.uk	0.400000000000000022	f
104	71	sandbo_1337615033_per@rawjam.co.uk	35.4399999999999977	f
105	72	sandbo_1318841728_per@rawjam.co.uk	0.800000000000000044	f
106	72	sandbo_1339420777_per@rawjam.co.uk	0.400000000000000022	f
107	73	sandbo_1337615033_per@rawjam.co.uk	35.4399999999999977	f
108	74	sandbo_1318841728_per@rawjam.co.uk	0.800000000000000044	f
109	74	sandbo_1339420777_per@rawjam.co.uk	0.400000000000000022	f
110	75	sandbo_1337615033_per@rawjam.co.uk	35.4399999999999977	f
111	76	sandbo_1339420777_per@rawjam.co.uk	0.400000000000000022	f
112	77	sandbo_1337615033_per@rawjam.co.uk	35.4399999999999977	f
113	78	sandbo_1339420777_per@rawjam.co.uk	0.400000000000000022	f
114	79	sandbo_1337615033_per@rawjam.co.uk	35.4399999999999977	f
115	80	sandbo_1339420777_per@rawjam.co.uk	0.400000000000000022	f
116	81	sandbo_1337615033_per@rawjam.co.uk	35.4399999999999977	f
117	82	sandbo_1318841728_per@rawjam.co.uk	9.80000000000000071	f
118	83	sandbo_1337615033_per@rawjam.co.uk	35.4399999999999977	f
119	84	sandbo_1337615033_per@rawjam.co.uk	10.4000000000000004	f
120	85	sandbo_1337615033_per@rawjam.co.uk	35.4399999999999977	f
121	86	sandbo_1337615033_per@rawjam.co.uk	24.9600000000000009	f
122	87	sandbo_1337615033_per@rawjam.co.uk	35.4399999999999977	f
123	88	sandbo_1337615033_per@rawjam.co.uk	492.45999999999998	f
124	89	sandbo_1337615033_per@rawjam.co.uk	35.4399999999999977	f
125	90	sandbo_1337615033_per@rawjam.co.uk	35.4399999999999977	f
126	91	sandbo_1337615033_per@rawjam.co.uk	35.4399999999999977	f
127	92	sandbo_1337615033_per@rawjam.co.uk	35.4399999999999977	f
128	93	sandbo_1337615033_per@rawjam.co.uk	5.98000000000000043	f
129	94	sandbo_1337615033_per@rawjam.co.uk	6.40000000000000036	f
130	95	sandbo_1337615033_per@rawjam.co.uk	35.4399999999999977	f
131	96	sandbo_1337615033_per@rawjam.co.uk	12.8000000000000007	f
132	97	sandbo_1337615033_per@rawjam.co.uk	35.4399999999999977	f
133	98	sandbo_1337615033_per@rawjam.co.uk	4	f
134	99	sandbo_1337615033_per@rawjam.co.uk	35.4399999999999977	f
135	100	sandbo_1337615033_per@rawjam.co.uk	35.4399999999999977	f
136	101	sandbo_1337615033_per@rawjam.co.uk	35.4399999999999977	f
137	102	sandbo_1337615033_per@rawjam.co.uk	35.4399999999999977	f
138	103	sandbo_1339420777_per@rawjam.co.uk	8.80000000000000071	f
139	104	sandbo_1337615033_per@rawjam.co.uk	35.0799999999999983	f
140	105	sandbo_1337615033_per@rawjam.co.uk	12	f
141	106	sandbo_1337615033_per@rawjam.co.uk	35.1199999999999974	f
142	107	sandbo_1337615033_per@rawjam.co.uk	22.3999999999999986	f
143	108	sandbo_1337615033_per@rawjam.co.uk	35.240000000000002	f
144	109	nickcrosthwaite@gmail.com	0.770000000000000018	f
145	110	nickcrosthwaite@gmail.com	0.770000000000000018	f
146	111	paypal@rawjam.co.uk	0.100000000000000006	f
147	112	paypal@rawjam.co.uk	0.100000000000000006	f
148	113	nickcrosthwaite@gmail.com	2.70000000000000018	f
149	114	paypal@rawjam.co.uk	0.100000000000000006	f
\.


--
-- Data for Name: auth_group; Type: TABLE DATA; Schema: public; Owner: -
--

COPY auth_group (id, name) FROM stdin;
\.


--
-- Data for Name: auth_group_permissions; Type: TABLE DATA; Schema: public; Owner: -
--

COPY auth_group_permissions (id, group_id, permission_id) FROM stdin;
\.


--
-- Data for Name: auth_message; Type: TABLE DATA; Schema: public; Owner: -
--

COPY auth_message (id, user_id, message) FROM stdin;
\.


--
-- Data for Name: auth_permission; Type: TABLE DATA; Schema: public; Owner: -
--

COPY auth_permission (id, name, content_type_id, codename) FROM stdin;
1	Can add permission	1	add_permission
2	Can change permission	1	change_permission
3	Can delete permission	1	delete_permission
4	Can add group	2	add_group
5	Can change group	2	change_group
6	Can delete group	2	delete_group
7	Can add user	3	add_user
8	Can change user	3	change_user
9	Can delete user	3	delete_user
10	Can add message	4	add_message
11	Can change message	4	change_message
12	Can delete message	4	delete_message
13	Can add content type	5	add_contenttype
14	Can change content type	5	change_contenttype
15	Can delete content type	5	delete_contenttype
16	Can add session	6	add_session
17	Can change session	6	change_session
18	Can delete session	6	delete_session
19	Can add site	7	add_site
20	Can change site	7	change_site
21	Can delete site	7	delete_site
22	Can add log entry	8	add_logentry
23	Can change log entry	8	change_logentry
24	Can delete log entry	8	delete_logentry
25	Can add comment	9	add_comment
26	Can change comment	9	change_comment
27	Can delete comment	9	delete_comment
28	Can moderate comments	9	can_moderate
29	Can add comment flag	10	add_commentflag
30	Can change comment flag	10	change_commentflag
31	Can delete comment flag	10	delete_commentflag
32	Can add flat page	11	add_flatpage
33	Can change flat page	11	change_flatpage
34	Can delete flat page	11	delete_flatpage
35	Can add migration history	12	add_migrationhistory
36	Can change migration history	12	change_migrationhistory
37	Can delete migration history	12	delete_migrationhistory
38	Can add tag	13	add_tag
39	Can change tag	13	change_tag
40	Can delete tag	13	delete_tag
41	Can add tagged item	14	add_taggeditem
42	Can change tagged item	14	change_taggeditem
43	Can delete tagged item	14	delete_taggeditem
44	Can add email address	15	add_emailaddress
45	Can change email address	15	change_emailaddress
46	Can delete email address	15	delete_emailaddress
47	Can add email confirmation	16	add_emailconfirmation
48	Can change email confirmation	16	change_emailconfirmation
49	Can delete email confirmation	16	delete_emailconfirmation
50	Can add social account	17	add_socialaccount
51	Can change social account	17	change_socialaccount
52	Can delete social account	17	delete_socialaccount
53	Can add twitter app	18	add_twitterapp
54	Can change twitter app	18	change_twitterapp
55	Can delete twitter app	18	delete_twitterapp
56	Can add twitter account	19	add_twitteraccount
57	Can change twitter account	19	change_twitteraccount
58	Can delete twitter account	19	delete_twitteraccount
59	Can add open id account	20	add_openidaccount
60	Can change open id account	20	change_openidaccount
61	Can delete open id account	20	delete_openidaccount
62	Can add open id store	21	add_openidstore
63	Can change open id store	21	change_openidstore
64	Can delete open id store	21	delete_openidstore
65	Can add open id nonce	22	add_openidnonce
66	Can change open id nonce	22	change_openidnonce
67	Can delete open id nonce	22	delete_openidnonce
68	Can add facebook app	23	add_facebookapp
69	Can change facebook app	23	change_facebookapp
70	Can delete facebook app	23	delete_facebookapp
71	Can add facebook account	24	add_facebookaccount
72	Can change facebook account	24	change_facebookaccount
73	Can delete facebook account	24	delete_facebookaccount
74	Can add facebook access token	25	add_facebookaccesstoken
75	Can change facebook access token	25	change_facebookaccesstoken
76	Can delete facebook access token	25	delete_facebookaccesstoken
77	Can add user profile	26	add_userprofile
78	Can change user profile	26	change_userprofile
79	Can delete user profile	26	delete_userprofile
80	Can add child	27	add_child
81	Can change child	27	change_child
82	Can delete child	27	delete_child
83	Can add newsletter subscription	28	add_newslettersubscription
84	Can change newsletter subscription	28	change_newslettersubscription
85	Can delete newsletter subscription	28	delete_newslettersubscription
86	Can add class subject	29	add_classsubject
87	Can change class subject	29	change_classsubject
88	Can delete class subject	29	delete_classsubject
89	Can add class	30	add_class
90	Can change class	30	change_class
91	Can delete class	30	delete_class
92	Can add class user history	31	add_classuserhistory
93	Can change class user history	31	change_classuserhistory
94	Can delete class user history	31	delete_classuserhistory
95	Can add tutor subject	32	add_tutorsubject
96	Can change tutor subject	32	change_tutorsubject
97	Can delete tutor subject	32	delete_tutorsubject
98	Can add tutor qualification	33	add_tutorqualification
99	Can change tutor qualification	33	change_tutorqualification
100	Can delete tutor qualification	33	delete_tutorqualification
101	Can add tutor review	34	add_tutorreview
102	Can change tutor review	34	change_tutorreview
103	Can delete tutor review	34	delete_tutorreview
104	Can add tutor favorite	35	add_tutorfavorite
105	Can change tutor favorite	35	change_tutorfavorite
106	Can delete tutor favorite	35	delete_tutorfavorite
107	Can add week availability	36	add_weekavailability
108	Can change week availability	36	change_weekavailability
109	Can delete week availability	36	delete_weekavailability
110	Can add day availability	37	add_dayavailability
111	Can change day availability	37	change_dayavailability
112	Can delete day availability	37	delete_dayavailability
113	Can add message	38	add_message
114	Can change message	38	change_message
115	Can delete message	38	delete_message
116	Can add user credit movement	39	add_usercreditmovement
117	Can change user credit movement	39	change_usercreditmovement
118	Can delete user credit movement	39	delete_usercreditmovement
119	Can add student review	40	add_studentreview
120	Can change student review	40	change_studentreview
121	Can delete student review	40	delete_studentreview
122	Can add report	41	add_report
123	Can change report	41	change_report
124	Can delete report	41	delete_report
125	Can add referral	42	add_referral
126	Can change referral	42	change_referral
127	Can delete referral	42	delete_referral
128	Can add currency	43	add_currency
129	Can change currency	43	change_currency
130	Can delete currency	43	delete_currency
131	Can add Flat block	44	add_flatblock
132	Can change Flat block	44	change_flatblock
133	Can delete Flat block	44	delete_flatblock
134	Can add quote	45	add_quote
135	Can change quote	45	change_quote
136	Can delete quote	45	delete_quote
137	Can add video	46	add_video
138	Can change video	46	change_video
139	Can delete video	46	delete_video
140	Can add tutor	3	add_tutor
141	Can change tutor	3	change_tutor
142	Can delete tutor	3	delete_tutor
143	Can add top up item	47	add_topupitem
144	Can change top up item	47	change_topupitem
145	Can delete top up item	47	delete_topupitem
146	Can add PayPal IPN	49	add_paypalipn
147	Can change PayPal IPN	49	change_paypalipn
148	Can delete PayPal IPN	49	delete_paypalipn
149	Can add Tutor	3	add_tutorlist
150	Can change Tutor	3	change_tutorlist
151	Can delete Tutor	3	delete_tutorlist
152	Can add Student	3	add_student
153	Can change Student	3	change_student
154	Can delete Student	3	delete_student
155	Can add Parent	3	add_parent
156	Can change Parent	3	change_parent
157	Can delete Parent	3	delete_parent
158	Can add withdraw item	50	add_withdrawitem
159	Can change withdraw item	50	change_withdrawitem
160	Can delete withdraw item	50	delete_withdrawitem
161	Can add Reported Student	41	add_reportedstudent
162	Can change Reported Student	41	change_reportedstudent
163	Can delete Reported Student	41	delete_reportedstudent
164	Can add Reported Tutor	41	add_reportedtutor
165	Can change Reported Tutor	41	change_reportedtutor
166	Can delete Reported Tutor	41	delete_reportedtutor
167	Can add mass payment	56	add_masspayment
168	Can change mass payment	56	change_masspayment
169	Can delete mass payment	56	delete_masspayment
170	Can add mass payment receiver	57	add_masspaymentreceiver
171	Can change mass payment receiver	57	change_masspaymentreceiver
172	Can delete mass payment receiver	57	delete_masspaymentreceiver
173	Can add feedback question	58	add_feedbackquestion
174	Can change feedback question	58	change_feedbackquestion
175	Can delete feedback question	58	delete_feedbackquestion
176	Can add feedback question option	59	add_feedbackquestionoption
177	Can change feedback question option	59	change_feedbackquestionoption
178	Can delete feedback question option	59	delete_feedbackquestionoption
179	Can add feedback answer	60	add_feedbackanswer
180	Can change feedback answer	60	change_feedbackanswer
181	Can delete feedback answer	60	delete_feedbackanswer
182	Can add Educational system	61	add_educationalsystem
183	Can change Educational system	61	change_educationalsystem
184	Can delete Educational system	61	delete_educationalsystem
185	Can add educational system country	62	add_educationalsystemcountry
186	Can change educational system country	62	change_educationalsystemcountry
187	Can delete educational system country	62	delete_educationalsystemcountry
188	Can add Level	63	add_classlevel
189	Can change Level	63	change_classlevel
190	Can delete Level	63	delete_classlevel
191	Can add student interest	64	add_studentinterest
192	Can change student interest	64	change_studentinterest
193	Can delete student interest	64	delete_studentinterest
194	Can add Bad Review	34	add_badreview
195	Can change Bad Review	34	change_badreview
196	Can delete Bad Review	34	delete_badreview
197	Can add bundle	66	add_bundle
198	Can change bundle	66	change_bundle
199	Can delete bundle	66	delete_bundle
200	Can add email template	67	add_emailtemplate
201	Can change email template	67	change_emailtemplate
202	Can delete email template	67	delete_emailtemplate
203	Can add FAQ Section	68	add_faqsection
204	Can change FAQ Section	68	change_faqsection
205	Can delete FAQ Section	68	delete_faqsection
206	Can add FAQ Item	69	add_faqitem
207	Can change FAQ Item	69	change_faqitem
208	Can delete FAQ Item	69	delete_faqitem
209	Can add timezone	70	add_timezone
210	Can change timezone	70	change_timezone
211	Can delete timezone	70	delete_timezone
212	Can add Country and timezones	71	add_country
213	Can change Country and timezones	71	change_country
214	Can delete Country and timezones	71	delete_country
215	Can add queue	72	add_queue
216	Can change queue	72	change_queue
217	Can delete queue	72	delete_queue
218	Can add Mailchimp Log	73	add_campaign
219	Can change Mailchimp Log	73	change_campaign
220	Can delete Mailchimp Log	73	delete_campaign
221	Can view Mailchimp information	73	can_view
222	Can send Mailchimp newsletters	73	can_send
223	Can add reciever	74	add_reciever
224	Can change reciever	74	change_reciever
225	Can delete reciever	74	delete_reciever
226	Can add discount	75	add_discount
227	Can change discount	75	change_discount
228	Can delete discount	75	delete_discount
229	Can add discount user	76	add_discountuser
230	Can change discount user	76	change_discountuser
231	Can delete discount user	76	delete_discountuser
232	Can add Tutor	26	add_tutorprofile
233	Can change Tutor	26	change_tutorprofile
234	Can delete Tutor	26	delete_tutorprofile
235	Can add Parent	26	add_parentprofile
236	Can change Parent	26	change_parentprofile
237	Can delete Parent	26	delete_parentprofile
238	Can add Student	26	add_studentprofile
239	Can change Student	26	change_studentprofile
240	Can delete Student	26	delete_studentprofile
241	Can add upload profile image	77	add_uploadprofileimage
242	Can change upload profile image	77	change_uploadprofileimage
243	Can delete upload profile image	77	delete_uploadprofileimage
244	Can add Documents	81	add_document
245	Can change Documents	81	change_document
246	Can delete Documents	81	delete_document
247	Can add mass withdraw	82	add_masswithdraw
248	Can change mass withdraw	82	change_masswithdraw
249	Can delete mass withdraw	82	delete_masswithdraw
250	Can add genre	83	add_genre
251	Can change genre	83	change_genre
252	Can delete genre	83	delete_genre
\.


--
-- Data for Name: auth_user; Type: TABLE DATA; Schema: public; Owner: -
--

COPY auth_user (id, username, first_name, last_name, email, password, is_staff, is_active, is_superuser, last_login, date_joined) FROM stdin;
72	harmstonclarke	Harriet	Armston-Clarke	harriet.armston-clarke@cantab.net	sha1$5a2b3$3fc0ea94d9c73e59556d21a3250031d1c5e0e61c	f	t	f	2012-08-22 15:49:57.707773+00	2012-08-22 15:49:49.806786+00
97	jennydwork	Jennifer	Dwork	jdwork14@gsb.columbia.edu	sha1$1aa04$2e600b402d8fd208b8039e1196ca8d43b6d3e1b1	f	t	f	2013-01-29 21:51:07.870632+00	2013-01-29 21:50:55.608845+00
69	minnie9410	victoria	mercier	trix41296@yahoo.con	sha1$c2942$df5b16abd510e4c0df065446fcad3a9f2d9b4279	f	t	f	2012-08-15 19:36:32.51176+00	2012-08-15 19:36:25.304222+00
126	Tanay_Doctor	Tanay	Doctor	tnd2111@columbia.edu	sha1$ce54d$558b62ab723ae4efeafd75eb56e9684e691e198a	f	t	f	2013-02-06 03:14:16.544705+00	2013-02-06 03:14:10.120772+00
110	kgeringer	Karen	Geringer	kgeringer@gmail.com	sha1$e84c2$240f387091643f558e8fad5a63f1042519e50bcf	f	t	f	2013-02-05 02:14:48.146556+00	2013-02-05 02:14:41.49345+00
89	riley128	Kenny	Kline	kkline14@gsb.columbia.edu	sha1$8ffed$423f5828c62b6371eeca2cf29cca0efcce6c325d	f	t	f	2013-01-28 15:54:53.015702+00	2013-01-28 15:54:44.24777+00
71	dany77	Daniela	Galarte	danielagalarte@gmail.com	sha1$34646$8d91c9277425a26864c75731e9245db169327a43	f	t	f	2012-08-19 23:52:29.364579+00	2012-08-19 23:47:47.720104+00
74	MarthaS	Martha	Shacolas	marthashacolas@hotmail.com	sha1$3105b$489089f7c107220cabf5eee3579d5000960bbc25	f	t	f	2012-09-01 11:40:25.775568+00	2012-08-30 17:44:45.979723+00
80	sskalsi	Sukhjeet	Kalsi	sukhjeet.kalsi@gmail.com	sha1$4ae18$06cf1fc7b65fdc1f08cdbad7aaaaeb012eb201d6	f	t	f	2012-09-20 17:29:35.864306+00	2012-09-20 17:29:27.098606+00
100	yjawhar	Yasmeen 	Jawhar	yasmeen.jawhar@gmail.com	sha1$60744$ac7e2e444a872c3a1e94d46423c6a64d3834341e	f	t	f	2013-02-21 01:11:31.8699+00	2013-02-04 03:56:31.101251+00
76	Apple12	S	M	Chocshl@gmail.com	sha1$1f992$f4fe4faa6691b74c10f8583bd9c04c88cac2968d	f	t	f	2012-09-07 17:52:13.959321+00	2012-09-06 17:04:15.621501+00
102	LUCYMARPLES	LUCY	MARPLES	LEVMARPLES@GMAIL.COM	sha1$23b1c$24e5e384b773fb5e137a122cf6de586a43a0118a	f	t	f	2013-02-04 16:07:39.525656+00	2013-02-04 16:07:31.497913+00
78	kyoko	Kyoko	Taylor	kyoko.taylor@leoburnett.co.uk	sha1$c13e7$db20b250580d3265d6b920bf778059cee2fd280f	f	t	f	2012-09-18 16:26:18.142994+00	2012-09-18 16:26:14.680694+00
134	jeremythomas	Jeremy	Thomas	jst2142@columbia.edu	sha1$4f686$408ab2abe5c07cc73a83d9f3c46b99f103f338cb	f	t	f	2013-02-06 14:29:48.990237+00	2013-02-06 14:29:42.075996+00
84	msakrani	Mo	Sakrani	msakrani@gmail.com	sha1$64d31$b1e30eca93a44440a8c41b74dd3c5fcc88ca7ffe	f	t	f	2012-11-26 05:05:14.570832+00	2012-11-26 05:05:07.237005+00
112	mackenzietjones	Mackenzie	Jones	mtj2113@columbia.edu	sha1$4493e$e6f9791e7b21ff80655c15d4cdd736718b59efbe	f	t	f	2013-02-05 03:55:36.976085+00	2013-02-05 03:55:29.377627+00
86	abhijith31	Abhijith	Padmakumar	abhpdk@gmail.com	sha1$fbbef$c6673b7ad32dcc194fcd666083b96a62280fd464	f	t	f	2012-12-18 11:10:33.821741+00	2012-12-18 11:10:22.123036+00
108	mau321	Maureen	Lei	ml3427@columbia.edu	sha1$6c492$a75f354b95f8b4f87d3f2a42645996b4d54c8ea1	f	t	f	2013-02-05 01:20:50.780371+00	2013-02-05 01:20:43.65922+00
93	amelecki	Alex	Melecki	amelecki@gmail.com	sha1$0dc51$202517abe87e989812d3f8e63c9ba7e1f713f564	f	t	f	2013-01-28 16:08:39.987712+00	2013-01-28 16:08:33.656697+00
104	xuxiao2695	Xiao	Xu	xuxiao2695@gmail.com	sha1$a77ba$b591ff4ef9e2d3a6bbfb81576804841542b3e30c	f	t	f	2013-02-04 19:01:59.828041+00	2013-02-04 19:01:51.909577+00
106	dsmesquire	Daniel	Mendel	dsmesquire@gmail.com	sha1$d5145$4defcdd54e9910339ffd7b26e49116276154bc5f	f	t	f	2013-02-05 01:16:08.753001+00	2013-02-05 01:16:08.753017+00
95	bgitler	Bryan	Gitler	bgitler@gmail.com	sha1$4777a$3d4bc4cc54aecde268985dd03d54feeb36b7b6b0	f	t	f	2013-01-28 17:58:39.00152+00	2013-01-28 17:58:31.478309+00
162	bbonghahaha	Ye	Zhu	yz2397@tc.columbia.edu	sha1$b5ce0$cbc39e4d5074a2464d233f5cd550a0ad4654b21b	f	t	f	2013-02-16 17:19:35.916067+00	2013-02-16 17:19:27.425826+00
150	kimberlyjhou	Kimberly	H.	kjh2146@columbia.edu	sha1$49bf9$294d1f51ebdd4cfb62df463df253f524cb849f50	f	t	f	2013-03-21 05:47:46.270508+00	2013-02-12 00:07:40.428572+00
124	taybridge	taylor	mccoy-breidges	t.bridges48@yahoo.com	sha1$dcc66$2cbf56ff13b7ef2f38591eba78ad9cd862cb17c8	f	t	f	2013-02-06 01:11:07.038418+00	2013-02-06 01:10:58.931035+00
144	AlvesAA	Alejandro	Alves	AlvesAA@gmail.com	sha1$1080c$5d9ac82c35bd239f6aae27cc4355dd2182f41e76	f	t	f	2013-02-08 16:49:07.532306+00	2013-02-08 16:48:57.334286+00
130	tiernane	Tiernan	Evans	tiernane@gmail.com	sha1$3bec8$d5af79540a6f0c5e91db481d74b60b27ba6620cc	f	t	f	2013-02-06 04:46:29.399875+00	2013-02-06 04:46:22.918022+00
98	Juliette	Chloe	L	JLafille14@gsb.columbia.edu	sha1$93fda$41a87f7819e6275a8fd84252aca3de450d203b5c	f	t	f	2013-02-04 02:26:13.601922+00	2013-02-02 17:37:12.162311+00
132	ValerieTomici	Valerie	Tomici	valerietomici@gmail.com	sha1$129d2$6e66a197f94271060d6c64814e70243010efc25a	f	t	f	2013-02-06 06:06:45.227667+00	2013-02-06 06:05:52.216043+00
140	AnuragaMPH	Anu-Raga	Mahalingashetty	anuraga83@gmail.com	sha1$bb1a4$0924b31ffdb00da927e9ba54303ee3b0f251b381	f	t	f	2013-02-06 23:57:52.370303+00	2013-02-06 23:57:44.972367+00
128	whoshoo	Thiran	Udawatta	whoshoo@gmail.com	sha1$6b028$fa09628d1e46a948e8360db00e2f03faec2b96c2	f	t	f	2013-02-06 04:11:31.500799+00	2013-02-06 04:11:24.275424+00
142	maragold	Mara	Goldberg	mg5344a@student.american.edu	sha1$529d4$784463ff841df2b02386c89ba1f8c9b20e2f5797	f	t	f	2013-02-07 22:03:56.253417+00	2013-02-07 22:03:47.917383+00
136	nycali27	Allison	Conover	allison.conover@gmail.com	sha1$89161$ec5f69e62eef5b6ec7006b187abb66b6858d8b26	f	t	f	2013-02-07 04:23:16.284281+00	2013-02-06 18:28:14.707926+00
138	teganmcdonough	Tegan	McDonough	teganmcdonough@gmail.com	sha1$e4514$d9dd64ce84527a414ed1e1e402d20ec6bb66a687	f	t	f	2013-02-06 19:05:34.54329+00	2013-02-06 19:05:27.499076+00
152	wasatyugi	Waqar Ali	Poonawala	wasatyugi@hotmail.com	sha1$3d4a1$b3eb30eb41f9e096bcc536e357f6c3db4400b07a	f	t	f	2013-02-12 08:11:32.703976+00	2013-02-12 08:11:24.325754+00
164	greenawaym	Matthew	Greenaway	greenawaym@hotmail.com	sha1$860b3$dde128be9e0c98d126d73c7bfa49208d6fe93b9c	f	t	f	2013-02-19 18:40:32.814043+00	2013-02-19 18:40:32.814058+00
146	alexgallan	Alexander	Gallan	agallan@bu.edu	sha1$aaebd$75f5dab0c86a42ab7c5c3252131b73f155f9f264	f	t	f	2013-02-10 01:40:11.409203+00	2013-02-10 01:40:03.919755+00
148	purplemonk88	Harry	Wright	HCWrightUP@gmail.com	sha1$d3d7c$1cd5045a405925e329972ec1c1ae903734e49257	f	t	f	2013-02-11 15:19:50.211674+00	2013-02-11 15:19:41.352841+00
154	hooman10	Hooman	Mehranvar	hooman10@gmail.com	sha1$8881e$22575db2aa75e6a8b36d3eadb968911ee37a2202	f	t	f	2013-02-12 19:40:56.587493+00	2013-02-12 19:40:47.006045+00
158	cfegers	Cameron	Fegers	cameron.fegers@gmail.com	sha1$89d06$8adb377e1b9b668fd569a8f75fcbacf2d3985369	f	t	f	2013-02-13 04:56:08.773869+00	2013-02-13 04:55:59.529513+00
160	shivamchoudhary	shivam	choudhary	cshivam08@gmail.com	sha1$bd57b$5eb250f1979097fe0908edabf6c54e60e49dfa98	f	t	f	2013-02-14 18:19:07.8923+00	2013-02-14 18:11:43.081358+00
166	Auron	Amin	Fernandez	amin.e.fernandez@gmail.com	sha1$167b3$0caa4d1e0368f8acae0caaac89f63138bc15d406	f	t	f	2013-02-21 17:57:10.523603+00	2013-02-21 17:57:02.326458+00
168	TabithaWildfire	Tabitha	Wildfire	twildfire@ymail.com	sha1$16ad5$79b294182b55c9f2787863bc0e56d09b78b17edd	f	t	f	2013-02-22 00:32:06.721279+00	2013-02-22 00:31:58.947654+00
170	ajmontgo	Alex	Montgomery	ajmontgo@gmail.com	sha1$354a2$1fa60d169840d54fea9b9cd8969b43f6af8bcb76	f	t	f	2013-02-22 22:44:41.879143+00	2013-02-22 22:44:34.496944+00
88	emizrahi	Joe	Tate	emizrahi14@gsb.columbia.edu	sha1$ac5b2$f4ba0d49799badde03364c8b111932d783889b3e	t	t	t	2013-06-20 17:04:28.811749+00	2013-01-25 16:22:42+00
91	emizrahi14	Eran 	Mizrahi	emizrahi85@gmail.com	sha1$87c6e$85aa07725fe5d297c1d3024abcd7a5a4c3efef6f	f	t	f	2013-07-16 20:54:15.013652+00	2013-01-28 16:03:41.244463+00
174	cb2522	Chava	Blivaiss	cblivaiss@gmail.com	sha1$53e1d$98b9a56d44563877fff7a427c3735c8d92ad56ce	f	t	f	2013-02-25 00:06:16.17475+00	2013-02-25 00:04:57.619822+00
172	danyasaur	Danya	Degen	ddeegs@gmail.com	sha1$549a2$5a4e556e7cb3d128914ce949f0d5cdfcedc8f503	f	t	f	2013-02-24 20:27:04+00	2013-02-24 05:10:18+00
244	colediamond	Cole Graphite	Diamond	cdiamond111@gmail.com	!	f	t	f	2013-06-04 20:22:36.414556+00	2013-06-04 20:22:27.759072+00
263	nickc1	n	c	nick@wizoku.com	sha1$9d724$b03c4019fe308ac450810a6ca242f2e3447200ac	f	t	f	2013-07-15 22:34:00.677374+00	2013-07-15 22:33:50.545036+00
268	alon.slotky	Alon	Slotky	alonslotky@yahoo.com	!	f	t	f	2013-07-23 13:27:10.80034+00	2013-07-23 13:26:29.08939+00
113	mphobrown	Mpho	Brown	mphobrown@gmail.com	sha1$b723b$c4557953fde2bc1980a8d32e3e661dd6431d2b9a	f	t	f	2013-02-05 04:10:14.221665+00	2013-02-05 04:10:07.39854+00
103	LMARPLES	LUCY	MARPLES	lucymarples3@hotmail.com	sha1$1bfbd$2e207ed758626a1fd12546eaa68ed0d17628b156	f	t	f	2013-02-04 16:09:07.367868+00	2013-02-04 16:09:00.310586+00
149	Periwynkle	Yin Yin	Lu	periwynkle@gmail.com	sha1$c4d93$66c0aa2b355431427dcaddc6f900c1525ea7ad70	f	t	f	2013-02-11 17:39:31.469741+00	2013-02-11 17:39:22.212436+00
101	deniseyu	Denise	Yu	yu.denise.d@gmail.com	sha1$4d647$38f1ec771ba4629f10786d6f2458ef5a039f6b22	f	t	f	2013-02-04 18:22:13.08617+00	2013-02-04 05:50:37.815973+00
105	roweenayip	Roweena	Yip	roweenayip@gmail.com	sha1$1be3f$39e25c6103bb7c11d8958b0551e8dd6e3e0571ff	f	t	f	2013-02-04 19:54:02.309869+00	2013-02-04 19:53:51.253801+00
75	jessicathulin	Jessica	Thulin	jthulin@comcast.net	sha1$50535$bb8898818842207cbdd722d7ded6892d1a7ded61	f	t	f	2012-09-03 16:36:50.290995+00	2012-09-03 16:36:41.879847+00
107	dsmesquire1	Daniel	Mendel	dsm2163@tc.columbia.edu	sha1$427e5$6b76c417e5e2a47f4c4300800a9842d705918ee8	f	t	f	2013-02-05 01:17:33.007601+00	2013-02-05 01:17:05.856741+00
157	stephenhanson	Stephen	Hanson	hansonsj@mcmaster.ca	sha1$7b9d7$cc452ae70cb84e7ccbd786b563d1268386e725d1	f	t	f	2013-02-13 03:43:41.792679+00	2013-02-13 03:43:31.362833+00
94	evman1160	Evan	Fisher	efisher14@gsb.columbia.edu	sha1$99efe$de050756ee5631a76bd08d33f6ea476721742712	f	t	f	2013-01-28 16:09:33.253258+00	2013-01-28 16:09:25.376082+00
83	scarl814	Shannon	Carl	scarl814@gmail.com	sha1$65d7e$5ad5f07d89eada9e8fc388ca9901cbb8288e389d	f	t	f	2012-11-01 21:38:42.631385+00	2012-11-01 21:38:31.281204+00
85	carastoffel	Cara	Stoffel	cara.stoffel@marsh.com	sha1$0150a$0b9a307d2fe1295124c1b1ed3b74ccd2b8527345	f	t	f	2012-12-10 20:30:21.687008+00	2012-12-10 20:30:13.148244+00
109	seturney	Sarah	Turney	seturney11@gmail.com	sha1$8ae49$31433c8f60921662de995fd70b95ce54a8ce8fc6	f	t	f	2013-02-05 01:56:23.803689+00	2013-02-05 01:56:16.905525+00
70	Joedobbs92	Joseph	Dobbs	josephdobbs92@gmail.com	sha1$2ee45$cc54a1e4ca4d39649493a603a95b98417b4f0ac3	f	t	f	2012-08-19 10:57:51.659796+00	2012-08-19 10:57:45.023519+00
79	jasmine	Jasmine	Taylor-Edwards	sunnyjasmine2@gmail.com	sha1$a96df$be32002f6d3cefd6d77b9fd87dd21d9713d564e1	f	t	f	2012-09-18 16:27:58.40136+00	2012-09-18 16:27:58.401375+00
87	skurada	Siri	Kurada	siri.kurada@gmail.com	sha1$41843$06cd55fe12a8c4ae79e1b5e31e22a80b9d114f81	f	t	f	2013-01-18 15:21:15.694317+00	2013-01-18 15:21:05.337964+00
115	rawjam			rawjam@rawjam.co.uk	sha1$8f4ec$36ee7266fcaf7d5b66a3bcb640d1e41fc1c937fd	t	t	t	2013-05-16 16:09:18.576473+00	2013-02-05 09:32:07+00
133	liamhession	Liam	Hession	liamhession@gmail.com	sha1$cf9c0$6b93eb8dfe0811f1239f978e859a64e0cbbb208d	f	t	f	2013-02-06 14:27:40.450017+00	2013-02-06 14:27:32.619832+00
92	Dojasc	Douglas	Abdiel	abdieldoug@gmail.com	sha1$48fcd$4083e5f417f034e220b4c9025ac888de1014f07c	f	t	f	2013-01-28 16:05:34.581831+00	2013-01-28 16:05:25.731378+00
96	SaraCouch	Sara	Couch	scouch14@gsb.columbia.edu	sha1$e991a$4f6c129ba9f00a985757f6a889e67defc5fbae16	f	t	f	2013-01-28 21:36:24.319639+00	2013-01-28 21:36:16.233927+00
99	smenon14	Shantala	Menon	shantala.menon@gmail.com	sha1$23778$91c796e1ea7f35f2f2a9bd9a3f673125c001e1cc	f	t	f	2013-02-02 17:38:39.757691+00	2013-02-02 17:38:33.347229+00
163	etygfn	Itay	Gefen	etygfn@gmail.com	sha1$61c42$932184c83a3754b96417939984f770ea64fbab45	f	t	f	2013-02-17 01:08:56.021886+00	2013-02-17 01:08:47.828297+00
155	Charliecharles	Charlie 	Gardiner 	Charlie@single-market.co.uk	sha1$385ef$c7892fac23b1f92d9922d280512faa1f2917fddc	f	t	f	2013-02-12 20:14:43.766089+00	2013-02-12 20:14:35.595853+00
135	DianaHochner	Diana	Hochner	diana.hochner@tc.edu	sha1$79985$f3c4b15da3283e1d3060be8b32962f12554417ee	f	t	f	2013-02-06 16:12:00.382564+00	2013-02-06 16:11:42.728079+00
125	melissabethk	Melissa	K	mk3055@columbia.edu	sha1$1e462$f1cb3ef5613410c7f553b867b6f0fc16fb40c0f8	f	t	f	2013-02-06 02:27:33.495804+00	2013-02-06 02:27:25.941024+00
123	vpham14	Vivienne	Pham	vpham14@gsb.columbia.edu	sha1$c9413$2e4e792580299d60cccc2989dcefe673ba394833	f	t	f	2013-02-05 16:00:51.8625+00	2013-02-05 16:00:43.966254+00
147	jtartaglia	Julia	Tartaglia	juliatartaglia@gmail.com	sha1$a5430$1c323e3ef6c2c542a5478faf3550f64262b46e7b	f	t	f	2013-02-11 02:34:03.094507+00	2013-02-11 02:32:25.858103+00
143	debbyman	Debby	Man	dman14@gsb.columbia.edu	sha1$2e9b0$296c95a4ee6a8d9daf740f15d3a7d6072e0d4357	f	t	f	2013-02-07 22:31:05.477272+00	2013-02-07 22:30:58.587436+00
127	crosbo	Patrick	Crosby	pcrosby14@gsb.columbia.edu	sha1$1723d$6c1e9cf20348505a008979494b75b797a9d6e24c	f	t	f	2013-02-06 03:25:31.886494+00	2013-02-06 03:25:24.127843+00
165	zachman1221	zach	spong	zachs@zachspong.com	sha1$613e3$5957f6557e7eeb804503951abb89a3e09ef83f1d	f	t	f	2013-02-19 19:59:33.178669+00	2013-02-19 19:59:23.632549+00
137	jraylesberg	Jason	Raylesberg	j.raylesberg@gmail.com	sha1$67467$61e7df5d4740e237b05f2e8aac9d3f8b97c63468	f	t	f	2013-02-06 19:02:24.559994+00	2013-02-06 18:58:01.353669+00
145	MaryW37	Mary	Williams	Maryw37@gmail.com	sha1$557b4$887922764834540e940d5400d1c890260bd5e04e	f	t	f	2013-02-09 20:47:16.743707+00	2013-02-09 20:39:50.484401+00
131	anujpethia	Anuj	Pethia	anujpethia@gmail.com	sha1$7bec2$527b7bfd1bddb9d1577ea9a2f6e267b225b7ff2c	f	t	f	2013-02-06 05:45:51.050526+00	2013-02-06 05:45:44.570872+00
141	marleyevans	Marley	Evans	bechandmarleyevans@gmail.com	sha1$1b5cf$0df63cc2c46af0254c5afe9a8cb68ec928edcacb	f	t	f	2013-02-07 14:04:51.065574+00	2013-02-07 14:04:42.491136+00
139	jonas	jonas	lab	jonas@gmail.com	sha1$95947$79768912446e9ed6ebb074f67078d44850ca7fbe	f	t	f	2013-02-06 21:01:52.11555+00	2013-02-06 21:01:43.252884+00
151	JadeL	Jade	L	msjadele@gmail.com	sha1$019d2$1159911411c673044831d5ed827c4eedc4e23f8e	f	t	f	2013-02-12 04:05:26.816527+00	2013-02-12 04:05:17.72373+00
111	uzunma	Uzunma	Udeh	uzudeh@gmail.com	sha1$2a26e$e40d766ae3fb881bd79d99467495c39ad65cc54c	f	t	f	2013-02-05 03:18:20.50651+00	2013-02-05 03:18:12.57644+00
129	agallan	Alexander	Gallan	alexandergallan@gmail.com	sha1$a4a10$bc74a143b076a1721cc2f0ee9ce498ef791e9ee1	f	t	f	2013-02-10 01:36:51.976977+00	2013-02-06 04:28:55.267447+00
153	safoorabiglari	Safoora	Biglari	safoora.biglari@gmail.com	sha1$3bae5$c5dcc6353175bf6ccad8e4f142c9208acd2143f2	f	t	f	2013-02-12 17:20:53.250989+00	2013-02-12 17:20:44.76304+00
1	admin	Nick	Crosthwaite	nickcrosthwaite@gmail.com	pbkdf2_sha256$10000$k6p5poEm3Z0i$2VuVCtAONP4OmvCqeoP366TW5bVypw8IwF6sGsVitcw=	t	t	t	2013-07-30 20:06:20.371466+00	2012-04-23 10:36:01+00
90	ldecrespigny	Lachlan	de Crespigny	ldecrespigny14@gsb.columbia.edu	sha1$4675d$7c78bbfe937f88d4bd714c5d328aaf0d0b766a77	f	t	f	2013-02-14 16:22:49.218092+00	2013-01-28 15:59:21.161974+00
159	porty33	Kyle	Portnoy	kyle.portnoy@chicagobooth.edu	sha1$20fa7$45af8bc161f2bfebe4f25230bfb39787e1179733	f	t	f	2013-02-13 20:20:33.710812+00	2013-02-13 20:20:23.289628+00
167	JenniferUhl	Jennifer	Uhl	mph.designs@gmail.com	sha1$aef1f$6deb9626fe26b7cb73e8ed1bf32090b9c88b2742	f	t	f	2013-02-21 21:05:58.995123+00	2013-02-21 21:05:51.193874+00
161	bashir783	Mohammad 	Ahmadi	bashir783@gmail.com	sha1$de6b4$3a6531e3b9fae10a5f3e3db6f62a7711374021a0	f	t	f	2013-02-25 16:50:50.237751+00	2013-02-16 05:52:41.327528+00
169	melmed	Michael	Melmed	melmed@gmail.com	sha1$c5b07$05408671607e36f667d9bee23c103d95a4b32239	f	t	f	2013-02-22 21:34:22.311849+00	2013-02-22 21:34:13.00926+00
173	nathalie_ormazabal	Nathalie	Ormazabal	nathalie.ormazabal@gmail.com	sha1$184c2$9953612f022bd567982cfe759e0cbc3de74551ae	f	t	f	2013-02-24 20:36:33.520419+00	2013-02-24 19:58:12.867846+00
171	joezwu	Joe	Wu	joe.wu@nyu.edu	sha1$af5e2$cacb80b58d64e223f1f5546476763566dc6b30aa	f	t	f	2013-02-23 22:49:00.602148+00	2013-02-23 22:48:53.027417+00
175	Iraninejad	Shahin	Iraninejad	shahin.iraninejad12@imperial.ac.uk	sha1$841dc$35894b26eee4e44777918a68e48c30d91542d82d	f	t	f	2013-05-13 22:57:16.708105+00	2013-02-25 16:39:58.124395+00
176	nam88pnyc	Nnamdi	Amobi	nam88pnyc@gmail.com	sha1$600a5$d1067af32222662db2831f935f9c1a238a5ae21b	f	t	f	2013-02-25 22:59:15.582988+00	2013-02-25 22:59:08.071218+00
68	rawjam_test	Raj	Am	testing@rawjam.co.uk	sha1$7cbbe$5a4222204d9e6be068050cf7419f5bd9ad57773f	f	t	f	2012-08-13 13:03:43+00	2012-08-13 08:22:14+00
247	nhl2108	Kitty	Kat	nicollelee1@gmail.com	!	f	t	f	2013-06-11 08:47:31.890236+00	2013-06-11 08:47:25.902333+00
197	sainath	sainath	daultabad	saiphp79@gmail.com	sha1$dd600$30c81d5fcd54690bb54dfdbb799cebd85b85e892	f	t	f	2013-03-29 09:26:00.781291+00	2013-03-29 09:16:18.641763+00
185	ss4203	idk	Sant	sayiras@gmail.com	sha1$59aa7$5d0afd715d48e35c080806f94dd477693be2900f	f	t	f	2013-03-07 23:57:30.290879+00	2013-03-07 23:57:20.564619+00
180	dlondon	Daniel	London	dlondongc@gmail.com	sha1$b3b89$74beb812de4927d740f9a7c83602752fcae620f2	f	t	f	2013-02-28 21:17:12.818026+00	2013-02-27 20:27:24.856661+00
177	zikhinmwin	Zeze 	Ikhinmwin	oi2128@columbia.edu	sha1$25411$67112197a0a536dd777ce385a35bdb930494d8d3	f	t	f	2013-02-26 01:38:37.864252+00	2013-02-26 01:38:30.459676+00
206	rohiniatal	Rohini	Atal	raa2165@columbia.edu	sha1$efb1d$980da3f40faf24544d6dd939af7e9e66581eb850	f	t	f	2013-04-29 18:14:49.341973+00	2013-04-29 18:14:44.147745+00
194	jaambeauty	Angela	McNeill	africanbeauty@carolina.net	sha1$7b402$aafdedc61dfbaf9358ed5f4ea6f593e1c844c20f	f	t	f	2013-03-23 09:15:04.313668+00	2013-03-23 09:14:57.186323+00
191	sandyyt	Sandy	Tung	sandyyt@gmail.com	sha1$8e53e$6adee043814ee777fee6bbb375634f0242a5c67e	f	t	f	2013-03-14 15:05:59.23384+00	2013-03-14 15:05:46.83846+00
178	jop123456	jop	jop	jptattan@hotmail.com	sha1$86c37$d979352371b281e4ba5b0fed138984b2e5e13b9d	f	t	f	2013-02-26 09:22:41.383231+00	2013-02-26 09:22:30.013366+00
201	deannatroupe	DeAnna	Troupe	deannatroupebiz@gmail.com	sha1$ed882$58091deb8367978c59f64bd1695856290b39471b	f	t	f	2013-04-08 20:44:22.134393+00	2013-04-08 20:44:11.619681+00
220	RaajM	Raj	M	raj.sliet@gmail.com	sha1$f3e22$df5548922bf413bc20e623f30a347e0f850e2fbb	f	t	f	2013-05-04 15:58:44.044419+00	2013-05-04 15:57:10.354867+00
186	mboswell	Michael	Boswell	mboswell13@gsb.columbia.edu	sha1$876b2$427e80c6fcaf28c45df8c233cc9cd37ecb36244d	f	t	f	2013-03-11 14:23:15.609144+00	2013-03-11 14:23:06.607171+00
183	qw334	Qinjuan	Wu	qw334@nyu.edu	sha1$a84ed$7f0c7483652b632f39ec4fb2507050d505ac8bbb	f	t	f	2013-03-02 00:52:13.006196+00	2013-03-02 00:52:06.112821+00
187	zorgab	zorg	abdo	zorg_9@yahoo.com	sha1$704f2$f760cc3ad0946ce44c2197d984d056cf0908ca46	f	t	f	2013-03-11 21:21:33.659536+00	2013-03-11 21:21:24.600876+00
198	cistone	Cathleen	Stone	cistone@alumni.princeton.edu	sha1$2f062$a80b20b276183e55d774ae515816b480a08ba2d1	f	t	f	2013-04-03 20:56:56.954244+00	2013-04-03 20:56:48.888435+00
188	dasdssdas	dsadsa	dsadsa	dsasad@gmail.com	sha1$95b83$d57e0e326a1aff4f977c00043a2de418ebdffba5	f	t	f	2013-03-12 00:46:05.103387+00	2013-03-12 00:45:57.978956+00
211	jenche2012	Jenny	Chen	jenche2012@gmail.com	sha1$76690$bfc96486fc91b807296be77c734e25c796061f86	f	t	f	2013-04-30 23:27:49.257633+00	2013-04-30 23:27:43.872961+00
184	ShehnazKhan26	Shehnaz	Khan	shehnazkhan26@yahoo.com	sha1$ee9f8$dde3bab931de29dff727ca498091c07c6d8fc575	f	t	f	2013-03-12 16:27:17.69978+00	2013-03-05 20:43:33.677036+00
179	nickc	Nick	C	info@universaltutors.com	sha1$fc774$fb69e9baf0da253e169181f48ff5cf66f26d1854	f	t	f	2013-07-09 21:58:48.949639+00	2013-02-26 20:10:31+00
181	uklecturer	Fionn	Ross	rossfion@netscape.net	sha1$96fd4$02d70841837a9b2c7f90c36165c41b423ed7e06c	f	t	f	2013-03-06 12:01:52.157075+00	2013-02-28 00:23:19.13467+00
196	wdyskotece	Lara	Davis	larafdd@gmail.com	sha1$e20ae$88b45a4085254d76af8cf0607f11c97944c387fc	f	t	f	2013-03-24 10:05:59.076878+00	2013-03-24 10:05:51.583483+00
182	pbrougham	Phillip	Brougham	p.brougham@gmail.com	sha1$4c811$b4edbcbf54f2602b83424cfcf370f1d60dfc6157	f	t	f	2013-02-28 19:49:47.330562+00	2013-02-28 19:45:34.891241+00
199	rakeshsheoran	Rakesh	Kumar	sheoran.rk@gmail.com	sha1$10cfa$03d0123ba2d544abb4d22d12058fde2d51c06d72	f	t	f	2013-04-07 04:48:49.896807+00	2013-04-06 16:43:33.136215+00
212	cid2105	Cole	Diamond	coleidiamond@yahoo.com	sha1$389e6$acd745d0c642616d556e8087e086b76b5d935d84	f	t	f	2013-05-01 05:40:37.734803+00	2013-05-01 05:40:32.02142+00
190	Dehydys	Dehydys	Pimentel	dehydys@gmail.com	sha1$b7d4d$fefa2b8b02471347624035c8b60ab1f31d6dae63	f	t	f	2013-03-14 13:14:12.44284+00	2013-03-14 13:12:23.591273+00
203	markwang84	Mark	Wang	zhengkaw@gmail.com	sha1$94990$ad82a3fb67d36342d1f63a4488b35d1be579ebcd	f	t	f	2013-04-11 04:30:16.347736+00	2013-04-11 04:30:09.34051+00
218	Kajalsengupta	Kajal	Sengupta	sengupta.kajal@gmail.com	sha1$591c7$13faf80a22dc97ea113dd0ccd712c8d3388b348b	f	t	f	2013-05-03 10:59:09.222941+00	2013-05-03 10:59:03.05159+00
208	debohspoon	Deborah	Levy	dfl238@nyu.edu	sha1$a53db$0b8ec391bf8480850383e84cb6150be50002df55	f	t	f	2013-04-30 10:40:59.440331+00	2013-04-30 10:40:53.535181+00
193	jgsmith82	Jared	Smith	jared.smith12@imperial.ac.uk	sha1$94b46$d1f7a0a0188568ff3215a2250ece2b471766e010	f	t	f	2013-03-15 00:50:32.714599+00	2013-03-15 00:50:24.847206+00
215	arains	Andrew	Rains	andrew.rains@gmail.com	sha1$1e222$46c2b21bd7c5e342fa536e7539a354d5a2c814f6	f	t	f	2013-05-02 19:41:15.134+00	2013-05-02 19:41:10.169056+00
192	swetaparekh	Sweta	Parekh	parekh.sweta@gmail.com	sha1$21641$4aa7b374be3ed3a9b7281de0820172b6751d4b05	f	t	f	2013-03-15 15:13:19.542432+00	2013-03-14 21:01:01.361547+00
200	Speterson	Spencer	Peterson	smpeter@umich.edu	sha1$1d9af$d17c88382be320a9652984869d1335bd02307e98	f	t	f	2013-04-07 23:28:31.186453+00	2013-04-07 23:27:39.591851+00
205	Bex81	Rebecca	Burkett	rebeccaburkett@gmail.com	sha1$c0afc$b6a650c8f9af14b3556ba381a402a80bbe26b525	f	t	f	2013-04-29 18:14:32.938872+00	2013-04-29 18:14:27.064553+00
189	carmenkrol	Carmen	Krol	carmen.krol@gmail.com	sha1$13e5f$48ea6b60098f32cae9785c68efd84fa088e19329	f	t	f	2013-04-17 19:12:30.984651+00	2013-03-12 15:22:38+00
213	stacealleyne	Stacy	Alleyne	stacealleyne@gmail.com	sha1$74b92$61aeccd750f0790ffb003728de9b04ab9f12a614	f	t	f	2013-05-17 19:31:42.245244+00	2013-05-02 18:49:19.368228+00
209	cristinavinces	Christina	Vinces	christina.vinces@gmail.com	sha1$f6e34$354ce8d8348082a057245feab6aa73e5fc927aa3	f	t	f	2013-04-30 16:52:54.810647+00	2013-04-30 16:52:47.62825+00
210	Shunya	Amar	Singh	Amars@hotmail.com	sha1$c3ba5$78f39accf5fccc84053f52e9c67cdca267c89ef5	f	t	f	2013-04-30 18:37:42.962036+00	2013-04-30 18:37:36.901808+00
204	jtartagl	Julia	T	juliatartaglia+student@gmail.com	sha1$2c304$3f39b308d8fe4c8491597f4983b5d047ee2bbff4	f	t	f	2013-04-17 23:02:18.793875+00	2013-04-17 23:02:12.689093+00
207	sbuller38	Steven	Buller	smb2236@tc.columbia.edu	sha1$b5b2d$72fb815de492f449416969461efd23e0a7370889	f	t	f	2013-04-29 19:10:25.914543+00	2013-04-29 19:10:16.351019+00
214	heyijustmetyou	hahaah	ahahaah	abbas_bmm@gmail.com	sha1$a7c5e$05e50625ce260cf75f29c6f5e47f37d58a4ac259	f	t	f	2013-05-02 19:40:51.542954+00	2013-05-02 19:40:45.577617+00
217	TeachAGeek	Shweta	Pathak	teachageek@gmail.com	sha1$2029f$dd3cbc3ac76eb06356cb3167d8d47dc664b17877	f	t	f	2013-05-02 21:35:52.676822+00	2013-05-02 21:35:46.337893+00
216	evanlewis11	Evan	Lewis	evanpatricklewis@gmail.com	sha1$51fff$ed13ed294d969b5e0381f39eb420a856b7b26ec2	f	t	f	2013-05-02 20:20:30.59678+00	2013-05-02 20:20:24.569501+00
221	sarahor	Sarah	O'Regan	sinead33@hotmail.com	sha1$f9331$51f7e17178012aa4ee5fd974698cc3d944d36eb5	f	t	f	2013-05-05 08:20:08.483522+00	2013-05-05 08:20:01.935653+00
219	Abhishekraja	Kumar	Abhishek	k.rajabhishek@gmail.com	sha1$dcaa9$5c68fe4c896b768e3a1890d7df6b652005462298	f	t	f	2013-05-20 01:29:46.283075+00	2013-05-03 22:17:55.432144+00
222	Lynnftc1	Lynn	Campbell	lynftc1@yahoo.com	sha1$47f0d$a18bc801c7314ea63e18858b31d1edd06ccbc209	f	t	f	2013-05-06 04:46:51.946554+00	2013-05-06 04:46:45.018338+00
223	seemajindal	seema	jindal	seemajindal26@gmail.com	sha1$cdf70$0270b05e3002f8968166d9e79af4cd3a5e413fe6	f	t	f	2013-05-06 04:56:20.762026+00	2013-05-06 04:56:15.722532+00
226	Tangaha	Uary	Mijares	uary.mijares@gmail.com	sha1$0c068$2e465c1f42977b357a536e0b949c52897d520832	f	t	f	2013-05-06 11:52:38.919222+00	2013-05-06 11:52:38.919239+00
224	addictedinlanguage	Uary	Mijares	conan_sinichi11@yahoo.com	sha1$f5302$badb7017ff56d51dc72b2e6fb836eca3960f844a	f	t	f	2013-06-30 15:59:58.398891+00	2013-05-06 11:46:50.089612+00
225	uaryM1987	Uary	Mijares	wharie_ahthor@yahoo.com	sha1$8f5b9$2a3d93afc071f62240e01447e416f251115d5c29	f	t	f	2013-05-06 11:49:14.020915+00	2013-05-06 11:49:14.020933+00
227	itzrao	Dhananjai	Rao	itzrao@in.com	sha1$c538a$d608abcfe4f7608edeb97a8aae03936db82a8981	f	t	f	2013-05-06 20:39:45.718528+00	2013-05-06 20:39:39.028984+00
195	Priyaveena	Priya	Krishnan	Priyaveena@utexas.edu	sha1$f0598$14fd6b8b0f8d26fa212da4d01a0a6c4c35e3eb40	f	t	f	2013-06-11 21:14:43.986273+00	2013-03-24 03:09:41.246941+00
228	christina1986	Christina	Jensen	christina1986@forum.dk	sha1$2f261$131c0342498390081bee2fc9aae1694f1059cb32	f	t	f	2013-05-07 18:38:53.284227+00	2013-05-07 18:38:46.690012+00
229	Minela	minela	kerla	minela.kerla@hotmail.com	sha1$6cc35$50c503025998da51fb737f61db2597b1cff26f3e	f	t	f	2013-05-07 19:21:48.887479+00	2013-05-07 19:20:48.931146+00
249	erantutor	Eran	Mizrahi	eran@universaltutors.com	sha1$96b09$4414a1b8daf3a6b9a08f0ad4706d5c40aeb92e87	f	t	f	2013-07-04 01:07:48.244172+00	2013-06-17 23:49:26.740694+00
235	qirenyifan	yifan	Dai	qirenyifan@gmail.com	sha1$f2213$34c9d39cd413ce25fd3fd8a04b3cf4fac9e7a1fd	f	t	f	2013-05-20 23:48:42.255166+00	2013-05-20 23:26:05.07346+00
230	robertaburt	Roberta	Burt	roberta_lungu@yahoo.com	sha1$aad67$37e85caec5e725000aeee04c0899ec8df2ffaa1e	f	t	f	2013-05-11 09:07:08.031736+00	2013-05-11 09:07:01.307244+00
231	jryoung95	Jada	Young	jry2112@columbia.edu	sha1$1de44$dbe1266a534b94095d3972941a3d1c9a2ada07f9	f	t	f	2013-05-15 22:34:18.168252+00	2013-05-15 22:34:09.322824+00
233	panyam	panyam satyanarayana 	varma	psnv98850@gmail.com	sha1$691e6$7cbcea114e9c35195b9ad955fdecb26396f52d4b	f	t	f	2013-05-19 15:26:57.574095+00	2013-05-19 15:26:50.390155+00
250	Lauren_Becker	Lauren	Becker	Lauren_becker@wsu.edu	sha1$2842d$fe5d3862842f63879315592fb45984e469911736	f	t	f	2013-06-19 22:01:52.460239+00	2013-06-19 22:01:46.666312+00
266	mail@gmail.com	first	last	mail@gmail.com	pbkdf2_sha256$10000$UCXethqaX2Pv$y+4XAOKhMHdtbS7cAwYtHf2yFsEhw6ZXB/djcaaCHm0=	f	t	f	2013-07-19 15:38:07.027911+00	2013-07-19 15:17:15+00
252	jvlee92	Joseph	Lee	jvanderhooplee@gmail.com	pbkdf2_sha256$10000$LqWMJJS43PPN$B7C2lWzldYgJZxAi/s2OcM5iXTIsTkrDSYIjOwhqaqk=	f	t	f	2013-07-18 23:46:07.451113+00	2013-06-24 15:37:42+00
236	VINITA	vinita	yadav	vinitavi26@gmail.com	sha1$afac8$caed8e8d04f2e6cf5b02db0cd0786fcff717518d	f	t	f	2013-05-21 14:58:07.250063+00	2013-05-21 14:58:01.038114+00
237	raydong	Raymond	Dong	raymondmdong@yahoo.com	sha1$35717$1fa5d2f981cc8f79beec989466784241e99502a8	f	t	f	2013-05-23 01:25:37.236194+00	2013-05-23 01:25:30.380844+00
232	TheLanguageProfessor	Aurelia	McNeil	TheLanguageProfessor5@yahoo.com	sha1$9f9f0$3cfd6aa66569153b948e58bd6bf91471a7904771	f	t	f	2013-05-17 17:46:59.198179+00	2013-05-17 17:46:49.544233+00
234	SpanishOnline	Erika Patricia 	Montoya	erika_montoya@yahoo.es	sha1$2bbbf$4d9520be94066a1bb7539226102ecd06601321b3	f	t	f	2013-05-29 13:38:55.176503+00	2013-05-20 11:54:58+00
238	fulvias	Fulvia	Bossio	enligneonline@gmail.com	sha1$4df70$971676d6123adc4794f58cb143ea2b7fe34a4a7a	f	t	f	2013-05-23 16:24:05.687687+00	2013-05-23 16:22:45.200799+00
245	LauraItalianteacher	laura	papi	laura0papi@gmail.com	sha1$15668$06b88eb85f5ba82ee96aae39fb3eacfd9f90cf50	f	t	f	2013-06-07 11:53:18.062043+00	2013-06-07 11:53:11.634097+00
251	sid222	Sidhartha2	Doddipalli	dsid89@gmail.com	sha1$967cf$c8dca159a4b0bfe4c70699c7c53e7b24385024cf	f	t	f	2013-06-24 15:33:37.493995+00	2013-06-24 15:33:31.046042+00
259	Wazap	Matthieu	Gavaudan	mgavaudan@hotmail.com	sha1$5044a$1f12cfb4d0e991be254db07c2ed4aca4a92068cc	f	t	f	2013-07-11 21:20:57.215369+00	2013-07-11 21:20:48.391907+00
239	nehasingla	Neha	Singla	nssingla@gmail.com	sha1$e9371$178a05ad88431edc39c626fb4610c29786cad31c	f	t	f	2013-05-25 19:26:47.284309+00	2013-05-25 19:26:40.678625+00
246	dimitriwittwer	Dimitri	Wittwer	d.wittwer@me.com	sha1$97364$fd995fc2463556504755a6b6dfad2f8e43a2d68c	f	t	f	2013-06-07 21:55:44.887589+00	2013-06-07 21:55:38.995919+00
265	jvl2113@columbia.edu	Joseph	Lee	jvl2113@columbia.edu	pbkdf2_sha256$10000$dsgnRnHr93aY$0ZoVJoDiS4Pw8nZesGOp3G52vp3d/wpRlAiGAQT6Joc=	f	t	f	2013-07-18 20:05:37.668259+00	2013-07-18 19:24:23.889648+00
272	asdasds@gmail.com	sadasdas	asdasdas	asdasds@gmail.com	pbkdf2_sha256$10000$QYkPSkEWQEac$e3kqZp0eS/WliLLlTFfgyKuwSt5lG4niyFTSlqT/ZFg=	f	t	f	2013-07-28 16:57:25.375933+00	2013-07-28 16:57:16.631587+00
242	Telefrench	Patrice	Sarfati	contact@telefrench.com	sha1$fa097$496d02e4908d3e8d5028d0566fd4f4d9edafd3c8	f	t	f	2013-06-03 18:22:53.677097+00	2013-06-03 17:29:52.939187+00
67	nickcrosthwaite	Nick	Crosthwaite	nick@universaltutors.com	pbkdf2_sha256$10000$czReFpd6Q6Mp$HN6mONFbp156b+USMEBL9ii2lGHHqby4EK/syWCesCg=	t	t	t	2013-07-30 22:48:19.447461+00	2012-08-10 17:03:57+00
271	aaron@wisdom.ly	Aaron	Landy	aaron@wisdom.ly	pbkdf2_sha256$10000$apd2el82X22I$YvU3GkBzCCnzvcNJFs/QBS6XY0UHp9imVd5FCmr1dYQ=	f	t	f	2013-07-28 20:03:48.695156+00	2013-07-28 16:35:29.866238+00
253	JLeyden1988	Jessica	Leyden	kayle_noffsinger@yahoo.com	sha1$11c33$78d7c80b7ec3ddb5ab7c1dcfe44b2f62358ec7cf	f	t	f	2013-06-24 17:30:05.720326+00	2013-06-24 17:30:00.593427+00
260	arturo_armendariz	Arturo	Armendariz	tarmendi@bellsouth.net	sha1$d617d$72236d2a316d81947d7b7f97c20a547e680dda8f	f	t	f	2013-07-13 12:31:46.262101+00	2013-07-13 12:31:38.659546+00
254	Jsmith	John 	Smith 	eran@wizoku.com	sha1$24b6a$9d0ed5e41377427d3444863d649b3f6d4cef2fae	f	t	f	2013-06-26 23:20:54.374333+00	2013-06-26 23:20:50.613421+00
255	josmith	Jonny 	Smith 	joseph@wizoku.com	sha1$35cba$78625b45229b4d5b56066cf86424586499313dfc	f	t	f	2013-06-26 23:24:19.120498+00	2013-06-26 23:24:19.12051+00
258	wanderingempress	Anna	White	lady.and.scholar@gmail.com	sha1$eb101$d366dc16cb4c79ce18ef618585e71a3c47a66b1b	f	t	f	2013-07-06 01:24:37.902944+00	2013-07-06 01:24:29.628029+00
256	transferdy	do	not	transferdy@gmail.com	sha1$6a455$b84dba5cf53b25d8ea7f1f8c05e53bf68a10045c	f	t	f	2013-06-28 16:10:40.405375+00	2013-06-28 16:10:32.40011+00
240	suhangdageek	Hang	Su	suhangdageek@gmail.com	sha1$93f89$0b518ae620faf3120119b436286093cffedd83e3	f	t	f	2013-07-02 12:42:25.559243+00	2013-05-27 15:19:52.292196+00
257	joannaMedinilla	Joanna	Medinilla	camdeninstitute@gmail.com	sha1$c264f$fe3b169c15239305b5246b0f1b99626c60f0ef2a	f	t	f	2013-07-05 16:16:44.649588+00	2013-07-05 16:16:28.634016+00
261	alonwizoku	alon	slotky	alon@wizoku.com	pbkdf2_sha256$10000$ErvM2NYrwvYr$71csqvI7JlBbObN4dliGcUP5tCMl5j3VWDxd1sSw5+c=	f	t	f	2013-07-28 17:53:10.887074+00	2013-07-13 14:10:17.416799+00
241	dsid99	Sidhartha	Doddipalli	dsid99@gmail.com	sha1$cba17$15d3d8b68ab303b3d4d69520af76e5c14ef9e3cd	t	t	t	2013-07-17 18:41:36.789443+00	2013-05-30 16:05:18+00
267	asfasasasdsfa@gmail.coma	sdfsdf	asdasdasd	asfasasasdsfa@gmail.coma	pbkdf2_sha256$10000$y1czrP7E9p1W$9uLooxCk9jMvT0pNxJObTWtd+wfCwnSba43gJzive+I=	f	t	f	2013-07-19 21:13:20.211583+00	2013-07-19 21:13:12.772165+00
269	info@wizoku.com	Nick	Cros	info@wizoku.com	pbkdf2_sha256$10000$oXqLdRFmYV3M$Yje9KSD7H4C0G3JNZD0wwT8C0Rifx8pxD99ODN1Mrg8=	f	t	f	2013-07-25 14:37:07.455664+00	2013-07-25 14:36:56.966707+00
248	alonslotky	Alon	Slotky	alonslotky@gmail.com	pbkdf2_sha256$10000$ARABXagUcdul$/ZR4ArcNv6AwLrMIh9qyzFMlyq0DX+4ZfMBL5HcksQw=	t	t	t	2013-07-20 19:14:12.230958+00	2013-06-17 16:25:40+00
264	MarieDaike	Marie	Kirton	mak616@nyu.edu	sha1$3891f$d88a73e5b0ba7b321eac74ebfa4c802b3f16d60d	f	t	f	2013-07-17 20:18:18.839782+00	2013-07-17 20:18:10.693206+00
273	clt2142@columbia.edu	Courtland	Thomas	clt2142@columbia.edu	pbkdf2_sha256$10000$tMDOZsS2iGuj$FpYsPQwrgCqH8mpkLCuSVuCh8RC11qldN/mn1tHIgGE=	f	t	f	2013-07-29 21:09:01.463048+00	2013-07-29 21:08:52.795768+00
243	sid22	Sidhartha	Doddipalli	sd2758@columbia.edu	pbkdf2_sha256$10000$Im0wMWgCa1e2$6N9MHcFzbqhIWQFdDOtuSopv9nQvpOPolbE8v5WdqxA=	t	t	t	2013-07-28 16:06:00.473857+00	2013-06-03 18:56:38+00
270	brk2108@columbia.edu	Brian	Kinghorn	brk2108@columbia.edu	pbkdf2_sha256$10000$wXNdLI4TgKgc$NlNRb736zgviCdxpay+mtETX9aqlhfDjcUnDwcL0JSM=	f	t	f	2013-07-26 00:00:17.811588+00	2013-07-26 00:00:09.805928+00
274	wizokurecruits@gmail.com	Eran	Mizrahi	wizokurecruits@gmail.com	pbkdf2_sha256$10000$mmrNe0Xd4Oo7$rkOCBd0jUNTPT5LCuh8CtYZF3gqJK7UJ0szKYJiRtVg=	f	t	f	2013-07-29 21:11:17.62814+00	2013-07-29 21:11:07.230452+00
275	ankitshah96@yahoo.com	Ankit	Shah	ankitshah96@yahoo.com	pbkdf2_sha256$10000$XNs5aFSOAtlm$cKFEQ6r8I6ywctB39INF9iOLxTeamG5k7Oaah/DEtng=	f	t	f	2013-07-29 21:41:41.456069+00	2013-07-29 21:41:41.456084+00
276	vs2415@columbia.edu	Venedikt	Sheppard	vs2415@columbia.edu	pbkdf2_sha256$10000$mltDSJWt11vY$HciXRbWOi1pHQPmzExksDeZBLjN9ZtR1Vs03kQ/FoyQ=	f	t	f	2013-07-29 21:57:37.375375+00	2013-07-29 21:57:28.91116+00
277	nr2443@columbia.edu	Naveen	Revanna	nr2443@columbia.edu	pbkdf2_sha256$10000$8eHh0aCzJO2Z$mjuuS53qTNmYLTG2xPgL02TOPIjDHzbTjuTVOJuIgzY=	f	t	f	2013-07-29 22:52:38.654696+00	2013-07-29 22:52:29.948402+00
278	dsj2114@columbia.edu	Dominique	Jones	dsj2114@columbia.edu	pbkdf2_sha256$10000$zx5m2hEx8vaq$HRFmX/gQ/V0Ze+2kM8BBqstlzhTkPLNAMzrO2edoEZM=	f	t	f	2013-07-30 01:55:29.116933+00	2013-07-30 01:55:20.634754+00
279	alex@alexmentors.com	Alexander	Nichols	alex@alexmentors.com	pbkdf2_sha256$10000$OxsW0TVR90za$lO015UIrpQK7FfZTTG8r2xj89pC7ybCHb60RlzUsewk=	f	t	f	2013-07-30 20:02:45.399557+00	2013-07-30 19:47:46.180262+00
\.


--
-- Data for Name: auth_user_groups; Type: TABLE DATA; Schema: public; Owner: -
--

COPY auth_user_groups (id, user_id, group_id) FROM stdin;
\.


--
-- Data for Name: auth_user_user_permissions; Type: TABLE DATA; Schema: public; Owner: -
--

COPY auth_user_user_permissions (id, user_id, permission_id) FROM stdin;
\.


--
-- Data for Name: classes_class; Type: TABLE DATA; Schema: public; Owner: -
--

COPY classes_class (id, created, updated, tutor_id, student_id, date, credit_fee, scribblar_id, earning_fee, universal_fee, status, cancelation_reason, alert_sent, duration, tutor_appeared, cover, subject_credits_per_hour, subject, level, system, only_subject) FROM stdin;
137	2012-08-13 13:05:07.805639+00	2012-08-13 13:23:22.329545+00	1	68	2012-08-13 13:30:00+00	5	pspkq7qyx	4	1	2	\N	f	30	t		10	English (KS2)	KS2	England	English
138	2013-02-06 03:05:41.382208+00	2013-02-06 16:35:50.061551+00	91	88	2013-02-06 16:15:00+00	5	dtm7xv5	4	1	2	\N	f	30	t		10	GMAT Exam Prep	None	None	GMAT Exam Prep
139	2013-02-22 23:28:25.146948+00	2013-02-23 01:00:56.787072+00	91	88	2013-02-23 00:30:00+00	5	mxnp0fy5m	4	1	2	\N	f	30	t		10	GMAT Exam Prep	None	None	GMAT Exam Prep
140	2013-07-04 01:17:20.149775+00	2013-07-04 01:20:10.624848+00	91	179	2013-07-04 20:00:00+00	5	xmuu1rfk0	4	1	7	I don't like your attitude 	f	30	f		10	GMAT Exam Prep	None	None	GMAT Exam Prep
\.


--
-- Data for Name: classes_classlevel; Type: TABLE DATA; Schema: public; Owner: -
--

COPY classes_classlevel (id, system_id, level) FROM stdin;
1	1	KS2
2	1	KS3
3	1	KS4 GCSE
4	1	A Level
5	1	IB
6	1	Under Graduate
7	1	Post Graduate
8	1	Adult
9	2	Primary
10	2	Secondary
11	2	Intermediate Level
12	2	Highers
13	2	Under Graduate
14	2	Post Graduate
15	2	Adult
16	3	KS2
17	3	KS3
18	3	KS4 GCSE
19	3	A Level
20	3	IB
21	3	Under Graduate
22	3	Post Graduate
23	3	Adult
24	4	Elementary K - 5
25	4	Middle 6 - 8
26	4	High School 9 - 12
27	4	Under Graduate
28	4	Post Graduate
29	4	Adult
30	5	Years 1-6
31	5	Years 7-10
32	5	Years 11-12
33	5	Bachelor's
34	5	Master's
35	5	Adult
36	6	Grades I-V
37	6	Grades VI-VIII
38	6	Grades IX-X
39	6	Grades XI-XII
40	6	Bachelor's
41	6	Master's
42	6	Adult
43	7	Grades 1-6
44	7	Grades 7-9
45	7	Grades 10-12
46	7	Bachelor's
47	7	Master's
48	7	Adult
49	8	11me-7me
50	8	6e-3e
51	8	Baccalaurat
52	8	Bachelor's
53	8	Master's
54	8	Adult
55	9	Grundschule
56	9	Hauptschulabschluss
57	9	Mittlere Reife
58	9	Abitur
59	9	Bachelor's
60	9	Master's
61	9	Adult
62	10	Elementary K - 5
63	10	Middle 6 - 8
64	10	High School 9 - 12
65	10	Under Graduate
66	10	Post Graduate
67	10	Adult
\.


--
-- Data for Name: classes_classsubject; Type: TABLE DATA; Schema: public; Owner: -
--

COPY classes_classsubject (id, subject) FROM stdin;
43	Arabic
44	Biology
45	Business
46	Chemistry
47	Chinese
48	Computer Science
49	Economics
50	English
51	French
52	Geography
53	German
54	History
55	Italian
56	Japanese
57	Latin
58	Mathematics
59	Physics
60	Politics
61	Science
62	Spanish
63	11+ Exam Prep
64	ACT Exam Prep
65	GMAT Exam Prep
66	GRE Exam Prep
67	SAT Exam Prep
71	Accounting
\.


--
-- Data for Name: classes_classsubject_systems; Type: TABLE DATA; Schema: public; Owner: -
--

COPY classes_classsubject_systems (id, classsubject_id, educationalsystem_id) FROM stdin;
1	43	1
2	43	2
3	43	3
4	43	4
5	43	5
6	43	6
7	43	7
8	43	8
9	43	9
10	43	10
11	44	1
12	44	2
13	44	3
14	44	4
15	44	5
16	44	6
17	44	7
18	44	8
19	44	9
20	44	10
21	45	1
22	45	2
23	45	3
24	45	4
25	45	5
26	45	6
27	45	7
28	45	8
29	45	9
30	45	10
31	46	1
32	46	2
33	46	3
34	46	4
35	46	5
36	46	6
37	46	7
38	46	8
39	46	9
40	46	10
41	47	1
42	47	2
43	47	3
44	47	4
45	47	5
46	47	6
47	47	7
48	47	8
49	47	9
50	47	10
51	48	1
52	48	2
53	48	3
54	48	4
55	48	5
56	48	6
57	48	7
58	48	8
59	48	9
60	48	10
61	49	1
62	49	2
63	49	3
64	49	4
65	49	5
66	49	6
67	49	7
68	49	8
69	49	9
70	49	10
71	50	1
72	50	2
73	50	3
74	50	4
75	50	5
76	50	6
77	50	7
78	50	8
79	50	9
80	50	10
81	51	1
82	51	2
83	51	3
84	51	4
85	51	5
86	51	6
87	51	7
88	51	8
89	51	9
90	51	10
91	52	1
92	52	2
93	52	3
94	52	4
95	52	5
96	52	6
97	52	7
98	52	8
99	52	9
100	52	10
101	53	1
102	53	2
103	53	3
104	53	4
105	53	5
106	53	6
107	53	7
108	53	8
109	53	9
110	53	10
111	54	1
112	54	2
113	54	3
114	54	4
115	54	5
116	54	6
117	54	7
118	54	8
119	54	9
120	54	10
121	55	1
122	55	2
123	55	3
124	55	4
125	55	5
126	55	6
127	55	7
128	55	8
129	55	9
130	55	10
131	56	1
132	56	2
133	56	3
134	56	4
135	56	5
136	56	6
137	56	7
138	56	8
139	56	9
140	56	10
141	57	1
142	57	2
143	57	3
144	57	4
145	57	5
146	57	6
147	57	7
148	57	8
149	57	9
150	57	10
151	58	1
152	58	2
153	58	3
154	58	4
155	58	5
156	58	6
157	58	7
158	58	8
159	58	9
160	58	10
161	59	1
162	59	2
163	59	3
164	59	4
165	59	5
166	59	6
167	59	7
168	59	8
169	59	9
170	59	10
171	60	1
172	60	2
173	60	3
174	60	4
175	60	5
176	60	6
177	60	7
178	60	8
179	60	9
180	60	10
181	61	1
182	61	2
183	61	3
184	61	4
185	61	5
186	61	6
187	61	7
188	61	8
189	61	9
190	61	10
191	62	1
192	62	2
193	62	3
194	62	4
195	62	5
196	62	6
197	62	7
198	62	8
199	62	9
200	62	10
201	63	1
202	63	2
203	63	3
204	63	4
205	63	5
206	63	6
207	63	7
208	63	8
209	63	9
210	63	10
211	64	1
212	64	2
213	64	3
214	64	4
215	64	5
216	64	6
217	64	7
218	64	8
219	64	9
220	64	10
221	65	1
222	65	2
223	65	3
224	65	4
225	65	5
226	65	6
227	65	7
228	65	8
229	65	9
230	65	10
231	66	1
232	66	2
233	66	3
234	66	4
235	66	5
236	66	6
237	66	7
238	66	8
239	66	9
240	66	10
241	67	1
242	67	2
243	67	3
244	67	4
245	67	5
246	67	6
247	67	7
248	67	8
249	67	9
250	67	10
261	71	1
262	71	2
263	71	3
264	71	4
265	71	5
266	71	6
267	71	7
268	71	8
269	71	9
270	71	10
\.


--
-- Data for Name: classes_classuserhistory; Type: TABLE DATA; Schema: public; Owner: -
--

COPY classes_classuserhistory (id, _class_id, user_id, enter, leave) FROM stdin;
\.


--
-- Data for Name: classes_educationalsystem; Type: TABLE DATA; Schema: public; Owner: -
--

COPY classes_educationalsystem (id, system) FROM stdin;
1	England
4	USA
5	Australia
6	India
7	China
8	France
9	Germany
10	Canada (Outside of Quebec)
2	Scotland
3	Wales
\.


--
-- Data for Name: classes_educationalsystemcountry; Type: TABLE DATA; Schema: public; Owner: -
--

COPY classes_educationalsystemcountry (id, system_id, country) FROM stdin;
1	1	UK
2	4	US
3	5	AU
4	6	IN
5	7	CN
6	8	FR
7	9	DE
8	10	CA
9	2	UK
10	3	UK
\.


--
-- Data for Name: common_feedbackanswer; Type: TABLE DATA; Schema: public; Owner: -
--

COPY common_feedbackanswer (id, created, updated, question_id, option_id, comment) FROM stdin;
\.


--
-- Data for Name: common_feedbackquestion; Type: TABLE DATA; Schema: public; Owner: -
--

COPY common_feedbackquestion (id, created, updated, title, slug, optional_text_title, "position") FROM stdin;
2	2012-05-25 14:09:35.883+00	2012-07-19 09:38:04.69534+00	How easy is it to find a great tutor?	how-easy-is-it-to-find-a-great-tutor	How would you make finding a tutor easier? (optional)	2
3	2012-05-25 14:10:29.452+00	2012-07-19 09:38:30.685515+00	How is the classroom experience?	how-is-the-classroom-experience	What would make the classroom experience even better? (optional)	3
4	2012-05-25 14:11:18.339+00	2012-07-19 09:38:48.494652+00	What do you think of the private dashboard area?	what-do-you-think-of-the-private-dashbo	How can the dashboard area be improved? (optional)	4
1	2012-05-25 14:08:37.763+00	2012-08-02 16:38:09.419559+00	How is your overall impression of Universal Tutors?	how-is-your-overall-impression-of-unive	Are there any specific improvements you would like to see? (optional)	1
\.


--
-- Data for Name: common_feedbackquestionoption; Type: TABLE DATA; Schema: public; Owner: -
--

COPY common_feedbackquestionoption (id, created, updated, title, question_id, "position") FROM stdin;
6	2012-05-25 14:27:32.806+00	2012-05-25 14:27:32.806+00	Couldn't be easier	2	1
11	2012-05-25 14:28:02.263+00	2012-05-25 14:28:02.263+00	Not so hot	3	1
16	2012-05-25 14:29:02.991+00	2012-05-25 14:29:02.991+00	Not so hot	4	1
3	2012-05-25 14:27:01.745+00	2012-07-19 09:37:12.616464+00	Not half-bad	1	3
4	2012-05-25 14:27:15.231+00	2012-07-19 09:37:12.620181+00	Top-notch	1	4
5	2012-05-25 14:27:15.241+00	2012-07-19 09:37:12.624345+00	Mind-blowing	1	5
7	2012-05-25 14:27:32.813+00	2012-07-19 09:38:04.701196+00	Took no time	2	2
8	2012-05-25 14:27:32.819+00	2012-07-19 09:38:04.704961+00	Just fine	2	3
9	2012-05-25 14:27:43.769+00	2012-07-19 09:38:04.708807+00	A little tricky	2	4
10	2012-05-25 14:27:43.776+00	2012-07-19 09:38:04.712601+00	Far too hard	2	5
12	2012-05-25 14:28:02.274+00	2012-07-19 09:38:30.691246+00	It'll do	3	2
13	2012-05-25 14:28:02.284+00	2012-07-19 09:38:30.694958+00	Not half-bad	3	3
14	2012-05-25 14:28:33.568+00	2012-07-19 09:38:30.698621+00	Top-notch	3	4
15	2012-05-25 14:28:33.583+00	2012-07-19 09:38:30.70408+00	Mind-blowing	3	5
17	2012-05-25 14:29:03.006+00	2012-07-19 09:38:48.500398+00	It'll do	4	2
18	2012-05-25 14:29:03.019+00	2012-07-19 09:38:48.504165+00	Not half-bad	4	3
19	2012-05-25 14:29:14.397+00	2012-07-19 09:38:48.507918+00	Top-notch	4	4
20	2012-05-25 14:29:14.421+00	2012-07-19 09:38:48.511586+00	Mind-blowing	4	5
2	2012-05-25 14:27:01.739+00	2012-08-02 16:38:09.424143+00	It'll do	1	2
1	2012-05-25 14:27:01.731+00	2012-08-02 16:38:09.428011+00	Not so hot	1	1
\.


--
-- Data for Name: core_bundle; Type: TABLE DATA; Schema: public; Owner: -
--

COPY core_bundle (id, credits, discount) FROM stdin;
1	50	0
2	100	0.0500000000000000028
3	150	0.0749999999999999972
4	200	0.100000000000000006
\.


--
-- Data for Name: core_country; Type: TABLE DATA; Schema: public; Owner: -
--

COPY core_country (id, country, country_name) FROM stdin;
3	AF	Afghanistan
4	AX	Aland Islands
5	AL	Albania
6	DZ	Algeria
7	AS	American Samoa
8	AD	Andorra
9	AO	Angola
11	AQ	Antarctica
12	AG	Antigua and Barbuda
14	AM	Armenia
15	AW	Aruba
18	AZ	Azerbaijan
19	BS	Bahamas
21	BD	Bangladesh
22	BB	Barbados
23	BY	Belarus
25	BZ	Belize
26	BJ	Benin
27	BM	Bermuda
28	BT	Bhutan
30	BA	Bosnia and Herzegovina
31	BW	Botswana
32	BV	Bouvet Island
34	BN	Brunei Darussalam
35	BG	Bulgaria
36	BF	Burkina Faso
37	BI	Burundi
39	CM	Cameroon
41	CV	Cape Verde
42	KY	Cayman Islands
43	CF	Central African Republic
44	TD	Chad
45	CL	Chile
47	CX	Christmas Island
48	CC	Cocos Islands
49	CO	Colombia
50	KM	Comoros
51	CG	Congo
52	CD	Congo
53	CK	Cook Islands
54	CR	Costa Rica
55	CI	Cote d'Ivoire
56	HR	Croatia
57	CU	Cuba
58	CY	Cyprus
59	CZ	Czech Republic
60	DK	Denmark
61	DJ	Djibouti
62	DM	Dominica
63	DO	Dominican Republic
64	EC	Ecuador
65	EG	Egypt
66	SV	El Salvador
67	GQ	Equatorial Guinea
68	ER	Eritrea
69	EE	Estonia
70	ET	Ethiopia
71	FK	Falkland Islands
72	FO	Faroe Islands
73	FJ	Fiji
74	FI	Finland
76	GF	French Guiana
77	PF	French Polynesia
78	GA	Gabon
79	GM	Gambia
80	GE	Georgia
82	GH	Ghana
83	GI	Gibraltar
84	GR	Greece
85	GL	Greenland
86	GD	Grenada
87	GP	Guadeloupe
88	GU	Guam
89	GT	Guatemala
90	GG	Guernsey
91	GN	Guinea
92	GW	Guinea-Bissau
93	GY	Guyana
94	HT	Haiti
95	HN	Honduras
97	HU	Hungary
98	IS	Iceland
101	IR	Iran
102	IQ	Iraq
104	IM	Isle of Man
105	IL	Israel
107	JM	Jamaica
109	JE	Jersey
110	JO	Jordan
111	KZ	Kazakhstan
112	KE	Kenya
113	KI	Kiribati
114	KP	Korea
116	KW	Kuwait
117	KG	Kyrgyzstan
118	LA	Lao
119	LV	Latvia
120	LB	Lebanon
121	LS	Lesotho
122	LR	Liberia
123	LY	Libyan Arab Jamahiriya
124	LI	Liechtenstein
125	LT	Lithuania
126	LU	Luxembourg
127	MO	Macao
128	MK	Macedonia
129	MG	Madagascar
130	MW	Malawi
131	MY	Malaysia
132	MV	Maldives
133	ML	Mali
134	MT	Malta
135	MH	Marshall Islands
136	MQ	Martinique
137	MR	Mauritania
138	MU	Mauritius
139	YT	Mayotte
141	MD	Moldova
142	MC	Monaco
143	MN	Mongolia
144	ME	Montenegro
145	MS	Montserrat
146	MA	Morocco
147	MZ	Mozambique
148	MM	Myanmar
149	NA	Namibia
150	NR	Nauru
151	NP	Nepal
153	AN	Netherlands Antilles
154	NC	New Caledonia
155	NZ	New Zealand
156	NI	Nicaragua
157	NE	Niger
158	NG	Nigeria
159	NU	Niue
160	NF	Norfolk Island
161	MP	Northern Mariana Islands
162	NO	Norway
163	OM	Oman
165	PW	Palau
166	PA	Panama
167	PG	Papua New Guinea
168	PY	Paraguay
169	PE	Peru
170	PH	Philippines
171	PN	Pitcairn
172	PL	Poland
174	PR	Puerto Rico
175	QA	Qatar
176	RE	Reunion
96	HK	Hong Kong
20	BH	Bahrain
46	CN	China
173	PT	Portugal
33	BR	Brazil
16	AU	Australia
17	AT	Austria
24	BE	Belgium
29	BO	Bolivia
38	KH	Cambodia
75	FR	France
81	DE	Germany
103	IE	Ireland
99	IN	India
100	ID	Indonesia
106	IT	Italy
108	JP	Japan
140	MX	Mexico
152	NL	Netherlands
164	PK	Pakistan
2	US	United States
13	AR	Argentina
10	AI	Anguilla
177	RO	Romania
179	RW	Rwanda
180	BL	Saint Barthelemy
181	SH	Saint Helena
182	KN	Saint Kitts and Nevis
183	LC	Saint Lucia
184	MF	Saint Martin
185	WS	Samoa
186	SM	San Marino
187	ST	Sao Tome and Principe
188	SA	Saudi Arabia
189	SN	Senegal
190	RS	Serbia
191	SC	Seychelles
192	SL	Sierra Leone
194	SK	Slovakia
195	SI	Slovenia
196	SB	Solomon Islands
197	SO	Somalia
200	LK	Sri Lanka
201	SD	Sudan
202	SR	Suriname
203	SJ	Svalbard and Jan Mayen
204	SZ	Swaziland
207	SY	Syrian Arab Republic
208	TW	Taiwan
209	TJ	Tajikistan
210	TZ	Tanzania
211	TH	Thailand
212	TL	Timor-Leste
213	TG	Togo
214	TK	Tokelau
215	TO	Tonga
216	TT	Trinidad and Tobago
217	TN	Tunisia
218	TR	Turkey
219	TM	Turkmenistan
220	TC	Turks and Caicos Islands
221	TV	Tuvalu
222	UG	Uganda
223	UA	Ukraine
224	AE	United Arab Emirates
225	UY	Uruguay
226	UZ	Uzbekistan
227	VU	Vanuatu
228	VE	Venezuela
229	VN	Viet Nam
230	VG	Virgin Islands, British
231	VI	Virgin Islands, U.S.
232	WF	Wallis and Futuna
233	EH	Western Sahara
234	YE	Yemen
235	ZM	Zambia
236	ZW	Zimbabwe
40	CA	Canada
115	KR	Korea, Republic of
178	RU	Russian Federation
193	SG	Singapore
198	ZA	South Africa
199	ES	Spain
205	SE	Sweden
206	CH	Switzerland
1	UK	United Kingdom
\.


--
-- Data for Name: core_country_timezones; Type: TABLE DATA; Schema: public; Owner: -
--

COPY core_country_timezones (id, country_id, timezone_id) FROM stdin;
189	100	265
190	100	266
191	100	291
7	20	240
192	100	282
193	100	311
10	173	320
11	173	434
12	173	327
194	103	425
195	106	450
196	108	310
197	115	300
198	140	501
199	140	502
200	140	503
201	152	413
202	164	270
203	178	288
204	178	263
205	178	432
206	178	275
207	178	281
208	178	443
209	178	316
210	178	317
211	178	318
212	193	555
213	198	26
214	199	438
215	205	457
216	206	470
217	1	321
218	1	329
219	1	426
220	1	436
221	1	537
222	1	57
223	1	93
224	2	558
225	2	559
226	2	560
227	2	561
228	2	562
229	2	563
230	2	564
231	2	565
232	2	566
233	2	567
234	2	568
235	2	569
236	2	570
79	99	246
140	13	60
141	16	332
142	16	333
143	16	334
144	16	335
145	16	336
146	16	337
147	16	338
148	16	339
149	16	340
150	16	341
151	16	342
152	16	343
153	16	344
154	16	345
155	16	346
156	16	347
157	16	348
158	16	349
159	16	350
160	16	351
161	16	352
162	16	353
163	16	354
164	16	484
165	17	464
166	24	420
167	29	144
168	33	355
169	33	356
170	33	357
171	33	358
172	38	290
173	40	361
174	40	362
175	40	363
176	40	364
177	40	365
178	40	366
179	40	367
180	40	368
181	40	369
182	46	301
183	75	446
184	81	418
185	96	479
\.


--
-- Data for Name: core_currency; Type: TABLE DATA; Schema: public; Owner: -
--

COPY core_currency (id, created, updated, acronym, name, symbol, value, manual) FROM stdin;
3	2012-05-15 10:48:24.737193+00	2012-08-10 14:43:40.758807+00	USD	American dollar	$	1.57618432305224188	f
1	2012-05-15 10:47:46.696775+00	2012-08-10 14:43:40.763581+00	GBP	British pound		1	f
2	2012-05-15 10:48:02.417181+00	2012-08-10 14:43:40.777756+00	EUR	Euro		1.28479670343389718	f
\.


--
-- Data for Name: core_discount; Type: TABLE DATA; Schema: public; Owner: -
--

COPY core_discount (id, created, updated, type, description, code, start, "end", valid, discount_percentage, discount_fixed, total_times, total_times_used) FROM stdin;
7	2012-08-19 01:21:31.36996+00	2013-02-25 20:51:26.92011+00	1	Launch discount	UTnewtutors	2013-01-30	2013-03-04	2	1	0	2	0
8	2013-02-26 01:17:59.296233+00	2013-02-26 01:17:59.296275+00	1		TFAtutors	2013-02-25	2013-03-11	2	0.5	0	0	0
\.


--
-- Data for Name: core_discountuser; Type: TABLE DATA; Schema: public; Owner: -
--

COPY core_discountuser (id, created, updated, user_id, discount_id, used, active) FROM stdin;
17	2012-09-20 17:34:35.121155+00	2012-09-20 17:34:35.121197+00	80	7	0	f
\.


--
-- Data for Name: core_document; Type: TABLE DATA; Schema: public; Owner: -
--

COPY core_document (id, slug, file) FROM stdin;
1	terms_and_conditions_student	uploads/documents/terms_and_conditions_student.pdf
3	code_of_conduct	uploads/documents/Schedule__Code_of_Conduct_wizoku.pdf
2	terms_and_conditions_tutor	uploads/documents/Tutors_TCs_v.1.pdf
\.


--
-- Data for Name: core_emailtemplate; Type: TABLE DATA; Schema: public; Owner: -
--

COPY core_emailtemplate (id, type, body, subject) FROM stdin;
2	10	{% extends "emails/base.html" %}\r\n\r\n{% block content %}\r\n{% with message.user as user_sent %}\r\nYou received a new message from <a style="color:#78AA1A;text-decoration:none;" href="http://{{PROJECT_SITE_DOMAIN}}{% url profile user_sent.username %}">{{user_sent.get_full_name}}</a>: "{{message.message}}" \r\n{% endwith %}\r\n{% endblock %}	New message
5	1	{% extends "emails/base.html" %}\r\n\r\n{% block content %}\r\nA <a style="color:#78AA1A;text-decoration:none;" href="http://{{PROJECT_SITE_DOMAIN}}{% url student_classes %}">{{class.subject}} class</a> booked on {{class.start}}\r\nhas been canceled by the tutor <a style="color:#78AA1A;text-decoration:none;" href="http://{{PROJECT_SITE_DOMAIN}}{% url profile tutor.username %}">{{tutor.get_full_name}}</a> to the follow reason: "{{class.cancelation_reason}}".\r\n{% endblock %}\r\n	Class canceled by tutor
6	2	{% extends "emails/base.html" %}\r\n\r\n{% block content %}\r\nA <a style="color:#78AA1A;text-decoration:none;" href="http://{{PROJECT_SITE_DOMAIN}}{% url tutor_classes %}">{{class.subject}} class</a> booked on {{class.start}}\r\nhas been canceled by the student <a style="color:#78AA1A;text-decoration:none;" href="http://{{PROJECT_SITE_DOMAIN}}{% url profile student.username %}">{{student.get_full_name}}</a> to follow reason: "{{class.cancelation_reason}}".\r\n{% endblock %}	Class canceled by student
7	11	{% extends "emails/base.html" %}\r\n\r\n{% block content %}\r\nA <a style="color:#78AA1A;text-decoration:none;" href="http://{{PROJECT_SITE_DOMAIN}}{% url student_classes %}">{{class.subject}} class</a> booked on {{class.start}}\r\nhas been canceled by the system. {{class.reason}}.\r\n{% endblock %}	Class canceled by the system
4	7	{% extends "emails/base.html" %}\r\n\r\n{% block content %}\r\nYour <a style="color:#78AA1A;text-decoration:none;" href="http://{{PROJECT_SITE_DOMAIN}}{% url student_classes %}">{{class.subject}} class</a> \r\nhas been rejected. Reason: "{{class.cancelation_reason}}".\r\n{% endblock %}	Your class has been rejected
1	0	{% extends "emails/base.html" %}\r\n{% load tutor_tags common_tags %}\r\n\r\n{% block content %}\r\n{% with class.date|convert_datetime:user_profile.timezone as date %}\r\nA{{class.subject|indefinite}} <a style="color:#78AA1A;text-decoration:none;" href="http://{{PROJECT_SITE_DOMAIN}}{% url tutor_classes %}">{{class.subject}} class</a> \r\nhas been booked by "<a style="color:#78AA1A;text-decoration:none;" href="http://{{PROJECT_SITE_DOMAIN}}{% url profile student.username %}">{{student.get_full_name}}</a>"\r\non {{date|date:"l, F j Y \\a\\t H:i"}}.\r\nPlease log in to accept or reject the class.\r\n{% endwith %}\r\n{% endblock %}	A new class has been booked
13	12	{% extends "emails/base.html" %}\r\n\r\n{% block content %}\r\nHi {{name}},<br/><br/>\r\n{{sender.get_full_name}} has recommended this site for you. To take a look <a style="color:#78AA1A;text-decoration:none;" href="http://{{PROJECT_SITE_DOMAIN}}/">click here</a>.<br/><br/>\r\nPlease use this code <span style="color:#78AA1A;">{{key}}</span> if you sign up.\r\n{% endblock %}	A friend has recommended you try out Universal Tutors
3	6	{% extends "emails/base.html" %}\r\n{% load tutor_tags common_tags %}\r\n\r\n{% block content %}\r\n{% with class.date|convert_datetime:user_profile.timezone as date %}\r\nYour <a style="color:#78AA1A;text-decoration:none;" href="http://{{PROJECT_SITE_DOMAIN}}{% url student_classes %}">{{class.subject}} class</a>  on {{date|date:"l, F j Y \\a\\t H:i"}} has been accepted.\r\n{% endwith %}\r\n{% endblock %}	Your class has been accepted
8	3	{% extends "emails/base.html" %}\r\n{% load tutor_tags common_tags %}\r\n\r\n{% block content %}\r\n{% with class.date|convert_datetime:user_profile.timezone as date %}\r\nYou have received {{class.earning_fee}} credit{{class.earning_fee|pluralize}} for the <a style="color:#78AA1A;text-decoration:none;" href="http://{{PROJECT_SITE_DOMAIN}}{% url tutor_classes %}">{{class.subject}} class</a> given on {{date|date:"l, F j Y \\a\\t H:i"}}\r\nto "<a style="color:#78AA1A;text-decoration:none;" href="http://{{PROJECT_SITE_DOMAIN}}{% url profile student.username %}">{{student.get_full_name}}</a>".\r\n{% endwith %}\r\n{% endblock %}	Income credits received
10	5	{% extends "emails/base.html" %}\r\n{% load tutor_tags common_tags %}\r\n\r\n{% block content %}\r\n{% with class.date|convert_datetime:user_profile.timezone as date %}\r\nHi {{user.get_full_name}}! <br/>\r\nYour class is going to start in less than 30 minutes. <br/><br/>\r\n\r\n<strong>Subject: </strong><a style="color:#78AA1A;text-decoration:none;" href="http://{{PROJECT_SITE_DOMAIN}}{{class.get_absolute_url}}">{{class.subject}}</a><br/>\r\n{% if user_profile.type == user_profile.TYPES.TUTOR %}\r\n<strong>Student: </strong>{{class.student.get_full_name}}<br/>\r\n{% else %}\r\n<strong>Tutor: </strong>{{class.tutor.get_full_name}}<br/>\r\n{% endif %}\r\n<strong>Time: </strong>{{date|date:"H:i"}}<br/>\r\n{% endwith %}\r\n{% endblock %}	Your class is about to start
12	9	{% extends "emails/base.html" %}\r\n\r\n{% block content %}\r\nYour crb is going to expire on {{date|date:"l, F j Y \\a\\t H:i"}}.\r\n{% endblock %}	Your CRB will expire soon
14	13	{% extends "emails/base.html" %}\r\n{% load tutor_tags %}\r\n\r\n{% block content %}\r\n<a style="color:#78AA1A;text-decoration:none;" href="http://{{PROJECT_SITE_DOMAIN}}{% url profile user.username %}">{{user.get_full_name}}</a> signed-up right now.<br/><br/>\r\n\r\nGo to <a style="color:#78AA1A;text-decoration:none;" href="http://{{PROJECT_SITE_DOMAIN}}{% url waiting_approval %}">Waiting for approval list</a> to approve {% if profile.gender == profile.GENDER_TYPES.MALE %}his{% else %}her{% endif %} details.\r\n\r\n{% endblock %}	A new tutor signed-up
11	8	{% extends "emails/base.html" %}\r\n\r\n{% block content %}\r\nYour CRB check has expired. Please apply for a new one on the details tab of your profile page.\r\n{% endblock %}	Your CRB check has expired
9	4	{% extends "emails/base.html" %}\r\n\r\n{% block content %}\r\nCongratulations {{user.get_full_name}}! Your account has been activated.  \r\n\r\nPlease ensure you add some detail to your profile so that students can start finding your profile and booking classes with you. Tell us which:\r\n      1. Subjects you would like to teach \r\n      2. Times you are available to tutor\r\n{% endblock %}	Account activated
\.


--
-- Data for Name: core_masswithdraw; Type: TABLE DATA; Schema: public; Owner: -
--

COPY core_masswithdraw (id, created, updated, currency_id) FROM stdin;
\.


--
-- Data for Name: core_masswithdraw_items; Type: TABLE DATA; Schema: public; Owner: -
--

COPY core_masswithdraw_items (id, masswithdraw_id, withdrawitem_id) FROM stdin;
\.


--
-- Data for Name: core_quote; Type: TABLE DATA; Schema: public; Owner: -
--

COPY core_quote (id, quote) FROM stdin;
1	"Genius without education is like silver in the mine" Benjamin Franklin
4	"What we learn with pleasure we never forget" Alfred Mericer
5	Learning without thought is labour lost; thought without learning is perilous Confucius
6	"Whatever is good to know is difficult to learn" - Greek Proverb
7	"Education is the most powerful weapon which you can use to change the world" - Nelson Mandela\r\n
8	"Education is the best provision for old age" - Aristotle\r\n
9	"Education is not the filling of a pail, but the lighting of a fire" - William Butler Yeats\r\n
10	"What sculpture is to a block of marble, education is to the human soul" - Joseph Addison\r\n
11	"What we have learned from other becomes our own reflection" - Ralph Waldo Emerson\r\n
12	"Education is the transmission of civilization" - Will Durant\r\n
13	"Education is more than a luxury; it is a responsibility that society owes to itself" - Robin Cook\r\n
14	"Character is a wish for a perfect education" - Novalis\r\n
15	"Learning is like rowing upstream: not to advance is to drop back" - Chinese Saying\r\n
16	"Education should bring to light the ideal of the individual" - J.P Richter\r\n
17	"A teacher affects eternity: he can never tell where his influence stops" - Henry Adams\r\n
18	"By learning you will teach; by teaching you will understand" - Latin Proverb\r\n
19	"Education is the mother of leadership" - Wendell L. Willkie\r\n
20	"If you would thoroughly know anything, teach it to others" - Tryon Edwards\r\n
21	"We cannot hold a torch to light another's path without brightening our own" - Ben Sweetland\r\n
22	"To know how to suggest is the great art of teaching" - Henri Frederic Amiel\r\n
23	"Whatever you want to teach, be brief" - Horace\r\n
24	"To me, education is a leading out of what is already there in the pupil's soul" - Muriel Spark\r\n
25	"Nine-tenths of education is encouragement" - Anatole France\r\n
26	"I hear and I forget. I see and I remember. I do and I understand" - Chinese Proverb \r\n
27	"I am indebted to my father for living, but to my teacher for living well" - Alexander of Macedon\r\n
28	"Teaching is not a lost art, but the regard for it is a lost tradition" - Jacques Barzun\r\n
29	"To teach is to learn twice over" - Joseph Joubert\r\n
30	"A child miseducated is a child lost" - John F. Kennedy\r\n
31	"I have no special talent. I am only passionately curious." - Albert Einstein 
32	"A person who never made a mistake never tried anything new. " - Albert Einstein
33	"If you can't explain it simply, you don't understand it well enough." - Albert Einstein
36	"It is the supreme art of the teacher to awaken joy in creative expression and knowledge" - Albert Einstein
38	"Pure mathematics is, in its way, the poetry of logical ideas." - Albert Einstein
39	"The only source of knowledge is experience." - Albert Einstein 
40	"The roots of education are bitter, but the fruit is sweet." - Aristotle
41	"An investment in knowledge pays the best interest." - Benjamin Franklin
42	"Education is not preparation for life; education is life itself." - John Dewey 
43	"The only real failure in life is one not learned from." - Anthony J. D'Angelo 
45	"Education is the key to unlock the golden door of freedom" - George Washington Carver
44	"Develop a passion for learning. If you do, you will never cease to grow" - Anthony J. D'Angelo
35	"Intellectual growth should commence at birth and cease only at death" - Albert Einstein
34	"Imagination is everything. It is the preview of life's coming attractions" - Albert Einstein
46	"He who opens a school door, closes a prison" - Victor Hugo
47	"Education is the progressive discovery of our own ignorance" - Will Durant
48	"A human being is not attaining his full heights until he is educated" - Horace Mann 
49	"Education's purpose is to replace an empty mind with an open one" - Malcolm Forbes
50	"I'm not afraid of storms, for i'm learning to sail my ship" - Aeschylus
51	"Education is simply the soul of a society as it passes from one generation to another" - Gilbert K. Chesterton
52	"Education is all a matter of building bridges" - Ralph Ellison
\.


--
-- Data for Name: core_timezone; Type: TABLE DATA; Schema: public; Owner: -
--

COPY core_timezone (id, timezone) FROM stdin;
1	Africa/Abidjan
2	Africa/Accra
3	Africa/Addis_Ababa
4	Africa/Algiers
5	Africa/Asmara
6	Africa/Asmera
7	Africa/Bamako
8	Africa/Bangui
9	Africa/Banjul
10	Africa/Bissau
11	Africa/Blantyre
12	Africa/Brazzaville
13	Africa/Bujumbura
14	Africa/Cairo
15	Africa/Casablanca
16	Africa/Ceuta
17	Africa/Conakry
18	Africa/Dakar
19	Africa/Dar_es_Salaam
20	Africa/Djibouti
21	Africa/Douala
22	Africa/El_Aaiun
23	Africa/Freetown
24	Africa/Gaborone
25	Africa/Harare
26	Africa/Johannesburg
27	Africa/Juba
28	Africa/Kampala
29	Africa/Khartoum
30	Africa/Kigali
31	Africa/Kinshasa
32	Africa/Lagos
33	Africa/Libreville
34	Africa/Lome
35	Africa/Luanda
36	Africa/Lubumbashi
37	Africa/Lusaka
38	Africa/Malabo
39	Africa/Maputo
40	Africa/Maseru
41	Africa/Mbabane
42	Africa/Mogadishu
43	Africa/Monrovia
44	Africa/Nairobi
45	Africa/Ndjamena
46	Africa/Niamey
47	Africa/Nouakchott
48	Africa/Ouagadougou
49	Africa/Porto-Novo
50	Africa/Sao_Tome
51	Africa/Timbuktu
52	Africa/Tripoli
53	Africa/Tunis
54	Africa/Windhoek
55	America/Adak
56	America/Anchorage
57	America/Anguilla
58	America/Antigua
59	America/Araguaina
60	America/Argentina/Buenos_Aires
61	America/Argentina/Catamarca
62	America/Argentina/ComodRivadavia
63	America/Argentina/Cordoba
64	America/Argentina/Jujuy
65	America/Argentina/La_Rioja
66	America/Argentina/Mendoza
67	America/Argentina/Rio_Gallegos
68	America/Argentina/Salta
69	America/Argentina/San_Juan
70	America/Argentina/San_Luis
71	America/Argentina/Tucuman
72	America/Argentina/Ushuaia
73	America/Aruba
74	America/Asuncion
75	America/Atikokan
76	America/Atka
77	America/Bahia
78	America/Bahia_Banderas
79	America/Barbados
80	America/Belem
81	America/Belize
82	America/Blanc-Sablon
83	America/Boa_Vista
84	America/Bogota
85	America/Boise
86	America/Buenos_Aires
87	America/Cambridge_Bay
88	America/Campo_Grande
89	America/Cancun
90	America/Caracas
91	America/Catamarca
92	America/Cayenne
93	America/Cayman
94	America/Chicago
95	America/Chihuahua
96	America/Coral_Harbour
97	America/Cordoba
98	America/Costa_Rica
99	America/Creston
100	America/Cuiaba
101	America/Curacao
102	America/Danmarkshavn
103	America/Dawson
104	America/Dawson_Creek
105	America/Denver
106	America/Detroit
107	America/Dominica
108	America/Edmonton
109	America/Eirunepe
110	America/El_Salvador
111	America/Ensenada
112	America/Fort_Wayne
113	America/Fortaleza
114	America/Glace_Bay
115	America/Godthab
116	America/Goose_Bay
117	America/Grand_Turk
118	America/Grenada
119	America/Guadeloupe
120	America/Guatemala
121	America/Guayaquil
122	America/Guyana
123	America/Halifax
124	America/Havana
125	America/Hermosillo
126	America/Indiana/Indianapolis
127	America/Indiana/Knox
128	America/Indiana/Marengo
129	America/Indiana/Petersburg
130	America/Indiana/Tell_City
131	America/Indiana/Vevay
132	America/Indiana/Vincennes
133	America/Indiana/Winamac
134	America/Indianapolis
135	America/Inuvik
136	America/Iqaluit
137	America/Jamaica
138	America/Jujuy
139	America/Juneau
140	America/Kentucky/Louisville
141	America/Kentucky/Monticello
142	America/Knox_IN
143	America/Kralendijk
144	America/La_Paz
145	America/Lima
146	America/Los_Angeles
147	America/Louisville
148	America/Lower_Princes
149	America/Maceio
150	America/Managua
151	America/Manaus
152	America/Marigot
153	America/Martinique
154	America/Matamoros
155	America/Mazatlan
156	America/Mendoza
157	America/Menominee
158	America/Merida
159	America/Metlakatla
160	America/Mexico_City
161	America/Miquelon
162	America/Moncton
163	America/Monterrey
164	America/Montevideo
165	America/Montreal
166	America/Montserrat
167	America/Nassau
168	America/New_York
169	America/Nipigon
170	America/Nome
171	America/Noronha
172	America/North_Dakota/Beulah
173	America/North_Dakota/Center
174	America/North_Dakota/New_Salem
175	America/Ojinaga
176	America/Panama
177	America/Pangnirtung
178	America/Paramaribo
179	America/Phoenix
180	America/Port-au-Prince
181	America/Port_of_Spain
182	America/Porto_Acre
183	America/Porto_Velho
184	America/Puerto_Rico
185	America/Rainy_River
186	America/Rankin_Inlet
187	America/Recife
188	America/Regina
189	America/Resolute
190	America/Rio_Branco
191	America/Rosario
192	America/Santa_Isabel
193	America/Santarem
194	America/Santiago
195	America/Santo_Domingo
196	America/Sao_Paulo
197	America/Scoresbysund
198	America/Shiprock
199	America/Sitka
200	America/St_Barthelemy
201	America/St_Johns
202	America/St_Kitts
203	America/St_Lucia
204	America/St_Thomas
205	America/St_Vincent
206	America/Swift_Current
207	America/Tegucigalpa
208	America/Thule
209	America/Thunder_Bay
210	America/Tijuana
211	America/Toronto
212	America/Tortola
213	America/Vancouver
214	America/Virgin
215	America/Whitehorse
216	America/Winnipeg
217	America/Yakutat
218	America/Yellowknife
219	Antarctica/Casey
220	Antarctica/Davis
221	Antarctica/DumontDUrville
222	Antarctica/Macquarie
223	Antarctica/Mawson
224	Antarctica/McMurdo
225	Antarctica/Palmer
226	Antarctica/Rothera
227	Antarctica/South_Pole
228	Antarctica/Syowa
229	Antarctica/Vostok
230	Arctic/Longyearbyen
231	Asia/Aden
232	Asia/Almaty
233	Asia/Amman
234	Asia/Anadyr
235	Asia/Aqtau
236	Asia/Aqtobe
237	Asia/Ashgabat
238	Asia/Ashkhabad
239	Asia/Baghdad
240	Asia/Bahrain
241	Asia/Baku
242	Asia/Bangkok
243	Asia/Beirut
244	Asia/Bishkek
245	Asia/Brunei
246	Asia/Calcutta
247	Asia/Choibalsan
248	Asia/Chongqing
249	Asia/Chungking
250	Asia/Colombo
251	Asia/Dacca
252	Asia/Damascus
253	Asia/Dhaka
254	Asia/Dili
255	Asia/Dubai
256	Asia/Dushanbe
257	Asia/Gaza
258	Asia/Harbin
259	Asia/Hebron
260	Asia/Ho_Chi_Minh
261	Asia/Hong_Kong
262	Asia/Hovd
263	Asia/Irkutsk
264	Asia/Istanbul
265	Asia/Jakarta
266	Asia/Jayapura
267	Asia/Jerusalem
268	Asia/Kabul
269	Asia/Kamchatka
270	Asia/Karachi
271	Asia/Kashgar
272	Asia/Kathmandu
273	Asia/Katmandu
274	Asia/Kolkata
275	Asia/Krasnoyarsk
276	Asia/Kuala_Lumpur
277	Asia/Kuching
278	Asia/Kuwait
279	Asia/Macao
280	Asia/Macau
281	Asia/Magadan
282	Asia/Makassar
283	Asia/Manila
284	Asia/Muscat
285	Asia/Nicosia
286	Asia/Novokuznetsk
287	Asia/Novosibirsk
288	Asia/Omsk
289	Asia/Oral
290	Asia/Phnom_Penh
291	Asia/Pontianak
292	Asia/Pyongyang
293	Asia/Qatar
294	Asia/Qyzylorda
295	Asia/Rangoon
296	Asia/Riyadh
297	Asia/Saigon
298	Asia/Sakhalin
299	Asia/Samarkand
300	Asia/Seoul
301	Asia/Shanghai
302	Asia/Singapore
303	Asia/Taipei
304	Asia/Tashkent
305	Asia/Tbilisi
306	Asia/Tehran
307	Asia/Tel_Aviv
308	Asia/Thimbu
309	Asia/Thimphu
310	Asia/Tokyo
311	Asia/Ujung_Pandang
312	Asia/Ulaanbaatar
313	Asia/Ulan_Bator
314	Asia/Urumqi
315	Asia/Vientiane
316	Asia/Vladivostok
317	Asia/Yakutsk
318	Asia/Yekaterinburg
319	Asia/Yerevan
320	Atlantic/Azores
321	Atlantic/Bermuda
322	Atlantic/Canary
323	Atlantic/Cape_Verde
324	Atlantic/Faeroe
325	Atlantic/Faroe
326	Atlantic/Jan_Mayen
327	Atlantic/Madeira
328	Atlantic/Reykjavik
329	Atlantic/South_Georgia
330	Atlantic/St_Helena
331	Atlantic/Stanley
332	Australia/ACT
333	Australia/Adelaide
334	Australia/Brisbane
335	Australia/Broken_Hill
336	Australia/Canberra
337	Australia/Currie
338	Australia/Darwin
339	Australia/Eucla
340	Australia/Hobart
341	Australia/LHI
342	Australia/Lindeman
343	Australia/Lord_Howe
344	Australia/Melbourne
345	Australia/NSW
346	Australia/North
347	Australia/Perth
348	Australia/Queensland
349	Australia/South
350	Australia/Sydney
351	Australia/Tasmania
352	Australia/Victoria
353	Australia/West
354	Australia/Yancowinna
355	Brazil/Acre
356	Brazil/DeNoronha
357	Brazil/East
358	Brazil/West
361	Canada/Atlantic
362	Canada/Central
363	Canada/East-Saskatchewan
364	Canada/Eastern
365	Canada/Mountain
366	Canada/Newfoundland
367	Canada/Pacific
368	Canada/Saskatchewan
369	Canada/Yukon
370	Chile/Continental
371	Chile/EasterIsland
372	Cuba
376	Egypt
377	Eire
413	Europe/Amsterdam
414	Europe/Andorra
415	Europe/Athens
416	Europe/Belfast
417	Europe/Belgrade
418	Europe/Berlin
419	Europe/Bratislava
420	Europe/Brussels
421	Europe/Bucharest
422	Europe/Budapest
423	Europe/Chisinau
424	Europe/Copenhagen
425	Europe/Dublin
426	Europe/Gibraltar
427	Europe/Guernsey
428	Europe/Helsinki
429	Europe/Isle_of_Man
430	Europe/Istanbul
431	Europe/Jersey
432	Europe/Kaliningrad
433	Europe/Kiev
434	Europe/Lisbon
435	Europe/Ljubljana
436	Europe/London
437	Europe/Luxembourg
438	Europe/Madrid
439	Europe/Malta
440	Europe/Mariehamn
441	Europe/Minsk
442	Europe/Monaco
443	Europe/Moscow
444	Europe/Nicosia
445	Europe/Oslo
446	Europe/Paris
447	Europe/Podgorica
448	Europe/Prague
449	Europe/Riga
450	Europe/Rome
451	Europe/Samara
452	Europe/San_Marino
453	Europe/Sarajevo
454	Europe/Simferopol
455	Europe/Skopje
456	Europe/Sofia
457	Europe/Stockholm
458	Europe/Tallinn
459	Europe/Tirane
460	Europe/Tiraspol
461	Europe/Uzhgorod
462	Europe/Vaduz
463	Europe/Vatican
464	Europe/Vienna
465	Europe/Vilnius
466	Europe/Volgograd
467	Europe/Warsaw
468	Europe/Zagreb
469	Europe/Zaporozhye
470	Europe/Zurich
477	Greenwich
479	Hongkong
480	Iceland
481	Indian/Antananarivo
482	Indian/Chagos
483	Indian/Christmas
484	Indian/Cocos
485	Indian/Comoro
486	Indian/Kerguelen
487	Indian/Mahe
488	Indian/Maldives
489	Indian/Mauritius
490	Indian/Mayotte
491	Indian/Reunion
492	Iran
493	Israel
494	Jamaica
495	Japan
496	Kwajalein
497	Libya
501	Mexico/BajaNorte
502	Mexico/BajaSur
503	Mexico/General
504	NZ
505	NZ-CHAT
506	Navajo
509	Pacific/Apia
510	Pacific/Auckland
511	Pacific/Chatham
512	Pacific/Chuuk
513	Pacific/Easter
514	Pacific/Efate
515	Pacific/Enderbury
516	Pacific/Fakaofo
517	Pacific/Fiji
518	Pacific/Funafuti
519	Pacific/Galapagos
520	Pacific/Gambier
521	Pacific/Guadalcanal
522	Pacific/Guam
523	Pacific/Honolulu
524	Pacific/Johnston
525	Pacific/Kiritimati
526	Pacific/Kosrae
527	Pacific/Kwajalein
528	Pacific/Majuro
529	Pacific/Marquesas
530	Pacific/Midway
531	Pacific/Nauru
532	Pacific/Niue
533	Pacific/Norfolk
534	Pacific/Noumea
535	Pacific/Pago_Pago
536	Pacific/Palau
537	Pacific/Pitcairn
538	Pacific/Pohnpei
539	Pacific/Ponape
540	Pacific/Port_Moresby
541	Pacific/Rarotonga
542	Pacific/Saipan
543	Pacific/Samoa
544	Pacific/Tahiti
545	Pacific/Tarawa
546	Pacific/Tongatapu
547	Pacific/Truk
548	Pacific/Wake
549	Pacific/Wallis
550	Pacific/Yap
551	Poland
552	Portugal
555	Singapore
556	Turkey
558	US/Alaska
559	US/Aleutian
560	US/Arizona
561	US/Central
562	US/East-Indiana
563	US/Eastern
564	US/Hawaii
565	US/Indiana-Starke
566	US/Michigan
567	US/Mountain
568	US/Pacific
569	US/Pacific-New
570	US/Samoa
575	Zulu
\.


--
-- Data for Name: core_video; Type: TABLE DATA; Schema: public; Owner: -
--

COPY core_video (id, description, url, active, type) FROM stdin;
2	Intro to Universal Tutors	http://www.youtube.com/watch?v=73AANw1Chd4&feature=plcp	t	0
1	Intro for tutors	http://www.youtube.com/watch?v=k52oXTlaWjo	t	1
3	Intro Students	http://www.youtube.com/watch?v=k52oXTlaWjo	t	2
\.


--
-- Data for Name: django_admin_log; Type: TABLE DATA; Schema: public; Owner: -
--

COPY django_admin_log (id, action_time, user_id, content_type_id, object_id, object_repr, action_flag, change_message) FROM stdin;
1	2012-04-23 10:57:20.73621+00	1	23	1	Rawjam Staging (@example.com)	1	
2	2012-04-23 11:08:23.413361+00	1	29	1	Math	1	
3	2012-04-23 11:12:03.465719+00	1	3	1	admin	2	Changed scribblar_id and type for user profile "admin".
4	2012-04-23 11:23:47.019424+00	1	3	1	admin	2	Changed date_of_birth and type for user profile "admin".
5	2012-04-23 11:31:12.972978+00	1	3	2	student	1	
6	2012-04-23 11:31:46.079936+00	1	3	2	student	2	Changed first_name, last_name and email.
7	2012-04-23 11:32:40.101861+00	1	30	1	My first class	1	
8	2012-04-23 11:37:19.623739+00	1	30	2	Test class	1	
9	2012-04-23 13:30:14.750246+00	1	3	1	admin	2	Changed first_name and last_name.
10	2012-05-03 15:55:11.810745+00	1	30	None	Math	1	
11	2012-05-03 15:55:24.717538+00	1	30	None	Math	1	
12	2012-05-04 15:43:57.461208+00	1	3	2	student	2	Changed password. Changed credit for user profile "First Student".
13	2012-05-04 16:13:43.516665+00	1	30	3	Jewish	2	Changed start and end.
14	2012-05-04 16:16:00.782553+00	1	30	3	Jewish	2	Changed start.
15	2012-05-04 16:39:43.012861+00	1	11	1	/student-guide/ -- Student Guide	1	
16	2012-05-04 16:39:59.349993+00	1	11	1	/student-guide/ -- Student Guide	2	No fields changed.
17	2012-05-04 16:40:23.735787+00	1	11	2	/tutor-guide/ -- Tutor Guide	1	
18	2012-05-04 16:40:53.476752+00	1	11	3	/terms/ -- Terms & Conditions	1	
19	2012-05-04 16:41:13.298693+00	1	11	4	/faq/ -- FAQ's	1	
20	2012-05-04 16:42:03.43773+00	1	11	5	/contact-us/ -- Contact Us	1	
21	2012-05-04 16:42:56.10844+00	1	11	6	/privacy/ -- Privacy	1	
22	2012-05-04 17:03:48.154219+00	1	23	1	teste (@example.com)	2	Changed name, application_id, api_key and application_secret.
23	2012-05-04 22:11:26.062523+00	1	11	1	/students/ -- Student Guide	2	Changed url.
24	2012-05-04 22:12:17.703288+00	1	11	1	/student-guide/ -- Student Guide	2	Changed url.
25	2012-05-08 09:38:34.197632+00	1	7	1	universal_tutors.rawjam.co.uk	2	Changed domain and name.
26	2012-05-08 09:43:47.938016+00	1	23	1	teste (@universal_tutors.rawjam.co.uk)	2	Changed application_id, api_key and application_secret.
27	2012-05-08 09:43:49.977925+00	1	23	1	teste (@universal_tutors.rawjam.co.uk)	2	No fields changed.
28	2012-05-08 09:44:29.513922+00	1	23	1	teste (@universal_tutors.rawjam.co.uk)	2	Changed application_id, api_key and application_secret.
29	2012-05-09 09:20:33.432294+00	1	11	1	/student-guide/ -- Student Guide	2	Changed template_name.
30	2012-05-09 09:20:57.15099+00	1	11	2	/tutor-guide/ -- Tutor Guide	2	Changed template_name.
31	2012-05-15 10:47:46.855686+00	1	43	1	British pound (GBP)	1	
32	2012-05-15 10:48:02.418414+00	1	43	2	Euro (EUR)	1	
33	2012-05-15 10:48:06.009065+00	1	43	2	Euro (EUR)	2	No fields changed.
34	2012-05-15 10:48:24.738443+00	1	43	3	American dollar (USD)	1	
35	2012-05-16 14:00:02.726532+00	1	46	1	Intro	1	
36	2012-05-16 14:00:39.120878+00	1	45	1	"Genius without education is like silver in the mine" Benjamin Franklin	1	
37	2012-05-16 14:00:42.591789+00	1	45	1	"Genius without education is like silver in the mine" Benjamin Franklin	2	No fields changed.
38	2012-05-16 15:22:05.249858+00	1	3	1	admin	2	Changed password. Changed featured for user profile "Tutor and Admin".
39	2012-05-18 14:11:03.048203+00	1	3	14	btower	2	Changed password. Changed credit for user profile "Bitor Towers".
40	2012-05-18 15:11:27.171642+00	1	7	1	universaltutors.rawjam.co.uk	2	Changed domain.
41	2012-05-18 17:46:00.998407+00	1	3	1	admin	2	Changed password. Changed crb_checked for user profile "Tutor and Admin".
42	2012-05-18 18:00:03.379827+00	1	3	2	student	2	Changed password. Changed type for user profile "First Student".
43	2012-05-25 15:28:53.399933+00	1	3	23	morganmclelland1	3	
44	2012-05-25 15:32:23.638242+00	1	3	24	morgan.mclelland.1	3	
45	2012-05-26 07:42:57.63433+00	1	24	2	Nick Crosthwaite (61001728)	3	
46	2012-06-11 13:54:55.758687+00	1	3	18	testtutor3	2	Changed password. Changed income and paypal_email for user profile "Test Tutor 3".
47	2012-06-11 13:55:55.914218+00	1	3	26	timjones	2	Changed password. Changed income, currency and paypal_email for user profile "Tim Jones".
48	2012-06-11 13:57:03.098859+00	1	3	17	meffect	2	Changed password. Changed paypal_email for user profile "Mass Effect".
49	2012-06-11 13:57:27.912656+00	1	3	20	safaritest	2	Changed password. Changed paypal_email for user profile "safari test".
50	2012-06-11 13:57:57.569139+00	1	3	5	TestTutor	2	Changed password. Changed about and paypal_email for user profile "John Snow".
51	2012-06-14 13:38:04.30795+00	1	46	2	Intro to Universal Tutors	1	
52	2012-06-14 13:38:53.763505+00	1	46	2	Intro to Universal Tutors	2	No fields changed.
53	2012-06-14 13:39:25.528087+00	1	46	2	Intro to Universal Tutors	2	Changed active.
54	2012-06-15 08:02:57.762479+00	1	46	2	Intro to Universal Tutors	2	Changed active.
55	2012-06-15 08:07:52.101343+00	1	46	2	Intro to Universal Tutors	2	Changed url.
56	2012-06-19 09:27:28.833309+00	1	61	1	England	1	
57	2012-06-19 09:53:04.603234+00	1	45	2	Im adding a quote to test the quote of the day	1	
58	2012-06-19 09:53:14.485234+00	1	45	3	And another to test 	1	
59	2012-06-19 10:40:44.263327+00	1	3	17	meffect	2	Changed password. Changed featured for user profile "Mass Effect".
60	2012-06-19 13:45:31.15302+00	1	46	3	Intro Students	1	
61	2012-06-20 09:18:47.634379+00	1	11	6	/privacy/ -- Privacy	2	Changed content.
62	2012-06-20 09:49:11.669937+00	1	11	3	/terms/ -- Terms & Conditions	2	Changed content.
63	2012-06-20 09:51:29.419875+00	1	11	3	/terms/ -- Terms & Conditions	2	Changed content.
64	2012-06-20 09:54:46.193356+00	1	61	1	England	2	Added Level "KS3". Added Level "KS4 GCSE".
65	2012-06-20 09:55:00.439051+00	1	61	1	England	2	Added Level "A Level". Added Level "IB".
66	2012-06-20 09:55:16.558299+00	1	61	1	England	2	Added Level "Under Graduate". Added Level "Post Graduate".
67	2012-06-20 09:55:28.449978+00	1	61	1	England	2	Added Level "Adult".
68	2012-06-20 09:56:07.004362+00	1	61	2	Scotland	1	
69	2012-06-20 09:56:21.093935+00	1	61	2	Scotland	2	Added Level "Intermediate Level". Added Level "Highers".
70	2012-06-20 09:56:36.231781+00	1	61	2	Scotland	2	Added Level "Under Graduate". Added Level "Post Graduate".
71	2012-06-20 09:56:40.682553+00	1	61	2	Scotland	2	Added Level "Adult".
72	2012-06-20 09:57:00.897466+00	1	61	3	Wales	1	
73	2012-06-20 09:57:13.05668+00	1	61	3	Wales	2	Added Level "KS4 GCSE". Added Level "A Level".
74	2012-06-20 09:57:24.872398+00	1	61	3	Wales	2	Added Level "IB". Added Level "Under Graduate".
75	2012-06-20 09:57:34.074542+00	1	61	3	Wales	2	Added Level "Post Graduate". Added Level "Adult".
76	2012-06-20 09:58:09.119312+00	1	61	4	USA	1	
77	2012-06-20 09:58:39.673433+00	1	61	4	USA	2	Added Level "High School 9 - 12". Added Level "Undergraduate".
78	2012-06-20 09:58:57.610253+00	1	61	4	USA	2	Added Level "Post Graduate". Added Level "Adult". Changed level for Level "Under Graduate".
79	2012-06-20 09:59:37.45421+00	1	61	5	Australia	1	
80	2012-06-20 09:59:54.913698+00	1	61	5	Australia	2	Added Level "Years 11-12". Added Level "Bachelor's".
81	2012-06-20 10:00:05.952793+00	1	61	5	Australia	2	Added Level "Master's". Added Level "Adult".
82	2012-06-20 10:01:47.063522+00	1	61	6	India	1	
83	2012-06-20 10:02:02.67282+00	1	61	6	India	2	Added Level "Grades IX-X". Added Level "Grades XI-XII".
84	2012-06-20 10:02:15.271212+00	1	61	6	India	2	Added Level "Bachelor's". Added Level "Master's".
85	2012-06-20 10:02:20.692247+00	1	61	6	India	2	Added Level "Adult".
86	2012-06-20 10:02:49.186749+00	1	61	7	China	1	
87	2012-06-20 10:03:04.741868+00	1	61	7	China	2	Added Level "Grades 10-12". Added Level "Bachelor's".
88	2012-06-20 10:03:12.361308+00	1	61	7	China	2	Added Level "Master's". Added Level "Adult".
89	2012-06-20 10:03:51.0487+00	1	61	8	France	1	
90	2012-06-20 10:04:05.631642+00	1	61	8	France	2	Added Level "Baccalaurat". Added Level "Bachelor's".
91	2012-06-20 10:04:12.125047+00	1	61	8	France	2	Added Level "Master's". Added Level "Adult".
92	2012-06-20 10:05:10.848305+00	1	61	9	Germany	1	
93	2012-06-20 10:05:29.620893+00	1	61	9	Germany	2	Added Level "Mittlere Reife". Added Level "Abitur".
94	2012-06-20 10:05:36.339318+00	1	61	9	Germany	2	Added Level "Bachelor's". Added Level "Master's".
95	2012-06-20 10:05:41.329219+00	1	61	9	Germany	2	Added Level "Adult".
96	2012-06-20 10:06:11.98968+00	1	61	10	Canada (Outside of Quebec)	1	
97	2012-06-20 10:06:25.088935+00	1	61	10	Canada (Outside of Quebec)	2	Added Level "High School 9 - 12". Added Level "Under Graduate".
98	2012-06-20 10:06:32.954895+00	1	61	10	Canada (Outside of Quebec)	2	Added Level "Post Graduate". Added Level "Adult".
99	2012-06-20 10:12:42.271631+00	1	29	43	Arabic	1	
100	2012-06-20 10:12:51.894142+00	1	29	44	Biology	1	
101	2012-06-20 10:12:59.65173+00	1	29	45	Business	1	
102	2012-06-20 10:13:12.213035+00	1	29	46	Chemistry	1	
103	2012-06-20 10:13:23.980095+00	1	29	47	Chinese	1	
104	2012-06-20 10:13:34.014532+00	1	29	48	Computer Science	1	
105	2012-06-20 10:13:44.256243+00	1	29	49	Economics	1	
106	2012-06-20 10:13:53.680591+00	1	29	50	English	1	
107	2012-06-20 10:14:01.805936+00	1	29	51	French	1	
108	2012-06-20 10:14:11.005133+00	1	29	52	Geography	1	
109	2012-06-20 10:14:20.891083+00	1	29	53	German	1	
110	2012-06-20 10:14:31.684575+00	1	29	54	History	1	
111	2012-06-20 10:14:43.535185+00	1	29	55	Italian	1	
112	2012-06-20 10:14:53.314825+00	1	29	56	Japanese	1	
113	2012-06-20 10:15:03.984737+00	1	29	57	Latin	1	
114	2012-06-20 10:15:10.558098+00	1	29	58	Mathematics	1	
115	2012-06-20 10:15:17.617401+00	1	29	59	Physics	1	
116	2012-06-20 10:15:25.38471+00	1	29	60	Politics	1	
117	2012-06-20 10:15:32.292379+00	1	29	61	Science	1	
118	2012-06-20 10:15:39.855871+00	1	29	62	Spanish	1	
119	2012-06-20 10:15:53.515794+00	1	29	63	11+ Exam Prep	1	
120	2012-06-20 10:16:07.262309+00	1	29	64	ACT Exam Prep	1	
121	2012-06-20 10:16:21.334824+00	1	29	65	GMAT Exam Prep	1	
122	2012-06-20 10:16:29.699432+00	1	29	66	GRE Exam Prep	1	
123	2012-06-20 10:16:41.67455+00	1	29	67	SAT Exam Prep	1	
124	2012-06-20 10:17:07.025879+00	1	29	1	Math	3	
125	2012-06-20 10:17:33.039204+00	1	29	3	Jewish	3	
126	2012-06-20 10:17:41.563365+00	1	29	4	Maths	3	
127	2012-06-20 10:17:48.279096+00	1	29	5	mhts	3	
128	2012-06-20 10:17:53.806378+00	1	29	7	cosmology	3	
129	2012-06-20 10:17:59.069579+00	1	29	8	pc games	3	
130	2012-06-20 10:18:03.491202+00	1	29	6	Chemistry	3	
131	2012-06-20 10:18:25.619582+00	1	29	9	Test Subject 1, Level 1	3	
132	2012-06-20 10:18:30.60476+00	1	29	10	Test Subject 2, Level 2	3	
133	2012-06-20 10:18:34.197192+00	1	29	11	Test Subject 3, Level 3	3	
134	2012-06-20 10:18:37.327903+00	1	29	12	Test Subject 4, Level 4	3	
135	2012-06-20 10:18:40.790305+00	1	29	13	Test Subject 5, Level 5	3	
136	2012-06-20 10:18:44.748655+00	1	29	14	Test Subject 6, Level 6	3	
137	2012-06-20 10:18:47.566264+00	1	29	15	Test Subject 7, Level 7	3	
138	2012-06-20 10:18:50.707012+00	1	29	16	Test Subject 8, Level 8	3	
139	2012-06-20 10:18:54.571681+00	1	29	17	Test Subject 9, Level 9	3	
140	2012-06-20 10:18:57.883087+00	1	29	18	Test Subject 10, Level 10	3	
141	2012-06-20 10:19:05.720456+00	1	29	19	Test Subject 11, Level 11	3	
142	2012-06-20 10:19:08.743348+00	1	29	20	Test Subject 12, Level 12	3	
143	2012-06-20 10:19:26.646715+00	1	29	21	Test Subject 13, Level 13	3	
144	2012-06-20 10:19:32.487305+00	1	29	23	asd	3	
145	2012-06-20 10:19:36.168045+00	1	29	24	ituygvf	3	
146	2012-06-20 10:19:39.886401+00	1	29	27	11 	3	
147	2012-06-20 10:19:43.978934+00	1	29	28	spooning	3	
148	2012-06-20 10:19:47.027555+00	1	29	29	Maths GCSE	3	
149	2012-06-20 10:19:50.410853+00	1	29	30	Maths A-Level	3	
150	2012-06-20 10:20:05.113546+00	1	29	32	Biology GCSE	3	
151	2012-06-20 10:20:09.823848+00	1	29	33	Chemistry A-Level	3	
152	2012-06-20 10:20:13.446832+00	1	29	34	Physics A-Level	3	
153	2012-06-20 10:20:16.945617+00	1	29	35	Biology A-Level	3	
154	2012-06-20 10:20:21.076682+00	1	29	36	Physics GCSE	3	
155	2012-06-20 10:20:23.990786+00	1	29	37	Science KS3	3	
156	2012-06-20 10:20:26.926683+00	1	29	38	Science KS2	3	
157	2012-06-20 10:20:30.27889+00	1	29	39	Sciences KS4	3	
158	2012-06-20 10:20:56.597997+00	1	29	40	Science KS4	3	
159	2012-06-20 10:21:00.471915+00	1	29	41	science	3	
160	2012-06-20 10:21:03.670144+00	1	29	42	tyhftfhhrt	3	
161	2012-06-20 10:21:17.812816+00	1	29	2	English	3	
162	2012-06-20 10:21:27.671057+00	1	29	25	Physics	3	
163	2012-06-20 10:21:35.61587+00	1	29	26	Biology	3	
164	2012-06-20 10:21:39.131885+00	1	29	31	11+	3	
165	2012-06-20 10:22:03.052542+00	1	61	2	Scotland	2	Added educational system country "United Kingdom".
166	2012-06-20 10:22:07.685357+00	1	61	3	Wales	2	Added educational system country "United Kingdom".
167	2012-06-20 12:09:30.183624+00	1	3	1	admin	2	Changed email.
168	2012-06-20 12:11:17.486879+00	1	3	1	admin	2	Changed crb_expiry_date for user profile "Tutor and Admin".
169	2012-06-21 09:47:46.636046+00	1	3	27	test_morgan	2	Changed username.
170	2012-06-21 09:52:25.280908+00	1	3	3	Testing_sign_up	2	Changed username.
171	2012-06-21 09:52:45.098782+00	1	3	4	testing_parent	2	Changed username.
172	2012-06-21 10:11:47.243435+00	1	30	47	English (KS2)	2	Changed alert_sent.
173	2012-06-21 10:13:11.242265+00	1	30	47	English (KS2)	2	No fields changed.
174	2012-06-21 10:23:24.892759+00	1	30	47	English (KS2)	2	Changed alert_sent.
175	2012-06-21 10:24:40.864316+00	1	30	47	English (KS2)	2	Changed alert_sent.
176	2012-06-21 10:26:21.729055+00	1	30	47	English (KS2)	2	Changed alert_sent.
177	2012-06-21 10:27:00.454154+00	1	30	47	English (KS2)	2	Changed alert_sent.
178	2012-06-21 10:28:31.000894+00	1	30	47	English (KS2)	2	Changed date and alert_sent.
179	2012-06-21 10:31:34.324317+00	1	30	47	English (KS2)	2	Changed alert_sent.
180	2012-06-21 10:35:01.672692+00	1	30	47	English (KS2)	2	Changed alert_sent.
181	2012-06-21 10:35:17.540856+00	1	30	47	English (KS2)	2	Changed alert_sent.
182	2012-06-21 10:39:19.122115+00	1	30	47	English (KS2)	2	Changed alert_sent.
183	2012-06-21 10:42:25.100463+00	1	30	47	English (KS2)	2	Changed alert_sent.
184	2012-06-21 10:43:48.427402+00	1	30	47	English (KS2)	2	Changed alert_sent.
185	2012-06-21 10:52:05.95958+00	1	30	47	English (KS2)	2	Changed cancelation_reason, status and alert_sent.
186	2012-06-21 10:52:18.483384+00	1	30	47	English (KS2)	2	Changed date.
187	2012-06-21 11:05:27.609893+00	1	3	8	child	2	Changed date_of_birth for user profile "Child Test".
188	2012-06-21 12:46:20.005898+00	1	66	1	50.0	1	
189	2012-06-21 12:46:27.784894+00	1	66	2	100.0	1	
190	2012-06-21 12:46:35.371811+00	1	66	3	150.0	1	
191	2012-06-21 12:46:47.240593+00	1	66	4	200.0	1	
192	2012-06-22 09:58:54.905605+00	1	45	3	And another to test 	3	
193	2012-06-22 09:58:54.975179+00	1	45	2	Im adding a quote to test the quote of the day	3	
194	2012-06-22 09:59:14.332035+00	1	45	4	"What we learn with pleasure we never forget" Alfred Mericer	1	
195	2012-06-22 09:59:48.83411+00	1	45	5	Learning without thought is labour lost; thought without learning is perilous Confucius	1	
196	2012-06-22 10:17:08.018178+00	1	3	5	TestTutor	2	Changed featured for user profile "John Snow".
197	2012-06-22 10:17:53.576874+00	1	3	20	safaritest	2	Changed featured for user profile "safari test".
198	2012-06-25 13:38:22.108367+00	1	45	6	"Whatever is good to know is difficult to learn" - Greek Proverb	1	
199	2012-06-25 13:40:58.764777+00	1	45	6	"Whatever is good to know is difficult to learn" - Greek Proverb	2	No fields changed.
200	2012-06-26 08:41:46.649245+00	1	3	1	admin	2	Changed email.
201	2012-06-26 08:43:09.154003+00	1	3	1	admin	2	Changed crb_expiry_date for user profile "Tutor and Admin".
202	2012-06-26 08:43:57.264757+00	1	3	1	admin	2	Changed crb_expiry_date for user profile "Tutor and Admin".
203	2012-06-28 16:17:07.658798+00	1	3	12	testtutor	2	Changed email.
204	2012-06-28 16:22:40.895883+00	1	3	12	testtutor	2	Changed email. Changed date_of_birth and type for user profile "A test Tutor".
205	2012-06-29 09:40:18.876348+00	1	3	12	testtutor	3	
206	2012-06-29 09:40:42.451251+00	1	3	30	sadsa_das_dsa	3	
207	2012-06-29 09:40:42.453955+00	1	3	31	sadsa_das_dsa2	3	
208	2012-06-29 09:40:42.455336+00	1	3	32	sadsa_das_dsa23	3	
209	2012-06-29 09:40:42.456609+00	1	3	33	sadsa_das_dsa233	3	
210	2012-06-29 09:42:09.700816+00	1	3	35	asdsad	3	
211	2012-06-29 11:12:10.419628+00	1	11	6	/privacy/ -- Privacy Policy	2	Changed title.
212	2012-06-29 11:12:27.961179+00	1	11	3	/terms/ -- Terms of use	2	Changed title.
213	2012-06-29 12:06:27.630738+00	1	11	6	/privacy_of_policy/ -- Privacy Policy	2	Changed url.
214	2012-06-29 12:06:31.424576+00	1	11	6	/privacy_of_policy/ -- Privacy Policy	2	No fields changed.
215	2012-06-29 12:06:55.597591+00	1	11	6	/privacy-of-policy -- Privacy Policy	2	Changed url.
216	2012-06-29 12:07:10.899081+00	1	11	6	/privacy-of-policy/ -- Privacy Policy	2	Changed url.
217	2012-06-29 12:07:26.565404+00	1	11	3	/terms-of-use/ -- Terms of use	2	Changed url.
218	2012-06-29 12:10:56.814359+00	1	11	6	/privacy-policy/ -- Privacy Policy	2	Changed url.
219	2012-06-29 13:36:49.332433+00	1	69	1	What is Universal Tutors?	1	
220	2012-06-29 13:37:32.682976+00	1	69	2	Why Universal Tutors?	1	
221	2012-06-29 13:38:47.956336+00	1	69	3	What does the sign-up process entail?	1	
222	2012-06-29 13:39:44.433367+00	1	69	4	How should I price my classes?	1	
223	2012-06-29 13:40:31.399321+00	1	69	5	What is the CRB check for? (UK only, criminal record checks for other areas to follow shortly)	1	
224	2012-06-29 13:40:55.589141+00	1	69	6	How do I get a CRB check?	1	
225	2012-06-29 13:41:15.94855+00	1	69	7	What documents should I upload?	1	
226	2012-06-29 13:41:34.885026+00	1	69	8	How can I learn how to use the virtual classroom?	1	
227	2012-06-29 13:41:59.606432+00	1	69	9	Is the sign up process easy?	1	
228	2012-06-29 13:42:23.064517+00	1	69	10	If Im under the age of 16 do I need a parent to sign-up with me?	1	
229	2012-06-29 13:43:36.484969+00	1	69	11	How do the parent accounts work?	1	
230	2012-06-29 13:46:54.437526+00	1	69	12	How does the search function work?	1	
231	2012-06-29 13:49:05.467613+00	1	69	13	How can I tell if a tutor is good quality or not?	1	
232	2012-06-29 13:49:05.597563+00	1	69	14	How can I tell if a tutor is good quality or not?	1	
233	2012-06-29 13:51:16.615007+00	1	69	15	How can I ensure that the tutor knows the subject that I want to learn?	1	
234	2012-06-29 13:54:18.21319+00	1	69	16	Why priced so differently?	1	
235	2012-06-29 13:54:40.607121+00	1	69	17	How do I schedule a class?	1	
236	2012-06-29 13:54:58.858414+00	1	69	18	What is the cancellation policy?	1	
237	2012-06-29 13:55:18.944044+00	1	69	19	What does a class entail?	1	
238	2012-06-29 13:55:42.463656+00	1	69	20	How long are the tutoring sessions?	1	
239	2012-06-29 13:56:27.495896+00	1	69	21	What tools are available in the virtual classroom?	1	
240	2012-06-29 13:57:01.306118+00	1	69	22	Do I require any special software or equipment? 	1	
241	2012-06-29 13:57:30.180871+00	1	69	23	Why can I not take a class on my mobile device?	1	
242	2012-06-29 13:57:51.740042+00	1	69	24	How can I make sure that I'm learning the right stuff?	1	
243	2012-06-29 13:58:39.811572+00	1	69	25	As a parent can I monitor progress and quality of teaching?	1	
244	2012-06-29 13:58:58.342317+00	1	69	26	What if I dont like the tutor?	1	
245	2012-06-29 13:59:16.92771+00	1	69	27	How does the credit system work?	1	
246	2012-06-29 13:59:56.558135+00	1	69	28	How can I buy credits?	1	
247	2012-06-29 14:00:13.16754+00	1	69	29	How do tutors get paid?	1	
248	2012-06-29 14:01:36.886024+00	1	69	30	What commission does Universal Tutors take?	1	
249	2012-06-29 14:01:58.059894+00	1	69	31	How does the rating and review system for tutors work?	1	
250	2012-06-29 14:02:19.150779+00	1	69	32	What feedback do students receive?	1	
251	2012-06-29 14:02:42.491218+00	1	69	33	How do you ensure classes are carried out in a safe and responsible way?	1	
252	2012-06-29 14:03:11.547647+00	1	69	34	What should my role as a parent be in ensuring online safety for my child?	1	
253	2012-06-29 14:03:36.206649+00	1	69	35	Is all my financial data secure?	1	
254	2012-06-29 14:05:05.159974+00	1	69	36	What do I do if Ive forgotten my log-in details?	1	
255	2012-06-29 14:05:22.191312+00	1	69	37	What is the referral system?	1	
256	2012-06-29 14:05:56.668744+00	1	69	38	What should I do if I come across any inappropriate content on the site?	1	
257	2012-06-29 14:06:19.29195+00	1	69	39	What if the subject I want is not listed?	1	
258	2012-06-29 14:06:47.728691+00	1	69	40	How do I provide feedback to Universal Tutors?	1	
259	2012-06-29 14:08:18.370832+00	1	68	1	Getting Started - Tutors	1	
260	2012-06-29 14:08:28.86601+00	1	68	2	Getting Started - Students	1	
261	2012-06-29 14:08:39.916165+00	1	68	3	Getting Started - Parents	1	
262	2012-06-29 14:08:57.846474+00	1	68	4	Finding a tutor and scheduling a class	1	
263	2012-06-29 14:09:05.588924+00	1	68	5	Classes	1	
264	2012-06-29 14:09:16.120565+00	1	68	6	Payment System	1	
265	2012-06-29 14:09:26.564695+00	1	68	7	Two-Way Feedback	1	
266	2012-06-29 14:09:34.860929+00	1	68	8	Safety	1	
267	2012-06-29 14:09:39.820459+00	1	68	9	Other	1	
268	2012-06-29 14:19:16.968691+00	1	69	3	What does the sign-up process entail?	2	Changed section.
269	2012-06-29 14:19:16.986301+00	1	69	4	How should I price my classes?	2	Changed section.
428	2012-07-26 14:57:10.377304+00	1	71	40	Canada	2	Changed timezones.
430	2012-07-26 14:58:28.801061+00	1	71	46	China	2	Changed timezones.
270	2012-06-29 14:19:16.990671+00	1	69	5	What is the CRB check for? (UK only, criminal record checks for other areas to follow shortly)	2	Changed section.
271	2012-06-29 14:19:17.063779+00	1	69	6	How do I get a CRB check?	2	Changed section.
272	2012-06-29 14:19:17.158664+00	1	69	7	What documents should I upload?	2	Changed section.
273	2012-06-29 14:19:17.163318+00	1	69	8	How can I learn how to use the virtual classroom?	2	Changed section.
274	2012-06-29 14:19:17.167744+00	1	69	9	Is the sign up process easy?	2	Changed section.
275	2012-06-29 14:19:17.173152+00	1	69	10	If Im under the age of 16 do I need a parent to sign-up with me?	2	Changed section.
276	2012-06-29 14:19:17.177633+00	1	69	11	How do the parent accounts work?	2	Changed section.
277	2012-06-29 14:20:44.746083+00	1	69	19	What does a class entail?	2	Changed section.
278	2012-06-29 14:20:44.837052+00	1	69	20	How long are the tutoring sessions?	2	Changed section.
279	2012-06-29 14:20:44.849388+00	1	69	21	What tools are available in the virtual classroom?	2	Changed section.
280	2012-06-29 14:20:44.854046+00	1	69	22	Do I require any special software or equipment? 	2	Changed section.
281	2012-06-29 14:20:44.861205+00	1	69	23	Why can I not take a class on my mobile device?	2	Changed section.
282	2012-06-29 14:20:44.868674+00	1	69	24	How can I make sure that I'm learning the right stuff?	2	Changed section.
283	2012-06-29 14:20:44.873908+00	1	69	25	As a parent can I monitor progress and quality of teaching?	2	Changed section.
284	2012-06-29 14:20:44.878404+00	1	69	26	What if I dont like the tutor?	2	Changed section.
285	2012-06-29 14:20:44.883175+00	1	69	27	How does the credit system work?	2	Changed section.
286	2012-06-29 14:20:44.88786+00	1	69	28	How can I buy credits?	2	Changed section.
287	2012-06-29 14:20:44.892816+00	1	69	29	How do tutors get paid?	2	Changed section.
288	2012-06-29 14:20:44.897676+00	1	69	30	What commission does Universal Tutors take?	2	Changed section.
289	2012-06-29 14:21:35.285496+00	1	69	14	How can I tell if a tutor is good quality or not?	3	
290	2012-06-29 14:25:40.384751+00	1	69	16	Why are tutor's priced so differently?	2	Changed question.
291	2012-06-29 14:26:47.606628+00	1	69	16	Why are tutor's priced so differently?	2	Changed section.
292	2012-06-29 14:26:47.622816+00	1	69	18	What is the cancellation policy?	2	Changed section.
293	2012-06-29 14:26:47.627687+00	1	69	17	How do I schedule a class?	2	Changed section.
294	2012-06-29 14:26:47.631823+00	1	69	15	How can I ensure that the tutor knows the subject that I want to learn?	2	Changed section.
295	2012-06-29 14:26:47.636747+00	1	69	13	How can I tell if a tutor is good quality or not?	2	Changed section.
296	2012-06-29 14:27:10.374973+00	1	69	12	How does it work?	2	Changed question.
297	2012-06-29 14:27:30.372612+00	1	69	12	How does it work?	2	Changed section.
298	2012-06-29 14:28:52.710543+00	1	69	31	How does the rating and review system for tutors work?	2	Changed section.
299	2012-06-29 14:28:52.716346+00	1	69	32	What feedback do students receive?	2	Changed section.
300	2012-06-29 14:28:52.721619+00	1	69	33	How do you ensure classes are carried out in a safe and responsible way?	2	Changed section.
301	2012-06-29 14:28:52.725833+00	1	69	34	What should my role as a parent be in ensuring online safety for my child?	2	Changed section.
302	2012-06-29 14:28:52.73057+00	1	69	35	Is all my financial data secure?	2	Changed section.
303	2012-06-29 14:28:52.735525+00	1	69	36	What do I do if Ive forgotten my log-in details?	2	Changed section.
304	2012-06-29 14:28:52.740416+00	1	69	37	What is the referral system?	2	Changed section.
305	2012-06-29 14:28:52.744585+00	1	69	38	What should I do if I come across any inappropriate content on the site?	2	Changed section.
306	2012-06-29 14:28:52.748775+00	1	69	39	What if the subject I want is not listed?	2	Changed section.
307	2012-06-29 14:28:52.752969+00	1	69	40	How do I provide feedback to Universal Tutors?	2	Changed section.
308	2012-06-29 16:01:31.734427+00	1	67	10	Class is about to start	2	Changed body.
309	2012-07-02 09:22:19.334272+00	1	34	13	bad (2)	2	Changed is_active.
310	2012-07-02 11:15:27.004397+00	1	69	11	How do the parent accounts work?	2	Changed answers.
311	2012-07-02 13:43:06.016781+00	1	3	1	admin	2	Changed crb_expiry_date for user profile "Tutor and Admin".
312	2012-07-02 14:38:23.436011+00	1	67	12	The CRB is going to expire in less than 60 days	2	Changed subject.
313	2012-07-02 14:41:32.989151+00	1	3	1	admin	2	Changed crb_expiry_date for user profile "Tutor and Admin".
314	2012-07-04 15:31:50.446432+00	1	29	70	jij	3	
315	2012-07-04 15:31:50.598422+00	1	29	69	ojouj	3	
316	2012-07-04 15:31:50.600349+00	1	29	22		3	
317	2012-07-04 15:31:58.746861+00	1	29	68	admin	3	
318	2012-07-13 14:54:27.737139+00	1	30	None	Chemistry A Level	1	
319	2012-07-17 15:08:25.847253+00	1	67	10	Class is about to start	2	Changed body.
320	2012-07-17 15:08:31.447434+00	1	67	1	A new class has been booked	2	Changed body.
321	2012-07-18 15:17:17.330009+00	1	67	14	New tutor	1	
322	2012-07-19 09:21:43.816185+00	1	58	1	Question 1: Why morgan?	2	Changed title.
323	2012-07-19 09:23:04.932326+00	1	58	1	Question 1: How is your overall impression of Universal Tutors?	2	Changed title.
324	2012-07-19 09:36:38.583662+00	1	58	2	Question 2: How easy is it to find a great tutor?	2	Changed position.
325	2012-07-19 09:36:38.589281+00	1	58	3	Question 3: How is the classroom experience?	2	Changed position.
326	2012-07-19 09:36:38.593545+00	1	58	4	Question 4: What do you think of the private dashboard area?	2	Changed position.
668	2012-08-10 10:22:34.068454+00	1	3	54	dfdsfd	3	
327	2012-07-19 09:37:12.62659+00	1	58	1	How is your overall impression of Universal Tutors?	2	Changed title and slug. Changed position for feedback question option "It'll do". Changed position for feedback question option "Not half-bad". Changed position for feedback question option "Top-notch". Changed position for feedback question option "Mind-blowing".
328	2012-07-19 09:38:04.714713+00	1	58	2	How easy is it to find a great tutor?	2	Changed title and slug. Changed position for feedback question option "Took no time". Changed position for feedback question option "Just fine". Changed position for feedback question option "A little tricky". Changed position for feedback question option "Far too hard".
329	2012-07-19 09:38:30.706299+00	1	58	3	How is the classroom experience?	2	Changed title and slug. Changed position for feedback question option "It'll do". Changed position for feedback question option "Not half-bad". Changed position for feedback question option "Top-notch". Changed position for feedback question option "Mind-blowing".
330	2012-07-19 09:38:48.513695+00	1	58	4	What do you think of the private dashboard area?	2	Changed title and slug. Changed position for feedback question option "It'll do". Changed position for feedback question option "Not half-bad". Changed position for feedback question option "Top-notch". Changed position for feedback question option "Mind-blowing".
331	2012-07-19 11:21:18.533151+00	1	71	1	United Kingdom	2	Changed timezones.
332	2012-07-19 11:47:58.777329+00	1	67	1	A new class has been booked	2	Changed body.
333	2012-07-19 11:49:22.86317+00	1	67	3	A class has been accepted by tutor	2	Changed body.
334	2012-07-19 11:50:21.059793+00	1	67	1	A new class has been booked	2	No fields changed.
429	2012-07-26 14:57:40.432548+00	1	71	40	Canada	2	Changed timezones.
335	2012-07-19 14:30:25.707991+00	1	26	17	David Timpson	2	Changed profile_image_approved, about_approved, video_approved and qualification_documents_approved.
336	2012-07-19 14:30:26.581765+00	1	26	5	John Snow	2	Changed profile_image_approved, about_approved, video_approved and qualification_documents_approved.
337	2012-07-19 14:30:27.402236+00	1	26	1	Marcus Jones	2	Changed profile_image_approved, about_approved, video_approved and qualification_documents_approved.
338	2012-07-19 14:33:10.209525+00	1	26	28	Tim Jones	2	Changed profile_image_approved, about_approved and video_approved.
339	2012-07-19 14:34:07.317989+00	1	26	28	Tim Jones	2	Changed featured.
340	2012-07-19 14:34:26.538867+00	1	26	28	Tim Jones	2	Changed activated.
341	2012-07-19 14:36:01.146937+00	1	26	28	Tim Jones	2	Changed qualification_documents_approved.
342	2012-07-20 10:11:45.073185+00	1	50	107	[safaritest] Processing: 27	3	
343	2012-07-20 10:11:45.149058+00	1	50	104	[safaritest] Processing: 27	3	
344	2012-07-20 10:11:45.150703+00	1	50	102	[safaritest] Processing: 27	3	
345	2012-07-20 10:11:45.152134+00	1	50	100	[safaritest] Processing: 27	3	
346	2012-07-20 10:11:45.153559+00	1	50	98	[safaritest] Processing: 27	3	
347	2012-07-20 10:11:45.154996+00	1	50	96	[safaritest] Processing: 27	3	
348	2012-07-20 10:11:45.156397+00	1	50	94	[safaritest] Processing: 27	3	
349	2012-07-20 10:11:45.157816+00	1	50	92	[safaritest] Processing: 27	3	
350	2012-07-20 10:11:45.159292+00	1	50	90	[safaritest] Processing: 27	3	
351	2012-07-20 10:11:45.160701+00	1	50	87	[safaritest] Processing: 27	3	
352	2012-07-20 10:11:45.162183+00	1	50	84	[safaritest] Processing: 27	3	
353	2012-07-20 10:11:45.1638+00	1	50	81	[safaritest] Processing: 27	3	
354	2012-07-20 10:11:45.165241+00	1	50	78	[safaritest] Processing: 27	3	
355	2012-07-20 10:11:45.166637+00	1	50	75	[safaritest] Processing: 27	3	
356	2012-07-20 10:11:45.168107+00	1	50	72	[safaritest] Processing: 27	3	
357	2012-07-20 10:11:45.16953+00	1	50	69	[safaritest] Processing: 27	3	
358	2012-07-20 10:11:45.171025+00	1	50	66	[safaritest] Processing: 27	3	
359	2012-07-20 10:11:45.172447+00	1	50	60	[safaritest] Processing: 27	3	
360	2012-07-20 10:11:45.173937+00	1	50	57	[safaritest] Processing: 27	3	
361	2012-07-20 10:11:45.175356+00	1	50	50	[admin] Processing: 124	3	
362	2012-07-20 10:11:45.176804+00	1	50	49	[admin] Processing: 124	3	
363	2012-07-20 10:11:45.178245+00	1	50	48	[safaritest] Processing: 27	3	
364	2012-07-20 10:11:45.179637+00	1	50	47	[admin] Processing: 124	3	
365	2012-07-20 10:11:45.181005+00	1	50	44	[safaritest] Processing: 27	3	
366	2012-07-20 10:11:45.182422+00	1	50	41	[meffect] Processing: 40	3	
367	2012-07-20 10:11:45.183831+00	1	50	38	[TestTutor] Processing: 62	3	
368	2012-07-20 10:11:45.185249+00	1	50	35	[admin] Processing: 124	3	
369	2012-07-20 10:11:45.186684+00	1	50	32	[safaritest] Processing: 27	3	
370	2012-07-20 10:11:45.188131+00	1	50	31	[admin] Processing: 124	3	
371	2012-07-20 10:11:45.189574+00	1	50	30	[meffect] Processing: 40	3	
372	2012-07-20 10:11:45.190996+00	1	50	29	[TestTutor] Processing: 62	3	
373	2012-07-20 10:11:45.192405+00	1	50	28	[safaritest] Processing: 27	3	
374	2012-07-20 10:11:45.193831+00	1	50	27	[admin] Processing: 124	3	
375	2012-07-20 10:11:45.195274+00	1	50	26	[meffect] Processing: 40	3	
376	2012-07-20 10:11:45.19676+00	1	50	25	[TestTutor] Processing: 62	3	
377	2012-07-20 10:11:45.198175+00	1	50	24	[safaritest] Processing: 27	3	
378	2012-07-20 10:11:45.199579+00	1	50	23	[admin] Processing: 124	3	
379	2012-07-20 10:11:45.200984+00	1	50	22	[meffect] Processing: 40	3	
380	2012-07-20 10:11:45.202395+00	1	50	21	[TestTutor] Processing: 62	3	
381	2012-07-20 10:11:45.20381+00	1	50	20	[safaritest] Processing: 27	3	
382	2012-07-20 10:11:45.205244+00	1	50	19	[admin] Processing: 124	3	
383	2012-07-20 10:11:45.206663+00	1	50	18	[meffect] Processing: 40	3	
384	2012-07-20 10:11:45.208083+00	1	50	17	[TestTutor] Processing: 62	3	
385	2012-07-20 10:11:45.209486+00	1	50	16	[safaritest] Processing: 27	3	
386	2012-07-20 10:11:45.210927+00	1	50	15	[admin] Processing: 124	3	
387	2012-07-20 10:11:45.212348+00	1	50	14	[meffect] Processing: 40	3	
388	2012-07-20 10:11:45.213741+00	1	50	13	[TestTutor] Processing: 62	3	
389	2012-07-20 10:11:45.215147+00	1	50	12	[admin] Processing: 124	3	
390	2012-07-20 10:11:45.216527+00	1	50	11	[safaritest] Processing: 27	3	
391	2012-07-20 10:11:45.217941+00	1	50	10	[TestTutor] Processing: 62	3	
392	2012-07-20 10:11:45.219369+00	1	50	9	[admin] Processing: 124	3	
393	2012-07-20 10:11:45.220828+00	1	50	8	[safaritest] Processing: 27	3	
394	2012-07-20 10:11:45.222352+00	1	50	7	[TestTutor] Processing: 62	3	
395	2012-07-20 10:11:45.223776+00	1	50	6	[admin] Processing: 124	3	
396	2012-07-20 10:11:45.225177+00	1	50	5	[safaritest] Processing: 27	3	
397	2012-07-20 10:11:45.226577+00	1	50	4	[TestTutor] Processing: 62	3	
398	2012-07-20 10:11:45.227984+00	1	50	3	[admin] Processing: 124	3	
399	2012-07-20 10:11:45.229414+00	1	50	2	[safaritest] Processing: 27	3	
400	2012-07-20 10:11:45.230805+00	1	50	1	[TestTutor] Processing: 62	3	
401	2012-07-20 12:11:48.8371+00	1	11	3	/terms-of-use/ -- Terms of use	2	Changed content.
402	2012-07-20 12:15:46.227023+00	1	11	3	/terms-of-use/ -- Terms of use	2	Changed content.
403	2012-07-20 12:17:45.719157+00	1	11	3	/terms-of-use/ -- Terms of use	2	Changed content.
404	2012-07-20 12:49:46.593648+00	1	11	3	/terms-of-use/ -- Terms of use	2	Changed content.
405	2012-07-20 13:08:53.200637+00	1	11	3	/terms-of-use/ -- Terms of use	2	Changed content.
406	2012-07-20 13:25:30.220466+00	1	11	3	/terms-of-use/ -- Terms of use	2	Changed content.
407	2012-07-20 13:29:18.423255+00	1	11	3	/terms-of-use/ -- Terms of use	2	Changed content.
408	2012-07-24 14:03:58.488001+00	1	75	1	Student Test	1	
409	2012-07-24 16:00:09.501795+00	1	71	75	France	2	Changed timezones.
410	2012-07-25 08:40:52.613708+00	1	71	20	Bahrain	2	Changed timezones.
411	2012-07-25 16:41:11.302828+00	1	71	38	Cambodia	2	Changed timezones.
412	2012-07-26 10:18:26.068668+00	1	75	2	Child test	1	
413	2012-07-26 10:53:29.266701+00	1	71	173	Portugal	2	Changed timezones.
414	2012-07-26 10:58:06.735393+00	1	75	3	Test for tutors	1	
415	2012-07-26 12:11:29.291268+00	1	30	45	Test class	2	Changed date and status.
416	2012-07-26 13:01:47.640291+00	1	67	10	Class is about to start	2	Changed body.
417	2012-07-26 13:02:09.789971+00	1	67	10	Class is about to start	2	No fields changed.
418	2012-07-26 13:08:56.018933+00	1	3	2	student	2	Changed email.
419	2012-07-26 14:50:07.306081+00	1	71	29	Bolivia	2	Changed timezones.
420	2012-07-26 14:51:03.194181+00	1	71	13	Argentina	2	Changed timezones.
421	2012-07-26 14:51:05.510018+00	1	71	237		1	
422	2012-07-26 14:54:29.09093+00	1	71	16	Australia	2	Changed timezones.
423	2012-07-26 14:54:51.254808+00	1	71	17	Austria	2	Changed timezones.
424	2012-07-26 14:55:14.133008+00	1	71	24	Belgium	2	Changed timezones.
425	2012-07-26 14:55:50.69112+00	1	71	33	Brazil	2	Changed timezones.
426	2012-07-26 14:56:16.912637+00	1	71	40	Canada	2	Changed timezones.
427	2012-07-26 14:56:28.059365+00	1	71	40	Canada	2	No fields changed.
431	2012-07-26 14:59:10.329254+00	1	71	75	France	2	Changed timezones.
432	2012-07-26 14:59:53.321558+00	1	71	81	Germany	2	Changed timezones.
433	2012-07-26 15:00:23.179373+00	1	71	96	Hong Kong	2	Changed timezones.
434	2012-07-26 15:01:16.847798+00	1	71	99	India	2	Changed timezones.
435	2012-07-26 15:01:51.98001+00	1	71	100	Indonesia	2	Changed timezones.
436	2012-07-26 15:02:27.874563+00	1	71	103	Ireland	2	Changed timezones.
437	2012-07-26 15:02:48.70593+00	1	71	106	Italy	2	Changed timezones.
438	2012-07-26 15:03:08.362118+00	1	71	108	Japan	2	Changed timezones.
439	2012-07-26 15:03:39.501102+00	1	71	115	Korea, Republic of	2	Changed timezones.
440	2012-07-26 15:04:40.891496+00	1	71	140	Mexico	2	Changed timezones.
441	2012-07-26 15:05:12.932405+00	1	71	152	Netherlands	2	Changed timezones.
442	2012-07-26 15:06:28.418422+00	1	71	164	Pakistan	2	Changed timezones.
443	2012-07-26 15:08:01.617357+00	1	71	178	Russian Federation	2	Changed timezones.
444	2012-07-26 15:08:42.853004+00	1	71	193	Singapore	2	Changed timezones.
445	2012-07-26 15:09:22.397105+00	1	71	198	South Africa	2	Changed timezones.
446	2012-07-26 15:09:46.105952+00	1	71	199	Spain	2	Changed timezones.
447	2012-07-26 15:10:23.935887+00	1	71	205	Sweden	2	Changed timezones.
448	2012-07-26 15:10:40.706098+00	1	71	206	Switzerland	2	Changed timezones.
449	2012-07-26 15:12:48.358246+00	1	71	1	United Kingdom	2	Changed timezones.
450	2012-07-26 15:14:09.752637+00	1	71	2	United States	2	Changed timezones.
451	2012-07-27 10:03:19.928457+00	1	71	10	Anguilla	2	Changed timezones.
452	2012-07-27 10:03:31.75117+00	1	71	10	Anguilla	2	Changed timezones.
453	2012-07-27 10:08:35.925303+00	1	75	4	Test For Students (10 free credits)	1	
454	2012-07-27 10:10:48.221213+00	1	75	4	Test For Students (10 free credits)	2	Changed discount_fixed.
455	2012-07-27 10:11:52.751483+00	1	76	7	Test For Students (10 free credits): A Test	3	
456	2012-07-27 10:12:16.725914+00	1	75	4	Test For Students (10 free credits)	2	No fields changed.
457	2012-07-27 10:12:34.144222+00	1	76	8	Test For Students (10 free credits): A Test	3	
458	2012-07-27 10:18:14.824077+00	1	75	4	Test For Students (10 free credits)	2	Changed valid and total_times.
459	2012-07-27 10:42:21.951142+00	1	26	1	Marcus Jones	2	Changed income.
460	2012-07-27 11:09:55.7887+00	1	30	106	English (KS2)	2	Changed date, status and alert_sent.
461	2012-07-30 09:23:51.588932+00	1	67	10	Class is about to start	2	Changed body.
462	2012-08-01 09:57:46.907014+00	1	67	10	Class is about to start	2	Changed body.
463	2012-08-01 11:15:16.165972+00	1	67	1	A new class has been booked	2	Changed body.
464	2012-08-01 11:22:00.500027+00	1	67	3	A class has been accepted by tutor	2	Changed body.
465	2012-08-01 11:22:33.591179+00	1	67	4	A class has been rejected by tutor	2	Changed body.
466	2012-08-01 13:50:30.556138+00	1	71	237		3	
467	2012-08-01 14:09:16.015957+00	1	71	13	Argentina	2	Changed timezones.
468	2012-08-01 14:09:33.939473+00	1	71	16	Australia	2	Changed timezones.
469	2012-08-01 14:10:05.519232+00	1	71	17	Austria	2	Changed timezones.
470	2012-08-01 14:10:21.760516+00	1	71	24	Belgium	2	Changed timezones.
471	2012-08-01 14:10:34.367535+00	1	71	29	Bolivia	2	Changed timezones.
472	2012-08-01 14:10:45.721962+00	1	71	33	Brazil	2	Changed timezones.
473	2012-08-01 14:11:41.125777+00	1	71	38	Cambodia	2	Changed timezones.
474	2012-08-01 14:14:54.141973+00	1	71	40	Canada	2	Changed timezones.
475	2012-08-01 14:15:02.665902+00	1	71	46	China	2	Changed timezones.
476	2012-08-01 14:15:16.794767+00	1	71	75	France	2	Changed timezones.
477	2012-08-01 14:15:42.352271+00	1	71	81	Germany	2	Changed timezones.
478	2012-08-01 14:16:01.94965+00	1	71	96	Hong Kong	2	Changed timezones.
479	2012-08-01 14:16:21.050489+00	1	71	100	Indonesia	2	No fields changed.
480	2012-08-01 14:50:48.621706+00	1	71	100	Indonesia	2	Changed timezones.
481	2012-08-01 14:51:13.350538+00	1	71	103	Ireland	2	Changed timezones.
482	2012-08-01 14:51:27.158597+00	1	71	106	Italy	2	Changed timezones.
483	2012-08-01 14:51:35.604865+00	1	71	108	Japan	2	Changed timezones.
484	2012-08-01 14:51:48.26937+00	1	71	115	Korea, Republic of	2	Changed timezones.
485	2012-08-01 14:53:28.119632+00	1	71	140	Mexico	2	Changed timezones.
486	2012-08-01 14:53:45.20126+00	1	71	152	Netherlands	2	Changed timezones.
487	2012-08-01 14:53:59.787045+00	1	71	164	Pakistan	2	Changed timezones.
488	2012-08-01 15:06:58.904726+00	1	71	178	Russian Federation	2	Changed timezones.
489	2012-08-01 15:07:23.716817+00	1	71	193	Singapore	2	Changed timezones.
490	2012-08-01 15:07:53.278893+00	1	71	198	South Africa	2	Changed timezones.
491	2012-08-01 15:08:06.854789+00	1	71	199	Spain	2	Changed timezones.
492	2012-08-01 15:08:52.701966+00	1	71	205	Sweden	2	Changed timezones.
493	2012-08-01 15:09:02.757714+00	1	71	206	Switzerland	2	Changed timezones.
494	2012-08-01 15:11:54.10019+00	1	71	1	United Kingdom	2	Changed timezones.
495	2012-08-01 15:13:40.788725+00	1	71	2	United States	2	Changed timezones.
496	2012-08-01 16:27:43.184415+00	1	75	2	Child test	2	Changed total_times.
497	2012-08-01 16:30:39.303285+00	1	75	2	Child test	2	Changed end.
498	2012-08-01 17:18:14.176531+00	1	75	3	Test for tutors	2	Changed end.
499	2012-08-01 17:47:02.657482+00	1	75	3	Test for tutors	2	Changed total_times.
500	2012-08-01 17:47:25.212361+00	1	3	56	child11	2	Changed credit for user profile "child1 gfgfhgfh".
501	2012-08-02 10:38:31.717148+00	1	67	13	User referral	2	Changed subject.
502	2012-08-02 10:39:22.322351+00	1	67	8	Credits income	2	Changed body.
503	2012-08-02 10:45:13.994925+00	1	67	3	A class has been accepted by tutor	2	Changed body.
504	2012-08-02 10:50:55.137804+00	1	30	117	English (KS2)	2	Changed date and duration.
505	2012-08-02 10:50:55.558672+00	1	30	117	English (KS2)	2	Changed date and duration.
506	2012-08-02 11:23:29.558054+00	1	30	117	English (KS2)	2	Changed date and status.
507	2012-08-02 11:32:11.791751+00	1	30	117	English (KS2)	2	Changed status.
508	2012-08-02 11:37:44.336675+00	1	30	117	English (KS2)	2	Changed status.
509	2012-08-02 11:49:41.30222+00	1	70	378	Etc/GMT	3	
510	2012-08-02 11:49:41.305378+00	1	70	379	Etc/GMT+0	3	
511	2012-08-02 11:49:41.365045+00	1	70	380	Etc/GMT+1	3	
512	2012-08-02 11:49:41.366537+00	1	70	381	Etc/GMT+10	3	
513	2012-08-02 11:49:41.367921+00	1	70	382	Etc/GMT+11	3	
514	2012-08-02 11:49:41.36923+00	1	70	383	Etc/GMT+12	3	
515	2012-08-02 11:49:41.370503+00	1	70	384	Etc/GMT+2	3	
516	2012-08-02 11:49:41.371783+00	1	70	385	Etc/GMT+3	3	
517	2012-08-02 11:49:41.373057+00	1	70	386	Etc/GMT+4	3	
518	2012-08-02 11:49:41.374334+00	1	70	387	Etc/GMT+5	3	
519	2012-08-02 11:49:41.37559+00	1	70	388	Etc/GMT+6	3	
520	2012-08-02 11:49:41.376875+00	1	70	389	Etc/GMT+7	3	
521	2012-08-02 11:49:41.378134+00	1	70	390	Etc/GMT+8	3	
522	2012-08-02 11:49:41.379391+00	1	70	391	Etc/GMT+9	3	
523	2012-08-02 11:49:41.380795+00	1	70	392	Etc/GMT-0	3	
524	2012-08-02 11:49:41.382092+00	1	70	393	Etc/GMT-1	3	
525	2012-08-02 11:49:41.383371+00	1	70	394	Etc/GMT-10	3	
526	2012-08-02 11:49:41.384641+00	1	70	395	Etc/GMT-11	3	
527	2012-08-02 11:49:41.386013+00	1	70	396	Etc/GMT-12	3	
528	2012-08-02 11:49:41.5193+00	1	70	397	Etc/GMT-13	3	
529	2012-08-02 11:49:41.520822+00	1	70	398	Etc/GMT-14	3	
530	2012-08-02 11:49:41.522233+00	1	70	399	Etc/GMT-2	3	
531	2012-08-02 11:49:41.52361+00	1	70	400	Etc/GMT-3	3	
532	2012-08-02 11:50:08.171538+00	1	70	401	Etc/GMT-4	3	
533	2012-08-02 11:50:08.236101+00	1	70	402	Etc/GMT-5	3	
534	2012-08-02 11:50:08.237753+00	1	70	403	Etc/GMT-6	3	
535	2012-08-02 11:50:08.239034+00	1	70	404	Etc/GMT-7	3	
536	2012-08-02 11:50:08.240498+00	1	70	405	Etc/GMT-8	3	
537	2012-08-02 11:50:08.241681+00	1	70	406	Etc/GMT-9	3	
538	2012-08-02 11:50:08.242913+00	1	70	407	Etc/GMT0	3	
539	2012-08-02 11:50:08.244322+00	1	70	408	Etc/Greenwich	3	
540	2012-08-02 11:50:08.245797+00	1	70	409	Etc/UCT	3	
541	2012-08-02 11:50:08.247306+00	1	70	410	Etc/UTC	3	
542	2012-08-02 11:50:08.249299+00	1	70	411	Etc/Universal	3	
543	2012-08-02 11:50:08.250589+00	1	70	412	Etc/Zulu	3	
544	2012-08-02 11:51:00.253071+00	1	70	473	GMT	3	
545	2012-08-02 11:51:00.346714+00	1	70	474	GMT+0	3	
546	2012-08-02 11:51:00.348361+00	1	70	475	GMT-0	3	
547	2012-08-02 11:51:00.34967+00	1	70	476	GMT0	3	
548	2012-08-02 12:00:53.588638+00	1	30	117	English (KS2)	2	Changed status.
549	2012-08-02 12:11:17.302236+00	1	30	117	English (KS2)	2	Changed date.
550	2012-08-02 12:16:39.589008+00	1	30	117	English (KS2)	2	Changed status.
551	2012-08-02 12:17:02.238476+00	1	30	118	Geography (KS3)	2	Changed date.
552	2012-08-02 12:18:31.293353+00	1	30	118	Geography (KS3)	2	Changed status.
553	2012-08-02 16:37:37.842282+00	1	58	1	How is your overall impression of Universal Tutors?2	2	Changed title.
554	2012-08-02 16:37:53.610651+00	1	58	1	How is your overall impression of Universal Tutors?	2	Changed title. Changed position for feedback question option "Not so hot". Changed position for feedback question option "It'll do".
555	2012-08-02 16:38:09.433712+00	1	58	1	How is your overall impression of Universal Tutors?	2	Changed position for feedback question option "It'll do". Changed position for feedback question option "Not so hot".
556	2012-08-02 16:41:42.860574+00	1	30	118	Geography (KS3)	2	Changed date.
557	2012-08-02 16:42:01.184573+00	1	30	118	Geography (KS3)	2	Changed status.
558	2012-08-02 16:42:28.122173+00	1	30	118	Geography (KS3)	2	Changed status.
559	2012-08-02 16:43:13.416001+00	1	30	117	English (KS2)	2	Changed date.
560	2012-08-02 16:43:32.299271+00	1	30	117	English (KS2)	2	Changed status.
561	2012-08-02 16:43:55.888267+00	1	30	117	English (KS2)	2	Changed status.
562	2012-08-02 16:44:26.898689+00	1	30	117	English (KS2)	2	Changed tutor_appeared.
563	2012-08-03 10:38:26.682869+00	1	70	359	CET	3	
564	2012-08-03 10:38:26.878224+00	1	70	360	CST6CDT	3	
565	2012-08-03 10:38:26.879739+00	1	70	373	EET	3	
566	2012-08-03 10:38:26.881058+00	1	70	374	EST	3	
567	2012-08-03 10:38:26.882526+00	1	70	375	EST5EDT	3	
568	2012-08-03 10:39:05.854257+00	1	70	471	GB	3	
569	2012-08-03 10:39:05.857268+00	1	70	472	GB-Eire	3	
570	2012-08-03 10:39:05.858458+00	1	70	478	HST	3	
571	2012-08-03 10:39:05.859638+00	1	70	498	MET	3	
572	2012-08-03 10:39:05.860806+00	1	70	499	MST	3	
573	2012-08-03 10:39:05.861977+00	1	70	500	MST7MDT	3	
574	2012-08-03 10:39:05.863144+00	1	70	507	PRC	3	
575	2012-08-03 10:39:05.864322+00	1	70	508	PST8PDT	3	
576	2012-08-03 10:39:45.800694+00	1	70	553	ROC	3	
577	2012-08-03 10:39:45.803997+00	1	70	554	ROK	3	
578	2012-08-03 10:39:45.805395+00	1	70	557	UCT	3	
579	2012-08-03 10:39:45.806789+00	1	70	571	UTC	3	
580	2012-08-03 10:39:45.80815+00	1	70	572	Universal	3	
581	2012-08-03 10:39:45.809493+00	1	70	573	W-SU	3	
582	2012-08-03 10:39:45.810822+00	1	70	574	WET	3	
583	2012-08-03 13:39:20.523131+00	1	11	6	/privacy-policy/ -- Privacy Policy	2	Changed content.
584	2012-08-03 13:40:01.463891+00	1	11	6	/privacy-policy/ -- Privacy Policy	2	Changed content.
585	2012-08-03 13:40:12.105568+00	1	11	6	/privacy-policy/ -- Privacy Policy	2	Changed content.
586	2012-08-03 13:41:53.444186+00	1	11	6	/privacy-policy/ -- Privacy Policy	2	Changed content.
587	2012-08-03 13:43:02.508952+00	1	11	3	/terms-of-use/ -- Terms of use	2	Changed content.
588	2012-08-03 13:43:13.59509+00	1	11	3	/terms-of-use/ -- Terms of use	2	Changed content.
589	2012-08-03 13:45:07.498501+00	1	11	3	/terms-of-use/ -- Terms of use	2	Changed content.
590	2012-08-03 13:48:37.521132+00	1	44	1	terms_and_conditions_student	1	
591	2012-08-03 13:48:57.841725+00	1	44	2	terms_and_conditions_tutor	1	
592	2012-08-03 13:49:18.55179+00	1	44	2	terms_and_conditions_tutor	2	Changed content.
593	2012-08-03 13:49:22.963398+00	1	44	1	terms_and_conditions_student	2	Changed content.
594	2012-08-03 14:24:34.375103+00	1	44	1	terms_and_conditions_student	2	Changed header.
595	2012-08-03 14:24:40.622833+00	1	44	2	terms_and_conditions_tutor	2	Changed header.
596	2012-08-03 14:25:38.799752+00	1	44	2	terms_and_conditions_tutor	2	Changed content.
597	2012-08-03 14:26:11.295089+00	1	44	1	terms_and_conditions_student	2	Changed content.
598	2012-08-03 14:28:48.809947+00	1	44	1	terms_and_conditions_student	2	Changed content.
599	2012-08-03 14:31:53.9594+00	1	44	1	terms_and_conditions_student	2	Changed content.
600	2012-08-03 14:34:21.075264+00	1	44	1	terms_and_conditions_student	2	Changed content.
601	2012-08-03 14:37:29.423045+00	1	44	1	terms_and_conditions_student	2	Changed content.
602	2012-08-03 14:38:58.732137+00	1	44	1	terms_and_conditions_student	2	Changed content.
603	2012-08-03 14:40:37.143235+00	1	44	1	terms_and_conditions_student	2	Changed content.
604	2012-08-03 14:42:48.206603+00	1	44	1	terms_and_conditions_student	2	Changed content.
605	2012-08-03 14:43:27.865044+00	1	44	1	terms_and_conditions_student	2	Changed content.
606	2012-08-03 14:44:59.679027+00	1	44	2	terms_and_conditions_tutor	2	Changed content.
607	2012-08-03 14:47:49.601182+00	1	44	2	terms_and_conditions_tutor	2	Changed content.
608	2012-08-03 14:49:24.050745+00	1	44	2	terms_and_conditions_tutor	2	Changed content.
609	2012-08-03 14:51:26.098677+00	1	44	2	terms_and_conditions_tutor	2	Changed content.
610	2012-08-03 14:53:09.137877+00	1	44	2	terms_and_conditions_tutor	2	Changed content.
611	2012-08-03 14:55:41.657113+00	1	44	2	terms_and_conditions_tutor	2	Changed content.
612	2012-08-03 14:56:26.252185+00	1	44	2	terms_and_conditions_tutor	2	Changed content.
613	2012-08-03 15:56:02.439835+00	1	34	12	Muito mau!! (1)	2	Changed is_active.
614	2012-08-03 21:47:09.59851+00	1	75	2	Child test	2	Changed end and total_times.
615	2012-08-03 21:47:38.634278+00	1	75	2	Child test	2	Changed valid.
616	2012-08-06 09:45:12.92205+00	1	67	12	The CRB is going to expire in less than 2 weeks	2	Changed body.
617	2012-08-06 09:46:16.032128+00	1	67	1	A new class has been booked	2	Changed body.
618	2012-08-06 10:43:06.478017+00	1	67	1	A new class has been booked	2	Changed body.
619	2012-08-06 10:55:32.093754+00	1	67	8	Credits income	2	Changed body.
620	2012-08-06 11:08:12.368552+00	1	67	3	A class has been accepted by tutor	2	No fields changed.
621	2012-08-06 11:39:49.492911+00	1	75	5	Test for parents	1	
622	2012-08-06 11:43:53.485718+00	1	75	5	Test for parents	2	Changed start.
623	2012-08-06 14:32:49.898223+00	1	44	2	terms_and_conditions_tutor	2	Changed content.
624	2012-08-06 14:36:21.877353+00	1	44	1	terms_and_conditions_student	2	Changed content.
625	2012-08-06 14:45:31.638772+00	1	11	6	/privacy-policy/ -- Privacy Policy	2	Changed content.
626	2012-08-06 14:45:58.410854+00	1	11	6	/privacy-policy/ -- Privacy Policy	2	Changed content.
627	2012-08-06 14:49:56.315459+00	1	11	3	/terms-of-use/ -- Terms of use	2	Changed content.
628	2012-08-06 14:49:59.376851+00	1	11	3	/terms-of-use/ -- Terms of use	2	No fields changed.
629	2012-08-06 14:51:56.56588+00	1	11	6	/privacy-policy/ -- Privacy Policy	2	Changed content.
630	2012-08-06 14:53:19.820958+00	1	11	3	/terms-of-use/ -- Terms of use	2	Changed content.
631	2012-08-06 14:53:44.465249+00	1	11	3	/terms-of-use/ -- Terms of use	2	No fields changed.
632	2012-08-07 12:06:24.512092+00	1	11	7	/terms-and-conditions/ -- Terms and Conditions	1	
633	2012-08-07 12:07:37.070043+00	1	11	7	/terms-and-conditions/ -- Terms and Conditions	2	No fields changed.
634	2012-08-07 13:10:58.343053+00	1	3	1	admin	2	Changed email.
635	2012-08-07 13:13:20.621699+00	1	3	1	admin	2	Changed email.
636	2012-08-07 14:20:01.642899+00	1	75	4	Test For Students (10 free credits)	2	No fields changed.
637	2012-08-07 14:31:51.793958+00	1	75	6	Topup value test	1	
638	2012-08-07 15:11:24.499478+00	1	75	5	Test for parents	2	Changed valid.
639	2012-08-07 15:42:11.446447+00	1	67	8	Credits income	2	Changed body.
640	2012-08-07 15:47:20.968215+00	1	26	66	Dave Smith	2	No fields changed.
641	2012-08-07 15:55:52.161538+00	1	11	6	/privacy-policy/ -- Privacy Policy	2	Changed content.
642	2012-08-07 15:56:25.169346+00	1	11	6	/privacy-policy/ -- Privacy Policy	2	Changed content.
643	2012-08-07 15:57:43.527069+00	1	11	3	/terms-of-use/ -- Terms of use	2	Changed content.
644	2012-08-07 16:01:16.563883+00	1	44	1	terms_and_conditions_student	2	Changed content.
645	2012-08-07 16:02:51.291517+00	1	44	2	terms_and_conditions_tutor	2	Changed content.
646	2012-08-07 16:24:54.793077+00	1	81	1	terms_and_conditions_student	1	
647	2012-08-07 16:25:11.045314+00	1	81	2	terms_and_conditions_tutor	1	
648	2012-08-07 16:38:29.96342+00	1	44	2	terms_and_conditions_tutor	2	Changed content.
649	2012-08-07 16:54:19.961854+00	1	81	3	code_of_conduct	1	
650	2012-08-07 16:55:18.772504+00	1	11	8	/code-of-conduct/ -- Code of Conduct	1	
651	2012-08-07 16:58:59.672915+00	1	44	2	terms_and_conditions_tutor	2	Changed content.
652	2012-08-08 10:23:54.060092+00	1	81	2	terms_and_conditions_tutor	2	Changed file.
653	2012-08-08 10:36:11.375535+00	1	3	2	student	2	Changed email.
654	2012-08-08 10:47:59.621812+00	1	30	109	English (KS2)	2	Changed date, status and alert_sent.
655	2012-08-08 12:58:51.006564+00	1	81	2	terms_and_conditions_tutor	2	Changed file.
656	2012-08-10 10:22:33.997626+00	1	3	62	Annie_Smith	3	
657	2012-08-10 10:22:34.034448+00	1	3	19	atest	3	
658	2012-08-10 10:22:34.037524+00	1	3	61	bennochimp	3	
659	2012-08-10 10:22:34.040753+00	1	3	51	benstudent	3	
660	2012-08-10 10:22:34.043831+00	1	3	14	btower	3	
661	2012-08-10 10:22:34.046888+00	1	3	22	BWAzUBQdRF2oV0LRUWGeIg	3	
662	2012-08-10 10:22:34.049854+00	1	3	8	child	3	
663	2012-08-10 10:22:34.052944+00	1	3	41	child1	3	
664	2012-08-10 10:22:34.055966+00	1	3	56	child11	3	
665	2012-08-10 10:22:34.059+00	1	3	64	Dave_Smith	3	
666	2012-08-10 10:22:34.062032+00	1	3	28	David_Beckham	3	
667	2012-08-10 10:22:34.06512+00	1	3	49	david_brent	3	
669	2012-08-10 10:22:34.073023+00	1	3	63	Jim_Colt	3	
670	2012-08-10 10:22:34.076241+00	1	3	43	julybaby	3	
671	2012-08-10 10:22:34.079246+00	1	3	42	julytest	3	
672	2012-08-10 10:22:34.082271+00	1	3	48	laura_cripps	3	
673	2012-08-10 10:22:34.085353+00	1	3	16	ljoseph	3	
674	2012-08-10 10:22:34.088275+00	1	3	17	meffect	3	
675	2012-08-10 10:22:34.091448+00	1	3	45	morgan	3	
676	2012-08-10 10:22:34.094657+00	1	3	34	Mother_Teresa	3	
677	2012-08-10 10:22:34.097992+00	1	3	9	nelsonmonteironet	3	
678	2012-08-10 10:22:34.101317+00	1	3	36	nick_clegg	3	
679	2012-08-10 10:22:34.104476+00	1	3	25	nickcrosthwaite	3	
680	2012-08-10 10:22:34.107469+00	1	3	40	parent	3	
681	2012-08-10 10:22:34.1105+00	1	3	55	parent1	3	
682	2012-08-10 10:22:34.113421+00	1	3	11	parent2	3	
683	2012-08-10 10:22:34.116426+00	1	3	7	parenttest	3	
684	2012-08-10 10:22:34.119389+00	1	3	44	rgrhghhjtjtj	3	
685	2012-08-10 10:22:34.124771+00	1	3	20	safaritest	3	
686	2012-08-10 10:22:34.127703+00	1	3	38	secondchild	3	
687	2012-08-10 10:22:34.130784+00	1	3	47	simon_yates	3	
688	2012-08-10 10:22:34.133707+00	1	3	2	student	3	
689	2012-08-10 10:22:34.136731+00	1	3	57	studentimage	3	
690	2012-08-10 10:22:34.139983+00	1	3	58	studentimage2	3	
691	2012-08-10 10:22:34.143122+00	1	3	10	studenttest	3	
692	2012-08-10 10:22:34.146023+00	1	3	4	testing_parent	3	
693	2012-08-10 10:22:34.148989+00	1	3	3	Testing_sign_up	3	
694	2012-08-10 10:22:34.152039+00	1	3	27	test_morgan	3	
695	2012-08-10 10:22:34.155065+00	1	3	46	testreferer	3	
696	2012-08-10 10:22:34.158162+00	1	3	6	teststudent	3	
697	2012-08-10 10:22:34.165085+00	1	3	53	teststudent2	3	
698	2012-08-10 10:22:34.16806+00	1	3	5	TestTutor	3	
699	2012-08-10 10:22:34.171107+00	1	3	13	testtutor2	3	
700	2012-08-10 10:22:34.174516+00	1	3	18	testtutor3	3	
701	2012-08-10 10:22:34.177397+00	1	3	39	thirdchild	3	
702	2012-08-10 10:22:34.180977+00	1	3	37	timhenman	3	
703	2012-08-10 10:22:34.184024+00	1	3	26	timjones	3	
704	2012-08-10 10:22:34.187076+00	1	3	21	tomhughes	3	
705	2012-08-10 10:22:34.190393+00	1	3	50	tom_smith	3	
706	2012-08-10 10:22:34.193388+00	1	3	29	Tony_Blair	3	
707	2012-08-10 10:22:34.196461+00	1	3	15	vtorres	3	
708	2012-08-10 10:22:34.200078+00	1	3	59	withchimp	3	
709	2012-08-10 10:22:34.203226+00	1	3	60	withoutchimp	3	
710	2012-08-10 10:22:34.206313+00	1	3	52	woodwara	3	
711	2012-08-10 10:22:54.649497+00	1	76	3	Test for tutors: Marcus Jones	3	
712	2012-08-10 10:23:09.079409+00	1	75	6	Topup value test	3	
713	2012-08-10 10:23:09.085108+00	1	75	5	Test for parents	3	
714	2012-08-10 10:23:09.111988+00	1	75	4	Test For Students (10 free credits)	3	
715	2012-08-10 10:23:09.115579+00	1	75	3	Test for tutors	3	
716	2012-08-10 10:23:09.118933+00	1	75	2	Child test	3	
717	2012-08-10 10:23:09.122383+00	1	75	1	Student Test	3	
718	2012-08-10 10:24:27.965901+00	1	50	142	[admin] Done: 22.4	3	
719	2012-08-10 10:24:27.970413+00	1	50	140	[admin] Done: 12.0	3	
720	2012-08-10 10:24:27.973302+00	1	50	133	[admin] Done: 4.0	3	
721	2012-08-10 10:24:27.976402+00	1	50	131	[admin] Done: 12.8	3	
722	2012-08-10 10:24:27.979375+00	1	50	129	[admin] Done: 6.4	3	
723	2012-08-10 10:24:27.982486+00	1	50	128	[admin] HACKED! The amount received were changed: 5.9824	3	
724	2012-08-10 10:24:27.985634+00	1	50	123	[admin] Done: 492.46	3	
725	2012-08-10 10:24:27.988724+00	1	50	121	[admin] Done: 24.96	3	
726	2012-08-10 10:24:27.993047+00	1	50	119	[admin] Done: 10.4	3	
727	2012-08-10 10:24:27.996124+00	1	50	54	[admin] HACKED! The amount received were changed: 0.0	3	
728	2012-08-10 10:24:27.999329+00	1	50	53	[admin] Done: 8.0	3	
729	2012-08-10 10:24:28.002459+00	1	50	52	[admin] Done: 14.0	3	
730	2012-08-10 10:24:28.005567+00	1	50	51	[admin] Done: 124.0	3	
731	2012-08-10 10:24:28.008665+00	1	50	43	[admin] HACKED! The amount received were changed: 124.0	3	
732	2012-08-10 10:24:28.012084+00	1	50	39	[admin] HACKED! The amount received were changed: 124.0	3	
733	2012-08-10 10:24:40.574082+00	1	60	16	What do you think of the private dashboard area? - Not half-bad	3	
734	2012-08-10 10:24:40.578435+00	1	60	15	How is the classroom experience? - Top-notch	3	
735	2012-08-10 10:24:40.581548+00	1	60	14	How easy is it to find a great tutor? - Just fine	3	
736	2012-08-10 10:24:40.585262+00	1	60	13	How is your overall impression of Universal Tutors? - Top-notch	3	
737	2012-08-10 10:24:40.588987+00	1	60	12	What do you think of the private dashboard area? - It'll do	3	
738	2012-08-10 10:24:40.592478+00	1	60	11	How is the classroom experience? - Top-notch	3	
739	2012-08-10 10:24:40.595767+00	1	60	10	How easy is it to find a great tutor? - Just fine	3	
740	2012-08-10 10:24:40.599158+00	1	60	9	How is your overall impression of Universal Tutors? - Not so hot	3	
741	2012-08-10 10:24:40.605076+00	1	60	8	What do you think of the private dashboard area? - Top-notch	3	
742	2012-08-10 10:24:40.60817+00	1	60	7	How is the classroom experience? - Not half-bad	3	
743	2012-08-10 10:24:40.611253+00	1	60	6	How easy is it to find a great tutor? - Took no time	3	
744	2012-08-10 10:24:40.614362+00	1	60	5	How is your overall impression of Universal Tutors? - Top-notch	3	
745	2012-08-10 10:24:40.617359+00	1	60	4	What do you think of the private dashboard area? - Not half-bad	3	
746	2012-08-10 10:24:40.62044+00	1	60	3	How is the classroom experience? - Top-notch	3	
747	2012-08-10 10:24:40.62351+00	1	60	2	How easy is it to find a great tutor? - Just fine	3	
748	2012-08-10 10:24:40.626756+00	1	60	1	How is your overall impression of Universal Tutors? - Top-notch	3	
749	2012-08-10 10:25:02.714315+00	1	49	257	<IPN: Recurring >	3	
750	2012-08-10 10:25:02.726841+00	1	49	256	<IPN: Recurring >	3	
751	2012-08-10 10:25:02.733764+00	1	49	255	<IPN: Recurring >	3	
752	2012-08-10 10:25:02.737762+00	1	49	254	<IPN: Recurring >	3	
753	2012-08-10 10:25:02.74567+00	1	49	253	<IPN: Transaction 9YW640191G770863B>	3	
754	2012-08-10 10:25:02.754435+00	1	49	252	<IPN: Transaction 33M54373VF802543S>	3	
755	2012-08-10 10:25:02.761414+00	1	49	251	<IPN: Transaction 3D799992LS252712R>	3	
756	2012-08-10 10:25:02.76827+00	1	49	250	<IPN: Recurring >	3	
757	2012-08-10 10:25:02.772276+00	1	49	249	<IPN: Recurring >	3	
758	2012-08-10 10:25:02.776425+00	1	49	248	<IPN: Transaction 6L771178RT9706204>	3	
759	2012-08-10 10:25:02.781379+00	1	49	247	<IPN: Recurring >	3	
760	2012-08-10 10:25:02.785793+00	1	49	246	<IPN: Recurring >	3	
761	2012-08-10 10:25:02.791844+00	1	49	245	<IPN: Recurring >	3	
762	2012-08-10 10:25:02.796153+00	1	49	244	<IPN: Recurring >	3	
763	2012-08-10 10:25:02.800114+00	1	49	243	<IPN: Transaction 6MK595057L843810V>	3	
764	2012-08-10 10:25:02.808085+00	1	49	242	<IPN: Recurring >	3	
765	2012-08-10 10:25:02.821178+00	1	49	241	<IPN: Recurring >	3	
766	2012-08-10 10:25:02.825167+00	1	49	240	<IPN: Recurring >	3	
767	2012-08-10 10:25:02.829319+00	1	49	239	<IPN: Recurring >	3	
768	2012-08-10 10:25:02.834867+00	1	49	238	<IPN: Recurring >	3	
769	2012-08-10 10:25:02.841564+00	1	49	237	<IPN: Recurring >	3	
770	2012-08-10 10:25:02.847781+00	1	49	236	<IPN: Transaction 88X835043J9736209>	3	
771	2012-08-10 10:25:02.85161+00	1	49	235	<IPN: Recurring >	3	
772	2012-08-10 10:25:02.857976+00	1	49	234	<IPN: Recurring >	3	
773	2012-08-10 10:25:02.863891+00	1	49	233	<IPN: Transaction 6XU9860104874390K>	3	
774	2012-08-10 10:25:02.867921+00	1	49	232	<IPN: Transaction 2MG126746A667934F>	3	
775	2012-08-10 10:25:02.873333+00	1	49	231	<IPN: Transaction 73X091742Y124674P>	3	
776	2012-08-10 10:25:02.876775+00	1	49	230	<IPN: Transaction 30M270582W788932N>	3	
777	2012-08-10 10:25:02.88178+00	1	49	229	<IPN: Transaction 65F164396T316662L>	3	
778	2012-08-10 10:25:02.885017+00	1	49	228	<IPN: Recurring >	3	
779	2012-08-10 10:25:02.888193+00	1	49	227	<IPN: Recurring >	3	
780	2012-08-10 10:25:02.894048+00	1	49	226	<IPN: Recurring >	3	
781	2012-08-10 10:25:02.899417+00	1	49	225	<IPN: Recurring >	3	
782	2012-08-10 10:25:02.903193+00	1	49	224	<IPN: Transaction 5P219167T36619744>	3	
783	2012-08-10 10:25:02.909185+00	1	49	223	<IPN: Transaction 78012745HM831020H>	3	
784	2012-08-10 10:25:02.91299+00	1	49	222	<IPN: Recurring >	3	
785	2012-08-10 10:25:02.917767+00	1	49	221	<IPN: Recurring >	3	
786	2012-08-10 10:25:02.922037+00	1	49	220	<IPN: Recurring >	3	
787	2012-08-10 10:25:02.926879+00	1	49	219	<IPN: Recurring >	3	
788	2012-08-10 10:25:02.935498+00	1	49	218	<IPN: Recurring >	3	
789	2012-08-10 10:25:02.942173+00	1	49	217	<IPN: Recurring >	3	
790	2012-08-10 10:25:02.94655+00	1	49	216	<IPN: Recurring >	3	
791	2012-08-10 10:25:02.95071+00	1	49	215	<IPN: Recurring >	3	
792	2012-08-10 10:25:02.955935+00	1	49	214	<IPN: Recurring >	3	
793	2012-08-10 10:25:02.960033+00	1	49	213	<IPN: Recurring >	3	
794	2012-08-10 10:25:02.963487+00	1	49	212	<IPN: Recurring >	3	
795	2012-08-10 10:25:02.966993+00	1	49	211	<IPN: Recurring >	3	
796	2012-08-10 10:25:02.973617+00	1	49	210	<IPN: Recurring >	3	
797	2012-08-10 10:25:02.977024+00	1	49	209	<IPN: Recurring >	3	
798	2012-08-10 10:25:02.980174+00	1	49	208	<IPN: Recurring >	3	
799	2012-08-10 10:25:02.985034+00	1	49	207	<IPN: Recurring >	3	
800	2012-08-10 10:25:02.99161+00	1	49	206	<IPN: Recurring >	3	
801	2012-08-10 10:25:02.995367+00	1	49	205	<IPN: Recurring >	3	
802	2012-08-10 10:25:02.998658+00	1	49	204	<IPN: Recurring >	3	
803	2012-08-10 10:25:03.003629+00	1	49	203	<IPN: Recurring >	3	
804	2012-08-10 10:25:03.007392+00	1	49	202	<IPN: Recurring >	3	
805	2012-08-10 10:25:03.013485+00	1	49	201	<IPN: Recurring >	3	
806	2012-08-10 10:25:03.017515+00	1	49	200	<IPN: Recurring >	3	
807	2012-08-10 10:25:03.022425+00	1	49	199	<IPN: Recurring >	3	
808	2012-08-10 10:25:03.026825+00	1	49	198	<IPN: Recurring >	3	
809	2012-08-10 10:25:03.033662+00	1	49	197	<IPN: Recurring >	3	
810	2012-08-10 10:25:03.037755+00	1	49	196	<IPN: Recurring >	3	
811	2012-08-10 10:25:03.041274+00	1	49	195	<IPN: Recurring >	3	
812	2012-08-10 10:25:03.04594+00	1	49	194	<IPN: Transaction 2WH41174U0713181J>	3	
813	2012-08-10 10:25:03.049757+00	1	49	193	<IPN: Recurring >	3	
814	2012-08-10 10:25:03.057939+00	1	49	192	<IPN: Recurring >	3	
815	2012-08-10 10:25:03.061936+00	1	49	191	<IPN: Recurring >	3	
816	2012-08-10 10:25:03.065359+00	1	49	190	<IPN: Recurring >	3	
817	2012-08-10 10:25:03.068348+00	1	49	189	<IPN: Recurring >	3	
818	2012-08-10 10:25:03.071483+00	1	49	188	<IPN: Recurring >	3	
819	2012-08-10 10:25:03.074813+00	1	49	187	<IPN: Recurring >	3	
820	2012-08-10 10:25:03.078315+00	1	49	186	<IPN: Recurring >	3	
821	2012-08-10 10:25:03.081772+00	1	49	185	<IPN: Recurring >	3	
822	2012-08-10 10:25:03.084859+00	1	49	184	<IPN: Recurring >	3	
823	2012-08-10 10:25:03.087989+00	1	49	183	<IPN: Recurring >	3	
824	2012-08-10 10:25:03.092152+00	1	49	182	<IPN: Recurring >	3	
825	2012-08-10 10:25:03.095972+00	1	49	181	<IPN: Recurring >	3	
826	2012-08-10 10:25:03.100041+00	1	49	180	<IPN: Recurring >	3	
827	2012-08-10 10:25:03.106248+00	1	49	179	<IPN: Recurring >	3	
828	2012-08-10 10:25:03.109285+00	1	49	178	<IPN: Recurring >	3	
829	2012-08-10 10:25:03.115146+00	1	49	177	<IPN: Transaction 5AJ07364X9927361G>	3	
830	2012-08-10 10:25:03.12121+00	1	49	176	<IPN: Recurring >	3	
831	2012-08-10 10:25:03.124537+00	1	49	175	<IPN: Recurring >	3	
832	2012-08-10 10:25:03.129847+00	1	49	174	<IPN: Recurring >	3	
833	2012-08-10 10:25:03.13341+00	1	49	173	<IPN: Recurring >	3	
834	2012-08-10 10:25:03.137032+00	1	49	172	<IPN: Recurring >	3	
835	2012-08-10 10:25:03.141506+00	1	49	171	<IPN: Recurring >	3	
836	2012-08-10 10:25:03.14514+00	1	49	170	<IPN: Recurring >	3	
837	2012-08-10 10:25:03.148294+00	1	49	169	<IPN: Recurring >	3	
838	2012-08-10 10:25:03.151308+00	1	49	168	<IPN: Recurring >	3	
839	2012-08-10 10:25:03.154475+00	1	49	167	<IPN: Transaction 8XB93168653213336>	3	
840	2012-08-10 10:25:03.157889+00	1	49	166	<IPN: Transaction 5M7383548T433442J>	3	
841	2012-08-10 10:25:03.164747+00	1	49	165	<IPN: Recurring >	3	
842	2012-08-10 10:25:03.168991+00	1	49	164	<IPN: Recurring >	3	
843	2012-08-10 10:25:03.174245+00	1	49	163	<IPN: Recurring >	3	
844	2012-08-10 10:25:03.178759+00	1	49	162	<IPN: Transaction 48052104EM540544K>	3	
845	2012-08-10 10:25:03.18523+00	1	49	161	<IPN: Transaction 2SH32930D3281783G>	3	
846	2012-08-10 10:25:03.189247+00	1	49	160	<IPN: Transaction 46N71731X74347141>	3	
847	2012-08-10 10:25:03.192935+00	1	49	159	<IPN: Transaction 8K721083RX388072S>	3	
848	2012-08-10 10:25:03.197184+00	1	49	158	<IPN: Transaction 7BM50089VP144694F>	3	
849	2012-08-10 10:25:10.040471+00	1	49	157	<IPN: Recurring >	3	
850	2012-08-10 10:25:10.045562+00	1	49	156	<IPN: Recurring >	3	
851	2012-08-10 10:25:10.048559+00	1	49	155	<IPN: Transaction 8LV10560CA764884H>	3	
852	2012-08-10 10:25:10.051676+00	1	49	154	<IPN: Transaction 07E80180SD482325M>	3	
853	2012-08-10 10:25:10.054636+00	1	49	153	<IPN: Recurring >	3	
854	2012-08-10 10:25:10.058438+00	1	49	152	<IPN: Recurring >	3	
855	2012-08-10 10:25:10.061769+00	1	49	151	<IPN: Recurring >	3	
856	2012-08-10 10:25:10.065127+00	1	49	150	<IPN: Recurring >	3	
857	2012-08-10 10:25:10.068334+00	1	49	149	<IPN: Recurring >	3	
858	2012-08-10 10:25:10.071403+00	1	49	148	<IPN: Recurring >	3	
859	2012-08-10 10:25:10.074655+00	1	49	147	<IPN: Recurring >	3	
860	2012-08-10 10:25:10.077558+00	1	49	146	<IPN: Recurring >	3	
861	2012-08-10 10:25:10.080462+00	1	49	145	<IPN: Recurring >	3	
862	2012-08-10 10:25:10.083368+00	1	49	144	<IPN: Recurring >	3	
863	2012-08-10 10:25:10.086305+00	1	49	143	<IPN: Recurring >	3	
864	2012-08-10 10:25:10.089344+00	1	49	142	<IPN: Recurring >	3	
865	2012-08-10 10:25:10.092347+00	1	49	141	<IPN: Recurring >	3	
866	2012-08-10 10:25:10.095392+00	1	49	140	<IPN: Recurring >	3	
867	2012-08-10 10:25:10.098538+00	1	49	139	<IPN: Recurring >	3	
868	2012-08-10 10:25:10.101739+00	1	49	138	<IPN: Recurring >	3	
869	2012-08-10 10:25:10.104995+00	1	49	137	<IPN: Recurring >	3	
870	2012-08-10 10:25:10.10876+00	1	49	136	<IPN: Recurring >	3	
871	2012-08-10 10:25:10.112237+00	1	49	135	<IPN: Recurring >	3	
872	2012-08-10 10:25:10.115631+00	1	49	134	<IPN: Recurring >	3	
873	2012-08-10 10:25:10.11928+00	1	49	133	<IPN: Recurring >	3	
874	2012-08-10 10:25:10.122705+00	1	49	132	<IPN: Recurring >	3	
875	2012-08-10 10:25:10.125847+00	1	49	131	<IPN: Recurring >	3	
876	2012-08-10 10:25:10.129056+00	1	49	130	<IPN: Recurring >	3	
877	2012-08-10 10:25:10.132079+00	1	49	129	<IPN: Recurring >	3	
878	2012-08-10 10:25:10.135271+00	1	49	128	<IPN: Recurring >	3	
879	2012-08-10 10:25:10.138325+00	1	49	127	<IPN: Recurring >	3	
880	2012-08-10 10:25:10.1414+00	1	49	126	<IPN: Recurring >	3	
881	2012-08-10 10:25:10.14441+00	1	49	125	<IPN: Recurring >	3	
882	2012-08-10 10:25:10.147326+00	1	49	124	<IPN: Recurring >	3	
883	2012-08-10 10:25:10.150541+00	1	49	123	<IPN: Recurring >	3	
884	2012-08-10 10:25:10.153541+00	1	49	122	<IPN: Recurring >	3	
885	2012-08-10 10:25:10.156906+00	1	49	121	<IPN: Recurring >	3	
886	2012-08-10 10:25:10.160118+00	1	49	120	<IPN: Recurring >	3	
887	2012-08-10 10:25:10.163293+00	1	49	119	<IPN: Recurring >	3	
888	2012-08-10 10:25:10.166341+00	1	49	118	<IPN: Recurring >	3	
889	2012-08-10 10:25:10.169351+00	1	49	117	<IPN: Recurring >	3	
890	2012-08-10 10:25:10.17244+00	1	49	116	<IPN: Recurring >	3	
891	2012-08-10 10:25:10.175364+00	1	49	115	<IPN: Recurring >	3	
892	2012-08-10 10:25:10.178384+00	1	49	114	<IPN: Recurring >	3	
893	2012-08-10 10:25:10.181449+00	1	49	113	<IPN: Recurring >	3	
894	2012-08-10 10:25:10.184484+00	1	49	112	<IPN: Recurring >	3	
895	2012-08-10 10:25:10.187402+00	1	49	111	<IPN: Recurring >	3	
896	2012-08-10 10:25:10.190501+00	1	49	110	<IPN: Recurring >	3	
897	2012-08-10 10:25:10.193468+00	1	49	109	<IPN: Recurring >	3	
898	2012-08-10 10:25:10.196358+00	1	49	108	<IPN: Recurring >	3	
899	2012-08-10 10:25:10.199388+00	1	49	107	<IPN: Recurring >	3	
900	2012-08-10 10:25:10.20239+00	1	49	106	<IPN: Recurring >	3	
901	2012-08-10 10:25:10.205968+00	1	49	105	<IPN: Recurring >	3	
902	2012-08-10 10:25:10.208922+00	1	49	104	<IPN: Recurring >	3	
903	2012-08-10 10:25:10.211552+00	1	49	103	<IPN: Recurring >	3	
904	2012-08-10 10:25:10.214446+00	1	49	102	<IPN: Recurring >	3	
905	2012-08-10 10:25:10.21746+00	1	49	101	<IPN: Recurring >	3	
906	2012-08-10 10:25:10.220535+00	1	49	100	<IPN: Recurring >	3	
907	2012-08-10 10:25:10.223592+00	1	49	99	<IPN: Recurring >	3	
908	2012-08-10 10:25:10.226618+00	1	49	98	<IPN: Recurring >	3	
909	2012-08-10 10:25:10.231335+00	1	49	97	<IPN: Recurring >	3	
910	2012-08-10 10:25:10.234907+00	1	49	96	<IPN: Recurring >	3	
911	2012-08-10 10:25:10.238457+00	1	49	95	<IPN: Recurring >	3	
912	2012-08-10 10:25:10.242016+00	1	49	94	<IPN: Recurring >	3	
913	2012-08-10 10:25:10.24524+00	1	49	93	<IPN: Recurring >	3	
914	2012-08-10 10:25:10.248873+00	1	49	92	<IPN: Recurring >	3	
915	2012-08-10 10:25:10.251877+00	1	49	91	<IPN: Recurring >	3	
916	2012-08-10 10:25:10.254952+00	1	49	90	<IPN: Recurring >	3	
917	2012-08-10 10:25:10.25817+00	1	49	89	<IPN: Transaction 4XG59719LT155705K>	3	
918	2012-08-10 10:25:10.261629+00	1	49	88	<IPN: Recurring >	3	
919	2012-08-10 10:25:10.264705+00	1	49	87	<IPN: Recurring >	3	
920	2012-08-10 10:25:10.267853+00	1	49	86	<IPN: Recurring >	3	
921	2012-08-10 10:25:10.270907+00	1	49	85	<IPN: Recurring >	3	
922	2012-08-10 10:25:10.273936+00	1	49	84	<IPN: Recurring >	3	
923	2012-08-10 10:25:10.277049+00	1	49	83	<IPN: Recurring >	3	
924	2012-08-10 10:25:10.280016+00	1	49	82	<IPN: Recurring >	3	
925	2012-08-10 10:25:10.28308+00	1	49	81	<IPN: Recurring >	3	
926	2012-08-10 10:25:10.286144+00	1	49	80	<IPN: Recurring >	3	
927	2012-08-10 10:25:10.289265+00	1	49	79	<IPN: Recurring >	3	
928	2012-08-10 10:25:10.292389+00	1	49	78	<IPN: Recurring >	3	
929	2012-08-10 10:25:10.29607+00	1	49	77	<IPN: Recurring >	3	
930	2012-08-10 10:25:10.299189+00	1	49	76	<IPN: Recurring >	3	
931	2012-08-10 10:25:10.302307+00	1	49	75	<IPN: Recurring >	3	
932	2012-08-10 10:25:10.305545+00	1	49	74	<IPN: Recurring >	3	
933	2012-08-10 10:25:10.308582+00	1	49	73	<IPN: Recurring >	3	
934	2012-08-10 10:25:10.311703+00	1	49	72	<IPN: Recurring >	3	
935	2012-08-10 10:25:10.314764+00	1	49	71	<IPN: Recurring >	3	
936	2012-08-10 10:25:10.31787+00	1	49	70	<IPN: Recurring >	3	
937	2012-08-10 10:25:10.320999+00	1	49	69	<IPN: Recurring >	3	
938	2012-08-10 10:25:10.324189+00	1	49	68	<IPN: Transaction 17285164BS927482G>	3	
939	2012-08-10 10:25:10.327324+00	1	49	67	<IPN: Transaction 1YC01084G8668405P>	3	
940	2012-08-10 10:25:10.330232+00	1	49	66	<IPN: Transaction 3C568309UJ739370G>	3	
941	2012-08-10 10:25:10.333267+00	1	49	65	<IPN: Transaction 6EA44442N7587394E>	3	
942	2012-08-10 10:25:10.336291+00	1	49	64	<IPN: Transaction 9786950648626305V>	3	
943	2012-08-10 10:25:10.339368+00	1	49	63	<IPN: Transaction 1YC01084G8668405P>	3	
944	2012-08-10 10:25:10.342437+00	1	49	62	<IPN: Transaction 3C568309UJ739370G>	3	
945	2012-08-10 10:25:10.345551+00	1	49	61	<IPN: Transaction 1YC01084G8668405P>	3	
946	2012-08-10 10:25:10.348711+00	1	49	60	<IPN: Transaction 85W39445YF862462B>	3	
947	2012-08-10 10:25:10.35173+00	1	49	59	<IPN: Transaction 6EA44442N7587394E>	3	
948	2012-08-10 10:25:10.355074+00	1	49	58	<IPN: Transaction 1YC01084G8668405P>	3	
949	2012-08-10 10:25:10.358511+00	1	49	57	<IPN: Transaction 1YC01084G8668405P>	3	
950	2012-08-10 10:25:10.361869+00	1	49	56	<IPN: Transaction 1YC01084G8668405P>	3	
951	2012-08-10 10:25:10.365132+00	1	49	55	<IPN: Transaction 3C568309UJ739370G>	3	
952	2012-08-10 10:25:10.368268+00	1	49	54	<IPN: Transaction 9786950648626305V>	3	
953	2012-08-10 10:25:10.371413+00	1	49	53	<IPN: Transaction 1YC01084G8668405P>	3	
954	2012-08-10 10:25:10.374502+00	1	49	52	<IPN: Transaction 1YC01084G8668405P>	3	
955	2012-08-10 10:25:10.377779+00	1	49	51	<IPN: Transaction 1YC01084G8668405P>	3	
956	2012-08-10 10:25:10.380983+00	1	49	50	<IPN: Transaction 3C568309UJ739370G>	3	
957	2012-08-10 10:25:10.384093+00	1	49	49	<IPN: Transaction 6EA44442N7587394E>	3	
958	2012-08-10 10:25:10.387297+00	1	49	48	<IPN: Transaction 3C568309UJ739370G>	3	
959	2012-08-10 10:25:10.390784+00	1	49	47	<IPN: Transaction 3C568309UJ739370G>	3	
960	2012-08-10 10:25:10.39386+00	1	49	46	<IPN: Transaction 3C568309UJ739370G>	3	
961	2012-08-10 10:25:10.397105+00	1	49	45	<IPN: Transaction 3C568309UJ739370G>	3	
962	2012-08-10 10:25:10.400265+00	1	49	44	<IPN: Transaction 3C568309UJ739370G>	3	
963	2012-08-10 10:25:10.403417+00	1	49	43	<IPN: Transaction 9786950648626305V>	3	
964	2012-08-10 10:25:10.406451+00	1	49	42	<IPN: Transaction 6EA44442N7587394E>	3	
965	2012-08-10 10:25:10.40955+00	1	49	41	<IPN: Transaction 85W39445YF862462B>	3	
966	2012-08-10 10:25:10.412663+00	1	49	40	<IPN: Transaction 6EA44442N7587394E>	3	
967	2012-08-10 10:25:10.415874+00	1	49	39	<IPN: Transaction 6EA44442N7587394E>	3	
968	2012-08-10 10:25:10.419631+00	1	49	38	<IPN: Transaction 6EA44442N7587394E>	3	
969	2012-08-10 10:25:10.422331+00	1	49	37	<IPN: Transaction 9786950648626305V>	3	
970	2012-08-10 10:25:10.425496+00	1	49	36	<IPN: Transaction 6EA44442N7587394E>	3	
971	2012-08-10 10:25:10.428726+00	1	49	35	<IPN: Transaction 6EA44442N7587394E>	3	
972	2012-08-10 10:25:10.432419+00	1	49	34	<IPN: Transaction 9786950648626305V>	3	
973	2012-08-10 10:25:10.436196+00	1	49	33	<IPN: Transaction 9786950648626305V>	3	
974	2012-08-10 10:25:10.43973+00	1	49	32	<IPN: Transaction 9786950648626305V>	3	
975	2012-08-10 10:25:10.444377+00	1	49	31	<IPN: Transaction 9786950648626305V>	3	
976	2012-08-10 10:25:10.448369+00	1	49	30	<IPN: Transaction 9786950648626305V>	3	
977	2012-08-10 10:25:10.452682+00	1	49	29	<IPN: Transaction 85W39445YF862462B>	3	
978	2012-08-10 10:25:10.455759+00	1	49	28	<IPN: Transaction 85W39445YF862462B>	3	
979	2012-08-10 10:25:10.465266+00	1	49	27	<IPN: Transaction 85W39445YF862462B>	3	
980	2012-08-10 10:25:10.469017+00	1	49	26	<IPN: Transaction 85W39445YF862462B>	3	
981	2012-08-10 10:25:10.472527+00	1	49	25	<IPN: Transaction 85W39445YF862462B>	3	
982	2012-08-10 10:25:10.47639+00	1	49	24	<IPN: Transaction 85W39445YF862462B>	3	
983	2012-08-10 10:25:10.479366+00	1	49	23	<IPN: Transaction 85W39445YF862462B>	3	
984	2012-08-10 10:25:10.482588+00	1	49	22	<IPN: Transaction 5VJ93774C56577807>	3	
985	2012-08-10 10:25:10.485981+00	1	49	21	<IPN: Transaction 6E953165Y3219770X>	3	
986	2012-08-10 10:25:10.49184+00	1	49	20	<IPN: Transaction 7MM12861WU243794D>	3	
987	2012-08-10 10:25:10.49525+00	1	49	19	<IPN: Transaction 38V8944327341103M>	3	
988	2012-08-10 10:25:10.499232+00	1	49	18	<IPN: Recurring >	3	
989	2012-08-10 10:25:10.50368+00	1	49	17	<IPN: Recurring >	3	
990	2012-08-10 10:25:10.507609+00	1	49	16	<IPN: Recurring >	3	
991	2012-08-10 10:25:10.510976+00	1	49	15	<IPN: Transaction 80H892773H940470J>	3	
992	2012-08-10 10:25:10.515038+00	1	49	14	<IPN: Transaction 9TD42476NC292894Y>	3	
993	2012-08-10 10:25:10.520561+00	1	49	13	<IPN: Transaction 2JP2689957805061S>	3	
994	2012-08-10 10:25:10.524784+00	1	49	12	<IPN: Transaction 6DB85782YS226872M>	3	
995	2012-08-10 10:25:10.52846+00	1	49	11	<IPN: Transaction 6EJ49793JG884310R>	3	
996	2012-08-10 10:25:10.531757+00	1	49	10	<IPN: Transaction 4CU02070KF442392P>	3	
997	2012-08-10 10:25:10.5359+00	1	49	9	<IPN: Transaction 4CU02070KF442392P>	3	
998	2012-08-10 10:25:10.539901+00	1	49	8	<IPN: Transaction 6VH47865KJ936510V>	3	
999	2012-08-10 10:25:10.54566+00	1	49	7	<IPN: Transaction 4M583990L0641374N>	3	
1000	2012-08-10 10:25:10.549029+00	1	49	6	<IPN: Transaction 6EJ49793JG884310R>	3	
1001	2012-08-10 10:25:10.553077+00	1	49	5	<IPN: Transaction 3BB27784E8340691H>	3	
1002	2012-08-10 10:25:10.558467+00	1	49	4	<IPN: Transaction 7BT28112MT4976928>	3	
1003	2012-08-10 10:25:10.562472+00	1	49	3	<IPN: Transaction 7BT28112MT4976928>	3	
1004	2012-08-10 10:25:10.568889+00	1	49	2	<IPN: Transaction 3BB27784E8340691H>	3	
1005	2012-08-10 10:25:10.572787+00	1	49	1	<IPN: Transaction 305171628>	3	
1006	2012-08-10 10:25:22.212602+00	1	47	59	[admin] On Cart: 95	3	
1007	2012-08-10 10:25:58.851645+00	1	7	1	universaltutors.com	2	Changed domain.
1008	2012-08-10 10:28:34.787065+00	1	3	65	teststudent	3	
1009	2012-08-10 10:34:31.032962+00	1	26	68	Test Student	2	Changed credit.
1010	2012-08-10 10:35:03.934248+00	1	30	136	Mathematics (KS4 GCSE)	2	Changed date.
1011	2012-08-10 14:48:02.086888+00	1	49	263	<IPN: Transaction 5KW93507FN826660P>	3	
1012	2012-08-10 14:48:02.097948+00	1	49	262	<IPN: Transaction 9A387862U0480642H>	3	
1013	2012-08-10 14:48:02.100807+00	1	49	261	<IPN: Transaction 428101431>	3	
1014	2012-08-10 14:48:02.103772+00	1	49	260	<IPN: Transaction 218101423>	3	
1015	2012-08-10 14:48:02.107002+00	1	49	259	<IPN: Recurring >	3	
1016	2012-08-10 14:48:02.110145+00	1	49	258	<IPN: Transaction 218101423>	3	
1017	2012-08-10 14:53:12.281911+00	1	49	266	<IPN: Transaction 3R690047WR3990006>	3	
1018	2012-08-10 14:53:12.294239+00	1	49	265	<IPN: Transaction 6U173163NW838010Y>	3	
1019	2012-08-10 14:53:12.297968+00	1	49	264	<IPN: Transaction 1S285385YX184551M>	3	
1020	2012-08-10 14:53:23.132556+00	1	3	66	teststudent	3	
1021	2012-08-10 16:19:19.777941+00	1	23	1	FB (production) (@universaltutors.com)	2	Changed name, application_id, api_key and application_secret.
1022	2012-08-10 16:31:23.259974+00	1	3	1	admin	2	Changed income for user profile "Marcus Jones".
1023	2012-08-13 09:58:27.719773+00	1	46	3	Intro Students	2	Changed url.
1024	2012-08-13 09:58:57.580099+00	1	46	1	Intro	2	Changed url.
1025	2012-08-13 09:59:09.259187+00	1	46	3	Intro Students	2	Changed url.
1026	2012-08-13 09:59:14.569603+00	1	46	1	Intro	2	Changed url.
1027	2012-08-13 11:18:04.91133+00	1	50	144	[admin] Processing: 0.766	3	
1028	2012-08-13 13:02:17.172503+00	1	3	1	admin	2	Changed income, income_without_commission, avg_rate, no_reviews and classes_given for user profile "Marcus Jones".
1029	2012-08-13 13:04:47.688061+00	1	3	68	Rawjam	2	Changed credit for user profile "Raj Am".
1030	2012-08-13 13:20:58.057915+00	1	3	1	admin	2	Changed avg_rate and no_reviews for user profile "Marcus Jones".
1101	2013-01-31 00:10:04.031913+00	1	26	99	Sara Couch	2	Changed featured.
1031	2012-08-17 11:28:35.897844+00	1	67	12	The CRB is going to expire in less than 2 weeks	2	No fields changed.
1032	2012-08-18 22:42:38.623921+00	1	26	1	Marcus Jones	3	
1033	2012-08-18 22:49:43.273147+00	1	45	7	"Education is the most powerful weapon, which you can use to change the world" - Nelson Mandela\r\n	1	
1034	2012-08-18 22:50:00.849594+00	1	45	7	"Education is the most powerful weapon which you can use to change the world" - Nelson Mandela\r\n	2	Changed quote.
1035	2012-08-18 22:52:23.360408+00	1	45	8	"Education is the best provision for old age" - Aristotle\r\n	1	
1036	2012-08-18 22:53:48.665415+00	1	45	9	"Education is not the filling of a pail, but the lighting of a fire" - William Butler Yeats\r\n	1	
1037	2012-08-18 22:54:18.200066+00	1	45	10	"What sculpture is to a block of marble, education is to the human soul" - Joseph Addison\r\n	1	
1038	2012-08-18 22:54:32.31986+00	1	45	11	"What we have learned from other becomes our own reflection" - Ralph Waldo Emerson\r\n	1	
1039	2012-08-18 22:54:47.9378+00	1	45	12	"Education is the transmission of civilization" - Will Durant\r\n	1	
1040	2012-08-18 22:55:15.234331+00	1	45	13	"Education is more than a luxury; it is a responsibility that society owes to itself" - Robin Cook\r\n	1	
1041	2012-08-18 22:55:36.268585+00	1	45	14	"Character is a wish for a perfect education" - Novalis\r\n	1	
1042	2012-08-18 22:55:52.778047+00	1	45	15	"Learning is like rowing upstream: not to advance is to drop back" - Chinese Saying\r\n	1	
1043	2012-08-18 22:56:03.621716+00	1	45	16	"Education should bring to light the ideal of the individual" - J.P Richter\r\n	1	
1044	2012-08-18 22:56:30.11008+00	1	45	17	"A teacher affects eternity: he can never tell where his influence stops" - Henry Adams\r\n	1	
1045	2012-08-18 22:56:53.900557+00	1	45	18	"By learning you will teach; by teaching you will understand" - Latin Proverb\r\n	1	
1046	2012-08-18 22:57:04.675692+00	1	45	19	"Education is the mother of leadership" - Wendell L. Willkie\r\n	1	
1047	2012-08-18 22:57:17.177733+00	1	45	20	"If you would thoroughly know anything, teach it to others" - Tryon Edwards\r\n	1	
1048	2012-08-18 22:57:36.5042+00	1	45	21	"We cannot hold a torch to light another's path without brightening our own" - Ben Sweetland\r\n	1	
1049	2012-08-18 22:57:48.229437+00	1	45	22	"To know how to suggest is the great art of teaching" - Henri Frederic Amiel\r\n	1	
1050	2012-08-18 22:58:10.38936+00	1	45	23	"Whatever you want to teach, be brief" - Horace\r\n	1	
1051	2012-08-18 22:58:24.685143+00	1	45	24	"To me, education is a leading out of what is already there in the pupil's soul" - Muriel Spark\r\n	1	
1052	2012-08-18 22:58:33.867721+00	1	45	25	"Nine-tenths of education is encouragement" - Anatole France\r\n	1	
1053	2012-08-18 22:58:56.353789+00	1	45	26	"I hear and I forget. I see and I remember. I do and I understand" - Chinese Proverb \r\n	1	
1054	2012-08-18 22:59:07.593212+00	1	45	27	"I am indebted to my father for living, but to my teacher for living well" - Alexander of Macedon\r\n	1	
1055	2012-08-18 22:59:24.141567+00	1	45	28	"Teaching is not a lost art, but the regard for it is a lost tradition" - Jacques Barzun\r\n	1	
1056	2012-08-18 22:59:51.988321+00	1	45	29	"To teach is to learn twice over" - Joseph Joubert\r\n	1	
1057	2012-08-18 23:00:02.923676+00	1	45	30	"A child miseducated is a child lost" - John F. Kennedy\r\n	1	
1058	2012-08-19 01:21:31.392976+00	1	75	7	Launch discount	1	
1059	2012-08-22 08:34:51.643638+00	1	11	1	/student-guide/ -- Student Guide	3	
1060	2012-08-22 08:34:51.657905+00	1	11	2	/tutor-guide/ -- Tutor Guide	3	
1061	2012-08-22 08:36:08.396325+00	1	11	9	/student-guide/ -- Student Guide	1	
1062	2012-08-22 08:37:09.73672+00	1	11	10	/tutor-guide/ -- Tutor Guide	1	
1063	2012-08-24 02:56:00.754977+00	1	26	75	Harriet Armston-Clarke	2	Changed featured, profile_image_approved and about_approved.
1064	2012-08-24 02:56:04.271247+00	1	26	74	Daniela Galarte	2	Changed featured, profile_image_approved and about_approved.
1065	2012-08-28 02:59:10.460824+00	1	75	7	Launch discount	2	Changed end.
1066	2012-08-28 08:16:16.204674+00	1	26	75	Harriet Armston-Clarke	2	Changed video_approved and qualification_documents_approved.
1067	2012-08-28 08:16:27.116929+00	1	26	75	Harriet Armston-Clarke	2	Changed video_approved and qualification_documents_approved.
1068	2012-08-28 08:17:13.113028+00	1	26	75	Harriet Armston-Clarke	2	Changed video_approved and qualification_documents_approved.
1069	2012-08-28 08:17:25.751484+00	1	26	75	Harriet Armston-Clarke	2	Changed video_approved and qualification_documents_approved.
1070	2012-08-29 04:22:44.697543+00	1	26	76	Nick Crosthwaite	2	Changed about_approved.
1071	2012-08-30 16:32:33.744676+00	1	26	72	Marcus Jones	2	Changed type.
1072	2012-09-15 23:53:31.790799+00	1	26	75	Harriet Armston-Clarke	2	Changed about.
1073	2012-09-16 01:06:01.500379+00	1	67	9	Activated account	2	Changed body.
1074	2012-09-16 02:54:38.199676+00	1	67	11	The CRB is expired	2	Changed subject and body.
1075	2012-09-16 03:13:56.848587+00	1	67	9	Activated account	2	Changed body.
1076	2012-09-16 03:31:29.185067+00	1	46	1	Intro for tutors	2	Changed description.
1077	2012-09-16 03:33:12.619813+00	1	46	2	Intro to Universal Tutors	2	Changed url.
1078	2012-09-16 03:33:58.582884+00	1	46	2	Intro to Universal Tutors	2	Changed url.
1079	2012-09-16 03:34:33.026844+00	1	46	2	Intro to Universal Tutors	2	Changed url.
1080	2012-09-16 03:37:43.033148+00	1	46	2	Intro to Universal Tutors	2	Changed url.
1081	2012-09-24 10:02:06.787305+00	1	3	67	nickcrosthwaite	2	Changed is_staff and is_superuser.
1082	2012-09-24 12:28:04.940051+00	1	67	14	New tutor	2	Changed body.
1083	2012-09-26 02:54:31.191272+00	1	26	83	Sukhjeet Kalsi	2	Changed about and featured.
1084	2012-09-26 02:54:42.401681+00	1	26	83	Sukhjeet Kalsi	2	Changed featured.
1085	2012-11-26 02:08:42.287674+00	67	26	85	Nick Crosthwaite1	3	
1086	2012-11-26 02:08:42.297987+00	67	26	84	Nick Crosthwaite1	3	
1087	2013-01-30 23:21:11.608306+00	1	67	9	Activated account	2	Changed body.
1088	2013-01-30 23:22:09.325182+00	1	26	76	Nick Crosthwaite	3	
1089	2013-01-30 23:54:38.645757+00	1	75	7	Launch discount	2	Changed start, end, valid, total_times and discount_percentage.
1090	2013-01-31 00:00:34.847255+00	1	26	69	Nick Crosthwaite	3	
1091	2013-01-31 00:05:45.384526+00	1	26	98	Bryan Gitler	2	Changed featured.
1092	2013-01-31 00:06:02.98376+00	1	26	97	Evan Fisher	2	Changed featured.
1093	2013-01-31 00:06:29.575648+00	1	26	96	Alex Melecki	2	Changed featured.
1094	2013-01-31 00:06:32.465606+00	1	26	95	Douglas Abdiel	2	Changed featured.
1095	2013-01-31 00:06:34.732848+00	1	26	93	Lachlan de Crespigny	2	Changed featured.
1096	2013-01-31 00:06:37.761436+00	1	26	92	Kenny Kline	2	Changed featured.
1097	2013-01-31 00:06:41.056425+00	1	26	90	Siri Kurada	2	Changed featured.
1098	2013-01-31 00:06:43.987142+00	1	26	86	Shannon Carl	2	Changed featured.
1099	2013-01-31 00:06:46.73782+00	1	26	83	Sukhjeet Kalsi	2	Changed featured.
1100	2013-01-31 00:10:00.99763+00	1	26	100	Jennifer Dwork	2	Changed featured.
1102	2013-02-05 09:32:30.937029+00	115	3	114	lledx	3	
1103	2013-02-05 09:35:24.650773+00	115	3	116	lledx	3	
1104	2013-02-05 09:38:11.402752+00	115	3	117	lledx	3	
1105	2013-02-05 10:35:55.089444+00	115	3	118	lledx	3	
1106	2013-02-05 10:35:55.102051+00	115	3	119	lledxw	3	
1107	2013-02-05 11:16:14.066532+00	115	3	121	rjtest	3	
1108	2013-02-05 11:16:14.074244+00	115	3	122	rjtest2	3	
1109	2013-02-06 02:46:52.759005+00	67	26	109	Xiao Xu	2	Changed featured.
1110	2013-02-06 02:47:53.026642+00	67	26	129	Melissa K	2	Changed featured.
1111	2013-02-06 02:47:56.298653+00	67	26	127	Vivienne Pham	2	Changed featured.
1112	2013-02-06 02:47:59.333513+00	67	26	118	Mpho Brown	2	Changed featured.
1113	2013-02-06 02:48:02.213814+00	67	26	117	Mackenzie Jones	2	Changed featured.
1114	2013-02-06 02:48:05.110475+00	67	26	116	Uzunma Udeh	2	Changed featured.
1115	2013-02-06 02:48:07.388972+00	67	26	114	Sarah Turney	2	Changed featured.
1116	2013-02-06 02:48:10.858995+00	67	26	113	Maureen Lei	2	Changed featured.
1117	2013-02-06 02:48:13.82189+00	67	26	106	Denise Yu	2	Changed featured.
1118	2013-02-06 02:48:16.268011+00	67	26	105	Yasmeen  Jawhar	2	Changed featured.
1119	2013-02-06 02:48:19.0945+00	67	26	104	Shantala Menon	2	Changed featured.
1120	2013-02-06 02:48:21.433374+00	67	26	103	Chloe L	2	Changed featured.
1121	2013-02-06 02:48:24.494258+00	67	26	94	Eran  Mizrahi	2	Changed featured.
1122	2013-02-06 02:48:26.818673+00	67	26	87	Mo Sakrani	2	Changed featured.
1123	2013-02-06 15:58:10.744273+00	1	26	137	Liam Hession	2	Changed featured.
1124	2013-02-06 15:58:14.138867+00	1	26	134	Tiernan Evans	2	Changed featured.
1125	2013-02-06 15:58:16.590821+00	1	26	130	Tanay Doctor	2	Changed featured.
1126	2013-02-12 14:08:10.814213+00	1	26	157	Waqar Ali Poonawala	2	Changed featured.
1127	2013-02-12 14:08:14.031441+00	1	26	156	Jade L	2	Changed featured and about_approved.
1128	2013-02-12 14:08:17.012024+00	1	26	155	Kimberly Hou	2	Changed featured and about_approved.
1129	2013-02-12 14:08:19.49349+00	1	26	154	Yin Yin Lu	2	Changed featured.
1130	2013-02-12 14:08:23.145684+00	1	26	153	Harry Wright	2	Changed featured.
1131	2013-02-12 14:08:25.465964+00	1	26	148	Alejandro Alves	2	Changed featured.
1132	2013-02-12 14:08:28.738869+00	1	26	147	Debby Man	2	Changed featured.
1133	2013-02-12 14:08:32.869594+00	1	26	146	Mara Goldberg	2	Changed featured.
1134	2013-02-12 14:08:35.97261+00	1	26	145	Marley Evans	2	Changed featured.
1135	2013-02-12 14:08:38.529985+00	1	26	144	Anu-Raga Mahalingashetty	2	Changed featured.
1136	2013-02-12 14:08:41.255542+00	1	26	142	Tegan McDonough	2	Changed featured.
1137	2013-02-12 14:08:44.073946+00	1	26	127	Vivienne Pham	2	Changed featured.
1138	2013-02-12 14:08:46.751496+00	1	26	97	Evan Fisher	2	Changed featured.
1139	2013-02-12 14:08:50.035418+00	1	26	93	Lachlan de Crespigny	2	Changed featured.
1140	2013-02-12 14:08:53.92671+00	1	26	87	Mo Sakrani	2	Changed featured.
1141	2013-02-14 17:13:44.453774+00	1	29	71	Accouting	1	
1142	2013-02-14 17:14:17.061815+00	1	29	71	Accounting	2	Changed subject.
1143	2013-02-14 23:12:39.202381+00	1	26	102	Nick Crosthwaite	3	
1144	2013-02-14 23:12:39.213689+00	1	26	101	Nick Crosthwaite	3	
1145	2013-02-14 23:17:47.484769+00	1	26	166	Nick Crosthwaite	3	
1146	2013-02-17 17:48:41.347394+00	1	3	82	ncrosthwaite	3	
1147	2013-02-17 17:48:41.357296+00	1	3	73	Nick_crosthwaite	3	
1148	2013-02-17 17:48:41.360244+00	1	3	81	nickcrosthwaite1	3	
1149	2013-02-17 17:49:37.346975+00	1	3	1	admin	2	Changed first_name and last_name.
1150	2013-02-17 17:49:57.807668+00	1	3	67	nickcrosthwaite	2	No fields changed.
1151	2013-02-17 17:50:28.852118+00	1	3	88	emizrahi	2	Changed is_staff and is_superuser.
1152	2013-02-18 16:06:00.601557+00	1	3	77	Tomcrosthwaite	3	
1153	2013-02-19 18:14:25.97136+00	1	26	168	Ye Zhu	2	Changed featured.
1154	2013-02-19 18:14:29.028127+00	1	26	164	Kyle Portnoy	2	Changed featured.
1155	2013-02-19 18:14:31.978175+00	1	26	161	Sarah Andebrhan	2	Changed featured.
1156	2013-02-19 18:14:35.160907+00	1	26	158	Safoora Biglari	2	Changed featured.
1157	2013-02-20 21:51:37.91151+00	1	45	31	"I have no special talent. I am only passionately curious." - Albert Einstein 	1	
1158	2013-02-20 21:52:04.971187+00	1	45	32	"A person who never made a mistake never tried anything new. " - Albert Einstein	1	
1159	2013-02-20 21:52:36.445919+00	1	45	33	"If you can't explain it simply, you don't understand it well enough." - Albert Einstein	1	
1160	2013-02-20 21:52:55.701795+00	1	45	34	"Imagination is everything. It is the preview of life's coming attractions." - Albert Einstein	1	
1161	2013-02-20 21:54:19.215374+00	1	45	35	"Intellectual growth should commence at birth and cease only at death." - Albert Einstein	1	
1162	2013-02-20 21:54:36.538816+00	1	45	36	"It is the supreme art of the teacher to awaken joy in creative expression and knowledge" - Albert Einstein	1	
1163	2013-02-20 21:55:12.838727+00	1	45	37	"Most people say that is it is the intellect which makes a great scientist. They are wrong: it is character." Albert Einstein	1	
1164	2013-02-20 21:55:24.231336+00	1	45	37	"Most people say that is it is the intellect which makes a great scientist. They are wrong: it is character." Albert Einstein	3	
1165	2013-02-20 21:55:55.107493+00	1	45	38	"Pure mathematics is, in its way, the poetry of logical ideas." - Albert Einstein	1	
1166	2013-02-20 21:56:17.666416+00	1	45	39	"The only source of knowledge is experience." - Albert Einstein 	1	
1167	2013-02-20 22:09:43.456655+00	1	45	40	"The roots of education are bitter, but the fruit is sweet." - Aristotle	1	
1168	2013-02-20 22:10:38.284175+00	1	45	41	"An investment in knowledge pays the best interest." - Benjamin Franklin	1	
1169	2013-02-20 22:11:48.382701+00	1	45	42	"Education is not preparation for life; education is life itself." - John Dewey 	1	
1170	2013-02-20 22:14:07.532735+00	1	45	43	"The only real failure in life is one not learned from." - Anthony J. D'Angelo 	1	
1171	2013-02-23 01:34:22.64137+00	88	26	177	Alex Montgomery	2	Changed featured.
1172	2013-02-25 20:51:26.922607+00	67	75	7	Launch discount	2	Changed end.
1173	2013-02-26 01:17:59.298572+00	67	75	8	TFAtutors	1	
1174	2013-02-26 15:53:27.587078+00	67	26	183	Nnamdi Amobi	2	Changed featured.
1175	2013-02-26 15:53:31.542041+00	67	26	182	Shahin Iraninejad	2	Changed featured.
1176	2013-02-26 15:53:35.09021+00	67	26	180	Nathalie Ormazabal	2	Changed featured.
1177	2013-02-26 15:53:37.909287+00	67	26	176	Michael Melmed	2	Changed featured.
1178	2013-02-26 15:53:41.050561+00	67	26	173	Amin Fernandez	2	Changed featured.
1179	2013-02-27 18:21:13.917286+00	67	26	170	Nick Crosthwaite	2	Changed type.
1180	2013-02-28 14:04:46.09059+00	67	26	170	Nick Crosthwaite	2	Changed type.
1181	2013-02-28 14:06:48.968662+00	67	26	170	Nick Crosthwaite	2	Changed type.
1182	2013-02-28 14:13:52.675181+00	67	26	170	Nick Crosthwaite	2	Changed type.
1183	2013-02-28 17:43:56.423266+00	67	26	170	Nick Crosthwaite	2	No fields changed.
1184	2013-02-28 17:44:24.245661+00	67	26	170	Nick Crosthwaite	2	Changed type.
1185	2013-02-28 17:45:34.663726+00	67	26	170	Nick Crosthwaite	2	Changed type.
1186	2013-02-28 17:45:42.771453+00	67	26	170	Nick Crosthwaite	2	Changed type.
1187	2013-02-28 17:45:51.726408+00	67	26	170	Nick Crosthwaite	2	Changed type.
1188	2013-02-28 17:46:54.947677+00	67	26	170	Nick Crosthwaite	2	Changed date_of_birth and type.
1189	2013-03-02 00:50:22.538815+00	67	3	172	danyasaur	2	Changed type for user profile "Danya Degen".
1190	2013-03-03 02:47:29.929061+00	67	45	44	"Develop a passion for learning. If you do, you will never cease to grow." - Anthony J. D'Angelo	1	
1191	2013-03-03 02:49:22.653227+00	67	45	45	"Education is the key to unlock the golden door of freedom." - George Washington Carver	1	
1192	2013-03-03 02:49:38.06828+00	67	45	45	"Education is the key to unlock the golden door of freedom" - George Washington Carver	2	Changed quote.
1193	2013-03-03 02:49:44.308397+00	67	45	44	"Develop a passion for learning. If you do, you will never cease to grow" - Anthony J. D'Angelo	2	Changed quote.
1194	2013-03-03 02:49:55.968785+00	67	45	35	"Intellectual growth should commence at birth and cease only at death" - Albert Einstein	2	Changed quote.
1195	2013-03-03 02:50:07.36974+00	67	45	34	"Imagination is everything. It is the preview of life's coming attractions" - Albert Einstein	2	Changed quote.
1196	2013-03-03 02:50:46.888691+00	67	45	46	"He who opens a school door, closes a prison" - Victor Hugo	1	
1197	2013-03-03 02:51:52.719711+00	67	45	47	"Education is the progressive discovery of our own ignorance" - Will Durant	1	
1198	2013-03-03 02:52:45.437522+00	67	45	48	"A human being is not attaining his full heights until he is educated" - Horace Mann 	1	
1199	2013-03-03 02:53:40.00976+00	67	45	49	"Education's purpose is to replace an empty mind with an open one" - Malcolm Forbes	1	
1200	2013-03-03 02:54:39.416878+00	67	45	50	"I'm not afraid of storms, for i'm learning to sail my ship" - Aeschylus	1	
1201	2013-03-03 02:56:06.323653+00	67	45	51	"Education is simply the soul of a society as it passes from one generation to another" - Gilbert K. Chesterton	1	
1202	2013-03-03 02:58:30.619611+00	67	45	52	"Education is all a matter of building bridges" - Ralph Ellison	1	
1203	2013-03-08 16:49:57.058121+00	67	3	179	nickc	2	No fields changed.
1204	2013-03-08 16:52:42.495282+00	67	3	179	nickc	2	Changed test_class_minutes for user profile "Nick C".
1205	2013-03-12 15:56:40.174205+00	67	3	189	carmenkrol	2	Changed test_class_minutes for user profile "Carmen Krol".
1206	2013-04-01 12:51:11.630833+00	67	3	156	mekeret	3	
1207	2013-04-11 21:10:17.322152+00	67	46	1	Intro for tutors	2	Changed url.
1208	2013-04-11 21:14:52.232457+00	67	46	3	Intro Students	2	Changed url.
1209	2013-04-16 04:41:44.969834+00	1	3	202	Tutor	2	Changed test_class_minutes for user profile "John Doe ".
1210	2013-04-23 13:59:37.527797+00	67	3	179	nickc	2	Changed test_class_minutes for user profile "Nick C".
1211	2013-05-07 13:30:02.444989+00	115	44	3	terms_and_conditions_parent	1	
1212	2013-05-14 16:21:56.27983+00	115	3	68	rawjam_test	2	Changed username.
1213	2013-05-14 16:22:10.152442+00	115	3	115	rawjam	2	Changed username.
1214	2013-05-14 16:29:39.318702+00	115	3	120	lledx	3	
1215	2013-05-16 16:10:48.801839+00	115	3	67	nickcrosthwaite	2	Changed type for user profile "Nick Crosthwaite".
1216	2013-05-16 16:11:21.838987+00	115	3	67	nickcrosthwaite	2	Changed date_of_birth and type for user profile "Nick Crosthwaite".
1217	2013-05-19 21:15:40.342837+00	88	26	239	Aurelia McNeil	3	
1218	2013-05-28 22:40:25.720285+00	67	3	234	SpanishOnline	2	Changed type for user profile "Erika Patricia  Montoya".
1219	2013-05-28 22:41:11.198252+00	67	3	234	SpanishOnline	2	Changed profile_image_approved, about_approved, video_approved and qualification_documents_approved for user profile "Erika Patricia  Montoya".
1220	2013-05-29 16:02:37.831746+00	67	3	1	admin	2	No fields changed.
1221	2013-06-04 18:36:24.254935+00	67	3	67	nickcrosthwaite	2	Changed type for user profile "Nick Crosthwaite".
1222	2013-06-12 19:10:38.83663+00	67	3	179	nickc	2	Changed type for user profile "Nick C".
1223	2013-06-13 19:40:01.012326+00	67	3	241	dsid99	2	Changed is_staff and is_superuser.
1224	2013-06-17 23:40:07.765035+00	1	26	209	John Doe 	3	
1225	2013-06-17 23:46:06.179948+00	67	3	248	alonslotky	2	Changed is_staff and is_superuser.
1226	2013-06-17 23:47:28.784568+00	1	3	202	Tutor	3	
1227	2013-07-04 01:16:33.761213+00	67	3	179	nickc	2	Changed credit for user profile "Nick C".
1228	2013-07-15 22:32:44.317419+00	67	3	262	nickc1	3	
1229	2013-07-16 16:17:59.798001+00	67	3	243	sid22	2	Changed is_staff and is_superuser. Changed test_class_minutes for user profile "Sidhartha Doddipalli".
1230	2013-07-18 19:18:16.013589+00	67	68	10	General	1	
1231	2013-07-18 19:18:21.708734+00	67	69	1	What is wizoku?	2	Changed section, question and answers.
1232	2013-07-18 19:19:18.218976+00	67	69	2	Who can use wizoku?	2	Changed section, question and answers.
1233	2013-07-18 19:20:01.540116+00	67	69	41	Is wizoku right for me? 	1	
1234	2013-07-18 19:52:57.617075+00	67	69	41	Is wizoku right for me? 	2	Changed answers.
1235	2013-07-18 19:53:50.773434+00	67	69	42	 What do I need to use wizoku?	1	
1236	2013-07-18 20:02:55.609634+00	67	68	1	Tutors	2	Changed section. Changed question and answers for FAQ Item "How do I sign up?". Changed question and answers for FAQ Item "How do I build my profile?". Changed question and answers for FAQ Item "How much should I charge?". Changed question and answers for FAQ Item "Do I need to upload academic accreditation documents?". Changed question and answers for FAQ Item ". How does the virtual classroom work and can I practice with it?". Changed question and answers for FAQ Item "How does wizoku help me work with more students and expand my business".
1237	2013-07-18 20:04:57.291447+00	67	68	2	Students	2	Changed section. Added FAQ Item "How should I pick the best tutor for me?". Changed question and answers for FAQ Item "How do I sign up?". Changed question and answers for FAQ Item "Im under 16. Do I need a parent to sign up with me?".
1238	2013-07-18 20:06:04.581423+00	67	68	3	Parents	2	Changed section. Added FAQ Item "Can I create an account for my child(ren)?". Changed question and answers for FAQ Item "How do parent accounts work?".
1239	2013-07-18 21:41:18.684776+00	67	68	4	Finding a tutor and scheduling a class	2	Changed question and answers for FAQ Item "How should I pick the best tutor for me?". Changed question and answers for FAQ Item "How does wizoku select tutors for the site?". Changed question and answers for FAQ Item "How long is each class?". Changed question and answers for FAQ Item "What is the virtual classroom and how does it work?". Changed question and answers for FAQ Item "How do I make sure that Im learning the right stuff?". Changed question and answers for FAQ Item "What if I dont like my tutor?".
1240	2013-07-18 21:47:48.842599+00	1	3	252	jvlee92	2	Changed password. Changed test_class_minutes and genres for user profile "Joseph Lee".
1241	2013-07-18 21:53:51.988247+00	67	68	5	Classes	3	
1242	2013-07-18 21:55:24.757169+00	67	68	11	Feedback and Ratings	1	
1243	2013-07-18 21:55:42.581068+00	67	68	6	Payment System	3	
1244	2013-07-18 21:56:45.928222+00	67	68	12	Safety	1	
1245	2013-07-18 21:59:39.242914+00	67	68	7	Two-Way Feedback	3	
1246	2013-07-18 22:05:08.023911+00	67	68	8	Safety	3	
1247	2013-07-18 22:06:55.467004+00	67	68	12	Safety	2	Changed answers for FAQ Item "As a parent, what should I do to ensure online safety for my child(ren)?".
1248	2013-07-18 22:09:14.486797+00	67	68	12	Safety	2	Added FAQ Item "How do you make sure my financial data is secure?". Changed answers for FAQ Item "As a parent, what should I do to ensure online safety for my child(ren)?".
1249	2013-07-18 22:10:50.067956+00	67	68	13	Technical	1	
1250	2013-07-18 22:21:48.220455+00	67	68	9	Other	2	Added FAQ Item "Are all classes conducted in English?". Added FAQ Item "Do you offer in-person tutoring?". Changed question and answers for FAQ Item "I forgot my password/username. What do I do?". Changed question and answers for FAQ Item "What is the referral system and how does it work?". Changed answers for FAQ Item "What should I do if I come across any inappropriate content on the site?". Changed question and answers for FAQ Item "The subject Im looking for is not listed. What do I do?". Changed question and answers for FAQ Item "How can I provide feedback to wizoku?".
1251	2013-07-18 22:21:57.354397+00	67	68	9	Other	2	Changed position.
1252	2013-07-18 22:26:49.155379+00	67	68	9	Other	2	Changed answers for FAQ Item "The subject Im looking for is not listed. What do I do?".
1253	2013-07-18 22:28:09.987849+00	67	68	13	Technical	2	Changed answers for FAQ Item "Do I need any special software or equipment to use wizoku?".
1254	2013-07-18 22:31:26.167604+00	67	68	10	General	2	Changed answers for FAQ Item "Who can use wizoku?". Changed answers for FAQ Item " What do I need to use wizoku?".
1255	2013-07-18 22:44:16.351285+00	67	68	1	Tutors	2	Changed answers for FAQ Item "How do I sign up?". Changed answers for FAQ Item "How do I build my profile?". Changed answers for FAQ Item "How much should I charge?". Changed answers for FAQ Item ". How does the virtual classroom work and can I practice with it?".
1256	2013-07-18 23:01:08.313576+00	67	68	2	Students	2	Changed answers for FAQ Item "How should I pick the best tutor for me?".
1257	2013-07-18 23:02:51.86506+00	67	68	4	Finding a tutor and scheduling a class	2	Changed answers for FAQ Item "How should I pick the best tutor for me?".
1258	2013-07-18 23:04:10.628584+00	67	68	12	Safety	2	Changed answers for FAQ Item "How do you make sure my financial data is secure?".
1259	2013-07-18 23:04:24.354828+00	67	68	13	Technical	2	No fields changed.
1260	2013-07-18 23:06:53.360825+00	67	68	9	Other	2	Changed answers for FAQ Item "I forgot my password/username. What do I do?". Changed answers for FAQ Item "How can I provide feedback to wizoku?".
1261	2013-07-18 23:09:06.288424+00	67	68	9	Other	2	No fields changed.
1262	2013-07-19 15:20:28.16783+00	1	3	266	mail@gmail.com	2	Changed password. Changed test_class_minutes and test_class_id for user profile "first last".
1263	2013-07-19 15:23:29.537521+00	1	3	266	mail@gmail.com	2	Changed password. Changed test_class_minutes for user profile "first last".
1264	2013-07-19 19:14:56.081627+00	67	46	1	Intro for tutors	2	Changed url.
1265	2013-07-19 19:16:33.579855+00	67	46	1	Intro for tutors	2	Changed url.
1266	2013-07-19 19:27:23.922421+00	67	46	3	Intro Students	2	Changed url.
1267	2013-07-19 22:04:19.402306+00	1	81	2	terms_and_conditions_tutor	2	Changed file.
1268	2013-07-19 22:07:09.849064+00	67	7	2	wizoku.com	1	
1269	2013-07-19 22:07:17.519922+00	67	23	1	FB (production) (@wizoku.com)	2	Changed site.
1270	2013-07-19 22:11:20.555803+00	67	23	1	FB (production) (@universaltutors.com)	2	Changed site.
1271	2013-07-19 22:14:04.304319+00	67	23	2	FB (production) (@wizoku.com)	1	
1272	2013-07-19 22:27:29.693615+00	67	44	2	terms_and_conditions_tutor	2	Changed content.
1273	2013-07-19 22:28:02.10124+00	67	44	3	terms_and_conditions_parent	2	Changed content.
1274	2013-07-19 22:28:33.720394+00	67	44	2	terms_and_conditions_tutor	2	Changed content.
1275	2013-07-19 22:35:49.164748+00	67	44	2	terms_and_conditions_tutor	2	Changed content.
1276	2013-07-19 22:41:49.486722+00	67	44	2	terms_and_conditions_tutor	2	Changed content.
1277	2013-07-19 22:44:05.348138+00	67	44	1	terms_and_conditions_student	2	Changed content.
1278	2013-07-19 22:44:57.035208+00	67	44	2	terms_and_conditions_tutor	2	Changed content.
1279	2013-07-19 22:47:46.265415+00	67	44	3	terms_and_conditions_parent	2	Changed content.
1280	2013-07-19 22:49:29.16411+00	67	11	6	/privacy-policy/ -- Privacy Policy	2	Changed content and sites.
1281	2013-07-19 22:49:42.04475+00	67	11	5	/contact-us/ -- Contact Us	2	Changed sites.
1282	2013-07-19 22:50:52.424578+00	67	11	3	/terms-of-use/ -- Terms of use	2	Changed content and sites.
1283	2013-07-19 22:54:29.987788+00	67	81	3	code_of_conduct	2	Changed file.
1284	2013-07-19 22:57:01.122938+00	67	44	2	terms_and_conditions_tutor	2	Changed content.
1285	2013-07-19 22:57:36.811462+00	67	44	1	terms_and_conditions_student	2	Changed content.
1286	2013-07-19 22:58:08.594109+00	67	44	3	terms_and_conditions_parent	2	Changed content.
1287	2013-07-19 22:59:10.826823+00	67	44	2	terms_and_conditions_tutor	2	Changed content.
1288	2013-07-22 18:29:01.56932+00	67	44	3	terms_and_conditions_parent	2	Changed content.
1289	2013-07-22 18:31:53.879555+00	67	81	3	code_of_conduct	2	Changed file.
1290	2013-07-22 18:47:04.836803+00	67	81	2	terms_and_conditions_tutor	2	Changed file.
1291	2013-07-22 18:47:53.496846+00	67	11	3	/terms-of-use/ -- Terms of use	2	No fields changed.
1292	2013-07-22 18:48:28.782595+00	67	11	3	/terms-of-use/ -- Terms of use	2	Changed sites.
1293	2013-07-22 18:51:48.408314+00	67	11	8	/code-of-conduct/ -- Code of Conduct	2	Changed sites.
1294	2013-07-22 18:59:10.983593+00	67	11	8	/code-of-conduct/ -- Code of Conduct	2	Changed sites.
1295	2013-07-22 19:01:16.990053+00	67	11	8	/code-of-conduct/ -- Code of Conduct	2	Changed sites.
1296	2013-07-22 19:05:53.590352+00	67	11	6	/privacy-policy/ -- Privacy Policy	2	Changed sites.
1297	2013-07-22 19:07:05.535931+00	67	11	6	/privacy-policy/ -- Privacy Policy	2	No fields changed.
1298	2013-07-22 19:07:48.238697+00	67	11	6	/privacy-policy/ -- Privacy Policy	2	No fields changed.
1299	2013-07-22 19:14:48.11525+00	67	11	3	/terms-of-use/ -- Terms of use	2	No fields changed.
1300	2013-07-24 23:37:48.881729+00	67	7	3	wizoku.com	1	
1301	2013-07-24 23:38:04.569258+00	67	7	2	staging.wizoku.com	2	Changed domain and name.
1302	2013-07-24 23:38:13.41113+00	67	7	3	wizoku.com	2	Changed name.
1303	2013-07-24 23:38:38.132856+00	67	11	8	/code-of-conduct/ -- Code of Conduct	2	Changed sites.
1304	2013-07-24 23:38:45.527743+00	67	11	5	/contact-us/ -- Contact Us	2	Changed sites.
1305	2013-07-24 23:38:51.671228+00	67	11	4	/faq/ -- FAQ's	2	Changed sites.
1306	2013-07-24 23:38:57.865473+00	67	11	6	/privacy-policy/ -- Privacy Policy	2	Changed sites.
1307	2013-07-24 23:39:03.73988+00	67	11	6	/privacy-policy/ -- Privacy Policy	2	No fields changed.
1308	2013-07-24 23:39:12.779856+00	67	11	9	/student-guide/ -- Student Guide	2	Changed sites.
1309	2013-07-24 23:39:20.022756+00	67	11	9	/student-guide/ -- Student Guide	2	No fields changed.
1310	2013-07-24 23:39:26.918812+00	67	11	7	/terms-and-conditions/ -- Terms and Conditions	2	Changed sites.
1311	2013-07-24 23:39:33.040137+00	67	11	3	/terms-of-use/ -- Terms of use	2	Changed sites.
1312	2013-07-24 23:39:38.593407+00	67	11	10	/tutor-guide/ -- Tutor Guide	2	Changed sites.
1313	2013-07-25 11:52:26.50876+00	1	11	11	/about-us/ -- About Us	1	
1314	2013-07-25 11:52:59.774585+00	1	11	12	/ambassador/ -- Ambassador	1	
1315	2013-07-25 11:53:12.175097+00	1	11	13	/ambassador-application/ -- Ambassador Application	1	
1316	2013-07-25 11:53:20.757296+00	1	11	8	/code-of-conduct/ -- Code of Conduct	2	Changed sites.
1317	2013-07-25 11:53:26.296791+00	1	11	5	/contact-us/ -- Contact Us	2	Changed sites.
1318	2013-07-25 11:53:31.957876+00	1	11	4	/faq/ -- FAQ's	2	Changed sites.
1319	2013-07-25 11:53:37.595034+00	1	11	6	/privacy-policy/ -- Privacy Policy	2	Changed sites.
1320	2013-07-25 11:53:43.499172+00	1	11	9	/student-guide/ -- Student Guide	2	Changed sites.
1321	2013-07-25 11:53:48.863138+00	1	11	7	/terms-and-conditions/ -- Terms and Conditions	2	Changed sites.
1322	2013-07-25 11:53:54.741541+00	1	11	3	/terms-of-use/ -- Terms of use	2	Changed sites.
1323	2013-07-25 11:53:59.987927+00	1	11	10	/tutor-guide/ -- Tutor Guide	2	Changed sites.
1324	2013-07-25 14:24:45.671255+00	1	23	3	wizoku (@wizoku.com)	1	
1325	2013-07-25 14:26:29.570663+00	67	11	10	/tutor-guide/ -- Tutor Guide	2	Changed sites.
1326	2013-07-25 14:26:33.905376+00	67	11	3	/terms-of-use/ -- Terms of use	2	Changed sites.
1327	2013-07-25 14:26:36.438683+00	67	11	7	/terms-and-conditions/ -- Terms and Conditions	2	Changed sites.
1328	2013-07-25 14:26:39.311702+00	67	11	9	/student-guide/ -- Student Guide	2	Changed sites.
1329	2013-07-25 14:26:41.92534+00	67	11	6	/privacy-policy/ -- Privacy Policy	2	Changed sites.
1330	2013-07-25 14:26:45.608638+00	67	11	4	/faq/ -- FAQ's	2	Changed sites.
1331	2013-07-25 14:26:48.540849+00	67	11	5	/contact-us/ -- Contact Us	2	Changed sites.
1332	2013-07-25 14:26:51.301652+00	67	11	8	/code-of-conduct/ -- Code of Conduct	2	Changed sites.
1333	2013-07-25 14:26:56.244282+00	67	11	13	/ambassador-application/ -- Ambassador Application	2	Changed sites.
1334	2013-07-25 14:26:59.47185+00	67	11	12	/ambassador/ -- Ambassador	2	Changed sites.
1335	2013-07-25 14:27:03.551016+00	67	11	11	/about-us/ -- About Us	2	Changed sites.
1336	2013-07-26 21:31:20.590407+00	67	3	67	nickcrosthwaite	2	Changed password. Changed test_class_minutes and genres for user profile "Nick Crosthwaite".
\.


--
-- Data for Name: django_comment_flags; Type: TABLE DATA; Schema: public; Owner: -
--

COPY django_comment_flags (id, user_id, comment_id, flag, flag_date) FROM stdin;
\.


--
-- Data for Name: django_comments; Type: TABLE DATA; Schema: public; Owner: -
--

COPY django_comments (id, content_type_id, object_pk, site_id, user_id, user_name, user_email, user_url, comment, submit_date, ip_address, is_public, is_removed) FROM stdin;
\.


--
-- Data for Name: django_content_type; Type: TABLE DATA; Schema: public; Owner: -
--

COPY django_content_type (id, name, app_label, model) FROM stdin;
1	permission	auth	permission
2	group	auth	group
3	user	auth	user
4	message	auth	message
5	content type	contenttypes	contenttype
6	session	sessions	session
7	site	sites	site
8	log entry	admin	logentry
9	comment	comments	comment
10	comment flag	comments	commentflag
11	flat page	flatpages	flatpage
12	migration history	south	migrationhistory
13	tag	tagging	tag
14	tagged item	tagging	taggeditem
15	email address	emailconfirmation	emailaddress
16	email confirmation	emailconfirmation	emailconfirmation
17	social account	socialaccount	socialaccount
18	twitter app	twitter	twitterapp
19	twitter account	twitter	twitteraccount
20	open id account	openid	openidaccount
21	open id store	openid	openidstore
22	open id nonce	openid	openidnonce
23	facebook app	facebook	facebookapp
24	facebook account	facebook	facebookaccount
25	facebook access token	facebook	facebookaccesstoken
26	user profile	profile	userprofile
27	child	profile	child
28	newsletter subscription	profile	newslettersubscription
29	class subject	classes	classsubject
30	class	classes	class
31	class user history	classes	classuserhistory
32	tutor subject	profile	tutorsubject
33	tutor qualification	profile	tutorqualification
34	tutor review	profile	tutorreview
35	tutor favorite	profile	tutorfavorite
36	week availability	profile	weekavailability
37	day availability	profile	dayavailability
38	message	profile	message
39	user credit movement	profile	usercreditmovement
40	student review	profile	studentreview
41	report	profile	report
42	referral	profile	referral
43	currency	core	currency
44	Flat block	flatblocks	flatblock
45	quote	core	quote
46	video	core	video
47	top up item	profile	topupitem
48	tutor	profile	tutor
49	PayPal IPN	ipn	paypalipn
50	withdraw item	profile	withdrawitem
51	Reported Student	profile	reportedstudent
52	Student	profile	student
53	Tutor	profile	tutorlist
54	Reported Tutor	profile	reportedtutor
55	Parent	profile	parent
56	mass payment	ap	masspayment
57	mass payment receiver	ap	masspaymentreceiver
58	feedback question	common	feedbackquestion
59	feedback question option	common	feedbackquestionoption
60	feedback answer	common	feedbackanswer
61	Educational system	classes	educationalsystem
62	educational system country	classes	educationalsystemcountry
63	Level	classes	classlevel
64	student interest	profile	studentinterest
65	Bad Review	profile	badreview
66	bundle	core	bundle
67	email template	core	emailtemplate
68	FAQ Section	faq	faqsection
69	FAQ Item	faq	faqitem
70	timezone	core	timezone
71	Country and timezones	core	country
72	queue	mailchimp	queue
73	Mailchimp Log	mailchimp	campaign
74	reciever	mailchimp	reciever
75	discount	core	discount
76	discount user	core	discountuser
77	upload profile image	profile	uploadprofileimage
78	Tutor	profile	tutorprofile
79	Parent	profile	parentprofile
80	Student	profile	studentprofile
81	Documents	core	document
82	mass withdraw	core	masswithdraw
83	genre	profile	genre
\.


--
-- Data for Name: django_flatpage; Type: TABLE DATA; Schema: public; Owner: -
--

COPY django_flatpage (id, url, title, content, enable_comments, template_name, registration_required) FROM stdin;
10	/tutor-guide/	Tutor Guide		f	flatpages/tutor-guide.html	f
3	/terms-of-use/	Terms of use	<h3><strong>Terms of website use</strong></h3>\r\n<p>This page (together with the documents referred to on it) tells you the terms of use on which you may make use of our website <a href="/">www.wizoku.com</a> (<strong>our site</strong>), whether as a guest or a registered user. Please read these terms of use carefully before you start to use the site. By using our site, you indicate that you accept these terms of use and that you agree to abide by them. If you do not agree to these terms of use, please refrain from using our site.</p>\r\n<p>&nbsp;</p>\r\n<h3><strong>Information about us</strong></h3>\r\n<p>www.wizoku.com is a site operated by Minerva Education Ltd, whose registered office is c/o Shelley Stock Hutter LLP, 1<sup>st</sup> Floor, 7-10 Chandos Street, London, W1G 9DQ (<strong>We</strong>).&nbsp; We are registered in England and Wales under company number 07889415.&nbsp;</p>\r\n<p>We are a limited company.</p>\r\n<p>&nbsp;</p>\r\n<h3><strong>Accessing our site</strong></h3>\r\n<p>Access to our site is permitted on a temporary basis, and we reserve the right to withdraw or amend the service we provide on our site without notice (see below). We will not be liable if for any reason our site is unavailable at any time or for any period.</p>\r\n<p>From time to time, we may restrict access to some parts of our site, or our entire site, to users who have registered with us.</p>\r\n<p>If you choose, or you are provided with, a user identification code, password or any other piece of information as part of our security procedures, you must treat such information as confidential, and you must not disclose it to any third party. We have the right to disable any user identification code or password, whether chosen by you or allocated by us, at any time, if in our opinion you have failed to comply with any of the provisions of these terms of use.</p>\r\n<p>When using our site, you must comply with the provisions of our <a href="/terms-and-conditions/">terms and conditions</a>.</p>\r\n<p>You are responsible for making all arrangements necessary for you to have access to our site.&nbsp; You are also responsible for ensuring that all persons who access our site through your internet connection are aware of these terms, and that they comply with them.</p>\r\n<p>&nbsp;</p>\r\n<h3><strong>Intellectual property rights</strong></h3>\r\n<p>We are the owner or the licensee of all intellectual property rights in our site, and in the material published on it.&nbsp; Those works are protected by copyright laws and treaties around the world.&nbsp; All such rights are reserved.&nbsp;</p>\r\n<p>You may print off one copy, and may download extracts, of any page(s) from our site for your personal reference and you may draw the attention of others within your organisation to material posted on our site. &nbsp;</p>\r\n<p>You must not modify the paper or digital copies of any materials you have printed off or downloaded in any way, and you must not use any illustrations, photographs, video or audio sequences or any graphics separately from any accompanying text.&nbsp;</p>\r\n<p>Our status (and that of any identified contributors) as the authors of material on our site must always be acknowledged.&nbsp;</p>\r\n<p>You must not use any part of the materials on our site for commercial purposes without obtaining a licence to do so from us or our licensors.</p>\r\n<p>If you print off, copy or download any part of our site in breach of these terms of use, your right to use our site will cease immediately and you must, at our option, return or destroy any copies of the materials you have made.</p>\r\n<p>&nbsp;</p>\r\n<h3><strong>Reliance on information posted</strong></h3>\r\n<p>Commentary and other materials posted on our site are not intended to amount to advice on which reliance should be placed.&nbsp; We therefore disclaim all liability and responsibility arising from any reliance placed on such materials by any visitor to our site, or by anyone who may be informed of any of its contents.</p>\r\n<p>&nbsp;</p>\r\n<h3><strong>Our site changes regularly</strong></h3>\r\n<p>We aim to update our site regularly, and may change the content at any time. If the need arises, we may suspend access to our site, or close it indefinitely. Any of the material on our site may be out of date at any given time, and we are under no obligation to update such material.</p>\r\n<p>&nbsp;</p>\r\n<h3><strong>Our liability</strong></h3>\r\n<p>The material displayed on our site is provided without any guarantees, conditions or warranties as to its accuracy. To the extent permitted by law, we, other members of our group of companies and third parties connected to us hereby expressly exclude:</p>\r\n<ul>\r\n<li>All conditions, warranties and other terms which might otherwise be implied by statute, common law or the law of equity.</li>\r\n<li>Any liability for any direct, indirect or consequential loss or damage incurred by any user in connection with our site or in connection with the use, inability to use, or results of the use of our site, any websites linked to it and any materials posted on it, including, without limitation any liability for:</li>\r\n<li>loss of income or revenue;</li>\r\n<li>loss of business;</li>\r\n<li>loss of profits or contracts;</li>\r\n<li>loss of anticipated savings;</li>\r\n<li>loss of data;</li>\r\n<li>loss of goodwill;</li>\r\n<li>wasted management or office time; and</li>\r\n</ul>\r\n<p>for any other loss or damage of any kind, however arising and whether caused by tort (including negligence), breach of contract or otherwise, even if foreseeable, provided that this condition shall not prevent claims for loss of or damage to your tangible property or any other claims for direct financial loss that are not excluded by any of the categories set out above.</p>\r\n<p>This does not affect our liability for death or personal injury arising from our negligence, nor our liability for fraudulent misrepresentation or misrepresentation as to a fundamental matter, nor any other liability which cannot be excluded or limited under applicable law.</p>\r\n<p>&nbsp;</p>\r\n<h3><strong>Information about you and your visits to our site</strong></h3>\r\n<p>We process information about you in accordance with our <a href="/privacy-policy/">privacy policy</a>.&nbsp; By using our site, you consent to such processing and you warrant that all data provided by you is accurate.</p>\r\n<p>&nbsp;</p>\r\n<h3><strong>Transactions concluded through our site</strong></h3>\r\n<p>Contracts for the supply of services formed through our site or as a result of visits made by you are governed by our <a href="/terms-and-conditions/">terms and conditions</a>.</p>\r\n<p>&nbsp;</p>\r\n<h3><strong>Uploading material to our site</strong></h3>\r\n<p>Whenever you make use of a feature that allows you to upload material to our site, or to make contact with other users of our site, you must comply with the content standards set out in our acceptable use policy You warrant that any such contribution does comply with those standards, and you indemnify us for any breach of that warranty. &nbsp;</p>\r\n<p>Any material you upload to our site will be considered non-confidential and non-proprietary, and we have the right to use, copy, distribute and disclose to third parties any such material for any purpose. We also have the right to disclose your identity to any third party who is claiming that any material posted or uploaded by you to our site constitutes a violation of their intellectual property rights, or of their right to privacy.</p>\r\n<p>We will not be responsible, or liable to any third party, for the content or accuracy of any materials posted by you or any other user of our site.</p>\r\n<p>We have the right to remove any material or posting you make on our site if, in our opinion, such material does not comply with the content standards set out in our Terms and conditions.</p>\r\n<p>&nbsp;</p>\r\n<h3><strong>Viruses, hacking and other offences</strong></h3>\r\n<p>You must not misuse our site by knowingly introducing viruses, trojans, worms, logic bombs or other material which is malicious or technologically harmful. You must not attempt to gain unauthorised access to our site, the server on which our site is stored or any server, computer or database connected to our site. You must not attack our site via a denial-of-service attack or a distributed denial-of service attack.&nbsp;</p>\r\n<p>By breaching this provision, you would commit a criminal offence under the Computer Misuse Act 1990. We will report any such breach to the relevant law enforcement authorities and we will co-operate with those authorities by disclosing your identity to them. In the event of such a breach, your right to use our site will cease immediately.</p>\r\n<p>We will not be liable for any loss or damage caused by a distributed denial-of-service attack, viruses or other technologically harmful material that may infect your computer equipment, computer programs, data or other proprietary material due to your use of our site or to your downloading of any material posted on it, or on any website linked to it.</p>\r\n<p>&nbsp;</p>\r\n<h3><strong>Linking to our site</strong></h3>\r\n<p>You may link to our home page, provided you do so in a way that is fair and legal and does not damage our reputation or take advantage of it, but you must not establish a link in such a way as to suggest any form of association, approval or endorsement on our part where none exists.&nbsp;</p>\r\n<p>You must not establish a link from any website that is not owned by you.&nbsp;</p>\r\n<p>Our site must not be framed on any other site, nor may you create a link to any part of our site other than the home page. We reserve the right to withdraw linking permission without notice. The website from which you are linking must comply in all respects with the content standards set out in our Terms and Conditions.</p>\r\n<p>If you wish to make any use of material on our site other than that set out above, please address your request to <a href="mailto:support@universaltutors.com">support@wizoku.com</a>.</p>\r\n<p>&nbsp;</p>\r\n<h3><strong>Links from our site</strong></h3>\r\n<p>Where our site contains links to other sites and resources provided by third parties, these links are provided for your information only.&nbsp; We have no control over the contents of those sites or resources, and accept no responsibility for them or for any loss or damage that may arise from your use of them.</p>\r\n<p>&nbsp;</p>\r\n<h3><strong>Jurisdiction and applicable law</strong></h3>\r\n<p>The English courts will have exclusive jurisdiction over any claim arising from, or related to, a visit to our site although we retain the right to bring proceedings against you for breach of these conditions in your country of residence or any other relevant country. &nbsp;</p>\r\n<p>These terms of use and any dispute or claim arising out of or in connection with them or their subject matter or formation (including non-contractual disputes or claims) shall be governed by and construed in accordance with the law of England and Wales.</p>\r\n<p>&nbsp;</p>\r\n<h3><strong>Variations</strong></h3>\r\n<p>We may revise these terms of use at any time by amending this page. You are expected to check this page from time to time to take notice of any changes we made, as they are binding on you. Some of the provisions contained in these terms of use may also be superseded by provisions or notices published elsewhere on our site.</p>\r\n<p>&nbsp;</p>\r\n<h3><strong>Your concerns</strong></h3>\r\n<p>If you have any concerns about material which appears on our site, please contact <a href="mailto:support@universaltutors.com">support@wizoku.com</a>.</p>\r\n<p>Thank you for visiting our site.</p>	f		f
7	/terms-and-conditions/	Terms and Conditions		f	flatpages/terms_and_conditions.html	f
9	/student-guide/	Student Guide		f	flatpages/student-guide.html	f
6	/privacy-policy/	Privacy Policy	<p><strong>Wizoku</strong> the trading name of Minerva Education Ltd whose registered office is c/o Shelley Stock Hutter LLP, 1<sup>st</sup> Floor, 7-10 Chandos Street, London, W1G 9DQ with company number: 07889415] (<strong>We</strong>) are committed to protecting and respecting your privacy.&nbsp;</p>\r\n<p>References to wizoku are deemed references to Minerva Education Ltd as owner and operator of the wizoku website (<strong>Website</strong>).&nbsp;</p>\r\n<p>This policy (together with our <a href="/terms-and-conditions/">terms and conditions</a> and any other documents referred to on it) sets out the basis on which any personal data we collect from you, or that you provide to us, will be processed by us. &nbsp;</p>\r\n<p>Please read the following carefully to understand our views and practices regarding your personal data and how we will treat it. By accessing and using the Website or by supplying your personal information online, by telephone or in writing you agree to your personal data being processed by us in accordance with this policy and you agree to this privacy policy.</p>\r\n<p>For the purpose of the Data Protection Act 1998 (the <strong>Act</strong>), the data controller is <strong>wizoku</strong> of c/o Shelley Stock Hutter LLP, 1<sup>st</sup> Floor, 7-10 Chandos Street, London, W1G 9DQ.&nbsp;</p>\r\n<p>Our nominated representative for the purpose of the Act is Nick Crosthwaite of c/o Shelley Stock Hutter LLP, 1<sup>st</sup> Floor, 7-10 Chandos Street, London, W1G 9DQ.</p>\r\n<p>&nbsp;</p>\r\n<h3><strong>Information we may collect from you</strong></h3>\r\n<p>We may collect and process the following data about you:</p>\r\n<ul>\r\n<li>Information that you provide by filling in forms on our site <a href="/">www.wizoku.com</a>&nbsp;(<strong>our site</strong>). This includes information provided at the time of registering to use our site, subscribing to our service, posting material or requesting further services. We may also ask you for information when you report a problem with our site.</li>\r\n<li>If you contact us, we may keep a record of that correspondence.</li>\r\n<li>We may also ask you to complete surveys that we use for research purposes, although you do not have to respond to them.</li>\r\n<li>Details of transactions you carry out through our site and of the fulfilment of your orders.</li>\r\n<li>Details of your visits to our site including, but not limited to, traffic data, location data, weblogs and other communication data, whether this is required for our own billing purposes or otherwise and the resources that you access.&nbsp;</li>\r\n<li>information that is recorded during an Online Tutoring Session.</li>\r\n</ul>\r\n<p>&nbsp;</p>\r\n<h3><strong>IP addresses</strong></h3>\r\n<p>We may collect information about your computer, including where available your IP address, operating system and browser type, for system administration and to report aggregate information to our advertisers. This is statistical data about our users' browsing actions and patterns, and does not identify any individual.</p>\r\n<p>&nbsp;</p>\r\n<h3><strong>Cookies</strong></h3>\r\n<p>Our website uses cookies to distinguish you from other users of our website. This helps us to provide you with a good experience when you browse our website and also allows us to improve our site. For detailed information on the cookies we use and the purposes for which we use them please contact us.</p>\r\n<p>&nbsp;</p>\r\n<h3><strong>Where we store your personal data / Security&nbsp;</strong></h3>\r\n<p>The data that we collect from you may be transferred to, and stored at, a destination outside the European Economic Area ("EEA"). It may also be processed by staff operating outside the EEA who work for us or for one of our suppliers. Such staff maybe engaged in, among other things, the processing of your payment details and the provision of services. By submitting your personal data, you agree to this transfer, storing or processing. We will take all steps reasonably necessary to ensure that your data is treated securely and in accordance with this privacy policy.</p>\r\n<p>We do have security measures in place to protect our clients / customers and customer database. Access to this database is restricted internally to those employees who need access so they can perform their jobs. However it remains your responsibility to protect against unauthorised access to your profile and to ensure that no one else uses the computer you are on to access the site whilst you are on the site other than in accordance with the terms and conditions. You must log off correctly from the site when not using it and keep your password secret. &nbsp;</p>\r\n<p>Unfortunately, the transmission of information via the internet is not completely secure. Although we will do our best to protect your personal data, we cannot guarantee the security of your data transmitted to our site; any transmission is at your own risk. Once we have received your information, we will use strict procedures and security features to try to prevent unauthorised access.</p>\r\n<p>We have the following security in place:-</p>\r\n<p>Cross site scripting (XSS) protection</p>\r\n<p>Cross site request forgery (CSRF) protection</p>\r\n<p>SQL injection protection</p>\r\n<p>Clickjacking protection<br /> <br /> All passwords are also hashed, meaning that not even we can see what a users password is.</p>\r\n<p>&nbsp;</p>\r\n<h3><strong>Uses made of the information</strong></h3>\r\n<p>We use information held about you in the following ways:</p>\r\n<ul>\r\n<li>To ensure that content from our site is presented in the most effective manner for you and for your computer.&nbsp;</li>\r\n<li>To provide you with information or services that you request from us or which we feel may interest you, where you have consented to be contacted for such purposes.&nbsp;</li>\r\n<li>To carry out our obligations arising from any contracts entered into between you and us.</li>\r\n<li>To allow you to participate in interactive features of our service, when you choose to do so.</li>\r\n<li>To notify you about changes to our service.</li>\r\n</ul>\r\n<p>We may also use your data, or permit selected third parties to use your data, to provide you with information about goods and services which may be of interest to you and we or they may contact you about these by post or telephone.&nbsp;</p>\r\n<p>If you are an existing customer, we will only contact you by electronic means (e-mail or SMS) with information about goods and services similar to those which were the subject of a previous sale to you.&nbsp;</p>\r\n<p>If you are a new customer, and where we permit selected third parties to use your data, we (or they) will contact you by electronic means only if you have consented to this.&nbsp;</p>\r\n<p>If you do not want us to use your data in this way, or to pass your details on to third parties for marketing purposes, please tick the relevant box situated on the registration form on which we collect your data.<strong><em>&nbsp;</em></strong></p>\r\n<p><strong><em><br /></em></strong></p>\r\n<h3><strong>Disclosure of your information</strong></h3>\r\n<p>We may disclose your personal information to any member of our group, which means our subsidiaries, our ultimate holding company and its subsidiaries, as defined in section 1159 of the UK Companies Act 2006. We may disclose your personal information to third parties:</p>\r\n<ul>\r\n<li>In the event that we sell or buy any business or assets, in which case we may disclose your personal data to the prospective seller or buyer of such business or assets.</li>\r\n<li>If wizoku or substantially all of its assets are acquired by a third party, in which case personal data held by it about its customers will be one of the transferred assets.</li>\r\n<li>If we are under a duty to disclose or share your personal data in order to comply with any legal obligation, or in order to enforce or apply our <a href="/terms-of-use/">terms of use</a> and or <a href="/terms-and-conditions/">terms and conditions</a>&nbsp;and other agreements; or to protect the rights, property, or safety of wizoku, our customers, or others. This includes exchanging information with other companies and organisations for the purposes of fraud protection and credit risk reduction.</li>\r\n</ul>\r\n<p><strong><br /></strong></p>\r\n<h3><strong>Your rights</strong></h3>\r\n<p>You have the right to ask us not to process your personal data for marketing purposes. We will usually inform you (before collecting your data) if we intend to use your data for such purposes or if we intend to disclose your information to any third party for such purposes. You can exercise your right to prevent such processing by checking certain boxes on the forms we use to collect your data.&nbsp; You can also exercise the right at any time by contacting us at <a href="mailto:support@universaltutors.com">support@wizoku.com</a>.</p>\r\n<p>Our site may, from time to time, contain links to and from the websites of our partner networks, advertisers and affiliates.&nbsp; If you follow a link to any of these websites, please note that these websites have their own privacy policies and that we do not accept any responsibility or liability for these policies.&nbsp; Please check these policies before you submit any personal data to these websites.</p>\r\n<p>&nbsp;</p>\r\n<h3><strong>Access to information</strong></h3>\r\n<p>The Act gives you the right to access information held about you. Your right of access can be exercised in accordance with the Act. Any access request may be subject to a fee of &pound;10 to meet our costs in providing you with details of the information we hold about you.</p>\r\n<p>&nbsp;</p>\r\n<h3><strong>Changes to our privacy policy</strong></h3>\r\n<p>Any changes we may make to our privacy policy in the future will be posted on this page and, where appropriate, notified to you by e-mail.</p>\r\n<p>&nbsp;</p>\r\n<h3><strong>Contact</strong></h3>\r\n<p>Questions, comments and requests regarding this privacy policy are welcomed and should be addressed to <a href="mailto:support@universaltutors.com">support@wizoku.com</a>.</p>	f		f
4	/faq/	FAQ's		f		f
5	/contact-us/	Contact Us		f		f
8	/code-of-conduct/	Code of Conduct		f	flatpages/code-of-conduct.html	f
13	/ambassador-application/	Ambassador Application		f	flatpages/ambassador-application.html	f
12	/ambassador/	Ambassador		f	flatpages/ambassador.html	f
11	/about-us/	About Us		f	flatpages/about_us.html	f
\.


--
-- Data for Name: django_flatpage_sites; Type: TABLE DATA; Schema: public; Owner: -
--

COPY django_flatpage_sites (id, flatpage_id, site_id) FROM stdin;
86	10	3
87	3	3
88	7	3
89	9	3
90	6	3
91	4	3
92	5	3
93	8	3
94	13	3
95	12	3
96	11	3
\.


--
-- Data for Name: django_session; Type: TABLE DATA; Schema: public; Owner: -
--

COPY django_session (session_key, session_data, expire_date) FROM stdin;
5a24a85e4abe7449255fe4d5ebc521e1	NjYzYWM2YmM0Yjk2OTkxZDUxZjU1ZDdkYmIwZTVlMmZkNDkzMzllNDqAAn1xAShVEl9hdXRoX3Vz\nZXJfYmFja2VuZHECVSlkamFuZ28uY29udHJpYi5hdXRoLmJhY2tlbmRzLk1vZGVsQmFja2VuZHED\nVQ1fYXV0aF91c2VyX2lkcQRLAXUu\n	2012-05-07 10:49:45.756064+00
8826b81524cbfddd260521afb9c18c69	MWRhNjM1OTY1OTU4MTkwOGIzZGM3M2I4MmRkN2QyYWFjMGI1NmFkNjqAAn1xAShVD19zZXNzaW9u\nX2V4cGlyeXECSwBVEl9hdXRoX3VzZXJfYmFja2VuZHEDVSlkamFuZ28uY29udHJpYi5hdXRoLmJh\nY2tlbmRzLk1vZGVsQmFja2VuZHEEVQ1fYXV0aF91c2VyX2lkcQVLAXUu\n	2012-05-17 16:53:14.073464+00
27fac694e2f9d0325700cce5747082e0	ZjVlODYzMmM4Mjc3MzU3MzU3M2Y2NWRiMWM5OGM4YmQ0MWIxZGFjMzqAAn1xAS4=\n	2012-05-19 15:12:01.177192+00
d62436cf8cde1270ed24fc14f1fc256c	MGJlZGRmN2UwZGZiYWZkNDY4YWNjNWVkYTNjMjA2NjViMzMxYWM0MTqAAn1xAShVEl9hdXRoX3Vz\nZXJfYmFja2VuZHECVSlkamFuZ28uY29udHJpYi5hdXRoLmJhY2tlbmRzLk1vZGVsQmFja2VuZHED\nVQ1fYXV0aF91c2VyX2lkcQRLB3Uu\n	2012-05-21 17:35:03.118472+00
79b1a1728b11df11490844f9198ef857	YzM5ZGVjYjRjNjZmODJmMzhmNTllMWFjNDMxNTdiZDkyM2QzYjlmMDqAAn1xAShVD19zZXNzaW9u\nX2V4cGlyeXECSwBVEl9hdXRoX3VzZXJfYmFja2VuZHEDVSlkamFuZ28uY29udHJpYi5hdXRoLmJh\nY2tlbmRzLk1vZGVsQmFja2VuZHEEVQ1fYXV0aF91c2VyX2lkcQVLAnUu\n	2012-05-22 16:31:52.288227+00
64d5bb9c73e4f38c2e5dfd0868fdd6c2	MWRhNjM1OTY1OTU4MTkwOGIzZGM3M2I4MmRkN2QyYWFjMGI1NmFkNjqAAn1xAShVD19zZXNzaW9u\nX2V4cGlyeXECSwBVEl9hdXRoX3VzZXJfYmFja2VuZHEDVSlkamFuZ28uY29udHJpYi5hdXRoLmJh\nY2tlbmRzLk1vZGVsQmFja2VuZHEEVQ1fYXV0aF91c2VyX2lkcQVLAXUu\n	2012-06-04 10:08:02.349345+00
080b24cba95c7e898e0091f305b0b265	MWRhNjM1OTY1OTU4MTkwOGIzZGM3M2I4MmRkN2QyYWFjMGI1NmFkNjqAAn1xAShVD19zZXNzaW9u\nX2V4cGlyeXECSwBVEl9hdXRoX3VzZXJfYmFja2VuZHEDVSlkamFuZ28uY29udHJpYi5hdXRoLmJh\nY2tlbmRzLk1vZGVsQmFja2VuZHEEVQ1fYXV0aF91c2VyX2lkcQVLAXUu\n	2012-05-10 12:20:15.01765+00
a15a96c7c9a80bfbe1d7fba5387cea9f	MWRhNjM1OTY1OTU4MTkwOGIzZGM3M2I4MmRkN2QyYWFjMGI1NmFkNjqAAn1xAShVD19zZXNzaW9u\nX2V4cGlyeXECSwBVEl9hdXRoX3VzZXJfYmFja2VuZHEDVSlkamFuZ28uY29udHJpYi5hdXRoLmJh\nY2tlbmRzLk1vZGVsQmFja2VuZHEEVQ1fYXV0aF91c2VyX2lkcQVLAXUu\n	2012-06-09 08:17:31.067834+00
9f8312c60dd251453ddfcb70dd01d404	MWRhNjM1OTY1OTU4MTkwOGIzZGM3M2I4MmRkN2QyYWFjMGI1NmFkNjqAAn1xAShVD19zZXNzaW9u\nX2V4cGlyeXECSwBVEl9hdXRoX3VzZXJfYmFja2VuZHEDVSlkamFuZ28uY29udHJpYi5hdXRoLmJh\nY2tlbmRzLk1vZGVsQmFja2VuZHEEVQ1fYXV0aF91c2VyX2lkcQVLAXUu\n	2012-05-14 16:53:46.797406+00
92dcca23ad895c72b64332c356235883	MWRhNjM1OTY1OTU4MTkwOGIzZGM3M2I4MmRkN2QyYWFjMGI1NmFkNjqAAn1xAShVD19zZXNzaW9u\nX2V4cGlyeXECSwBVEl9hdXRoX3VzZXJfYmFja2VuZHEDVSlkamFuZ28uY29udHJpYi5hdXRoLmJh\nY2tlbmRzLk1vZGVsQmFja2VuZHEEVQ1fYXV0aF91c2VyX2lkcQVLAXUu\n	2012-05-22 17:32:30.594034+00
99bb2768d067ff8f8b71c45b4c4013dd	ZjVlODYzMmM4Mjc3MzU3MzU3M2Y2NWRiMWM5OGM4YmQ0MWIxZGFjMzqAAn1xAS4=\n	2012-05-22 09:44:56.455927+00
141352626274ec94db1d9b7532f555dd	MWRhNjM1OTY1OTU4MTkwOGIzZGM3M2I4MmRkN2QyYWFjMGI1NmFkNjqAAn1xAShVD19zZXNzaW9u\nX2V4cGlyeXECSwBVEl9hdXRoX3VzZXJfYmFja2VuZHEDVSlkamFuZ28uY29udHJpYi5hdXRoLmJh\nY2tlbmRzLk1vZGVsQmFja2VuZHEEVQ1fYXV0aF91c2VyX2lkcQVLAXUu\n	2012-05-18 15:50:25.159382+00
24d0c40685a038d8fdaf3745a828098e	MWRhNjM1OTY1OTU4MTkwOGIzZGM3M2I4MmRkN2QyYWFjMGI1NmFkNjqAAn1xAShVD19zZXNzaW9u\nX2V4cGlyeXECSwBVEl9hdXRoX3VzZXJfYmFja2VuZHEDVSlkamFuZ28uY29udHJpYi5hdXRoLmJh\nY2tlbmRzLk1vZGVsQmFja2VuZHEEVQ1fYXV0aF91c2VyX2lkcQVLAXUu\n	2012-05-18 16:19:19.323516+00
ad0720623005d53e0df5cd33cde5b0a7	YzM5ZGVjYjRjNjZmODJmMzhmNTllMWFjNDMxNTdiZDkyM2QzYjlmMDqAAn1xAShVD19zZXNzaW9u\nX2V4cGlyeXECSwBVEl9hdXRoX3VzZXJfYmFja2VuZHEDVSlkamFuZ28uY29udHJpYi5hdXRoLmJh\nY2tlbmRzLk1vZGVsQmFja2VuZHEEVQ1fYXV0aF91c2VyX2lkcQVLAnUu\n	2012-05-23 15:10:46.691055+00
4d057c56a33c47977c539503ad546e35	MWRhNjM1OTY1OTU4MTkwOGIzZGM3M2I4MmRkN2QyYWFjMGI1NmFkNjqAAn1xAShVD19zZXNzaW9u\nX2V4cGlyeXECSwBVEl9hdXRoX3VzZXJfYmFja2VuZHEDVSlkamFuZ28uY29udHJpYi5hdXRoLmJh\nY2tlbmRzLk1vZGVsQmFja2VuZHEEVQ1fYXV0aF91c2VyX2lkcQVLAXUu\n	2012-05-07 12:03:57.60696+00
31a0d6bc3985fd07ae32c790d7243f89	OWQ4ZGFiZTE3ODM5MjBiMjg4YzQxMDhlMTYzYWU5YThjNjc0ODRkNDqAAn1xAShVD19zZXNzaW9u\nX2V4cGlyeXECSwBVEl9hdXRoX3VzZXJfYmFja2VuZHEDVSlkamFuZ28uY29udHJpYi5hdXRoLmJh\nY2tlbmRzLk1vZGVsQmFja2VuZHEEVQ1fYXV0aF91c2VyX2lkcQVLBnUu\n	2012-05-23 15:35:49.674734+00
362878d11ac9de8cf49e196a9e4ec9d5	ZjVlODYzMmM4Mjc3MzU3MzU3M2Y2NWRiMWM5OGM4YmQ0MWIxZGFjMzqAAn1xAS4=\n	2012-05-21 16:39:07.839934+00
5e1a8764e9d1b054818aca84f94b5411	MWRhNjM1OTY1OTU4MTkwOGIzZGM3M2I4MmRkN2QyYWFjMGI1NmFkNjqAAn1xAShVD19zZXNzaW9u\nX2V4cGlyeXECSwBVEl9hdXRoX3VzZXJfYmFja2VuZHEDVSlkamFuZ28uY29udHJpYi5hdXRoLmJh\nY2tlbmRzLk1vZGVsQmFja2VuZHEEVQ1fYXV0aF91c2VyX2lkcQVLAXUu\n	2012-05-23 08:26:54.094977+00
45c93a065cf4d320ca980bcb1b6b589e	MWRhNjM1OTY1OTU4MTkwOGIzZGM3M2I4MmRkN2QyYWFjMGI1NmFkNjqAAn1xAShVD19zZXNzaW9u\nX2V4cGlyeXECSwBVEl9hdXRoX3VzZXJfYmFja2VuZHEDVSlkamFuZ28uY29udHJpYi5hdXRoLmJh\nY2tlbmRzLk1vZGVsQmFja2VuZHEEVQ1fYXV0aF91c2VyX2lkcQVLAXUu\n	2012-05-07 12:13:01.806463+00
2adee0639804c0b1c4671c48aaf4293f	YzM5ZGVjYjRjNjZmODJmMzhmNTllMWFjNDMxNTdiZDkyM2QzYjlmMDqAAn1xAShVD19zZXNzaW9u\nX2V4cGlyeXECSwBVEl9hdXRoX3VzZXJfYmFja2VuZHEDVSlkamFuZ28uY29udHJpYi5hdXRoLmJh\nY2tlbmRzLk1vZGVsQmFja2VuZHEEVQ1fYXV0aF91c2VyX2lkcQVLAnUu\n	2012-05-07 12:13:21.575749+00
a27ed1f0df7f5ee6f5631efa56d400e4	MWRhNjM1OTY1OTU4MTkwOGIzZGM3M2I4MmRkN2QyYWFjMGI1NmFkNjqAAn1xAShVD19zZXNzaW9u\nX2V4cGlyeXECSwBVEl9hdXRoX3VzZXJfYmFja2VuZHEDVSlkamFuZ28uY29udHJpYi5hdXRoLmJh\nY2tlbmRzLk1vZGVsQmFja2VuZHEEVQ1fYXV0aF91c2VyX2lkcQVLAXUu\n	2012-05-29 17:15:15.305133+00
bd4c31e2a4fbb13ebb01cd405a5004c7	YzM5ZGVjYjRjNjZmODJmMzhmNTllMWFjNDMxNTdiZDkyM2QzYjlmMDqAAn1xAShVD19zZXNzaW9u\nX2V4cGlyeXECSwBVEl9hdXRoX3VzZXJfYmFja2VuZHEDVSlkamFuZ28uY29udHJpYi5hdXRoLmJh\nY2tlbmRzLk1vZGVsQmFja2VuZHEEVQ1fYXV0aF91c2VyX2lkcQVLAnUu\n	2012-05-23 08:35:05.384377+00
a8a0941593c8b676d0dab8c6da52dad2	NjYzYWM2YmM0Yjk2OTkxZDUxZjU1ZDdkYmIwZTVlMmZkNDkzMzllNDqAAn1xAShVEl9hdXRoX3Vz\nZXJfYmFja2VuZHECVSlkamFuZ28uY29udHJpYi5hdXRoLmJhY2tlbmRzLk1vZGVsQmFja2VuZHED\nVQ1fYXV0aF91c2VyX2lkcQRLAXUu\n	2012-05-18 17:02:30.720625+00
cc1b79959ef066b96f7278939b8cff53	YzM5ZGVjYjRjNjZmODJmMzhmNTllMWFjNDMxNTdiZDkyM2QzYjlmMDqAAn1xAShVD19zZXNzaW9u\nX2V4cGlyeXECSwBVEl9hdXRoX3VzZXJfYmFja2VuZHEDVSlkamFuZ28uY29udHJpYi5hdXRoLmJh\nY2tlbmRzLk1vZGVsQmFja2VuZHEEVQ1fYXV0aF91c2VyX2lkcQVLAnUu\n	2012-05-17 16:22:42.765974+00
674653af6fdb9d54285c94d79e9ce791	MWRhNjM1OTY1OTU4MTkwOGIzZGM3M2I4MmRkN2QyYWFjMGI1NmFkNjqAAn1xAShVD19zZXNzaW9u\nX2V4cGlyeXECSwBVEl9hdXRoX3VzZXJfYmFja2VuZHEDVSlkamFuZ28uY29udHJpYi5hdXRoLmJh\nY2tlbmRzLk1vZGVsQmFja2VuZHEEVQ1fYXV0aF91c2VyX2lkcQVLAXUu\n	2012-05-07 14:47:38.549198+00
5786809dc94ce99c73bdb289d1b2176e	YzM5ZGVjYjRjNjZmODJmMzhmNTllMWFjNDMxNTdiZDkyM2QzYjlmMDqAAn1xAShVD19zZXNzaW9u\nX2V4cGlyeXECSwBVEl9hdXRoX3VzZXJfYmFja2VuZHEDVSlkamFuZ28uY29udHJpYi5hdXRoLmJh\nY2tlbmRzLk1vZGVsQmFja2VuZHEEVQ1fYXV0aF91c2VyX2lkcQVLAnUu\n	2012-05-07 15:09:45.18712+00
1cef34ff0abec67da4843f21b7dc2611	YzM5ZGVjYjRjNjZmODJmMzhmNTllMWFjNDMxNTdiZDkyM2QzYjlmMDqAAn1xAShVD19zZXNzaW9u\nX2V4cGlyeXECSwBVEl9hdXRoX3VzZXJfYmFja2VuZHEDVSlkamFuZ28uY29udHJpYi5hdXRoLmJh\nY2tlbmRzLk1vZGVsQmFja2VuZHEEVQ1fYXV0aF91c2VyX2lkcQVLAnUu\n	2012-05-18 20:10:48.28218+00
90e8bbeffc15350d2786a7dc80201b15	MWRhNjM1OTY1OTU4MTkwOGIzZGM3M2I4MmRkN2QyYWFjMGI1NmFkNjqAAn1xAShVD19zZXNzaW9u\nX2V4cGlyeXECSwBVEl9hdXRoX3VzZXJfYmFja2VuZHEDVSlkamFuZ28uY29udHJpYi5hdXRoLmJh\nY2tlbmRzLk1vZGVsQmFja2VuZHEEVQ1fYXV0aF91c2VyX2lkcQVLAXUu\n	2012-05-17 16:52:34.707983+00
5f510817e9ee61864255bf055b37e321	Y2RjZTE0NmM4MDliZjI3MzAyOWZhN2NhM2Q4NTEyYmYzOTFiOTg1MDqAAn1xAShVD19zZXNzaW9u\nX2V4cGlyeXECSwBVEl9hdXRoX3VzZXJfYmFja2VuZHEDVSlkamFuZ28uY29udHJpYi5hdXRoLmJh\nY2tlbmRzLk1vZGVsQmFja2VuZHEEVQ1fYXV0aF91c2VyX2lkcQVLBXUu\n	2012-05-21 17:00:48.191773+00
766a6572623da97b8c89d3d38c881e43	MTM4NGU4ZjAxMDdkNGFmNzdkYzgyYzJkM2NlYTNhZWY5NWIzMDY1MjqAAn1xAVUUc29jaWFsYWNj\nb3VudF9zaWdudXBxAn1xAyhVB2FjY291bnRxBGNkamFuZ28uZGIubW9kZWxzLmJhc2UKbW9kZWxf\ndW5waWNrbGUKcQVjYWxsYXV0aC5mYWNlYm9vay5tb2RlbHMKRmFjZWJvb2tBY2NvdW50CnEGXWNk\namFuZ28uZGIubW9kZWxzLmJhc2UKc2ltcGxlX2NsYXNzX2ZhY3RvcnkKcQeHUnEIfXEJKFUHdXNl\ncl9pZHEKTlUEbmFtZXELVQBVCXNvY2lhbF9pZHEMVQoxMjYxNDAxMTY0cQ1VBl9zdGF0ZXEOY2Rq\nYW5nby5kYi5tb2RlbHMuYmFzZQpNb2RlbFN0YXRlCnEPKYFxEH1xEShVBmFkZGluZ3ESiFUCZGJx\nE051YlUUc29jaWFsYWNjb3VudF9wdHJfaWRxFE5VCmxhc3RfbG9naW5xFU5VBGxpbmtxFlUAVQJp\nZHEXTlULZGF0ZV9qb2luZWRxGE51YlUEZGF0YXEZfXEaKFUIdXNlcm5hbWVxG1UOdWFyeS50Lm1p\namFyZXNxHFUKZmlyc3RfbmFtZXEdVQRVYXJ5cR5VCWxhc3RfbmFtZXEfVQdNaWphcmVzcSBVC2Zh\nY2Vib29rX21lcSF9cSIoaBtoHGgdaB5oH2ggVQh2ZXJpZmllZIhVBG5hbWVxI1UMTWlqYXJlcyBV\nYXJ5VQZsb2NhbGVVBXRsX1BIVQZnZW5kZXJVBG1hbGVVBHdvcmtdcSQofXElKFUIcG9zaXRpb25x\nJn1xJyhVAmlkcShVDzUyMzAwMjY3NDM3ODcyM2gjVShDb21wdXRlciBUZWFjaGVyLCBJLlQgbW9k\nZXJhdG9yLCBBZHZpc2VydVULZGVzY3JpcHRpb25xKVUySGFwcHkgaW4gbWFueSBkaWZmZXJlbnQg\ncGVyc3BlY3RpdmUgYW5kIGFzcGVjdHMgO0RVCGxvY2F0aW9ucSp9cSsoaChVDzExMjc4MDk2MjA3\nMDE5NmgjVRBTYW4gTWF0ZW8sIFJpemFsdVUKc3RhcnRfZGF0ZXEsVQcyMDExLTAxVQhlbXBsb3ll\ncnEtfXEuKGgoVQ8yMTgwOTE3ODgyOTgxNDBoI1UrTnVlc3RyYSBTZW5vcmEgZGUgQXJhbnphenUg\nUGFyb2NoaWFsIFNjaG9vbHV1fXEvKGgmfXEwKGgoVQ8xMDg0NjQ4NTU4NDA3NzdoI1UHVGVhY2hl\ncnVoLFUHMDAwMC0wMGgpVT5PbmxpbmUgdGVhY2hpbmcsIExhbmd1YWdlIGdyb3VwLCBmb3JtYWwg\nYW5kIGluZm9ybWFsIHR1dG9yaW5nLmgtfXExKGgoVQ8xMDYwODg1NTI3NTU0MzBoI1UKSXRhbGtp\nLmNvbXV1fXEyKGgpVRJXZWFyeSBidXQgaGFwcHkgO0RVCGVuZF9kYXRlVQcyMDExLTAzaC19cTMo\naChVDzMxMDM5ODA3OTAwODkxNmgjVRRFYXN0ZXJuIFN0YXIgQWNhZGVteXVoKn1xNChoKFUPMTEy\nNzgwOTYyMDcwMTk2aCNVEFNhbiBNYXRlbywgUml6YWx1aCZ9cTUoaChVDzMwNTE1NTg2NjI1MTA1\nMWgjVTZFbmdsaXNoIFRlYWNoZXIsIENvbXB1dGVyIFRlYWNoZXIsIEFkdmlzZXIgb2YgVUFSWWlv\ncnN1aCxVBzIwMTAtMDV1ZVUFZW1haWxVF3doYXJpZV9haHRob3JAeWFob28uY29tcTZVBnF1b3Rl\nc1UVSXQncyBhbGwgaW4gUFNBTE1TIDopVQRsaW5rVSZodHRwOi8vd3d3LmZhY2Vib29rLmNvbS91\nYXJ5LnQubWlqYXJlc1UIdGltZXpvbmVLCFUJZWR1Y2F0aW9uXXE3fXE4KFUGc2Nob29sfXE5KGgo\nVQ8xMTIxNDM5ODU0Nzg4OTloI1Uec2FuIG1hdGVvIG5hdGlvbmFsIGhpZ2ggc2Nob29sdVUEdHlw\nZVULSGlnaCBTY2hvb2xVBHllYXJ9cTooaChVDzEzNzYxNjk4MjkzNDA1M2gjVQQyMDA2dXVhVQx1\ncGRhdGVkX3RpbWVVGDIwMTMtMDUtMTRUMDE6NTY6MTkrMDAwMGgoaA11VRVmYWNlYm9va19hY2Nl\nc3NfdG9rZW5xO1iYAAAAQ0FBRUtsSGVQY2lJQkFNQURhQmszUVJiQmpGWkFmNEVGQ3FGak4zMWpK\ncWdIWkF6MVJWVVpCaDNNWUs0Q3dkUGVFbFZETG1USVpCYlJYOFpCV2FkUHJnekQ3NlVGejd1azdX\nSGdQMTdvaEtVdWdBOHNNV1BPYmNsWDNodm9JOTFNcHNaQUxoWkNTZU1NSEVJc3AxeHdXN09xPFUF\nZW1haWxxPWg2dXVzLg==\n	2013-05-31 23:23:27.920546+00
3a92b357be569cdda4d8dc8bfe2bc5da	MGE3ZGVmNjc0MzlmNTlkMjBmYjU3MmQxM2IyN2Y1MzMwMmI0ZjEzYjqAAn1xAVUUc29jaWFsYWNj\nb3VudF9zaWdudXB9cQIoVQdhY2NvdW50cQNjZGphbmdvLmRiLm1vZGVscy5iYXNlCm1vZGVsX3Vu\ncGlja2xlCnEEY2FsbGF1dGguZmFjZWJvb2subW9kZWxzCkZhY2Vib29rQWNjb3VudApxBV1jZGph\nbmdvLmRiLm1vZGVscy5iYXNlCnNpbXBsZV9jbGFzc19mYWN0b3J5CnEGh1JxB31xCChVB3VzZXJf\naWRxCU5VBG5hbWVxClUAVQlzb2NpYWxfaWRxC1UJNTA2NDcxMTYzcQxVBl9zdGF0ZXENY2RqYW5n\nby5kYi5tb2RlbHMuYmFzZQpNb2RlbFN0YXRlCnEOKYFxD31xEChVBmFkZGluZ3ERiFUCZGJxEk51\nYlUUc29jaWFsYWNjb3VudF9wdHJfaWRxE05VCmxhc3RfbG9naW5xFE5VBGxpbmtxFVUAVQJpZHEW\nTlULZGF0ZV9qb2luZWRxF051YlUEZGF0YXEYfXEZKFUIdXNlcm5hbWVxGlUJa2FlYjkyNjIzcRtV\nCmZpcnN0X25hbWVxHFUDS2ltcR1VCWxhc3RfbmFtZXEeVQdBbmRyZXdzcR9VC2ZhY2Vib29rX21l\ncSB9cSEoaBpoG1UDYmlvVUQiTGlmZSBzaHJpbmtzIG9yIGV4cGFuZHMgaW4gcHJvcG9ydGlvbiB0\nbyBvbmUncyBjb3VyYWdlLiIgLUFuYWlzIE5pbmgcaB1oHmgfVQh2ZXJpZmllZIhVBG5hbWVxIlUL\nS2ltIEFuZHJld3NVBmxvY2FsZVUFZW5fVVNVCGhvbWV0b3dufXEjKFUCaWRxJFUPMTA1Mzk2ODgy\nODI3MzM3aCJVFFBhc2FkZW5hLCBDYWxpZm9ybmlhdVUFZW1haWxVEWthNTQ2NDFAeWFob28uY29t\ncSVVBnF1b3Rlc1VEIkxpZmUgc2hyaW5rcyBvciBleHBhbmRzIGluIHByb3BvcnRpb24gdG8gb25l\nJ3MgY291cmFnZS4iIC1BbmFpcyBOaW5VBGxpbmtVIWh0dHA6Ly93d3cuZmFjZWJvb2suY29tL2th\nZWI5MjYyM1UIbG9jYXRpb259cSYoaCRVDzEwODMyNjM3OTE5NTMzOGgiVRNPbnRhcmlvLCBDYWxp\nZm9ybmlhdVUGZ2VuZGVyVQZmZW1hbGVVCHRpbWV6b25lSvn///9VCWVkdWNhdGlvbl1xJyh9cSgo\nVQZzY2hvb2xxKX1xKihoJFUPMTA3NjQyOTc5MjY2NTU2aCJVJUNhbGlmb3JuaWEgU3RhdGUgVW5p\ndmVyc2l0eSwgRWFzdCBCYXl1VQR0eXBlcStVB0NvbGxlZ2VVDWNvbmNlbnRyYXRpb25xLF1xLX1x\nLihoJFUPMjAwMTQyOTcwMDAxOTcwaCJVGlBvc3QtQmFjY2FsYXVyZWF0ZSBQcmUtTWVkdWFVBHll\nYXJxL31xMChoJFUPMTE4MTE4NjM0OTMwOTIwaCJVBDIwMTJ1dX1xMShoKX1xMihoJFUPMTA2MTY5\nNzgyNzUyMzg0aCJVBlB1cmR1ZXVoK1UPR3JhZHVhdGUgU2Nob29saCxdcTN9cTQoaCRVDzIwMDk0\nMTk2OTkxNzc3MWgiVSJPcmdhbm9tZXRhbGxpYyBDaGVtaXN0cnktU3ludGhlc2lzdWFVBmRlZ3Jl\nZX1xNShoJFUPMTcwNDM0MTY5NjY5MjEwaCJVA1BoRHVoL31xNihoJFUPMTQwNjE3NTY5MzAzNjc5\naCJVBDIwMDd1dWVVDHVwZGF0ZWRfdGltZVUYMjAxMi0wNy0xOFQyMDozNDoxMCswMDAwaCRoDHVV\nFWZhY2Vib29rX2FjY2Vzc190b2tlbnE3WG8AAABBQUFFS2xIZVBjaUlCQUZ5bllTSjJMMmhENWE0\nemI1YzhmZ3pSaElkWEptYzZmRzVzN3l1UEdZd3pIZzFGdnlLeXJRR1NCSmQ0d0pjTHFDWVpBYWha\nQ2ZiTlpDekVMOUtaQTkyV3NFeUU1Z1pEWkRxOFUFZW1haWxxOWgldXVzLg==\n	2012-10-11 01:38:09.836877+00
21782daead17675e874012f225a138c0	N2FlMDMxYjViZjhlZWYyNTE1YTBmOWJiMjFlMTAyYTU5MzEzYzg2ODqAAn1xAShVD2RqYW5nb190\naW1lem9uZXECY3B5dHoKX1VUQwpxAylScQRVDV9hdXRoX3VzZXJfaWRxBUsCVRJfYXV0aF91c2Vy\nX2JhY2tlbmRxBlUpZGphbmdvLmNvbnRyaWIuYXV0aC5iYWNrZW5kcy5Nb2RlbEJhY2tlbmRxB1UP\nX3Nlc3Npb25fZXhwaXJ5cQhLAHUu\n	2012-06-08 11:49:35.450291+00
a38b6ae87b85eaa1697df496d7a36343	N2FlMDMxYjViZjhlZWYyNTE1YTBmOWJiMjFlMTAyYTU5MzEzYzg2ODqAAn1xAShVD2RqYW5nb190\naW1lem9uZXECY3B5dHoKX1VUQwpxAylScQRVDV9hdXRoX3VzZXJfaWRxBUsCVRJfYXV0aF91c2Vy\nX2JhY2tlbmRxBlUpZGphbmdvLmNvbnRyaWIuYXV0aC5iYWNrZW5kcy5Nb2RlbEJhY2tlbmRxB1UP\nX3Nlc3Npb25fZXhwaXJ5cQhLAHUu\n	2012-06-01 17:59:29.176096+00
782c89a4c867a3768eb2449e18f5bcd0	MzI0NmQxZWNjODU4Y2EyNjk4NDMyNzkwYWI5N2QzYWU3Nzc2ZWVhNTqAAn1xAShVD19zZXNzaW9u\nX2V4cGlyeXECSwBVEl9hdXRoX3VzZXJfYmFja2VuZHEDVSlkamFuZ28uY29udHJpYi5hdXRoLmJh\nY2tlbmRzLk1vZGVsQmFja2VuZHEEVQ1fYXV0aF91c2VyX2lkcQVLDnUu\n	2012-06-01 18:21:41.407294+00
27be9e157a70810884747dc292a6bb54	ZjVlODYzMmM4Mjc3MzU3MzU3M2Y2NWRiMWM5OGM4YmQ0MWIxZGFjMzqAAn1xAS4=\n	2012-06-11 16:50:15.442701+00
43e5a5056bb709b0921661675492558b	N2FjMzhhMjRiNjU2OTU0ZjNmODM1YjUwZTA5NGM0Y2MwMzUxMWY0NTqAAn1xAShVD19zZXNzaW9u\nX2V4cGlyeXECSwBVD2RqYW5nb190aW1lem9uZXEDY3B5dHoKX3AKcQQoVQ1FdXJvcGUvTG9uZG9u\ncQVLAEsAVQNHTVRxBnRScQdVEl9hdXRoX3VzZXJfYmFja2VuZHEIVSlkamFuZ28uY29udHJpYi5h\ndXRoLmJhY2tlbmRzLk1vZGVsQmFja2VuZHEJVQ1fYXV0aF91c2VyX2lkcQpLAXUu\n	2012-06-01 18:29:46.515716+00
e7969856c9c3780a3ad58aaa1fba78db	MDhhNTIxZGI1NDZlOWNhYjk0ZTQ4NDJjNTM3MmE5YzIyYzAxNDUyZDqAAn1xAShVDV9hdXRoX3Vz\nZXJfaWRxAksCVQp0ZXN0Y29va2llcQNVBndvcmtlZHEEVRJfYXV0aF91c2VyX2JhY2tlbmRxBVUp\nZGphbmdvLmNvbnRyaWIuYXV0aC5iYWNrZW5kcy5Nb2RlbEJhY2tlbmRxBlUPX3Nlc3Npb25fZXhw\naXJ5cQdLAHUu\n	2012-05-31 16:53:38.703015+00
c4c105973513ec01b9eae8f196f3ab3b	OWQ4ZGFiZTE3ODM5MjBiMjg4YzQxMDhlMTYzYWU5YThjNjc0ODRkNDqAAn1xAShVD19zZXNzaW9u\nX2V4cGlyeXECSwBVEl9hdXRoX3VzZXJfYmFja2VuZHEDVSlkamFuZ28uY29udHJpYi5hdXRoLmJh\nY2tlbmRzLk1vZGVsQmFja2VuZHEEVQ1fYXV0aF91c2VyX2lkcQVLBnUu\n	2012-06-08 16:21:12.687916+00
bf3b1bc1b946a386506c15996ccdbd1f	NzdkOGEyNGZlMGNlYWU4NzFiNTY0OTI1MTY5YzBhOWUzZjY1MDUyMzqAAn1xAShVD19zZXNzaW9u\nX2V4cGlyeXECSwBVEl9hdXRoX3VzZXJfYmFja2VuZHEDVSlkamFuZ28uY29udHJpYi5hdXRoLmJh\nY2tlbmRzLk1vZGVsQmFja2VuZHEEVQ1fYXV0aF91c2VyX2lkcQVLD3Uu\n	2012-06-01 15:23:18.519846+00
b7a907ea0d26e6ab81a571fc8a1f1a38	NjYzYWM2YmM0Yjk2OTkxZDUxZjU1ZDdkYmIwZTVlMmZkNDkzMzllNDqAAn1xAShVEl9hdXRoX3Vz\nZXJfYmFja2VuZHECVSlkamFuZ28uY29udHJpYi5hdXRoLmJhY2tlbmRzLk1vZGVsQmFja2VuZHED\nVQ1fYXV0aF91c2VyX2lkcQRLAXUu\n	2012-06-09 07:42:35.428941+00
6dfcfce0b8787d99f49f818ebbc0b51b	MWRhNjM1OTY1OTU4MTkwOGIzZGM3M2I4MmRkN2QyYWFjMGI1NmFkNjqAAn1xAShVD19zZXNzaW9u\nX2V4cGlyeXECSwBVEl9hdXRoX3VzZXJfYmFja2VuZHEDVSlkamFuZ28uY29udHJpYi5hdXRoLmJh\nY2tlbmRzLk1vZGVsQmFja2VuZHEEVQ1fYXV0aF91c2VyX2lkcQVLAXUu\n	2012-05-30 15:29:31.625324+00
56ad4c8cfb919bfc1db263106d0a9cc7	YzM5ZGVjYjRjNjZmODJmMzhmNTllMWFjNDMxNTdiZDkyM2QzYjlmMDqAAn1xAShVD19zZXNzaW9u\nX2V4cGlyeXECSwBVEl9hdXRoX3VzZXJfYmFja2VuZHEDVSlkamFuZ28uY29udHJpYi5hdXRoLmJh\nY2tlbmRzLk1vZGVsQmFja2VuZHEEVQ1fYXV0aF91c2VyX2lkcQVLAnUu\n	2012-06-04 15:20:36.455193+00
a327a831c6ab059044c5281660ebb0de	MWRhNjM1OTY1OTU4MTkwOGIzZGM3M2I4MmRkN2QyYWFjMGI1NmFkNjqAAn1xAShVD19zZXNzaW9u\nX2V4cGlyeXECSwBVEl9hdXRoX3VzZXJfYmFja2VuZHEDVSlkamFuZ28uY29udHJpYi5hdXRoLmJh\nY2tlbmRzLk1vZGVsQmFja2VuZHEEVQ1fYXV0aF91c2VyX2lkcQVLAXUu\n	2012-07-02 14:19:44.266852+00
710e6aec460507bc0630980d0fa2d8ae	ZjVlODYzMmM4Mjc3MzU3MzU3M2Y2NWRiMWM5OGM4YmQ0MWIxZGFjMzqAAn1xAS4=\n	2012-06-11 17:32:44.064477+00
c63ce7da6cab5f225adb87fdd4fb35c7	OWYzNDhmMDcxNmYzMTdkMjQ1ZjZiODhkY2E4ZWQyMjM1Y2VmN2QyZDqAAn1xAShVEl9hdXRoX3Vz\nZXJfYmFja2VuZHECVSlkamFuZ28uY29udHJpYi5hdXRoLmJhY2tlbmRzLk1vZGVsQmFja2VuZHED\nVRRzb2NpYWxhY2NvdW50X3NpZ251cHEEfXEFKFUHYWNjb3VudHEGY2RqYW5nby5kYi5tb2RlbHMu\nYmFzZQptb2RlbF91bnBpY2tsZQpxB2NhbGxhdXRoLmZhY2Vib29rLm1vZGVscwpGYWNlYm9va0Fj\nY291bnQKcQhdY2RqYW5nby5kYi5tb2RlbHMuYmFzZQpzaW1wbGVfY2xhc3NfZmFjdG9yeQpxCYdS\ncQp9cQsoVQd1c2VyX2lkcQxLFlUEbmFtZXENVRBOaWNrIENyb3N0aHdhaXRlcQ5VCXNvY2lhbF9p\nZHEPVQg2MTAwMTcyOHEQVQZfc3RhdGVxEWNkamFuZ28uZGIubW9kZWxzLmJhc2UKTW9kZWxTdGF0\nZQpxEimBcRN9cRQoVQZhZGRpbmdxFYlVAmRicRZVB2RlZmF1bHRxF3ViVQtfdXNlcl9jYWNoZXEY\naAdjZGphbmdvLmNvbnRyaWIuYXV0aC5tb2RlbHMKVXNlcgpxGV1oCYdScRp9cRsoVQh1c2VybmFt\nZXEcVRZCV0F6VUJRZFJGMm9WMExSVVdHZUlncR1VCmZpcnN0X25hbWVxHlUETmlja3EfVQlsYXN0\nX25hbWVxIFULQ3Jvc3Rod2FpdGVxIVUJaXNfYWN0aXZlcSKIVQZfc3RhdGVxI2gSKYFxJH1xJShV\nBmFkZGluZ3EmiVUCZGJxJ2gXdWJVBWVtYWlscShYFQAAAHMwNDUxNTIzQHNtcy5lZC5hYy51a3Ep\nVQdiYWNrZW5kcSpoA1UMaXNfc3VwZXJ1c2VycSuJVQhpc19zdGFmZnEsiVUKbGFzdF9sb2dpbnEt\nY2RhdGV0aW1lCmRhdGV0aW1lCnEuVQoH3AUYCispCC92hVJxL1UIcGFzc3dvcmRxMFUBIVUCaWRx\nMUsWVQtkYXRlX2pvaW5lZHEyaC5VCgfcBRgKKyUHcHaFUnEzdWJVFHNvY2lhbGFjY291bnRfcHRy\nX2lkcTRLAlUKbGFzdF9sb2dpbnE1aC5VCgfcBRgKKykGJc2FUnE2VQRsaW5rcTdVKmh0dHA6Ly93\nd3cuZmFjZWJvb2suY29tL25pY2suY3Jvc3Rod2FpdGUuM3E4VRhfc29jaWFsYWNjb3VudF9wdHJf\nY2FjaGVxOWgHY2FsbGF1dGguc29jaWFsYWNjb3VudC5tb2RlbHMKU29jaWFsQWNjb3VudApxOl1o\nCYdScTt9cTwoVQd1c2VyX2lkcT1LFmgtaC5VCgfcBRgKKykGJc2FUnE+aCNoEimBcT99cUAoaCaJ\naCdoF3ViaDFLAmgyaC5VCgfcBRgKKykGJeeFUnFBdWJVAmlkcUJLAlULZGF0ZV9qb2luZWRxQ2gu\nVQoH3AUYCispBiXnhVJxRHViVQRkYXRhcUV9cUYoVQh1c2VybmFtZXFHVRJuaWNrLmNyb3N0aHdh\naXRlLjNxSFUKZmlyc3RfbmFtZXFJaB9VCWxhc3RfbmFtZXFKaCFVC2ZhY2Vib29rX21lcUt9cUwo\naEdoSGhJaB9oSmghVQh2ZXJpZmllZHFNiFUEbmFtZXFOaA5VBmxvY2FsZXFPVQVlbl9VU3FQVQho\nb21ldG93bnFRfXFSKFUCaWRxU1UPMTA2MDc4NDI5NDMxODE1cVRoTlUWTG9uZG9uLCBVbml0ZWQg\nS2luZ2RvbXFVdVUMdXBkYXRlZF90aW1lcVZVGDIwMTItMDUtMDFUMTM6MzQ6NDcrMDAwMHFXVQRs\naW5rcVhoOFUIbG9jYXRpb25xWX1xWihoU1UPMTA2MDc4NDI5NDMxODE1cVtoTlUWTG9uZG9uLCBV\nbml0ZWQgS2luZ2RvbXFcdVUGZ2VuZGVycV1VBG1hbGVxXmhTaBBVCHRpbWV6b25lcV9LAVUFZW1h\naWxxYFUZbmlja2Nyb3N0aHdhaXRlQGdtYWlsLmNvbXFhdVUVZmFjZWJvb2tfYWNjZXNzX3Rva2Vu\ncWJYbgAAAEFBQUZKRzV1ZXRxQUJBTW1aQTlhblFURU9rZnJPbUhPTkxUTkRSMVhmcng2R0Y0NnVs\nUVduR25kdGphV3A4bGhzNW5vMnNSZGphYWxweE4yMlNQWHhQWkFrS3JUekk4MnBMVUpCTVpDc0Fa\nRFpEcWNVBWVtYWlscWRoYXV1VQ1fYXV0aF91c2VyX2lkcWVLFnUu\n	2012-06-07 09:43:41.540646+00
09d258a70bd2c92aeb880fae248b4853	OWQ4ZGFiZTE3ODM5MjBiMjg4YzQxMDhlMTYzYWU5YThjNjc0ODRkNDqAAn1xAShVD19zZXNzaW9u\nX2V4cGlyeXECSwBVEl9hdXRoX3VzZXJfYmFja2VuZHEDVSlkamFuZ28uY29udHJpYi5hdXRoLmJh\nY2tlbmRzLk1vZGVsQmFja2VuZHEEVQ1fYXV0aF91c2VyX2lkcQVLBnUu\n	2012-06-11 10:55:42.574064+00
f9a1359aef2cf611bdb8f72cd7f3e8bb	MmZmMTU1YTQ0ODhkMWE4ODRmZmI5MzdhZTdkY2NkYjcwNGFmODlkYzqAAn1xAShVEl9hdXRoX3Vz\nZXJfYmFja2VuZHECVSlkamFuZ28uY29udHJpYi5hdXRoLmJhY2tlbmRzLk1vZGVsQmFja2VuZHED\nVRRzb2NpYWxhY2NvdW50X3NpZ251cHEEfXEFKFUHYWNjb3VudHEGY2RqYW5nby5kYi5tb2RlbHMu\nYmFzZQptb2RlbF91bnBpY2tsZQpxB2NhbGxhdXRoLmZhY2Vib29rLm1vZGVscwpGYWNlYm9va0Fj\nY291bnQKcQhdY2RqYW5nby5kYi5tb2RlbHMuYmFzZQpzaW1wbGVfY2xhc3NfZmFjdG9yeQpxCYdS\ncQp9cQsoVQd1c2VyX2lkcQxOVQRuYW1lcQ1VAFUJc29jaWFsX2lkcQ5VCTY0MDkzMTg0NXEPVQZf\nc3RhdGVxEGNkamFuZ28uZGIubW9kZWxzLmJhc2UKTW9kZWxTdGF0ZQpxESmBcRJ9cRMoVQZhZGRp\nbmdxFIhVAmRicRVOdWJVFHNvY2lhbGFjY291bnRfcHRyX2lkcRZOVQpsYXN0X2xvZ2lucRdOVQRs\naW5rcRhVAFUCaWRxGU5VC2RhdGVfam9pbmVkcRpOdWJVBGRhdGFxG31xHChVCHVzZXJuYW1lcR1V\nBWxsZWR4cR5VCmZpcnN0X25hbWVxH1UIQmVuamFtaW5xIFUJbGFzdF9uYW1lcSFVBERlbGxxIlUL\nZmFjZWJvb2tfbWVxI31xJChoHWgeaB9oIGghaCJVCHZlcmlmaWVkcSWIVQRuYW1lcSZVDUJlbmph\nbWluIERlbGxxJ1UGbG9jYWxlcShVBWVuX0dCcSlVBmdlbmRlcnEqVQRtYWxlcStVBHdvcmtxLF1x\nLX1xLihVCHBvc2l0aW9ucS99cTAoVQJpZHExVQ8xMzA4NzUzNTAyODM5MzFxMmgmVQ1DRU8gJiBG\nb3VuZGVycTN1VQhlbXBsb3llcnE0fXE1KGgxVQ8xMDY5MTIzMDYwODAxMDhxNmgmVQtSYXcgSmFt\nIEx0ZHE3dXVhVQx1cGRhdGVkX3RpbWVxOFUYMjAxMi0wMS0xMVQxNzo0OTo1MyswMDAwcTlVBWVt\nYWlscTpVEGJlbkByYXdqYW0uY28udWtxO1UEbGlua3E8VR1odHRwOi8vd3d3LmZhY2Vib29rLmNv\nbS9sbGVkeHE9VQh0aW1lem9uZXE+SwFVCWVkdWNhdGlvbnE/XXFAKH1xQShVBnNjaG9vbHFCfXFD\nKGgxVQ8xMDk1ODQ3NDkwNjgzODZxRGgmVR5TdC4gQW5kcmV3cyBDIG9mIEUgSGlnaCBTY2hvb2xx\nRXVVBHR5cGVxRlULSGlnaCBTY2hvb2xxR1UEeWVhcnFIfXFJKGgxVQ8xMzE4MjEwNjAxOTUyMTBx\nSmgmVQQxOTk3cUt1dX1xTChoQn1xTShoMVUPMTI1MTc5MTYwODI5OTcycU5oJlULTmV3dG9uIFBy\nZXBxT3VoRlULSGlnaCBTY2hvb2xxUGhIfXFRKGgxVQ8xNDI2NzM0NjkwOTMwODFxUmgmVQQxOTkz\ncVN1dX1xVChoQn1xVShoMVUPMTE0NjQ3MTc4NTUyNjk2cVZoJlUSTGxhbmRyaWxsbyBDb2xsZWdl\ncVd1aEZVC0hpZ2ggU2Nob29scVhoSH1xWShoMVUPMTQ0NTAzMzc4ODk1MDA4cVpoJlUEMTk5OXFb\ndXV9cVwoaEJ9cV0oaDFVDzExMzQ4ODk2ODY2MTY5NXFeaCZVFVVuaXZlcnNpdHkgb2YgQ2hlc3Rl\ncnFfdWhGVQdDb2xsZWdlcWBVDWNvbmNlbnRyYXRpb25xYV1xYn1xYyhoMVUPMTA0MDc2OTU2Mjk1\nNzczcWRoJlUQQ29tcHV0ZXIgU2NpZW5jZXFldWFoSH1xZihoMVUPMTk0ODc4NjE3MjExNTEycWdo\nJlUEMjAwMnFodXVlaDFoD3VVFWZhY2Vib29rX2FjY2Vzc190b2tlbnFpWHAAAABBQUFGSkc1dWV0\ncUFCQUNWUHdyWWxlY1d0QlpCU21Zc0RBb0pma0JYVUVRSXMxTWpxWkJxUTh6a1hHTkhlR1pCdDBM\nT1ZjTlpBdENEeGRqT0F5eHZaQmhwZDV5aGtDMHFIakk3N0NsNVV6REFaRFpEcWpVBWVtYWlscWto\nO3V1VQ1fYXV0aF91c2VyX2lkcWxLAXUu\n	2012-06-08 15:45:52.613511+00
b900c00a0b493aef181f579805bfc3b0	M2ZiZGQ0YzJlNWUyNTlmZjE1ODUxNTI5MDkxNjAyMTU0NTdlYTVhMTqAAn1xAShVD19zZXNzaW9u\nX2V4cGlyeXECSwBVEl9hdXRoX3VzZXJfYmFja2VuZHEDVSlkamFuZ28uY29udHJpYi5hdXRoLmJh\nY2tlbmRzLk1vZGVsQmFja2VuZHEEVQ1fYXV0aF91c2VyX2lkcQVLCHUu\n	2012-06-11 13:12:33.605797+00
e6d3cf5a73616d9a99b88806ab6ace0b	ZWFhMjcwOWZhMjAwZDNiNzFjNDVjMjE2YzIwYTlhNDE3NDBkOTA1ZTqAAn1xAVUUc29jaWFsYWNj\nb3VudF9zaWdudXBxAn1xAyhVB2FjY291bnRxBGNkamFuZ28uZGIubW9kZWxzLmJhc2UKbW9kZWxf\ndW5waWNrbGUKcQVjYWxsYXV0aC5mYWNlYm9vay5tb2RlbHMKRmFjZWJvb2tBY2NvdW50CnEGXWNk\namFuZ28uZGIubW9kZWxzLmJhc2UKc2ltcGxlX2NsYXNzX2ZhY3RvcnkKcQeHUnEIfXEJKFUHdXNl\ncl9pZHEKTlUEbmFtZXELVQBVCXNvY2lhbF9pZHEMVQk2NDA5MzE4NDVxDVUGX3N0YXRlcQ5jZGph\nbmdvLmRiLm1vZGVscy5iYXNlCk1vZGVsU3RhdGUKcQ8pgXEQfXERKFUGYWRkaW5ncRKIVQJkYnET\nTnViVRRzb2NpYWxhY2NvdW50X3B0cl9pZHEUTlUKbGFzdF9sb2dpbnEVTlUEbGlua3EWVQBVAmlk\ncRdOVQtkYXRlX2pvaW5lZHEYTnViVQRkYXRhcRl9cRooVQh1c2VybmFtZXEbVQVsbGVkeHEcVQpm\naXJzdF9uYW1lcR1VCEJlbmphbWlucR5VCWxhc3RfbmFtZXEfVQREZWxscSBVC2ZhY2Vib29rX21l\ncSF9cSIoaBtoHGgdaB5oH2ggVQh2ZXJpZmllZHEjiFUEbmFtZXEkVQ1CZW5qYW1pbiBEZWxscSVV\nBmxvY2FsZXEmVQVlbl9HQnEnVQZnZW5kZXJxKFUEbWFsZXEpVQR3b3JrcSpdcSt9cSwoVQhwb3Np\ndGlvbnEtfXEuKFUCaWRxL1UPMTMwODc1MzUwMjgzOTMxcTBoJFUNQ0VPICYgRm91bmRlcnExdVUI\nZW1wbG95ZXJxMn1xMyhoL1UPMTA2OTEyMzA2MDgwMTA4cTRoJFULUmF3IEphbSBMdGRxNXV1YVUF\nZW1haWxxNlUQYmVuQHJhd2phbS5jby51a3E3VQx1cGRhdGVkX3RpbWVxOFUYMjAxMi0wMS0xMVQx\nNzo0OTo1MyswMDAwcTlVBGxpbmtxOlUdaHR0cDovL3d3dy5mYWNlYm9vay5jb20vbGxlZHhxO1UI\ndGltZXpvbmVxPEsBVQllZHVjYXRpb25xPV1xPih9cT8oVQZzY2hvb2xxQH1xQShoL1UPMTA5NTg0\nNzQ5MDY4Mzg2cUJoJFUeU3QuIEFuZHJld3MgQyBvZiBFIEhpZ2ggU2Nob29scUN1VQR0eXBlcURV\nC0hpZ2ggU2Nob29scUVVBHllYXJxRn1xRyhoL1UPMTMxODIxMDYwMTk1MjEwcUhoJFUEMTk5N3FJ\ndXV9cUooaEB9cUsoaC9VDzEyNTE3OTE2MDgyOTk3MnFMaCRVC05ld3RvbiBQcmVwcU11aERVC0hp\nZ2ggU2Nob29scU5oRn1xTyhoL1UPMTQyNjczNDY5MDkzMDgxcVBoJFUEMTk5M3FRdXV9cVIoaEB9\ncVMoaC9VDzExNDY0NzE3ODU1MjY5NnFUaCRVEkxsYW5kcmlsbG8gQ29sbGVnZXFVdWhEVQtIaWdo\nIFNjaG9vbHFWaEZ9cVcoaC9VDzE0NDUwMzM3ODg5NTAwOHFYaCRVBDE5OTlxWXV1fXFaKGhAfXFb\nKGgvVQ8xMTM0ODg5Njg2NjE2OTVxXGgkVRVVbml2ZXJzaXR5IG9mIENoZXN0ZXJxXXVoRFUHQ29s\nbGVnZXFeVQ1jb25jZW50cmF0aW9ucV9dcWB9cWEoaC9VDzEwNDA3Njk1NjI5NTc3M3FiaCRVEENv\nbXB1dGVyIFNjaWVuY2VxY3VhaEZ9cWQoaC9VDzE5NDg3ODYxNzIxMTUxMnFlaCRVBDIwMDJxZnV1\nZWgvaA11VRVmYWNlYm9va19hY2Nlc3NfdG9rZW5xZ1hwAAAAQUFBRkpHNXVldHFBQkFDVlB3clls\nZWNXdEJaQlNtWXNEQW9KZmtCWFVFUUlzMU1qcVpCcVE4emtYR05IZUdaQnQwTE9WY05aQXRDRHhk\nak9BeXh2WkJocGQ1eWhrQzBxSGpJNzdDbDVVekRBWkRaRHFoVQVlbWFpbHFpaDd1dXMu\n	2012-06-08 15:46:17.361747+00
38f32558e2dda273ced8275f03a278f0	NjYzYWM2YmM0Yjk2OTkxZDUxZjU1ZDdkYmIwZTVlMmZkNDkzMzllNDqAAn1xAShVEl9hdXRoX3Vz\nZXJfYmFja2VuZHECVSlkamFuZ28uY29udHJpYi5hdXRoLmJhY2tlbmRzLk1vZGVsQmFja2VuZHED\nVQ1fYXV0aF91c2VyX2lkcQRLAXUu\n	2012-06-06 13:55:06.301895+00
57ac2f3fe53e7533c801216c369e603e	MWRhNjM1OTY1OTU4MTkwOGIzZGM3M2I4MmRkN2QyYWFjMGI1NmFkNjqAAn1xAShVD19zZXNzaW9u\nX2V4cGlyeXECSwBVEl9hdXRoX3VzZXJfYmFja2VuZHEDVSlkamFuZ28uY29udHJpYi5hdXRoLmJh\nY2tlbmRzLk1vZGVsQmFja2VuZHEEVQ1fYXV0aF91c2VyX2lkcQVLAXUu\n	2012-06-15 11:04:09.779133+00
972755ec3b48bf5f3032f7ccfa39ec6f	MWRhNjM1OTY1OTU4MTkwOGIzZGM3M2I4MmRkN2QyYWFjMGI1NmFkNjqAAn1xAShVD19zZXNzaW9u\nX2V4cGlyeXECSwBVEl9hdXRoX3VzZXJfYmFja2VuZHEDVSlkamFuZ28uY29udHJpYi5hdXRoLmJh\nY2tlbmRzLk1vZGVsQmFja2VuZHEEVQ1fYXV0aF91c2VyX2lkcQVLAXUu\n	2012-06-15 13:14:37.987881+00
4d621abe40d871b0c871edb3bda5ea20	MDQ3NDNhY2JhYWE5NzFlODYxODBhYjY4Yzc0N2JlMjc4ODZjZWFkZDqAAn1xAShVD19zZXNzaW9u\nX2V4cGlyeXECSwBVEl9hdXRoX3VzZXJfYmFja2VuZHEDVSlkamFuZ28uY29udHJpYi5hdXRoLmJh\nY2tlbmRzLk1vZGVsQmFja2VuZHEEVQ1fYXV0aF91c2VyX2lkcQVLFXUu\n	2012-06-12 11:18:01.356876+00
ec073dda962ee29b69ca53b8856130ad	YzM5ZGVjYjRjNjZmODJmMzhmNTllMWFjNDMxNTdiZDkyM2QzYjlmMDqAAn1xAShVD19zZXNzaW9u\nX2V4cGlyeXECSwBVEl9hdXRoX3VzZXJfYmFja2VuZHEDVSlkamFuZ28uY29udHJpYi5hdXRoLmJh\nY2tlbmRzLk1vZGVsQmFja2VuZHEEVQ1fYXV0aF91c2VyX2lkcQVLAnUu\n	2012-06-11 20:11:19.003589+00
1523f32b1d0730cf9d2c55c5c9a7361a	ZjVlODYzMmM4Mjc3MzU3MzU3M2Y2NWRiMWM5OGM4YmQ0MWIxZGFjMzqAAn1xAS4=\n	2012-06-11 20:59:00.417907+00
c1bf1040d7ba69df84130ab4ce21aa95	MWRhNjM1OTY1OTU4MTkwOGIzZGM3M2I4MmRkN2QyYWFjMGI1NmFkNjqAAn1xAShVD19zZXNzaW9u\nX2V4cGlyeXECSwBVEl9hdXRoX3VzZXJfYmFja2VuZHEDVSlkamFuZ28uY29udHJpYi5hdXRoLmJh\nY2tlbmRzLk1vZGVsQmFja2VuZHEEVQ1fYXV0aF91c2VyX2lkcQVLAXUu\n	2012-06-11 15:40:42.295574+00
a76655ef9bb599c45f5291e35b28a452	ZjVlODYzMmM4Mjc3MzU3MzU3M2Y2NWRiMWM5OGM4YmQ0MWIxZGFjMzqAAn1xAS4=\n	2012-06-11 21:20:13.391794+00
3334cd6c386907ba9e24c9d68010d889	MWRhNjM1OTY1OTU4MTkwOGIzZGM3M2I4MmRkN2QyYWFjMGI1NmFkNjqAAn1xAShVD19zZXNzaW9u\nX2V4cGlyeXECSwBVEl9hdXRoX3VzZXJfYmFja2VuZHEDVSlkamFuZ28uY29udHJpYi5hdXRoLmJh\nY2tlbmRzLk1vZGVsQmFja2VuZHEEVQ1fYXV0aF91c2VyX2lkcQVLAXUu\n	2012-06-12 14:14:14.80467+00
3983c37f5d2ac5b69770710d41194939	YzM5ZGVjYjRjNjZmODJmMzhmNTllMWFjNDMxNTdiZDkyM2QzYjlmMDqAAn1xAShVD19zZXNzaW9u\nX2V4cGlyeXECSwBVEl9hdXRoX3VzZXJfYmFja2VuZHEDVSlkamFuZ28uY29udHJpYi5hdXRoLmJh\nY2tlbmRzLk1vZGVsQmFja2VuZHEEVQ1fYXV0aF91c2VyX2lkcQVLAnUu\n	2012-06-11 21:21:40.437948+00
adcf17bffbbb60985b9c52dbef6c2ba0	MWRhNjM1OTY1OTU4MTkwOGIzZGM3M2I4MmRkN2QyYWFjMGI1NmFkNjqAAn1xAShVD19zZXNzaW9u\nX2V4cGlyeXECSwBVEl9hdXRoX3VzZXJfYmFja2VuZHEDVSlkamFuZ28uY29udHJpYi5hdXRoLmJh\nY2tlbmRzLk1vZGVsQmFja2VuZHEEVQ1fYXV0aF91c2VyX2lkcQVLAXUu\n	2012-06-11 21:36:51.643276+00
2a2680bb456defaf4536c30a38353eab	YzM5ZGVjYjRjNjZmODJmMzhmNTllMWFjNDMxNTdiZDkyM2QzYjlmMDqAAn1xAShVD19zZXNzaW9u\nX2V4cGlyeXECSwBVEl9hdXRoX3VzZXJfYmFja2VuZHEDVSlkamFuZ28uY29udHJpYi5hdXRoLmJh\nY2tlbmRzLk1vZGVsQmFja2VuZHEEVQ1fYXV0aF91c2VyX2lkcQVLAnUu\n	2012-06-11 21:51:49.960973+00
60a9ab350e1def89655b499409815b2b	ZjVlODYzMmM4Mjc3MzU3MzU3M2Y2NWRiMWM5OGM4YmQ0MWIxZGFjMzqAAn1xAS4=\n	2012-06-12 08:40:54.555612+00
3c91328c57aaf6ae8b494f2431a27558	MWRhNjM1OTY1OTU4MTkwOGIzZGM3M2I4MmRkN2QyYWFjMGI1NmFkNjqAAn1xAShVD19zZXNzaW9u\nX2V4cGlyeXECSwBVEl9hdXRoX3VzZXJfYmFja2VuZHEDVSlkamFuZ28uY29udHJpYi5hdXRoLmJh\nY2tlbmRzLk1vZGVsQmFja2VuZHEEVQ1fYXV0aF91c2VyX2lkcQVLAXUu\n	2012-06-12 14:41:26.629055+00
ce931f0d31c955597ecfef408474720d	MWRhNjM1OTY1OTU4MTkwOGIzZGM3M2I4MmRkN2QyYWFjMGI1NmFkNjqAAn1xAShVD19zZXNzaW9u\nX2V4cGlyeXECSwBVEl9hdXRoX3VzZXJfYmFja2VuZHEDVSlkamFuZ28uY29udHJpYi5hdXRoLmJh\nY2tlbmRzLk1vZGVsQmFja2VuZHEEVQ1fYXV0aF91c2VyX2lkcQVLAXUu\n	2012-06-29 10:05:33.73477+00
cefb8339843596087b740737bdd06c85	MjYwNjhkOWQ1YjM4OTkyZmNjOGZmMjg3Mjg2ODMwODNlYjA1Y2MyODqAAn1xAShVD2RqYW5nb190\naW1lem9uZXECY3B5dHoKX3AKcQMoVRBBbWVyaWNhL05ld19Zb3JrcQRKsLn//0sAVQNFU1RxBXRS\ncQZVDV9hdXRoX3VzZXJfaWRxB0sFVRJfYXV0aF91c2VyX2JhY2tlbmRxCFUpZGphbmdvLmNvbnRy\naWIuYXV0aC5iYWNrZW5kcy5Nb2RlbEJhY2tlbmRxCVUPX3Nlc3Npb25fZXhwaXJ5cQpLAHUu\n	2012-06-13 18:20:57.908256+00
64149fc7e1729613d8bf9b96ad4b624d	YTQ2YWY4ZDNjNGMzZGMzZTI4NzZlOGU2YWNiOTgyNTM4NzYwYjY4YjqAAn1xAShVD19zZXNzaW9u\nX2V4cGlyeXECSwBVD2RqYW5nb190aW1lem9uZXEDY3B5dHoKX3AKcQQoVRpBbWVyaWNhL0FyZ2Vu\ndGluYS9TYW5fSnVhbnEFSsTD//9LAFUDQ01UcQZ0UnEHVRJfYXV0aF91c2VyX2JhY2tlbmRxCFUp\nZGphbmdvLmNvbnRyaWIuYXV0aC5iYWNrZW5kcy5Nb2RlbEJhY2tlbmRxCVUNX2F1dGhfdXNlcl9p\nZHEKSxR1Lg==\n	2012-06-12 16:07:35.422299+00
a97d9e3c64bd571687d9d7efb4679f4d	ZDlmOTJkNTA3OTMyNGQ2ZjdlZWVkNjY3MWFkNjA0OGNiMWEwNjRkMTqAAn1xAShVD19zZXNzaW9u\nX2V4cGlyeXECSwBVEl9hdXRoX3VzZXJfYmFja2VuZHEDVTZhcHBzLmNvbW1vbi51dGlscy5iYWNr\nZW5kcy5DYXNlSW5zZW5zaXRpdmVNb2RlbEJhY2tlbmRxBFUNX2F1dGhfdXNlcl9pZHEFSwZ1Lg==\n	2012-07-13 16:12:44.540261+00
648ac085cbec2057aa6a3f38778ea4bc	YzM5ZGVjYjRjNjZmODJmMzhmNTllMWFjNDMxNTdiZDkyM2QzYjlmMDqAAn1xAShVD19zZXNzaW9u\nX2V4cGlyeXECSwBVEl9hdXRoX3VzZXJfYmFja2VuZHEDVSlkamFuZ28uY29udHJpYi5hdXRoLmJh\nY2tlbmRzLk1vZGVsQmFja2VuZHEEVQ1fYXV0aF91c2VyX2lkcQVLAnUu\n	2012-06-29 16:03:24.872157+00
5b186f8f43d117c299efe786d05f7458	NjUyNTdkMGJmMjAwMzM1NmQ3YjhjYTQxZTFjYTAzYmM0YjM3ZGRjNTqAAn1xAShVD2RqYW5nb190\naW1lem9uZXECY3B5dHoKX3AKcQMoVQ1FdXJvcGUvTG9uZG9ucQRLAEsAVQNHTVRxBXRScQZVDV9h\ndXRoX3VzZXJfaWRxB0sOVRJfYXV0aF91c2VyX2JhY2tlbmRxCFUpZGphbmdvLmNvbnRyaWIuYXV0\naC5iYWNrZW5kcy5Nb2RlbEJhY2tlbmRxCVUPX3Nlc3Npb25fZXhwaXJ5cQpLAFUUc29jaWFsYWNj\nb3VudF9zaWdudXBxC31xDChVB2FjY291bnRxDWNkamFuZ28uZGIubW9kZWxzLmJhc2UKbW9kZWxf\ndW5waWNrbGUKcQ5jYWxsYXV0aC5mYWNlYm9vay5tb2RlbHMKRmFjZWJvb2tBY2NvdW50CnEPXWNk\namFuZ28uZGIubW9kZWxzLmJhc2UKc2ltcGxlX2NsYXNzX2ZhY3RvcnkKcRCHUnERfXESKFUHdXNl\ncl9pZHETTlUEbmFtZXEUVQBVCXNvY2lhbF9pZHEVVQ8xMDAwMDIzOTgxNTEyMTVxFlUGX3N0YXRl\ncRdjZGphbmdvLmRiLm1vZGVscy5iYXNlCk1vZGVsU3RhdGUKcRgpgXEZfXEaKFUGYWRkaW5ncRuI\nVQJkYnEcTnViVRRzb2NpYWxhY2NvdW50X3B0cl9pZHEdTlUKbGFzdF9sb2dpbnEeTlUEbGlua3Ef\nVQBVAmlkcSBOVQtkYXRlX2pvaW5lZHEhTnViVQRkYXRhcSJ9cSMoVQh1c2VybmFtZXEkVQx4cHRv\nLm90cHguNzdxJVUKZmlyc3RfbmFtZXEmVQRYcHRvcSdVCWxhc3RfbmFtZXEoVQRPdHB4cSlVC2Zh\nY2Vib29rX21lcSp9cSsoaCRoJWgmaCdoKGgpVQh2ZXJpZmllZHEsiFUEbmFtZXEtVQlYcHRvIE90\ncHhxLlUGbG9jYWxlcS9VBWVuX1VTcTBVBmdlbmRlcnExVQRtYWxlcTJVDHVwZGF0ZWRfdGltZXEz\nVRgyMDEyLTA2LTEwVDAzOjEwOjIxKzAwMDBxNFUFZW1haWxxNVURb2xkYXJzZUBnbWFpbC5jb21x\nNlUEbGlua3E3VSRodHRwOi8vd3d3LmZhY2Vib29rLmNvbS94cHRvLm90cHguNzdxOFUIdGltZXpv\nbmVxOUsBVQJpZHE6aBZ1VRVmYWNlYm9va19hY2Nlc3NfdG9rZW5xO1hzAAAAQUFBRkpHNXVldHFB\nQkFEQWs1RVZEOUdpQWFva2ZmdGhMMWpOWDZoMkZGajlqamZjUUs4dVZ0UnpaQTdhWHpBRzRtZjVK\nUXFDZkZRTUFrNkFvM3dIWkNoYU9iN2pzbFI1Y0ZVcHpjUGkzd01CUExXanJEU3E8VQVlbWFpbHE9\naDZ1dXUu\n	2012-06-25 11:58:51.631963+00
a4712f3e59894a57b72f275a1c73ddb3	ZTM2NTMzZmY2ZWQ1N2EyYThmOWE1M2YzZDhjZjlmNWYxMWEzMTI3NjqAAn1xAShVD19zZXNzaW9u\nX2V4cGlyeXECSwBVEl9hdXRoX3VzZXJfYmFja2VuZHEDVSlkamFuZ28uY29udHJpYi5hdXRoLmJh\nY2tlbmRzLk1vZGVsQmFja2VuZHEEVQ1fYXV0aF91c2VyX2lkcQVLHXUu\n	2012-07-06 16:25:57.984322+00
00a4984841a4a6f2f7eaa527d428bb3b	MWRhNjM1OTY1OTU4MTkwOGIzZGM3M2I4MmRkN2QyYWFjMGI1NmFkNjqAAn1xAShVD19zZXNzaW9u\nX2V4cGlyeXECSwBVEl9hdXRoX3VzZXJfYmFja2VuZHEDVSlkamFuZ28uY29udHJpYi5hdXRoLmJh\nY2tlbmRzLk1vZGVsQmFja2VuZHEEVQ1fYXV0aF91c2VyX2lkcQVLAXUu\n	2012-07-03 10:57:19.722631+00
abc6128676f1d497954942f804a2e4e0	YzM5ZGVjYjRjNjZmODJmMzhmNTllMWFjNDMxNTdiZDkyM2QzYjlmMDqAAn1xAShVD19zZXNzaW9u\nX2V4cGlyeXECSwBVEl9hdXRoX3VzZXJfYmFja2VuZHEDVSlkamFuZ28uY29udHJpYi5hdXRoLmJh\nY2tlbmRzLk1vZGVsQmFja2VuZHEEVQ1fYXV0aF91c2VyX2lkcQVLAnUu\n	2012-06-14 11:11:50.675504+00
3b8d73c8e3a22094bf15ea92a4f1c444	MDliOGE3YTc3Njg4MmY3NWVlNzgyODYwNmNiMDlmMDRiNDdhMmZkYTqAAn1xAShVD2RqYW5nb190\naW1lem9uZXECY3B5dHoKX3AKcQMoVRpBbWVyaWNhL0FyZ2VudGluYS9TYW5fSnVhbnEESsTD//9L\nAFUDQ01UcQV0UnEGVQ1fYXV0aF91c2VyX2lkcQdLFFUSX2F1dGhfdXNlcl9iYWNrZW5kcQhVKWRq\nYW5nby5jb250cmliLmF1dGguYmFja2VuZHMuTW9kZWxCYWNrZW5kcQlVD19zZXNzaW9uX2V4cGly\neXEKSwB1Lg==\n	2012-06-14 15:26:29.632684+00
38069ea09a5b92e175064be6df140902	N2FlMDMxYjViZjhlZWYyNTE1YTBmOWJiMjFlMTAyYTU5MzEzYzg2ODqAAn1xAShVD2RqYW5nb190\naW1lem9uZXECY3B5dHoKX1VUQwpxAylScQRVDV9hdXRoX3VzZXJfaWRxBUsCVRJfYXV0aF91c2Vy\nX2JhY2tlbmRxBlUpZGphbmdvLmNvbnRyaWIuYXV0aC5iYWNrZW5kcy5Nb2RlbEJhY2tlbmRxB1UP\nX3Nlc3Npb25fZXhwaXJ5cQhLAHUu\n	2012-06-25 14:54:21.061466+00
fb8ac83e2187cbdbea149b6446104ed6	MWRhNjM1OTY1OTU4MTkwOGIzZGM3M2I4MmRkN2QyYWFjMGI1NmFkNjqAAn1xAShVD19zZXNzaW9u\nX2V4cGlyeXECSwBVEl9hdXRoX3VzZXJfYmFja2VuZHEDVSlkamFuZ28uY29udHJpYi5hdXRoLmJh\nY2tlbmRzLk1vZGVsQmFja2VuZHEEVQ1fYXV0aF91c2VyX2lkcQVLAXUu\n	2012-07-06 16:46:19.582475+00
9eeab8621d8c9bec3932170c5ee54a56	YzM5ZGVjYjRjNjZmODJmMzhmNTllMWFjNDMxNTdiZDkyM2QzYjlmMDqAAn1xAShVD19zZXNzaW9u\nX2V4cGlyeXECSwBVEl9hdXRoX3VzZXJfYmFja2VuZHEDVSlkamFuZ28uY29udHJpYi5hdXRoLmJh\nY2tlbmRzLk1vZGVsQmFja2VuZHEEVQ1fYXV0aF91c2VyX2lkcQVLAnUu\n	2012-06-13 14:01:14.603399+00
8e8ca8009beb67f8f696bed659af236b	MDBiZTcwZTlhMzM2MmFhM2Y2Yzk0YTJjZDY2M2FkYmVmYzViZmM3MjqAAn1xAShVD2RqYW5nb190\naW1lem9uZXECY3B5dHoKX3AKcQMoVQ1FdXJvcGUvTG9uZG9ucQRLAEsAVQNHTVRxBXRScQZVDV9h\ndXRoX3VzZXJfaWRxB0sBVRJfYXV0aF91c2VyX2JhY2tlbmRxCFUpZGphbmdvLmNvbnRyaWIuYXV0\naC5iYWNrZW5kcy5Nb2RlbEJhY2tlbmRxCVUPX3Nlc3Npb25fZXhwaXJ5cQpLAHUu\n	2012-06-25 16:23:02.352774+00
014572ea6b5b4d09e955a79fe911675b	YzM5ZGVjYjRjNjZmODJmMzhmNTllMWFjNDMxNTdiZDkyM2QzYjlmMDqAAn1xAShVD19zZXNzaW9u\nX2V4cGlyeXECSwBVEl9hdXRoX3VzZXJfYmFja2VuZHEDVSlkamFuZ28uY29udHJpYi5hdXRoLmJh\nY2tlbmRzLk1vZGVsQmFja2VuZHEEVQ1fYXV0aF91c2VyX2lkcQVLAnUu\n	2012-06-25 16:28:03.43671+00
f18f33f974666b975ee583568785fd4a	YzM5ZGVjYjRjNjZmODJmMzhmNTllMWFjNDMxNTdiZDkyM2QzYjlmMDqAAn1xAShVD19zZXNzaW9u\nX2V4cGlyeXECSwBVEl9hdXRoX3VzZXJfYmFja2VuZHEDVSlkamFuZ28uY29udHJpYi5hdXRoLmJh\nY2tlbmRzLk1vZGVsQmFja2VuZHEEVQ1fYXV0aF91c2VyX2lkcQVLAnUu\n	2012-06-26 13:16:01.128926+00
11a585825821879a4dcf2247d602f8c2	MjYwNjhkOWQ1YjM4OTkyZmNjOGZmMjg3Mjg2ODMwODNlYjA1Y2MyODqAAn1xAShVD2RqYW5nb190\naW1lem9uZXECY3B5dHoKX3AKcQMoVRBBbWVyaWNhL05ld19Zb3JrcQRKsLn//0sAVQNFU1RxBXRS\ncQZVDV9hdXRoX3VzZXJfaWRxB0sFVRJfYXV0aF91c2VyX2JhY2tlbmRxCFUpZGphbmdvLmNvbnRy\naWIuYXV0aC5iYWNrZW5kcy5Nb2RlbEJhY2tlbmRxCVUPX3Nlc3Npb25fZXhwaXJ5cQpLAHUu\n	2012-06-26 15:07:47.818275+00
f43e9a168c3f064f2ad699e349f2c31d	NjYzYWM2YmM0Yjk2OTkxZDUxZjU1ZDdkYmIwZTVlMmZkNDkzMzllNDqAAn1xAShVEl9hdXRoX3Vz\nZXJfYmFja2VuZHECVSlkamFuZ28uY29udHJpYi5hdXRoLmJhY2tlbmRzLk1vZGVsQmFja2VuZHED\nVQ1fYXV0aF91c2VyX2lkcQRLAXUu\n	2012-06-28 08:07:52.320222+00
37aafad8f885edb2460aa446b75ea859	YzM5ZGVjYjRjNjZmODJmMzhmNTllMWFjNDMxNTdiZDkyM2QzYjlmMDqAAn1xAShVD19zZXNzaW9u\nX2V4cGlyeXECSwBVEl9hdXRoX3VzZXJfYmFja2VuZHEDVSlkamFuZ28uY29udHJpYi5hdXRoLmJh\nY2tlbmRzLk1vZGVsQmFja2VuZHEEVQ1fYXV0aF91c2VyX2lkcQVLAnUu\n	2012-06-28 09:31:58.774353+00
216a9a9d7aa3d55b22e4002e988be090	MWM1ZGZlZDU4NGY3ZGYyOTc4OWQ4OTI3MjYzOWU5MmIzMTU3YTA5YTqAAn1xAVUKdGVzdGNvb2tp\nZXECVQZ3b3JrZWRxA3Mu\n	2012-06-28 09:45:29.994951+00
e3cbfc6d665729f94a23710bb2e277a4	ODYxMWU1MmNiZjJjYjEyNDBiOTBjZmFlNmRmMDM3MDU0ZDI1MjRjMzqAAn1xAShVD19zZXNzaW9u\nX2V4cGlyeXECSwBVEl9hdXRoX3VzZXJfYmFja2VuZHEDVTZhcHBzLmNvbW1vbi51dGlscy5iYWNr\nZW5kcy5DYXNlSW5zZW5zaXRpdmVNb2RlbEJhY2tlbmRxBFUNX2F1dGhfdXNlcl9pZHEFSwJ1Lg==\n	2012-08-15 09:36:11.287201+00
b3ac509feaed8473da597dd08acc39c6	MWRhNjM1OTY1OTU4MTkwOGIzZGM3M2I4MmRkN2QyYWFjMGI1NmFkNjqAAn1xAShVD19zZXNzaW9u\nX2V4cGlyeXECSwBVEl9hdXRoX3VzZXJfYmFja2VuZHEDVSlkamFuZ28uY29udHJpYi5hdXRoLmJh\nY2tlbmRzLk1vZGVsQmFja2VuZHEEVQ1fYXV0aF91c2VyX2lkcQVLAXUu\n	2012-06-29 15:59:35.349104+00
c8f33058e9818202638cd6a91300f9cc	ZDFkMzk5MTQyMjgwOTIzMzFlZmI0MzA1YTUwNGQ2MGFiY2NhMzNmMzqAAn1xAVUUc29jaWFsYWNj\nb3VudF9zaWdudXBxAn1xAyhVB2FjY291bnRxBGNkamFuZ28uZGIubW9kZWxzLmJhc2UKbW9kZWxf\ndW5waWNrbGUKcQVjYWxsYXV0aC5mYWNlYm9vay5tb2RlbHMKRmFjZWJvb2tBY2NvdW50CnEGXWNk\namFuZ28uZGIubW9kZWxzLmJhc2UKc2ltcGxlX2NsYXNzX2ZhY3RvcnkKcQeHUnEIfXEJKFUHdXNl\ncl9pZHEKTlUEbmFtZXELVQBVCXNvY2lhbF9pZHEMVQ8xMDAwMDIzOTgxNTEyMTVxDVUGX3N0YXRl\ncQ5jZGphbmdvLmRiLm1vZGVscy5iYXNlCk1vZGVsU3RhdGUKcQ8pgXEQfXERKFUGYWRkaW5ncRKI\nVQJkYnETTnViVRRzb2NpYWxhY2NvdW50X3B0cl9pZHEUTlUKbGFzdF9sb2dpbnEVTlUEbGlua3EW\nVQBVAmlkcRdOVQtkYXRlX2pvaW5lZHEYTnViVQRkYXRhcRl9cRooVQh1c2VybmFtZXEbVQx4cHRv\nLm90cHguNzdxHFUKZmlyc3RfbmFtZXEdVQRYcHRvcR5VCWxhc3RfbmFtZXEfVQRPdHB4cSBVC2Zh\nY2Vib29rX21lcSF9cSIoaBtoHGgdaB5oH2ggVQh2ZXJpZmllZHEjiFUEbmFtZXEkVQlYcHRvIE90\ncHhxJVUGbG9jYWxlcSZVBWVuX1VTcSdVBmdlbmRlcnEoVQRtYWxlcSlVBWVtYWlscSpVEW9sZGFy\nc2VAZ21haWwuY29tcStVBGxpbmtxLFUkaHR0cDovL3d3dy5mYWNlYm9vay5jb20veHB0by5vdHB4\nLjc3cS1VCHRpbWV6b25lcS5LAVUMdXBkYXRlZF90aW1lcS9VGDIwMTItMDYtMTBUMDM6MTA6MjEr\nMDAwMHEwVQJpZHExaA11VRVmYWNlYm9va19hY2Nlc3NfdG9rZW5xMlh2AAAAQUFBRkpHNXVldHFB\nQkFGdzVQM0M1WWgyclpDRFpCRTg3VHFIWkMyZWFOOVpBdEVVSGlmdkdEbk5SVHR1VEplbHpaQzhW\naXR2am83clJxcDRWMWpBN3lCS0h2VG9ZeEducFJreHVyVjA2MXFlTUJuMDZsVmRjVHEzVQVlbWFp\nbHE0aCt1dXMu\n	2012-06-25 12:13:48.787206+00
e389dcf9fa9d2b44da2fd2ed522be1a1	ZGU5MDliOWZhYjJjYTdlMTM3ZTk3MWFkZWI5YWNiNmZkODNjOWZlYzqAAn1xAShVCnRlc3Rjb29r\naWVxAlUGd29ya2VkcQNVFHNvY2lhbGFjY291bnRfc2lnbnVwcQR9cQUoVQdhY2NvdW50cQZjZGph\nbmdvLmRiLm1vZGVscy5iYXNlCm1vZGVsX3VucGlja2xlCnEHY2FsbGF1dGguZmFjZWJvb2subW9k\nZWxzCkZhY2Vib29rQWNjb3VudApxCF1jZGphbmdvLmRiLm1vZGVscy5iYXNlCnNpbXBsZV9jbGFz\nc19mYWN0b3J5CnEJh1JxCn1xCyhVB3VzZXJfaWRxDE5VBG5hbWVxDVUAVQlzb2NpYWxfaWRxDlUP\nMTAwMDAyMzk4MTUxMjE1cQ9VBl9zdGF0ZXEQY2RqYW5nby5kYi5tb2RlbHMuYmFzZQpNb2RlbFN0\nYXRlCnERKYFxEn1xEyhVBmFkZGluZ3EUiFUCZGJxFU51YlUUc29jaWFsYWNjb3VudF9wdHJfaWRx\nFk5VCmxhc3RfbG9naW5xF05VBGxpbmtxGFUAVQJpZHEZTlULZGF0ZV9qb2luZWRxGk51YlUEZGF0\nYXEbfXEcKFUIdXNlcm5hbWVxHVUMeHB0by5vdHB4Ljc3cR5VCmZpcnN0X25hbWVxH1UEWHB0b3Eg\nVQlsYXN0X25hbWVxIVUET3RweHEiVQtmYWNlYm9va19tZXEjfXEkKGgdaB5oH2ggaCFoIlUIdmVy\naWZpZWRxJYhVBG5hbWVxJlUJWHB0byBPdHB4cSdVBmxvY2FsZXEoVQVlbl9VU3EpVQZnZW5kZXJx\nKlUEbWFsZXErVQx1cGRhdGVkX3RpbWVxLFUYMjAxMi0wNi0xMFQwMzoxMDoyMSswMDAwcS1VBGxp\nbmtxLlUkaHR0cDovL3d3dy5mYWNlYm9vay5jb20veHB0by5vdHB4Ljc3cS9VAmlkcTBoD1UIdGlt\nZXpvbmVxMUsBVQVlbWFpbHEyVRFvbGRhcnNlQGdtYWlsLmNvbXEzdVUVZmFjZWJvb2tfYWNjZXNz\nX3Rva2VucTRYeAAAAEFBQUZKRzV1ZXRxQUJBRFlXYmtZclFaQ0hLWkFqWXpYMXhaQlNlSUNZN2tk\nQkdvWkJYdm9DV3FRWXRocUt6Und0RmJ3VU5wWkNlMFpCVFlFc2FFQmJkZ3gwSVAydzRCSTlBYmNS\nc1JVQ1hkWkFqTUU3REVTa2Myb3E1VQVlbWFpbHE2aDN1dXUu\n	2012-06-25 12:33:10.318218+00
ccc19f66e993cc587a4cfa338c48abf4	YzM5ZGVjYjRjNjZmODJmMzhmNTllMWFjNDMxNTdiZDkyM2QzYjlmMDqAAn1xAShVD19zZXNzaW9u\nX2V4cGlyeXECSwBVEl9hdXRoX3VzZXJfYmFja2VuZHEDVSlkamFuZ28uY29udHJpYi5hdXRoLmJh\nY2tlbmRzLk1vZGVsQmFja2VuZHEEVQ1fYXV0aF91c2VyX2lkcQVLAnUu\n	2012-07-02 10:52:27.176827+00
2afd0c9d8a100b1aaa9c6edd3b3821b4	MWRhNjM1OTY1OTU4MTkwOGIzZGM3M2I4MmRkN2QyYWFjMGI1NmFkNjqAAn1xAShVD19zZXNzaW9u\nX2V4cGlyeXECSwBVEl9hdXRoX3VzZXJfYmFja2VuZHEDVSlkamFuZ28uY29udHJpYi5hdXRoLmJh\nY2tlbmRzLk1vZGVsQmFja2VuZHEEVQ1fYXV0aF91c2VyX2lkcQVLAXUu\n	2012-07-02 15:50:14.725763+00
025607443758a40490a85d8e50f89849	MWRhNjM1OTY1OTU4MTkwOGIzZGM3M2I4MmRkN2QyYWFjMGI1NmFkNjqAAn1xAShVD19zZXNzaW9u\nX2V4cGlyeXECSwBVEl9hdXRoX3VzZXJfYmFja2VuZHEDVSlkamFuZ28uY29udHJpYi5hdXRoLmJh\nY2tlbmRzLk1vZGVsQmFja2VuZHEEVQ1fYXV0aF91c2VyX2lkcQVLAXUu\n	2012-07-04 12:39:28.022693+00
c9bcf4e74f0c164c9ae4bd28056db533	YzM5ZGVjYjRjNjZmODJmMzhmNTllMWFjNDMxNTdiZDkyM2QzYjlmMDqAAn1xAShVD19zZXNzaW9u\nX2V4cGlyeXECSwBVEl9hdXRoX3VzZXJfYmFja2VuZHEDVSlkamFuZ28uY29udHJpYi5hdXRoLmJh\nY2tlbmRzLk1vZGVsQmFja2VuZHEEVQ1fYXV0aF91c2VyX2lkcQVLAnUu\n	2012-07-03 11:03:40.463621+00
87617a2bc2aa2f64c80d23d45ea49be6	MWRhNjM1OTY1OTU4MTkwOGIzZGM3M2I4MmRkN2QyYWFjMGI1NmFkNjqAAn1xAShVD19zZXNzaW9u\nX2V4cGlyeXECSwBVEl9hdXRoX3VzZXJfYmFja2VuZHEDVSlkamFuZ28uY29udHJpYi5hdXRoLmJh\nY2tlbmRzLk1vZGVsQmFja2VuZHEEVQ1fYXV0aF91c2VyX2lkcQVLAXUu\n	2012-07-03 10:11:56.995776+00
521d2a23c745deb6c56524f8cd8a02ae	MWRhNjM1OTY1OTU4MTkwOGIzZGM3M2I4MmRkN2QyYWFjMGI1NmFkNjqAAn1xAShVD19zZXNzaW9u\nX2V4cGlyeXECSwBVEl9hdXRoX3VzZXJfYmFja2VuZHEDVSlkamFuZ28uY29udHJpYi5hdXRoLmJh\nY2tlbmRzLk1vZGVsQmFja2VuZHEEVQ1fYXV0aF91c2VyX2lkcQVLAXUu\n	2012-07-05 16:12:43.299455+00
49f68e3b80ebefad587952fcd7d43f79	MWRhNjM1OTY1OTU4MTkwOGIzZGM3M2I4MmRkN2QyYWFjMGI1NmFkNjqAAn1xAShVD19zZXNzaW9u\nX2V4cGlyeXECSwBVEl9hdXRoX3VzZXJfYmFja2VuZHEDVSlkamFuZ28uY29udHJpYi5hdXRoLmJh\nY2tlbmRzLk1vZGVsQmFja2VuZHEEVQ1fYXV0aF91c2VyX2lkcQVLAXUu\n	2012-07-03 13:59:15.445776+00
2e0cb1d091754e2b2f8f96a2c5b1d059	NGE0YzU1YTc2MjBkZGEzMmM4NjBkNGQyZDE4NjYwYzg2YmNhYzdjNTqAAn1xAVUUc29jaWFsYWNj\nb3VudF9zaWdudXBxAn1xAyhVB2FjY291bnRxBGNkamFuZ28uZGIubW9kZWxzLmJhc2UKbW9kZWxf\ndW5waWNrbGUKcQVjYWxsYXV0aC5mYWNlYm9vay5tb2RlbHMKRmFjZWJvb2tBY2NvdW50CnEGXWNk\namFuZ28uZGIubW9kZWxzLmJhc2UKc2ltcGxlX2NsYXNzX2ZhY3RvcnkKcQeHUnEIfXEJKFUHdXNl\ncl9pZHEKTlUEbmFtZXELVQBVCXNvY2lhbF9pZHEMVQ8xMDAwMDIzOTgxNTEyMTVxDVUGX3N0YXRl\ncQ5jZGphbmdvLmRiLm1vZGVscy5iYXNlCk1vZGVsU3RhdGUKcQ8pgXEQfXERKFUGYWRkaW5ncRKI\nVQJkYnETTnViVRRzb2NpYWxhY2NvdW50X3B0cl9pZHEUTlUKbGFzdF9sb2dpbnEVTlUEbGlua3EW\nVQBVAmlkcRdOVQtkYXRlX2pvaW5lZHEYTnViVQRkYXRhcRl9cRooVQh1c2VybmFtZXEbVQx4cHRv\nLm90cHguNzdxHFUKZmlyc3RfbmFtZXEdVQRYcHRvcR5VCWxhc3RfbmFtZXEfVQRPdHB4cSBVC2Zh\nY2Vib29rX21lcSF9cSIoaBtoHGgdaB5oH2ggVQh2ZXJpZmllZHEjiFUEbmFtZXEkVQlYcHRvIE90\ncHhxJVUGbG9jYWxlcSZVBWVuX1VTcSdVBmdlbmRlcnEoVQRtYWxlcSlVBWVtYWlscSpVEW9sZGFy\nc2VAZ21haWwuY29tcStVBGxpbmtxLFUkaHR0cDovL3d3dy5mYWNlYm9vay5jb20veHB0by5vdHB4\nLjc3cS1VCHRpbWV6b25lcS5LAVUMdXBkYXRlZF90aW1lcS9VGDIwMTItMDYtMTBUMDM6MTA6MjEr\nMDAwMHEwVQJpZHExaA11VRVmYWNlYm9va19hY2Nlc3NfdG9rZW5xMlh3AAAAQUFBRkpHNXVldHFB\nQkFNcXVIalpCdkpxOER3UDJPQkpWWGtsS2pLS0tsTDhCQ1pCV0c4UEVkUlpDNFRTQVpBMmVkQ1lY\nT0Y5bk5scnd3MkJQanFSZlMxN0JIQ3RmMGJaQ1pBcVRScXQxMHR3U2FBOGlEa25tUTdxM1UFZW1h\naWxxNGgrdXVzLg==\n	2012-07-03 14:08:20.332742+00
2eaedb56bcdbbc7e7c790d793328f8ea	NGE0YzU1YTc2MjBkZGEzMmM4NjBkNGQyZDE4NjYwYzg2YmNhYzdjNTqAAn1xAVUUc29jaWFsYWNj\nb3VudF9zaWdudXBxAn1xAyhVB2FjY291bnRxBGNkamFuZ28uZGIubW9kZWxzLmJhc2UKbW9kZWxf\ndW5waWNrbGUKcQVjYWxsYXV0aC5mYWNlYm9vay5tb2RlbHMKRmFjZWJvb2tBY2NvdW50CnEGXWNk\namFuZ28uZGIubW9kZWxzLmJhc2UKc2ltcGxlX2NsYXNzX2ZhY3RvcnkKcQeHUnEIfXEJKFUHdXNl\ncl9pZHEKTlUEbmFtZXELVQBVCXNvY2lhbF9pZHEMVQ8xMDAwMDIzOTgxNTEyMTVxDVUGX3N0YXRl\ncQ5jZGphbmdvLmRiLm1vZGVscy5iYXNlCk1vZGVsU3RhdGUKcQ8pgXEQfXERKFUGYWRkaW5ncRKI\nVQJkYnETTnViVRRzb2NpYWxhY2NvdW50X3B0cl9pZHEUTlUKbGFzdF9sb2dpbnEVTlUEbGlua3EW\nVQBVAmlkcRdOVQtkYXRlX2pvaW5lZHEYTnViVQRkYXRhcRl9cRooVQh1c2VybmFtZXEbVQx4cHRv\nLm90cHguNzdxHFUKZmlyc3RfbmFtZXEdVQRYcHRvcR5VCWxhc3RfbmFtZXEfVQRPdHB4cSBVC2Zh\nY2Vib29rX21lcSF9cSIoaBtoHGgdaB5oH2ggVQh2ZXJpZmllZHEjiFUEbmFtZXEkVQlYcHRvIE90\ncHhxJVUGbG9jYWxlcSZVBWVuX1VTcSdVBmdlbmRlcnEoVQRtYWxlcSlVBWVtYWlscSpVEW9sZGFy\nc2VAZ21haWwuY29tcStVBGxpbmtxLFUkaHR0cDovL3d3dy5mYWNlYm9vay5jb20veHB0by5vdHB4\nLjc3cS1VCHRpbWV6b25lcS5LAVUMdXBkYXRlZF90aW1lcS9VGDIwMTItMDYtMTBUMDM6MTA6MjEr\nMDAwMHEwVQJpZHExaA11VRVmYWNlYm9va19hY2Nlc3NfdG9rZW5xMlh3AAAAQUFBRkpHNXVldHFB\nQkFNcXVIalpCdkpxOER3UDJPQkpWWGtsS2pLS0tsTDhCQ1pCV0c4UEVkUlpDNFRTQVpBMmVkQ1lY\nT0Y5bk5scnd3MkJQanFSZlMxN0JIQ3RmMGJaQ1pBcVRScXQxMHR3U2FBOGlEa25tUTdxM1UFZW1h\naWxxNGgrdXVzLg==\n	2012-07-03 14:13:27.913309+00
56227451622f7bc576c21e873b721279	YzM5ZGVjYjRjNjZmODJmMzhmNTllMWFjNDMxNTdiZDkyM2QzYjlmMDqAAn1xAShVD19zZXNzaW9u\nX2V4cGlyeXECSwBVEl9hdXRoX3VzZXJfYmFja2VuZHEDVSlkamFuZ28uY29udHJpYi5hdXRoLmJh\nY2tlbmRzLk1vZGVsQmFja2VuZHEEVQ1fYXV0aF91c2VyX2lkcQVLAnUu\n	2012-07-17 11:43:11.938644+00
adcab4f919fbcc9e76e1ddb4bf776dc0	YzM5ZGVjYjRjNjZmODJmMzhmNTllMWFjNDMxNTdiZDkyM2QzYjlmMDqAAn1xAShVD19zZXNzaW9u\nX2V4cGlyeXECSwBVEl9hdXRoX3VzZXJfYmFja2VuZHEDVSlkamFuZ28uY29udHJpYi5hdXRoLmJh\nY2tlbmRzLk1vZGVsQmFja2VuZHEEVQ1fYXV0aF91c2VyX2lkcQVLAnUu\n	2012-08-03 08:48:08.078781+00
de3d7f2fb990b3135630e045245d4eb5	NGE0YzU1YTc2MjBkZGEzMmM4NjBkNGQyZDE4NjYwYzg2YmNhYzdjNTqAAn1xAVUUc29jaWFsYWNj\nb3VudF9zaWdudXBxAn1xAyhVB2FjY291bnRxBGNkamFuZ28uZGIubW9kZWxzLmJhc2UKbW9kZWxf\ndW5waWNrbGUKcQVjYWxsYXV0aC5mYWNlYm9vay5tb2RlbHMKRmFjZWJvb2tBY2NvdW50CnEGXWNk\namFuZ28uZGIubW9kZWxzLmJhc2UKc2ltcGxlX2NsYXNzX2ZhY3RvcnkKcQeHUnEIfXEJKFUHdXNl\ncl9pZHEKTlUEbmFtZXELVQBVCXNvY2lhbF9pZHEMVQ8xMDAwMDIzOTgxNTEyMTVxDVUGX3N0YXRl\ncQ5jZGphbmdvLmRiLm1vZGVscy5iYXNlCk1vZGVsU3RhdGUKcQ8pgXEQfXERKFUGYWRkaW5ncRKI\nVQJkYnETTnViVRRzb2NpYWxhY2NvdW50X3B0cl9pZHEUTlUKbGFzdF9sb2dpbnEVTlUEbGlua3EW\nVQBVAmlkcRdOVQtkYXRlX2pvaW5lZHEYTnViVQRkYXRhcRl9cRooVQh1c2VybmFtZXEbVQx4cHRv\nLm90cHguNzdxHFUKZmlyc3RfbmFtZXEdVQRYcHRvcR5VCWxhc3RfbmFtZXEfVQRPdHB4cSBVC2Zh\nY2Vib29rX21lcSF9cSIoaBtoHGgdaB5oH2ggVQh2ZXJpZmllZHEjiFUEbmFtZXEkVQlYcHRvIE90\ncHhxJVUGbG9jYWxlcSZVBWVuX1VTcSdVBmdlbmRlcnEoVQRtYWxlcSlVBWVtYWlscSpVEW9sZGFy\nc2VAZ21haWwuY29tcStVBGxpbmtxLFUkaHR0cDovL3d3dy5mYWNlYm9vay5jb20veHB0by5vdHB4\nLjc3cS1VCHRpbWV6b25lcS5LAVUMdXBkYXRlZF90aW1lcS9VGDIwMTItMDYtMTBUMDM6MTA6MjEr\nMDAwMHEwVQJpZHExaA11VRVmYWNlYm9va19hY2Nlc3NfdG9rZW5xMlh3AAAAQUFBRkpHNXVldHFB\nQkFNcXVIalpCdkpxOER3UDJPQkpWWGtsS2pLS0tsTDhCQ1pCV0c4UEVkUlpDNFRTQVpBMmVkQ1lY\nT0Y5bk5scnd3MkJQanFSZlMxN0JIQ3RmMGJaQ1pBcVRScXQxMHR3U2FBOGlEa25tUTdxM1UFZW1h\naWxxNGgrdXVzLg==\n	2012-07-03 14:14:32.336274+00
5de876fcdb13ae9172551c24546951b0	ODVjZDNlYzVjNjRlYmQ2M2IwMWY4ODk2MGRlN2YwNGY4NTIzNWFkNjqAAn1xAShVD19zZXNzaW9u\nX2V4cGlyeXECSwBVEl9hdXRoX3VzZXJfYmFja2VuZHEDVTZhcHBzLmNvbW1vbi51dGlscy5iYWNr\nZW5kcy5DYXNlSW5zZW5zaXRpdmVNb2RlbEJhY2tlbmRxBFUNX2F1dGhfdXNlcl9pZHEFSwV1Lg==\n	2012-07-17 11:24:41.297189+00
1db68ebaa6274fde98c8e9808d466db3	M2ZiZGQ0YzJlNWUyNTlmZjE1ODUxNTI5MDkxNjAyMTU0NTdlYTVhMTqAAn1xAShVD19zZXNzaW9u\nX2V4cGlyeXECSwBVEl9hdXRoX3VzZXJfYmFja2VuZHEDVSlkamFuZ28uY29udHJpYi5hdXRoLmJh\nY2tlbmRzLk1vZGVsQmFja2VuZHEEVQ1fYXV0aF91c2VyX2lkcQVLCHUu\n	2012-07-05 11:09:02.205533+00
0b7e746b57d61fbdde65143237713509	MWRhNjM1OTY1OTU4MTkwOGIzZGM3M2I4MmRkN2QyYWFjMGI1NmFkNjqAAn1xAShVD19zZXNzaW9u\nX2V4cGlyeXECSwBVEl9hdXRoX3VzZXJfYmFja2VuZHEDVSlkamFuZ28uY29udHJpYi5hdXRoLmJh\nY2tlbmRzLk1vZGVsQmFja2VuZHEEVQ1fYXV0aF91c2VyX2lkcQVLAXUu\n	2012-07-04 15:29:02.558046+00
8b76de1ea636a558bc16c0a014a9d45c	ZTM2NTMzZmY2ZWQ1N2EyYThmOWE1M2YzZDhjZjlmNWYxMWEzMTI3NjqAAn1xAShVD19zZXNzaW9u\nX2V4cGlyeXECSwBVEl9hdXRoX3VzZXJfYmFja2VuZHEDVSlkamFuZ28uY29udHJpYi5hdXRoLmJh\nY2tlbmRzLk1vZGVsQmFja2VuZHEEVQ1fYXV0aF91c2VyX2lkcQVLHXUu\n	2012-07-06 16:25:57.313234+00
7b811910dd38b6bd2c79589bd19981f8	MWRhNjM1OTY1OTU4MTkwOGIzZGM3M2I4MmRkN2QyYWFjMGI1NmFkNjqAAn1xAShVD19zZXNzaW9u\nX2V4cGlyeXECSwBVEl9hdXRoX3VzZXJfYmFja2VuZHEDVSlkamFuZ28uY29udHJpYi5hdXRoLmJh\nY2tlbmRzLk1vZGVsQmFja2VuZHEEVQ1fYXV0aF91c2VyX2lkcQVLAXUu\n	2012-07-04 16:23:11.230438+00
b32ef5b2385c1624c123d32222b48aae	M2ZiZGQ0YzJlNWUyNTlmZjE1ODUxNTI5MDkxNjAyMTU0NTdlYTVhMTqAAn1xAShVD19zZXNzaW9u\nX2V4cGlyeXECSwBVEl9hdXRoX3VzZXJfYmFja2VuZHEDVSlkamFuZ28uY29udHJpYi5hdXRoLmJh\nY2tlbmRzLk1vZGVsQmFja2VuZHEEVQ1fYXV0aF91c2VyX2lkcQVLCHUu\n	2012-07-04 16:25:02.04776+00
58a28e0ae616e68f69729d5cbfd294a9	MWRhNjM1OTY1OTU4MTkwOGIzZGM3M2I4MmRkN2QyYWFjMGI1NmFkNjqAAn1xAShVD19zZXNzaW9u\nX2V4cGlyeXECSwBVEl9hdXRoX3VzZXJfYmFja2VuZHEDVSlkamFuZ28uY29udHJpYi5hdXRoLmJh\nY2tlbmRzLk1vZGVsQmFja2VuZHEEVQ1fYXV0aF91c2VyX2lkcQVLAXUu\n	2012-07-10 08:51:23.728667+00
7e91a940ee63969589dda28342e56a99	MWRhNjM1OTY1OTU4MTkwOGIzZGM3M2I4MmRkN2QyYWFjMGI1NmFkNjqAAn1xAShVD19zZXNzaW9u\nX2V4cGlyeXECSwBVEl9hdXRoX3VzZXJfYmFja2VuZHEDVSlkamFuZ28uY29udHJpYi5hdXRoLmJh\nY2tlbmRzLk1vZGVsQmFja2VuZHEEVQ1fYXV0aF91c2VyX2lkcQVLAXUu\n	2012-07-04 12:40:48.010832+00
aca1c725e84a9be877ba26b7421133e4	ODVjZDNlYzVjNjRlYmQ2M2IwMWY4ODk2MGRlN2YwNGY4NTIzNWFkNjqAAn1xAShVD19zZXNzaW9u\nX2V4cGlyeXECSwBVEl9hdXRoX3VzZXJfYmFja2VuZHEDVTZhcHBzLmNvbW1vbi51dGlscy5iYWNr\nZW5kcy5DYXNlSW5zZW5zaXRpdmVNb2RlbEJhY2tlbmRxBFUNX2F1dGhfdXNlcl9pZHEFSwV1Lg==\n	2012-07-16 10:26:19.326313+00
9e694d023a12e3e2c7e5e4f478ee5d29	MWRhNjM1OTY1OTU4MTkwOGIzZGM3M2I4MmRkN2QyYWFjMGI1NmFkNjqAAn1xAShVD19zZXNzaW9u\nX2V4cGlyeXECSwBVEl9hdXRoX3VzZXJfYmFja2VuZHEDVSlkamFuZ28uY29udHJpYi5hdXRoLmJh\nY2tlbmRzLk1vZGVsQmFja2VuZHEEVQ1fYXV0aF91c2VyX2lkcQVLAXUu\n	2012-07-05 12:40:59.979554+00
22fcef0f6af2f5d305ed3275bcbd40c4	YzM5ZGVjYjRjNjZmODJmMzhmNTllMWFjNDMxNTdiZDkyM2QzYjlmMDqAAn1xAShVD19zZXNzaW9u\nX2V4cGlyeXECSwBVEl9hdXRoX3VzZXJfYmFja2VuZHEDVSlkamFuZ28uY29udHJpYi5hdXRoLmJh\nY2tlbmRzLk1vZGVsQmFja2VuZHEEVQ1fYXV0aF91c2VyX2lkcQVLAnUu\n	2012-07-05 09:07:57.277008+00
ac8358f79f15afc2eae6233440cb6bb8	ZWNhMjUyMzdiOWVhZTY0NjM2Y2Y1ODk3OWY5ZTFkMTk3MWU1MDgzZjqAAn1xAShVD2RqYW5nb190\naW1lem9uZXECY3B5dHoKX3AKcQMoVQ1FdXJvcGUvTG9uZG9ucQRLAEsAVQNHTVRxBXRScQZVDV9h\ndXRoX3VzZXJfaWRxB0sCVRJfYXV0aF91c2VyX2JhY2tlbmRxCFUpZGphbmdvLmNvbnRyaWIuYXV0\naC5iYWNrZW5kcy5Nb2RlbEJhY2tlbmRxCVUPX3Nlc3Npb25fZXhwaXJ5cQpLAHUu\n	2012-07-11 08:46:21.501319+00
e4aa09aa5d811a3c150c8c9b1e35d0b1	MWRhNjM1OTY1OTU4MTkwOGIzZGM3M2I4MmRkN2QyYWFjMGI1NmFkNjqAAn1xAShVD19zZXNzaW9u\nX2V4cGlyeXECSwBVEl9hdXRoX3VzZXJfYmFja2VuZHEDVSlkamFuZ28uY29udHJpYi5hdXRoLmJh\nY2tlbmRzLk1vZGVsQmFja2VuZHEEVQ1fYXV0aF91c2VyX2lkcQVLAXUu\n	2012-07-04 14:15:43.195399+00
e1133898d894476dd112f08b3e44c95a	MWRhNjM1OTY1OTU4MTkwOGIzZGM3M2I4MmRkN2QyYWFjMGI1NmFkNjqAAn1xAShVD19zZXNzaW9u\nX2V4cGlyeXECSwBVEl9hdXRoX3VzZXJfYmFja2VuZHEDVSlkamFuZ28uY29udHJpYi5hdXRoLmJh\nY2tlbmRzLk1vZGVsQmFja2VuZHEEVQ1fYXV0aF91c2VyX2lkcQVLAXUu\n	2012-07-11 08:55:15.18964+00
77978f4024da9cd233bb8d23a30c2b00	YzM5ZGVjYjRjNjZmODJmMzhmNTllMWFjNDMxNTdiZDkyM2QzYjlmMDqAAn1xAShVD19zZXNzaW9u\nX2V4cGlyeXECSwBVEl9hdXRoX3VzZXJfYmFja2VuZHEDVSlkamFuZ28uY29udHJpYi5hdXRoLmJh\nY2tlbmRzLk1vZGVsQmFja2VuZHEEVQ1fYXV0aF91c2VyX2lkcQVLAnUu\n	2012-07-06 17:22:04.763109+00
0742b66f2e9a3f0e0fa3355350347788	MWRhNjM1OTY1OTU4MTkwOGIzZGM3M2I4MmRkN2QyYWFjMGI1NmFkNjqAAn1xAShVD19zZXNzaW9u\nX2V4cGlyeXECSwBVEl9hdXRoX3VzZXJfYmFja2VuZHEDVSlkamFuZ28uY29udHJpYi5hdXRoLmJh\nY2tlbmRzLk1vZGVsQmFja2VuZHEEVQ1fYXV0aF91c2VyX2lkcQVLAXUu\n	2012-07-11 08:59:42.80474+00
87cbbc3246c6771c6e03d50bf828e7a2	MDBiZTcwZTlhMzM2MmFhM2Y2Yzk0YTJjZDY2M2FkYmVmYzViZmM3MjqAAn1xAShVD2RqYW5nb190\naW1lem9uZXECY3B5dHoKX3AKcQMoVQ1FdXJvcGUvTG9uZG9ucQRLAEsAVQNHTVRxBXRScQZVDV9h\ndXRoX3VzZXJfaWRxB0sBVRJfYXV0aF91c2VyX2JhY2tlbmRxCFUpZGphbmdvLmNvbnRyaWIuYXV0\naC5iYWNrZW5kcy5Nb2RlbEJhY2tlbmRxCVUPX3Nlc3Npb25fZXhwaXJ5cQpLAHUu\n	2012-07-05 15:16:06.73999+00
f5ca0bebe62ed2822a007de9109b582b	MWRhNjM1OTY1OTU4MTkwOGIzZGM3M2I4MmRkN2QyYWFjMGI1NmFkNjqAAn1xAShVD19zZXNzaW9u\nX2V4cGlyeXECSwBVEl9hdXRoX3VzZXJfYmFja2VuZHEDVSlkamFuZ28uY29udHJpYi5hdXRoLmJh\nY2tlbmRzLk1vZGVsQmFja2VuZHEEVQ1fYXV0aF91c2VyX2lkcQVLAXUu\n	2012-07-06 17:26:43.793718+00
a955a7f89ff78352d98d5d78f9a84e5d	YzM5ZGVjYjRjNjZmODJmMzhmNTllMWFjNDMxNTdiZDkyM2QzYjlmMDqAAn1xAShVD19zZXNzaW9u\nX2V4cGlyeXECSwBVEl9hdXRoX3VzZXJfYmFja2VuZHEDVSlkamFuZ28uY29udHJpYi5hdXRoLmJh\nY2tlbmRzLk1vZGVsQmFja2VuZHEEVQ1fYXV0aF91c2VyX2lkcQVLAnUu\n	2012-07-05 16:12:03.603365+00
ebc0acdca5629f0234c649d7592ff306	YzM5ZGVjYjRjNjZmODJmMzhmNTllMWFjNDMxNTdiZDkyM2QzYjlmMDqAAn1xAShVD19zZXNzaW9u\nX2V4cGlyeXECSwBVEl9hdXRoX3VzZXJfYmFja2VuZHEDVSlkamFuZ28uY29udHJpYi5hdXRoLmJh\nY2tlbmRzLk1vZGVsQmFja2VuZHEEVQ1fYXV0aF91c2VyX2lkcQVLAnUu\n	2012-07-11 16:12:35.782078+00
5c453a4bc5aefb22969053ce2b08b73d	YzM5ZGVjYjRjNjZmODJmMzhmNTllMWFjNDMxNTdiZDkyM2QzYjlmMDqAAn1xAShVD19zZXNzaW9u\nX2V4cGlyeXECSwBVEl9hdXRoX3VzZXJfYmFja2VuZHEDVSlkamFuZ28uY29udHJpYi5hdXRoLmJh\nY2tlbmRzLk1vZGVsQmFja2VuZHEEVQ1fYXV0aF91c2VyX2lkcQVLAnUu\n	2012-07-06 11:01:38.906837+00
e3a891dab2e33787623b5f16921c55f6	ZjVlODYzMmM4Mjc3MzU3MzU3M2Y2NWRiMWM5OGM4YmQ0MWIxZGFjMzqAAn1xAS4=\n	2012-07-05 11:06:36.208484+00
54713ecc81223749911be6359ebec1db	ZjVlODYzMmM4Mjc3MzU3MzU3M2Y2NWRiMWM5OGM4YmQ0MWIxZGFjMzqAAn1xAS4=\n	2012-07-31 11:57:28.428537+00
1d214a0a2afd42011f6a009d5ce46724	ZjVlODYzMmM4Mjc3MzU3MzU3M2Y2NWRiMWM5OGM4YmQ0MWIxZGFjMzqAAn1xAS4=\n	2013-06-17 19:08:54.725138+00
711cc45c03d97bd48667f06152f4a35d	MWRhNjM1OTY1OTU4MTkwOGIzZGM3M2I4MmRkN2QyYWFjMGI1NmFkNjqAAn1xAShVD19zZXNzaW9u\nX2V4cGlyeXECSwBVEl9hdXRoX3VzZXJfYmFja2VuZHEDVSlkamFuZ28uY29udHJpYi5hdXRoLmJh\nY2tlbmRzLk1vZGVsQmFja2VuZHEEVQ1fYXV0aF91c2VyX2lkcQVLAXUu\n	2012-07-18 13:43:11.237351+00
7e9fa170575baf7f84d664737d667964	YzM5ZGVjYjRjNjZmODJmMzhmNTllMWFjNDMxNTdiZDkyM2QzYjlmMDqAAn1xAShVD19zZXNzaW9u\nX2V4cGlyeXECSwBVEl9hdXRoX3VzZXJfYmFja2VuZHEDVSlkamFuZ28uY29udHJpYi5hdXRoLmJh\nY2tlbmRzLk1vZGVsQmFja2VuZHEEVQ1fYXV0aF91c2VyX2lkcQVLAnUu\n	2012-08-06 12:32:14.197808+00
2d2075dfb990069844e5a18ed440db05	NzMyZGUwZThhZWViNmU2YTdhMzJjZjRlODc4NDRlMjJjOWI5NjUxNDqAAn1xAShVD19zZXNzaW9u\nX2V4cGlyeXECSwBVEl9hdXRoX3VzZXJfYmFja2VuZHEDVSlkamFuZ28uY29udHJpYi5hdXRoLmJh\nY2tlbmRzLk1vZGVsQmFja2VuZHEEVQ1fYXV0aF91c2VyX2lkcQVLKHUu\n	2012-07-18 15:43:30.054604+00
fbc5dd09ef7b7893ad58ac1e4c1075ed	MWRhNjM1OTY1OTU4MTkwOGIzZGM3M2I4MmRkN2QyYWFjMGI1NmFkNjqAAn1xAShVD19zZXNzaW9u\nX2V4cGlyeXECSwBVEl9hdXRoX3VzZXJfYmFja2VuZHEDVSlkamFuZ28uY29udHJpYi5hdXRoLmJh\nY2tlbmRzLk1vZGVsQmFja2VuZHEEVQ1fYXV0aF91c2VyX2lkcQVLAXUu\n	2012-08-09 12:10:30.31546+00
c6ed6d5250399bb2384acf7326d61e61	ODVjZDNlYzVjNjRlYmQ2M2IwMWY4ODk2MGRlN2YwNGY4NTIzNWFkNjqAAn1xAShVD19zZXNzaW9u\nX2V4cGlyeXECSwBVEl9hdXRoX3VzZXJfYmFja2VuZHEDVTZhcHBzLmNvbW1vbi51dGlscy5iYWNr\nZW5kcy5DYXNlSW5zZW5zaXRpdmVNb2RlbEJhY2tlbmRxBFUNX2F1dGhfdXNlcl9pZHEFSwV1Lg==\n	2012-07-13 09:44:43.588537+00
5e5415cad827d5fe8874f74ba4646573	MjY1MGE0ZjFkODk0ZGY4YTA3ZjZiMzVhMjgwYTEwZTE5OWIxMjJjZDqAAn1xAShVD19zZXNzaW9u\nX2V4cGlyeXECSwBVEl9hdXRoX3VzZXJfYmFja2VuZHEDVTZhcHBzLmNvbW1vbi51dGlscy5iYWNr\nZW5kcy5DYXNlSW5zZW5zaXRpdmVNb2RlbEJhY2tlbmRxBFUNX2F1dGhfdXNlcl9pZHEFSwF1Lg==\n	2012-07-13 09:49:03.465945+00
612fb06beb2936ba7d9fed093b3bd4cc	ZjVlODYzMmM4Mjc3MzU3MzU3M2Y2NWRiMWM5OGM4YmQ0MWIxZGFjMzqAAn1xAS4=\n	2012-07-24 10:21:11.399773+00
8897bebbc2143df4cb514d3668c229b0	Y2RjZTE0NmM4MDliZjI3MzAyOWZhN2NhM2Q4NTEyYmYzOTFiOTg1MDqAAn1xAShVD19zZXNzaW9u\nX2V4cGlyeXECSwBVEl9hdXRoX3VzZXJfYmFja2VuZHEDVSlkamFuZ28uY29udHJpYi5hdXRoLmJh\nY2tlbmRzLk1vZGVsQmFja2VuZHEEVQ1fYXV0aF91c2VyX2lkcQVLBXUu\n	2012-07-26 17:12:28.725612+00
a421db264159a8e72a82d902c23e1d55	NjYzYWM2YmM0Yjk2OTkxZDUxZjU1ZDdkYmIwZTVlMmZkNDkzMzllNDqAAn1xAShVEl9hdXRoX3Vz\nZXJfYmFja2VuZHECVSlkamFuZ28uY29udHJpYi5hdXRoLmJhY2tlbmRzLk1vZGVsQmFja2VuZHED\nVQ1fYXV0aF91c2VyX2lkcQRLAXUu\n	2012-07-16 15:22:17.136081+00
ca26d612031f0f250f82ad9372ebb7d2	YzM5ZGVjYjRjNjZmODJmMzhmNTllMWFjNDMxNTdiZDkyM2QzYjlmMDqAAn1xAShVD19zZXNzaW9u\nX2V4cGlyeXECSwBVEl9hdXRoX3VzZXJfYmFja2VuZHEDVSlkamFuZ28uY29udHJpYi5hdXRoLmJh\nY2tlbmRzLk1vZGVsQmFja2VuZHEEVQ1fYXV0aF91c2VyX2lkcQVLAnUu\n	2012-07-27 15:01:09.999609+00
940f95d788c18db7af15ea0061e29ad4	MWRhNjM1OTY1OTU4MTkwOGIzZGM3M2I4MmRkN2QyYWFjMGI1NmFkNjqAAn1xAShVD19zZXNzaW9u\nX2V4cGlyeXECSwBVEl9hdXRoX3VzZXJfYmFja2VuZHEDVSlkamFuZ28uY29udHJpYi5hdXRoLmJh\nY2tlbmRzLk1vZGVsQmFja2VuZHEEVQ1fYXV0aF91c2VyX2lkcQVLAXUu\n	2012-07-12 16:13:07.045099+00
265bc0ef3f6bf9d670e5ad57ecd5b942	ODVjZDNlYzVjNjRlYmQ2M2IwMWY4ODk2MGRlN2YwNGY4NTIzNWFkNjqAAn1xAShVD19zZXNzaW9u\nX2V4cGlyeXECSwBVEl9hdXRoX3VzZXJfYmFja2VuZHEDVTZhcHBzLmNvbW1vbi51dGlscy5iYWNr\nZW5kcy5DYXNlSW5zZW5zaXRpdmVNb2RlbEJhY2tlbmRxBFUNX2F1dGhfdXNlcl9pZHEFSwV1Lg==\n	2012-07-24 16:12:46.64115+00
09146e8c35b99d61510de809c36ee409	MjY1MGE0ZjFkODk0ZGY4YTA3ZjZiMzVhMjgwYTEwZTE5OWIxMjJjZDqAAn1xAShVD19zZXNzaW9u\nX2V4cGlyeXECSwBVEl9hdXRoX3VzZXJfYmFja2VuZHEDVTZhcHBzLmNvbW1vbi51dGlscy5iYWNr\nZW5kcy5DYXNlSW5zZW5zaXRpdmVNb2RlbEJhY2tlbmRxBFUNX2F1dGhfdXNlcl9pZHEFSwF1Lg==\n	2012-07-24 17:23:10.93176+00
ce4321327802915e8aded738762a740e	ZjVlODYzMmM4Mjc3MzU3MzU3M2Y2NWRiMWM5OGM4YmQ0MWIxZGFjMzqAAn1xAS4=\n	2012-07-12 18:09:32.234102+00
26d5ce1dfc951ecaeb428e4cc7848a6d	OWM1ZDFjOThjNWQ2ZWVkN2MxYWFjMzIxNjc4ZmY0ZDAyM2FkODQ4ZTqAAn1xAShVD2RqYW5nb190\naW1lem9uZXECY3B5dHoKX3AKcQMoVQ1FdXJvcGUvTG9uZG9ucQRLAEsAVQNHTVRxBXRScQZVDV9h\ndXRoX3VzZXJfaWRxB0sCVRJfYXV0aF91c2VyX2JhY2tlbmRxCFU2YXBwcy5jb21tb24udXRpbHMu\nYmFja2VuZHMuQ2FzZUluc2Vuc2l0aXZlTW9kZWxCYWNrZW5kcQlVD19zZXNzaW9uX2V4cGlyeXEK\nSwB1Lg==\n	2012-08-02 18:03:37.54856+00
fdd586c273f620deba977527d7e8b313	ODVjZDNlYzVjNjRlYmQ2M2IwMWY4ODk2MGRlN2YwNGY4NTIzNWFkNjqAAn1xAShVD19zZXNzaW9u\nX2V4cGlyeXECSwBVEl9hdXRoX3VzZXJfYmFja2VuZHEDVTZhcHBzLmNvbW1vbi51dGlscy5iYWNr\nZW5kcy5DYXNlSW5zZW5zaXRpdmVNb2RlbEJhY2tlbmRxBFUNX2F1dGhfdXNlcl9pZHEFSwV1Lg==\n	2012-07-24 17:48:18.927865+00
e6c0643b3728e24414ec5d547e1146a1	YmJhYWUwODBjODljZDU5YzY2NWVjOTRmNzZiODY4MDU1YmU1OTk4MTqAAn1xAShVD19zZXNzaW9u\nX2V4cGlyeXECSwBVEl9hdXRoX3VzZXJfYmFja2VuZHEDVSlkamFuZ28uY29udHJpYi5hdXRoLmJh\nY2tlbmRzLk1vZGVsQmFja2VuZHEEVQ1fYXV0aF91c2VyX2lkcQVLFHUu\n	2012-08-02 18:33:51.652354+00
622c68b91b1b064b8755de6596d57cfb	Mzk1NTJlOGVjNDdkNDdmYzAzYzJiNzdhYTMyZjA4Yzk3YjYxMjNhZDqAAn1xAShVD19zZXNzaW9u\nX2V4cGlyeXECSwBVEl9hdXRoX3VzZXJfYmFja2VuZHEDVSlkamFuZ28uY29udHJpYi5hdXRoLmJh\nY2tlbmRzLk1vZGVsQmFja2VuZHEEVQ1fYXV0aF91c2VyX2lkcQVLJHUu\n	2012-08-02 18:35:23.85303+00
363bbd5f87297f0232be1a3548a96834	MjY1MGE0ZjFkODk0ZGY4YTA3ZjZiMzVhMjgwYTEwZTE5OWIxMjJjZDqAAn1xAShVD19zZXNzaW9u\nX2V4cGlyeXECSwBVEl9hdXRoX3VzZXJfYmFja2VuZHEDVTZhcHBzLmNvbW1vbi51dGlscy5iYWNr\nZW5kcy5DYXNlSW5zZW5zaXRpdmVNb2RlbEJhY2tlbmRxBFUNX2F1dGhfdXNlcl9pZHEFSwF1Lg==\n	2012-07-17 09:55:55.461447+00
d7e77f65f09e6ae51a36e3989cb35d90	ODYxMWU1MmNiZjJjYjEyNDBiOTBjZmFlNmRmMDM3MDU0ZDI1MjRjMzqAAn1xAShVD19zZXNzaW9u\nX2V4cGlyeXECSwBVEl9hdXRoX3VzZXJfYmFja2VuZHEDVTZhcHBzLmNvbW1vbi51dGlscy5iYWNr\nZW5kcy5DYXNlSW5zZW5zaXRpdmVNb2RlbEJhY2tlbmRxBFUNX2F1dGhfdXNlcl9pZHEFSwJ1Lg==\n	2012-07-17 10:02:17.458292+00
043173cf5083d660b4f8f5e41390e753	ODYxMWU1MmNiZjJjYjEyNDBiOTBjZmFlNmRmMDM3MDU0ZDI1MjRjMzqAAn1xAShVD19zZXNzaW9u\nX2V4cGlyeXECSwBVEl9hdXRoX3VzZXJfYmFja2VuZHEDVTZhcHBzLmNvbW1vbi51dGlscy5iYWNr\nZW5kcy5DYXNlSW5zZW5zaXRpdmVNb2RlbEJhY2tlbmRxBFUNX2F1dGhfdXNlcl9pZHEFSwJ1Lg==\n	2012-07-13 15:01:41.448907+00
ea7bd3b9f67fc793c94ad1a48d743944	Y2RjZTE0NmM4MDliZjI3MzAyOWZhN2NhM2Q4NTEyYmYzOTFiOTg1MDqAAn1xAShVD19zZXNzaW9u\nX2V4cGlyeXECSwBVEl9hdXRoX3VzZXJfYmFja2VuZHEDVSlkamFuZ28uY29udHJpYi5hdXRoLmJh\nY2tlbmRzLk1vZGVsQmFja2VuZHEEVQ1fYXV0aF91c2VyX2lkcQVLBXUu\n	2012-07-13 15:08:53.08618+00
f5f98f8c056c743663603007a0364806	Mzk1NTJlOGVjNDdkNDdmYzAzYzJiNzdhYTMyZjA4Yzk3YjYxMjNhZDqAAn1xAShVD19zZXNzaW9u\nX2V4cGlyeXECSwBVEl9hdXRoX3VzZXJfYmFja2VuZHEDVSlkamFuZ28uY29udHJpYi5hdXRoLmJh\nY2tlbmRzLk1vZGVsQmFja2VuZHEEVQ1fYXV0aF91c2VyX2lkcQVLJHUu\n	2012-07-13 15:11:01.54528+00
08fce42eec718c5dd5742992ad7ec472	ODVjZDNlYzVjNjRlYmQ2M2IwMWY4ODk2MGRlN2YwNGY4NTIzNWFkNjqAAn1xAShVD19zZXNzaW9u\nX2V4cGlyeXECSwBVEl9hdXRoX3VzZXJfYmFja2VuZHEDVTZhcHBzLmNvbW1vbi51dGlscy5iYWNr\nZW5kcy5DYXNlSW5zZW5zaXRpdmVNb2RlbEJhY2tlbmRxBFUNX2F1dGhfdXNlcl9pZHEFSwV1Lg==\n	2012-07-25 16:11:48.314219+00
e9cc3f2ebefa362d69cd3e66fe689dd6	MTBiMzFkY2U0MGNmZTU5NzE1MjMyZWU3ZjUwYjkxMWQyZDFiMWU2MDqAAn1xAShVD19zZXNzaW9u\nX2V4cGlyeXECSwBVEl9hdXRoX3VzZXJfYmFja2VuZHEDVSlkamFuZ28uY29udHJpYi5hdXRoLmJh\nY2tlbmRzLk1vZGVsQmFja2VuZHEEVQ1fYXV0aF91c2VyX2lkcQVLJ3Uu\n	2012-07-17 11:00:34.23543+00
ef228cfc9b68f0c2bd047e286d579d61	MWY3MGYxZmQ5NmJiMDIyMzdhMzExNTg0Mzc5MDQzZDc4N2M4MTgwYTqAAn1xAShVD19zZXNzaW9u\nX2V4cGlyeXECSwBVD2RqYW5nb190aW1lem9uZXEDY3B5dHoKX1VUQwpxBClScQVVEl9hdXRoX3Vz\nZXJfYmFja2VuZHEGVSlkamFuZ28uY29udHJpYi5hdXRoLmJhY2tlbmRzLk1vZGVsQmFja2VuZHEH\nVQ1fYXV0aF91c2VyX2lkcQhLJHUu\n	2012-08-08 17:37:28.69223+00
ef45fdb8b5a805da7d182a409a87de29	YzM5ZGVjYjRjNjZmODJmMzhmNTllMWFjNDMxNTdiZDkyM2QzYjlmMDqAAn1xAShVD19zZXNzaW9u\nX2V4cGlyeXECSwBVEl9hdXRoX3VzZXJfYmFja2VuZHEDVSlkamFuZ28uY29udHJpYi5hdXRoLmJh\nY2tlbmRzLk1vZGVsQmFja2VuZHEEVQ1fYXV0aF91c2VyX2lkcQVLAnUu\n	2012-08-15 17:41:11.095615+00
c45c288cd2d18b5022ef5e95edd80b77	MjY1MGE0ZjFkODk0ZGY4YTA3ZjZiMzVhMjgwYTEwZTE5OWIxMjJjZDqAAn1xAShVD19zZXNzaW9u\nX2V4cGlyeXECSwBVEl9hdXRoX3VzZXJfYmFja2VuZHEDVTZhcHBzLmNvbW1vbi51dGlscy5iYWNr\nZW5kcy5DYXNlSW5zZW5zaXRpdmVNb2RlbEJhY2tlbmRxBFUNX2F1dGhfdXNlcl9pZHEFSwF1Lg==\n	2012-08-17 11:15:54.060132+00
1835682bd9576b30b9f902a2b06f539f	MDNiMGI1YzUxZDVhZDg2MGFlZWFhZTY1Yzc0YTJjOTAwMWMxZGU0YTqAAn1xAVUUc29jaWFsYWNj\nb3VudF9zaWdudXBxAn1xAyhVB2FjY291bnRxBGNkamFuZ28uZGIubW9kZWxzLmJhc2UKbW9kZWxf\ndW5waWNrbGUKcQVjYWxsYXV0aC5mYWNlYm9vay5tb2RlbHMKRmFjZWJvb2tBY2NvdW50CnEGXWNk\namFuZ28uZGIubW9kZWxzLmJhc2UKc2ltcGxlX2NsYXNzX2ZhY3RvcnkKcQeHUnEIfXEJKFUHdXNl\ncl9pZHEKTlUEbmFtZXELVQBVCXNvY2lhbF9pZHEMVQ8xMDAwMDIzOTgxNTEyMTVxDVUGX3N0YXRl\ncQ5jZGphbmdvLmRiLm1vZGVscy5iYXNlCk1vZGVsU3RhdGUKcQ8pgXEQfXERKFUGYWRkaW5ncRKI\nVQJkYnETTnViVRRzb2NpYWxhY2NvdW50X3B0cl9pZHEUTlUKbGFzdF9sb2dpbnEVTlUEbGlua3EW\nVQBVAmlkcRdOVQtkYXRlX2pvaW5lZHEYTnViVQRkYXRhcRl9cRooVQh1c2VybmFtZXEbVQx4cHRv\nLm90cHguNzdxHFUKZmlyc3RfbmFtZXEdVQRYcHRvcR5VCWxhc3RfbmFtZXEfVQRPdHB4cSBVC2Zh\nY2Vib29rX21lcSF9cSIoaBtoHGgdaB5oH2ggVQh2ZXJpZmllZHEjiFUEbmFtZXEkVQlYcHRvIE90\ncHhxJVUGbG9jYWxlcSZVBWVuX1VTcSdVBmdlbmRlcnEoVQRtYWxlcSlVBWVtYWlscSpVEW9sZGFy\nc2VAZ21haWwuY29tcStVBGxpbmtxLFUkaHR0cDovL3d3dy5mYWNlYm9vay5jb20veHB0by5vdHB4\nLjc3cS1VCHRpbWV6b25lcS5LAVUMdXBkYXRlZF90aW1lcS9VGDIwMTItMDYtMTBUMDM6MTA6MjEr\nMDAwMHEwVQJpZHExaA11VRVmYWNlYm9va19hY2Nlc3NfdG9rZW5xMlh3AAAAQUFBRkpHNXVldHFB\nQkFMQng3TjBUSEZiOE1yZjlZeTBFY2psQlBoT1lUOExDWkExenpKeEZPaFVzbVpBWkNyTzJySXJJ\nR1hyRVVNTml1OXVXUmVjQ1NzZUdYQnk3UWlNeG1Gd0lzdkY4d1pCWkI1SlpDY3hFTUhxM1UFZW1h\naWxxNGgrdXVzLg==\n	2012-07-24 11:38:51.612658+00
1fc48434b4f632ccf468c8c31bed1a53	MDNiMGI1YzUxZDVhZDg2MGFlZWFhZTY1Yzc0YTJjOTAwMWMxZGU0YTqAAn1xAVUUc29jaWFsYWNj\nb3VudF9zaWdudXBxAn1xAyhVB2FjY291bnRxBGNkamFuZ28uZGIubW9kZWxzLmJhc2UKbW9kZWxf\ndW5waWNrbGUKcQVjYWxsYXV0aC5mYWNlYm9vay5tb2RlbHMKRmFjZWJvb2tBY2NvdW50CnEGXWNk\namFuZ28uZGIubW9kZWxzLmJhc2UKc2ltcGxlX2NsYXNzX2ZhY3RvcnkKcQeHUnEIfXEJKFUHdXNl\ncl9pZHEKTlUEbmFtZXELVQBVCXNvY2lhbF9pZHEMVQ8xMDAwMDIzOTgxNTEyMTVxDVUGX3N0YXRl\ncQ5jZGphbmdvLmRiLm1vZGVscy5iYXNlCk1vZGVsU3RhdGUKcQ8pgXEQfXERKFUGYWRkaW5ncRKI\nVQJkYnETTnViVRRzb2NpYWxhY2NvdW50X3B0cl9pZHEUTlUKbGFzdF9sb2dpbnEVTlUEbGlua3EW\nVQBVAmlkcRdOVQtkYXRlX2pvaW5lZHEYTnViVQRkYXRhcRl9cRooVQh1c2VybmFtZXEbVQx4cHRv\nLm90cHguNzdxHFUKZmlyc3RfbmFtZXEdVQRYcHRvcR5VCWxhc3RfbmFtZXEfVQRPdHB4cSBVC2Zh\nY2Vib29rX21lcSF9cSIoaBtoHGgdaB5oH2ggVQh2ZXJpZmllZHEjiFUEbmFtZXEkVQlYcHRvIE90\ncHhxJVUGbG9jYWxlcSZVBWVuX1VTcSdVBmdlbmRlcnEoVQRtYWxlcSlVBWVtYWlscSpVEW9sZGFy\nc2VAZ21haWwuY29tcStVBGxpbmtxLFUkaHR0cDovL3d3dy5mYWNlYm9vay5jb20veHB0by5vdHB4\nLjc3cS1VCHRpbWV6b25lcS5LAVUMdXBkYXRlZF90aW1lcS9VGDIwMTItMDYtMTBUMDM6MTA6MjEr\nMDAwMHEwVQJpZHExaA11VRVmYWNlYm9va19hY2Nlc3NfdG9rZW5xMlh3AAAAQUFBRkpHNXVldHFB\nQkFMQng3TjBUSEZiOE1yZjlZeTBFY2psQlBoT1lUOExDWkExenpKeEZPaFVzbVpBWkNyTzJySXJJ\nR1hyRVVNTml1OXVXUmVjQ1NzZUdYQnk3UWlNeG1Gd0lzdkY4d1pCWkI1SlpDY3hFTUhxM1UFZW1h\naWxxNGgrdXVzLg==\n	2012-07-24 11:42:53.407595+00
7576ac74466e4420371d74e6d163a0f2	MDNiMGI1YzUxZDVhZDg2MGFlZWFhZTY1Yzc0YTJjOTAwMWMxZGU0YTqAAn1xAVUUc29jaWFsYWNj\nb3VudF9zaWdudXBxAn1xAyhVB2FjY291bnRxBGNkamFuZ28uZGIubW9kZWxzLmJhc2UKbW9kZWxf\ndW5waWNrbGUKcQVjYWxsYXV0aC5mYWNlYm9vay5tb2RlbHMKRmFjZWJvb2tBY2NvdW50CnEGXWNk\namFuZ28uZGIubW9kZWxzLmJhc2UKc2ltcGxlX2NsYXNzX2ZhY3RvcnkKcQeHUnEIfXEJKFUHdXNl\ncl9pZHEKTlUEbmFtZXELVQBVCXNvY2lhbF9pZHEMVQ8xMDAwMDIzOTgxNTEyMTVxDVUGX3N0YXRl\ncQ5jZGphbmdvLmRiLm1vZGVscy5iYXNlCk1vZGVsU3RhdGUKcQ8pgXEQfXERKFUGYWRkaW5ncRKI\nVQJkYnETTnViVRRzb2NpYWxhY2NvdW50X3B0cl9pZHEUTlUKbGFzdF9sb2dpbnEVTlUEbGlua3EW\nVQBVAmlkcRdOVQtkYXRlX2pvaW5lZHEYTnViVQRkYXRhcRl9cRooVQh1c2VybmFtZXEbVQx4cHRv\nLm90cHguNzdxHFUKZmlyc3RfbmFtZXEdVQRYcHRvcR5VCWxhc3RfbmFtZXEfVQRPdHB4cSBVC2Zh\nY2Vib29rX21lcSF9cSIoaBtoHGgdaB5oH2ggVQh2ZXJpZmllZHEjiFUEbmFtZXEkVQlYcHRvIE90\ncHhxJVUGbG9jYWxlcSZVBWVuX1VTcSdVBmdlbmRlcnEoVQRtYWxlcSlVBWVtYWlscSpVEW9sZGFy\nc2VAZ21haWwuY29tcStVBGxpbmtxLFUkaHR0cDovL3d3dy5mYWNlYm9vay5jb20veHB0by5vdHB4\nLjc3cS1VCHRpbWV6b25lcS5LAVUMdXBkYXRlZF90aW1lcS9VGDIwMTItMDYtMTBUMDM6MTA6MjEr\nMDAwMHEwVQJpZHExaA11VRVmYWNlYm9va19hY2Nlc3NfdG9rZW5xMlh3AAAAQUFBRkpHNXVldHFB\nQkFMQng3TjBUSEZiOE1yZjlZeTBFY2psQlBoT1lUOExDWkExenpKeEZPaFVzbVpBWkNyTzJySXJJ\nR1hyRVVNTml1OXVXUmVjQ1NzZUdYQnk3UWlNeG1Gd0lzdkY4d1pCWkI1SlpDY3hFTUhxM1UFZW1h\naWxxNGgrdXVzLg==\n	2012-07-24 11:43:41.182763+00
35bfd134f2780cc9bc82b6999b3f9acc	MWRhNjM1OTY1OTU4MTkwOGIzZGM3M2I4MmRkN2QyYWFjMGI1NmFkNjqAAn1xAShVD19zZXNzaW9u\nX2V4cGlyeXECSwBVEl9hdXRoX3VzZXJfYmFja2VuZHEDVSlkamFuZ28uY29udHJpYi5hdXRoLmJh\nY2tlbmRzLk1vZGVsQmFja2VuZHEEVQ1fYXV0aF91c2VyX2lkcQVLAXUu\n	2012-07-31 13:05:58.014138+00
91331a24da4978880b8cf1baea60cfe9	YzM5ZGVjYjRjNjZmODJmMzhmNTllMWFjNDMxNTdiZDkyM2QzYjlmMDqAAn1xAShVD19zZXNzaW9u\nX2V4cGlyeXECSwBVEl9hdXRoX3VzZXJfYmFja2VuZHEDVSlkamFuZ28uY29udHJpYi5hdXRoLmJh\nY2tlbmRzLk1vZGVsQmFja2VuZHEEVQ1fYXV0aF91c2VyX2lkcQVLAnUu\n	2012-07-27 13:56:31.956182+00
b69e1b62b095a462dc3040a048afe44e	NjZkZTg1MjRmZGNiOWE2ZTU3NDlmYjhiZmM3ZTgzZDNjOGEwN2I1NjqAAn1xAVUUc29jaWFsYWNj\nb3VudF9zaWdudXBxAn1xAyhVB2FjY291bnRxBGNkamFuZ28uZGIubW9kZWxzLmJhc2UKbW9kZWxf\ndW5waWNrbGUKcQVjYWxsYXV0aC5mYWNlYm9vay5tb2RlbHMKRmFjZWJvb2tBY2NvdW50CnEGXWNk\namFuZ28uZGIubW9kZWxzLmJhc2UKc2ltcGxlX2NsYXNzX2ZhY3RvcnkKcQeHUnEIfXEJKFUHdXNl\ncl9pZHEKTlUEbmFtZXELVQBVCXNvY2lhbF9pZHEMVQ8xMDAwMDIzOTgxNTEyMTVxDVUGX3N0YXRl\ncQ5jZGphbmdvLmRiLm1vZGVscy5iYXNlCk1vZGVsU3RhdGUKcQ8pgXEQfXERKFUGYWRkaW5ncRKI\nVQJkYnETTnViVRRzb2NpYWxhY2NvdW50X3B0cl9pZHEUTlUKbGFzdF9sb2dpbnEVTlUEbGlua3EW\nVQBVAmlkcRdOVQtkYXRlX2pvaW5lZHEYTnViVQRkYXRhcRl9cRooVQh1c2VybmFtZXEbVQx4cHRv\nLm90cHguNzdxHFUKZmlyc3RfbmFtZXEdVQRYcHRvcR5VCWxhc3RfbmFtZXEfVQRPdHB4cSBVC2Zh\nY2Vib29rX21lcSF9cSIoaBtoHGgdaB5oH2ggVQh2ZXJpZmllZHEjiFUEbmFtZXEkVQlYcHRvIE90\ncHhxJVUGbG9jYWxlcSZVBWVuX1VTcSdVBmdlbmRlcnEoVQRtYWxlcSlVBWVtYWlscSpVEW9sZGFy\nc2VAZ21haWwuY29tcStVBGxpbmtxLFUkaHR0cDovL3d3dy5mYWNlYm9vay5jb20veHB0by5vdHB4\nLjc3cS1VCHRpbWV6b25lcS5LAVUMdXBkYXRlZF90aW1lcS9VGDIwMTItMDYtMTBUMDM6MTA6MjEr\nMDAwMHEwVQJpZHExaA11VRVmYWNlYm9va19hY2Nlc3NfdG9rZW5xMlh3AAAAQUFBRkpHNXVldHFB\nQkFMa0ZSSXltQ1ZQUXBLTDdvNmFzSVYwWUtMZ3VqY2I1a1JEa1RTVjRqY2paQjdaQlg5Z3Q4RDM2\nQVpBdUtTTEQwTUkyelpDTHVvczBaQ284ZU5VMlBaQlZ6N1hRZjA3V3pYWU0wbVN2akZxM1UFZW1h\naWxxNGgrdXVzLg==\n	2012-07-24 12:52:47.254113+00
133f54d4923a9b3b6d82ed23d05537fc	NjZkZTg1MjRmZGNiOWE2ZTU3NDlmYjhiZmM3ZTgzZDNjOGEwN2I1NjqAAn1xAVUUc29jaWFsYWNj\nb3VudF9zaWdudXBxAn1xAyhVB2FjY291bnRxBGNkamFuZ28uZGIubW9kZWxzLmJhc2UKbW9kZWxf\ndW5waWNrbGUKcQVjYWxsYXV0aC5mYWNlYm9vay5tb2RlbHMKRmFjZWJvb2tBY2NvdW50CnEGXWNk\namFuZ28uZGIubW9kZWxzLmJhc2UKc2ltcGxlX2NsYXNzX2ZhY3RvcnkKcQeHUnEIfXEJKFUHdXNl\ncl9pZHEKTlUEbmFtZXELVQBVCXNvY2lhbF9pZHEMVQ8xMDAwMDIzOTgxNTEyMTVxDVUGX3N0YXRl\ncQ5jZGphbmdvLmRiLm1vZGVscy5iYXNlCk1vZGVsU3RhdGUKcQ8pgXEQfXERKFUGYWRkaW5ncRKI\nVQJkYnETTnViVRRzb2NpYWxhY2NvdW50X3B0cl9pZHEUTlUKbGFzdF9sb2dpbnEVTlUEbGlua3EW\nVQBVAmlkcRdOVQtkYXRlX2pvaW5lZHEYTnViVQRkYXRhcRl9cRooVQh1c2VybmFtZXEbVQx4cHRv\nLm90cHguNzdxHFUKZmlyc3RfbmFtZXEdVQRYcHRvcR5VCWxhc3RfbmFtZXEfVQRPdHB4cSBVC2Zh\nY2Vib29rX21lcSF9cSIoaBtoHGgdaB5oH2ggVQh2ZXJpZmllZHEjiFUEbmFtZXEkVQlYcHRvIE90\ncHhxJVUGbG9jYWxlcSZVBWVuX1VTcSdVBmdlbmRlcnEoVQRtYWxlcSlVBWVtYWlscSpVEW9sZGFy\nc2VAZ21haWwuY29tcStVBGxpbmtxLFUkaHR0cDovL3d3dy5mYWNlYm9vay5jb20veHB0by5vdHB4\nLjc3cS1VCHRpbWV6b25lcS5LAVUMdXBkYXRlZF90aW1lcS9VGDIwMTItMDYtMTBUMDM6MTA6MjEr\nMDAwMHEwVQJpZHExaA11VRVmYWNlYm9va19hY2Nlc3NfdG9rZW5xMlh3AAAAQUFBRkpHNXVldHFB\nQkFMa0ZSSXltQ1ZQUXBLTDdvNmFzSVYwWUtMZ3VqY2I1a1JEa1RTVjRqY2paQjdaQlg5Z3Q4RDM2\nQVpBdUtTTEQwTUkyelpDTHVvczBaQ284ZU5VMlBaQlZ6N1hRZjA3V3pYWU0wbVN2akZxM1UFZW1h\naWxxNGgrdXVzLg==\n	2012-07-24 12:53:53.889014+00
83debe6eb87652c1e9ebe4c381be5c7c	MWRhNjM1OTY1OTU4MTkwOGIzZGM3M2I4MmRkN2QyYWFjMGI1NmFkNjqAAn1xAShVD19zZXNzaW9u\nX2V4cGlyeXECSwBVEl9hdXRoX3VzZXJfYmFja2VuZHEDVSlkamFuZ28uY29udHJpYi5hdXRoLmJh\nY2tlbmRzLk1vZGVsQmFja2VuZHEEVQ1fYXV0aF91c2VyX2lkcQVLAXUu\n	2012-07-30 13:14:49.228422+00
a6e36efcc47dc9272bd99106a0c17d45	ODYxMWU1MmNiZjJjYjEyNDBiOTBjZmFlNmRmMDM3MDU0ZDI1MjRjMzqAAn1xAShVD19zZXNzaW9u\nX2V4cGlyeXECSwBVEl9hdXRoX3VzZXJfYmFja2VuZHEDVTZhcHBzLmNvbW1vbi51dGlscy5iYWNr\nZW5kcy5DYXNlSW5zZW5zaXRpdmVNb2RlbEJhY2tlbmRxBFUNX2F1dGhfdXNlcl9pZHEFSwJ1Lg==\n	2012-07-30 14:27:30.256728+00
e43945a39206d007f8f9c71617e73b7b	YzM5ZGVjYjRjNjZmODJmMzhmNTllMWFjNDMxNTdiZDkyM2QzYjlmMDqAAn1xAShVD19zZXNzaW9u\nX2V4cGlyeXECSwBVEl9hdXRoX3VzZXJfYmFja2VuZHEDVSlkamFuZ28uY29udHJpYi5hdXRoLmJh\nY2tlbmRzLk1vZGVsQmFja2VuZHEEVQ1fYXV0aF91c2VyX2lkcQVLAnUu\n	2012-08-14 12:13:17.54083+00
48609468ab9ba2718427058d88588ee7	NjZkZTg1MjRmZGNiOWE2ZTU3NDlmYjhiZmM3ZTgzZDNjOGEwN2I1NjqAAn1xAVUUc29jaWFsYWNj\nb3VudF9zaWdudXBxAn1xAyhVB2FjY291bnRxBGNkamFuZ28uZGIubW9kZWxzLmJhc2UKbW9kZWxf\ndW5waWNrbGUKcQVjYWxsYXV0aC5mYWNlYm9vay5tb2RlbHMKRmFjZWJvb2tBY2NvdW50CnEGXWNk\namFuZ28uZGIubW9kZWxzLmJhc2UKc2ltcGxlX2NsYXNzX2ZhY3RvcnkKcQeHUnEIfXEJKFUHdXNl\ncl9pZHEKTlUEbmFtZXELVQBVCXNvY2lhbF9pZHEMVQ8xMDAwMDIzOTgxNTEyMTVxDVUGX3N0YXRl\ncQ5jZGphbmdvLmRiLm1vZGVscy5iYXNlCk1vZGVsU3RhdGUKcQ8pgXEQfXERKFUGYWRkaW5ncRKI\nVQJkYnETTnViVRRzb2NpYWxhY2NvdW50X3B0cl9pZHEUTlUKbGFzdF9sb2dpbnEVTlUEbGlua3EW\nVQBVAmlkcRdOVQtkYXRlX2pvaW5lZHEYTnViVQRkYXRhcRl9cRooVQh1c2VybmFtZXEbVQx4cHRv\nLm90cHguNzdxHFUKZmlyc3RfbmFtZXEdVQRYcHRvcR5VCWxhc3RfbmFtZXEfVQRPdHB4cSBVC2Zh\nY2Vib29rX21lcSF9cSIoaBtoHGgdaB5oH2ggVQh2ZXJpZmllZHEjiFUEbmFtZXEkVQlYcHRvIE90\ncHhxJVUGbG9jYWxlcSZVBWVuX1VTcSdVBmdlbmRlcnEoVQRtYWxlcSlVBWVtYWlscSpVEW9sZGFy\nc2VAZ21haWwuY29tcStVBGxpbmtxLFUkaHR0cDovL3d3dy5mYWNlYm9vay5jb20veHB0by5vdHB4\nLjc3cS1VCHRpbWV6b25lcS5LAVUMdXBkYXRlZF90aW1lcS9VGDIwMTItMDYtMTBUMDM6MTA6MjEr\nMDAwMHEwVQJpZHExaA11VRVmYWNlYm9va19hY2Nlc3NfdG9rZW5xMlh3AAAAQUFBRkpHNXVldHFB\nQkFMa0ZSSXltQ1ZQUXBLTDdvNmFzSVYwWUtMZ3VqY2I1a1JEa1RTVjRqY2paQjdaQlg5Z3Q4RDM2\nQVpBdUtTTEQwTUkyelpDTHVvczBaQ284ZU5VMlBaQlZ6N1hRZjA3V3pYWU0wbVN2akZxM1UFZW1h\naWxxNGgrdXVzLg==\n	2012-07-24 12:54:59.103538+00
b7a3adc8660b9d563012e50c05b0a9c7	NjZkZTg1MjRmZGNiOWE2ZTU3NDlmYjhiZmM3ZTgzZDNjOGEwN2I1NjqAAn1xAVUUc29jaWFsYWNj\nb3VudF9zaWdudXBxAn1xAyhVB2FjY291bnRxBGNkamFuZ28uZGIubW9kZWxzLmJhc2UKbW9kZWxf\ndW5waWNrbGUKcQVjYWxsYXV0aC5mYWNlYm9vay5tb2RlbHMKRmFjZWJvb2tBY2NvdW50CnEGXWNk\namFuZ28uZGIubW9kZWxzLmJhc2UKc2ltcGxlX2NsYXNzX2ZhY3RvcnkKcQeHUnEIfXEJKFUHdXNl\ncl9pZHEKTlUEbmFtZXELVQBVCXNvY2lhbF9pZHEMVQ8xMDAwMDIzOTgxNTEyMTVxDVUGX3N0YXRl\ncQ5jZGphbmdvLmRiLm1vZGVscy5iYXNlCk1vZGVsU3RhdGUKcQ8pgXEQfXERKFUGYWRkaW5ncRKI\nVQJkYnETTnViVRRzb2NpYWxhY2NvdW50X3B0cl9pZHEUTlUKbGFzdF9sb2dpbnEVTlUEbGlua3EW\nVQBVAmlkcRdOVQtkYXRlX2pvaW5lZHEYTnViVQRkYXRhcRl9cRooVQh1c2VybmFtZXEbVQx4cHRv\nLm90cHguNzdxHFUKZmlyc3RfbmFtZXEdVQRYcHRvcR5VCWxhc3RfbmFtZXEfVQRPdHB4cSBVC2Zh\nY2Vib29rX21lcSF9cSIoaBtoHGgdaB5oH2ggVQh2ZXJpZmllZHEjiFUEbmFtZXEkVQlYcHRvIE90\ncHhxJVUGbG9jYWxlcSZVBWVuX1VTcSdVBmdlbmRlcnEoVQRtYWxlcSlVBWVtYWlscSpVEW9sZGFy\nc2VAZ21haWwuY29tcStVBGxpbmtxLFUkaHR0cDovL3d3dy5mYWNlYm9vay5jb20veHB0by5vdHB4\nLjc3cS1VCHRpbWV6b25lcS5LAVUMdXBkYXRlZF90aW1lcS9VGDIwMTItMDYtMTBUMDM6MTA6MjEr\nMDAwMHEwVQJpZHExaA11VRVmYWNlYm9va19hY2Nlc3NfdG9rZW5xMlh3AAAAQUFBRkpHNXVldHFB\nQkFMa0ZSSXltQ1ZQUXBLTDdvNmFzSVYwWUtMZ3VqY2I1a1JEa1RTVjRqY2paQjdaQlg5Z3Q4RDM2\nQVpBdUtTTEQwTUkyelpDTHVvczBaQ284ZU5VMlBaQlZ6N1hRZjA3V3pYWU0wbVN2akZxM1UFZW1h\naWxxNGgrdXVzLg==\n	2012-07-24 12:56:17.42224+00
5aa8c5afe6fee7e63dad96581dc40544	MWRhNjM1OTY1OTU4MTkwOGIzZGM3M2I4MmRkN2QyYWFjMGI1NmFkNjqAAn1xAShVD19zZXNzaW9u\nX2V4cGlyeXECSwBVEl9hdXRoX3VzZXJfYmFja2VuZHEDVSlkamFuZ28uY29udHJpYi5hdXRoLmJh\nY2tlbmRzLk1vZGVsQmFja2VuZHEEVQ1fYXV0aF91c2VyX2lkcQVLAXUu\n	2012-08-13 17:03:28.54189+00
e623a9e24544b452093be5e76902edd3	NjYzYWM2YmM0Yjk2OTkxZDUxZjU1ZDdkYmIwZTVlMmZkNDkzMzllNDqAAn1xAShVEl9hdXRoX3Vz\nZXJfYmFja2VuZHECVSlkamFuZ28uY29udHJpYi5hdXRoLmJhY2tlbmRzLk1vZGVsQmFja2VuZHED\nVQ1fYXV0aF91c2VyX2lkcQRLAXUu\n	2012-08-22 10:55:59.122886+00
4457743dbc48a35155f3554947170f43	NjZkZTg1MjRmZGNiOWE2ZTU3NDlmYjhiZmM3ZTgzZDNjOGEwN2I1NjqAAn1xAVUUc29jaWFsYWNj\nb3VudF9zaWdudXBxAn1xAyhVB2FjY291bnRxBGNkamFuZ28uZGIubW9kZWxzLmJhc2UKbW9kZWxf\ndW5waWNrbGUKcQVjYWxsYXV0aC5mYWNlYm9vay5tb2RlbHMKRmFjZWJvb2tBY2NvdW50CnEGXWNk\namFuZ28uZGIubW9kZWxzLmJhc2UKc2ltcGxlX2NsYXNzX2ZhY3RvcnkKcQeHUnEIfXEJKFUHdXNl\ncl9pZHEKTlUEbmFtZXELVQBVCXNvY2lhbF9pZHEMVQ8xMDAwMDIzOTgxNTEyMTVxDVUGX3N0YXRl\ncQ5jZGphbmdvLmRiLm1vZGVscy5iYXNlCk1vZGVsU3RhdGUKcQ8pgXEQfXERKFUGYWRkaW5ncRKI\nVQJkYnETTnViVRRzb2NpYWxhY2NvdW50X3B0cl9pZHEUTlUKbGFzdF9sb2dpbnEVTlUEbGlua3EW\nVQBVAmlkcRdOVQtkYXRlX2pvaW5lZHEYTnViVQRkYXRhcRl9cRooVQh1c2VybmFtZXEbVQx4cHRv\nLm90cHguNzdxHFUKZmlyc3RfbmFtZXEdVQRYcHRvcR5VCWxhc3RfbmFtZXEfVQRPdHB4cSBVC2Zh\nY2Vib29rX21lcSF9cSIoaBtoHGgdaB5oH2ggVQh2ZXJpZmllZHEjiFUEbmFtZXEkVQlYcHRvIE90\ncHhxJVUGbG9jYWxlcSZVBWVuX1VTcSdVBmdlbmRlcnEoVQRtYWxlcSlVBWVtYWlscSpVEW9sZGFy\nc2VAZ21haWwuY29tcStVBGxpbmtxLFUkaHR0cDovL3d3dy5mYWNlYm9vay5jb20veHB0by5vdHB4\nLjc3cS1VCHRpbWV6b25lcS5LAVUMdXBkYXRlZF90aW1lcS9VGDIwMTItMDYtMTBUMDM6MTA6MjEr\nMDAwMHEwVQJpZHExaA11VRVmYWNlYm9va19hY2Nlc3NfdG9rZW5xMlh3AAAAQUFBRkpHNXVldHFB\nQkFMa0ZSSXltQ1ZQUXBLTDdvNmFzSVYwWUtMZ3VqY2I1a1JEa1RTVjRqY2paQjdaQlg5Z3Q4RDM2\nQVpBdUtTTEQwTUkyelpDTHVvczBaQ284ZU5VMlBaQlZ6N1hRZjA3V3pYWU0wbVN2akZxM1UFZW1h\naWxxNGgrdXVzLg==\n	2012-07-24 12:58:34.421057+00
e709f4c78a809bac149388faf630d93c	NjZkZTg1MjRmZGNiOWE2ZTU3NDlmYjhiZmM3ZTgzZDNjOGEwN2I1NjqAAn1xAVUUc29jaWFsYWNj\nb3VudF9zaWdudXBxAn1xAyhVB2FjY291bnRxBGNkamFuZ28uZGIubW9kZWxzLmJhc2UKbW9kZWxf\ndW5waWNrbGUKcQVjYWxsYXV0aC5mYWNlYm9vay5tb2RlbHMKRmFjZWJvb2tBY2NvdW50CnEGXWNk\namFuZ28uZGIubW9kZWxzLmJhc2UKc2ltcGxlX2NsYXNzX2ZhY3RvcnkKcQeHUnEIfXEJKFUHdXNl\ncl9pZHEKTlUEbmFtZXELVQBVCXNvY2lhbF9pZHEMVQ8xMDAwMDIzOTgxNTEyMTVxDVUGX3N0YXRl\ncQ5jZGphbmdvLmRiLm1vZGVscy5iYXNlCk1vZGVsU3RhdGUKcQ8pgXEQfXERKFUGYWRkaW5ncRKI\nVQJkYnETTnViVRRzb2NpYWxhY2NvdW50X3B0cl9pZHEUTlUKbGFzdF9sb2dpbnEVTlUEbGlua3EW\nVQBVAmlkcRdOVQtkYXRlX2pvaW5lZHEYTnViVQRkYXRhcRl9cRooVQh1c2VybmFtZXEbVQx4cHRv\nLm90cHguNzdxHFUKZmlyc3RfbmFtZXEdVQRYcHRvcR5VCWxhc3RfbmFtZXEfVQRPdHB4cSBVC2Zh\nY2Vib29rX21lcSF9cSIoaBtoHGgdaB5oH2ggVQh2ZXJpZmllZHEjiFUEbmFtZXEkVQlYcHRvIE90\ncHhxJVUGbG9jYWxlcSZVBWVuX1VTcSdVBmdlbmRlcnEoVQRtYWxlcSlVBWVtYWlscSpVEW9sZGFy\nc2VAZ21haWwuY29tcStVBGxpbmtxLFUkaHR0cDovL3d3dy5mYWNlYm9vay5jb20veHB0by5vdHB4\nLjc3cS1VCHRpbWV6b25lcS5LAVUMdXBkYXRlZF90aW1lcS9VGDIwMTItMDYtMTBUMDM6MTA6MjEr\nMDAwMHEwVQJpZHExaA11VRVmYWNlYm9va19hY2Nlc3NfdG9rZW5xMlh3AAAAQUFBRkpHNXVldHFB\nQkFMa0ZSSXltQ1ZQUXBLTDdvNmFzSVYwWUtMZ3VqY2I1a1JEa1RTVjRqY2paQjdaQlg5Z3Q4RDM2\nQVpBdUtTTEQwTUkyelpDTHVvczBaQ284ZU5VMlBaQlZ6N1hRZjA3V3pYWU0wbVN2akZxM1UFZW1h\naWxxNGgrdXVzLg==\n	2012-07-24 12:59:06.139108+00
3ec70489671b5184da444457235a02da	YmRhMDdkZjc0NTM5ZmFkNzBkNjFhMTYxMTVkNzc4ZmI2YzkxZWNkYjqAAn1xAVUUc29jaWFsYWNj\nb3VudF9zaWdudXBxAn1xAyhVB2FjY291bnRxBGNkamFuZ28uZGIubW9kZWxzLmJhc2UKbW9kZWxf\ndW5waWNrbGUKcQVjYWxsYXV0aC5mYWNlYm9vay5tb2RlbHMKRmFjZWJvb2tBY2NvdW50CnEGXWNk\namFuZ28uZGIubW9kZWxzLmJhc2UKc2ltcGxlX2NsYXNzX2ZhY3RvcnkKcQeHUnEIfXEJKFUHdXNl\ncl9pZHEKTlUEbmFtZXELVQBVCXNvY2lhbF9pZHEMVQ8xMDAwMDIzOTgxNTEyMTVxDVUGX3N0YXRl\ncQ5jZGphbmdvLmRiLm1vZGVscy5iYXNlCk1vZGVsU3RhdGUKcQ8pgXEQfXERKFUGYWRkaW5ncRKI\nVQJkYnETTnViVRRzb2NpYWxhY2NvdW50X3B0cl9pZHEUTlUKbGFzdF9sb2dpbnEVTlUEbGlua3EW\nVQBVAmlkcRdOVQtkYXRlX2pvaW5lZHEYTnViVQRkYXRhcRl9cRooVQh1c2VybmFtZXEbVQx4cHRv\nLm90cHguNzdxHFUKZmlyc3RfbmFtZXEdVQRYcHRvcR5VCWxhc3RfbmFtZXEfVQRPdHB4cSBVC2Zh\nY2Vib29rX21lcSF9cSIoaBtoHGgdaB5oH2ggVQh2ZXJpZmllZHEjiFUEbmFtZXEkVQlYcHRvIE90\ncHhxJVUGbG9jYWxlcSZVBWVuX1VTcSdVBmdlbmRlcnEoVQRtYWxlcSlVBWVtYWlscSpVEW9sZGFy\nc2VAZ21haWwuY29tcStVBGxpbmtxLFUkaHR0cDovL3d3dy5mYWNlYm9vay5jb20veHB0by5vdHB4\nLjc3cS1VCHRpbWV6b25lcS5LAVUMdXBkYXRlZF90aW1lcS9VGDIwMTItMDYtMTBUMDM6MTA6MjEr\nMDAwMHEwVQJpZHExaA11VRVmYWNlYm9va19hY2Nlc3NfdG9rZW5xMlhuAAAAQUFBRkpHNXVldHFB\nQkFGamdONlZ0M2VZWXl2WkFIRVNzUUtBbFNod2lHbkNDMWMxem5JRElobm5aQ09OQThTNEZ1WUNv\nRTZxR1JaQ3ZoTXNUbXVCZFB4MTN2Sk03SmtiRHZ2VE9kS090Z1pEWkRxM1UFZW1haWxxNGgrdXVz\nLg==\n	2012-07-24 13:15:15.910422+00
753d2225187be905c6eb3dea8fed5261	YzM5ZGVjYjRjNjZmODJmMzhmNTllMWFjNDMxNTdiZDkyM2QzYjlmMDqAAn1xAShVD19zZXNzaW9u\nX2V4cGlyeXECSwBVEl9hdXRoX3VzZXJfYmFja2VuZHEDVSlkamFuZ28uY29udHJpYi5hdXRoLmJh\nY2tlbmRzLk1vZGVsQmFja2VuZHEEVQ1fYXV0aF91c2VyX2lkcQVLAnUu\n	2012-07-27 15:06:18.513341+00
d71bc7d77d524338ad58c4fe6b5f805e	YzM5ZGVjYjRjNjZmODJmMzhmNTllMWFjNDMxNTdiZDkyM2QzYjlmMDqAAn1xAShVD19zZXNzaW9u\nX2V4cGlyeXECSwBVEl9hdXRoX3VzZXJfYmFja2VuZHEDVSlkamFuZ28uY29udHJpYi5hdXRoLmJh\nY2tlbmRzLk1vZGVsQmFja2VuZHEEVQ1fYXV0aF91c2VyX2lkcQVLAnUu\n	2012-07-30 11:30:30.165023+00
6a1ea994e93bda3b10fc70f9d30ad674	MjY1MGE0ZjFkODk0ZGY4YTA3ZjZiMzVhMjgwYTEwZTE5OWIxMjJjZDqAAn1xAShVD19zZXNzaW9u\nX2V4cGlyeXECSwBVEl9hdXRoX3VzZXJfYmFja2VuZHEDVTZhcHBzLmNvbW1vbi51dGlscy5iYWNr\nZW5kcy5DYXNlSW5zZW5zaXRpdmVNb2RlbEJhY2tlbmRxBFUNX2F1dGhfdXNlcl9pZHEFSwF1Lg==\n	2012-07-30 13:18:19.030376+00
de030f062e7d186481da31c139c1f0ed	ZDNmNDI1YTRlMmQwNzMzOTBkMTY3N2FhNmE5NDkyZjQ2MDQzZmY4YTqAAn1xAShVD2RqYW5nb190\naW1lem9uZXECY3B5dHoKX3AKcQMoVQ1FdXJvcGUvTG9uZG9ucQRLAEsAVQNHTVRxBXRScQZVDV9h\ndXRoX3VzZXJfaWRxB0sBVRJfYXV0aF91c2VyX2JhY2tlbmRxCFUpZGphbmdvLmNvbnRyaWIuYXV0\naC5iYWNrZW5kcy5Nb2RlbEJhY2tlbmRxCVUPX3Nlc3Npb25fZXhwaXJ5cQpLAFUUc29jaWFsYWNj\nb3VudF9zaWdudXBxC31xDChVB2FjY291bnRxDWNkamFuZ28uZGIubW9kZWxzLmJhc2UKbW9kZWxf\ndW5waWNrbGUKcQ5jYWxsYXV0aC5mYWNlYm9vay5tb2RlbHMKRmFjZWJvb2tBY2NvdW50CnEPXWNk\namFuZ28uZGIubW9kZWxzLmJhc2UKc2ltcGxlX2NsYXNzX2ZhY3RvcnkKcRCHUnERfXESKFUHdXNl\ncl9pZHETTlUEbmFtZXEUVQBVCXNvY2lhbF9pZHEVVQ8xMDAwMDIzOTgxNTEyMTVxFlUGX3N0YXRl\ncRdjZGphbmdvLmRiLm1vZGVscy5iYXNlCk1vZGVsU3RhdGUKcRgpgXEZfXEaKFUGYWRkaW5ncRuI\nVQJkYnEcTnViVRRzb2NpYWxhY2NvdW50X3B0cl9pZHEdTlUKbGFzdF9sb2dpbnEeTlUEbGlua3Ef\nVQBVAmlkcSBOVQtkYXRlX2pvaW5lZHEhTnViVQRkYXRhcSJ9cSMoVQh1c2VybmFtZXEkVQx4cHRv\nLm90cHguNzdxJVUKZmlyc3RfbmFtZXEmVQRYcHRvcSdVCWxhc3RfbmFtZXEoVQRPdHB4cSlVC2Zh\nY2Vib29rX21lcSp9cSsoaCRoJWgmaCdoKGgpVQh2ZXJpZmllZHEsiFUEbmFtZXEtVQlYcHRvIE90\ncHhxLlUGbG9jYWxlcS9VBWVuX1VTcTBVBmdlbmRlcnExVQRtYWxlcTJVDHVwZGF0ZWRfdGltZXEz\nVRgyMDEyLTA2LTEwVDAzOjEwOjIxKzAwMDBxNFUFZW1haWxxNVURb2xkYXJzZUBnbWFpbC5jb21x\nNlUEbGlua3E3VSRodHRwOi8vd3d3LmZhY2Vib29rLmNvbS94cHRvLm90cHguNzdxOFUIdGltZXpv\nbmVxOUsBVQJpZHE6aBZ1VRVmYWNlYm9va19hY2Nlc3NfdG9rZW5xO1h3AAAAQUFBRkpHNXVldHFB\nQkFMa0ZSSXltQ1ZQUXBLTDdvNmFzSVYwWUtMZ3VqY2I1a1JEa1RTVjRqY2paQjdaQlg5Z3Q4RDM2\nQVpBdUtTTEQwTUkyelpDTHVvczBaQ284ZU5VMlBaQlZ6N1hRZjA3V3pYWU0wbVN2akZxPFUFZW1h\naWxxPWg2dXV1Lg==\n	2012-07-24 16:54:48.443405+00
6709dca910363c0a9a75d469007c0d0f	NjYzYWM2YmM0Yjk2OTkxZDUxZjU1ZDdkYmIwZTVlMmZkNDkzMzllNDqAAn1xAShVEl9hdXRoX3Vz\nZXJfYmFja2VuZHECVSlkamFuZ28uY29udHJpYi5hdXRoLmJhY2tlbmRzLk1vZGVsQmFja2VuZHED\nVQ1fYXV0aF91c2VyX2lkcQRLAXUu\n	2012-08-17 13:48:15.571634+00
c10519586e2831097f93c7fbb47bc550	YjQyYWZlNGVlZGM0ZjYxMWY0NjU2ZjZlYTJkZTNiY2UwODEzM2U1NDqAAn1xAShVD19zZXNzaW9u\nX2V4cGlyeXECSwBVD2RqYW5nb190aW1lem9uZXEDY3B5dHoKX3AKcQQoVQ1FdXJvcGUvTG9uZG9u\ncQVLAEsAVQNHTVRxBnRScQdVEl9hdXRoX3VzZXJfYmFja2VuZHEIVSlkamFuZ28uY29udHJpYi5h\ndXRoLmJhY2tlbmRzLk1vZGVsQmFja2VuZHEJVQ1fYXV0aF91c2VyX2lkcQpLEXUu\n	2012-07-26 16:57:22.731937+00
97600067014f36f420a320ceaab05e57	YzM5ZGVjYjRjNjZmODJmMzhmNTllMWFjNDMxNTdiZDkyM2QzYjlmMDqAAn1xAShVD19zZXNzaW9u\nX2V4cGlyeXECSwBVEl9hdXRoX3VzZXJfYmFja2VuZHEDVSlkamFuZ28uY29udHJpYi5hdXRoLmJh\nY2tlbmRzLk1vZGVsQmFja2VuZHEEVQ1fYXV0aF91c2VyX2lkcQVLAnUu\n	2012-08-02 11:43:38.236735+00
0525f8f94276348340754a0789b4fa75	MWRhNjM1OTY1OTU4MTkwOGIzZGM3M2I4MmRkN2QyYWFjMGI1NmFkNjqAAn1xAShVD19zZXNzaW9u\nX2V4cGlyeXECSwBVEl9hdXRoX3VzZXJfYmFja2VuZHEDVSlkamFuZ28uY29udHJpYi5hdXRoLmJh\nY2tlbmRzLk1vZGVsQmFja2VuZHEEVQ1fYXV0aF91c2VyX2lkcQVLAXUu\n	2012-08-02 11:58:44.582137+00
56065d5428254287bc536f02a2e2614a	ZDlmOTJkNTA3OTMyNGQ2ZjdlZWVkNjY3MWFkNjA0OGNiMWEwNjRkMTqAAn1xAShVD19zZXNzaW9u\nX2V4cGlyeXECSwBVEl9hdXRoX3VzZXJfYmFja2VuZHEDVTZhcHBzLmNvbW1vbi51dGlscy5iYWNr\nZW5kcy5DYXNlSW5zZW5zaXRpdmVNb2RlbEJhY2tlbmRxBFUNX2F1dGhfdXNlcl9pZHEFSwZ1Lg==\n	2012-08-02 13:58:44.526094+00
0cd90ec4926fb04594e4ddb24fce6f6e	YzM5ZGVjYjRjNjZmODJmMzhmNTllMWFjNDMxNTdiZDkyM2QzYjlmMDqAAn1xAShVD19zZXNzaW9u\nX2V4cGlyeXECSwBVEl9hdXRoX3VzZXJfYmFja2VuZHEDVSlkamFuZ28uY29udHJpYi5hdXRoLmJh\nY2tlbmRzLk1vZGVsQmFja2VuZHEEVQ1fYXV0aF91c2VyX2lkcQVLAnUu\n	2012-07-30 12:49:44.458028+00
1d4b498d2585f5c54fee25739558feed	Mzk1NTJlOGVjNDdkNDdmYzAzYzJiNzdhYTMyZjA4Yzk3YjYxMjNhZDqAAn1xAShVD19zZXNzaW9u\nX2V4cGlyeXECSwBVEl9hdXRoX3VzZXJfYmFja2VuZHEDVSlkamFuZ28uY29udHJpYi5hdXRoLmJh\nY2tlbmRzLk1vZGVsQmFja2VuZHEEVQ1fYXV0aF91c2VyX2lkcQVLJHUu\n	2012-08-02 15:28:01.457766+00
6995551883ef2757a6106ef179718f7f	OWQ4ZGFiZTE3ODM5MjBiMjg4YzQxMDhlMTYzYWU5YThjNjc0ODRkNDqAAn1xAShVD19zZXNzaW9u\nX2V4cGlyeXECSwBVEl9hdXRoX3VzZXJfYmFja2VuZHEDVSlkamFuZ28uY29udHJpYi5hdXRoLmJh\nY2tlbmRzLk1vZGVsQmFja2VuZHEEVQ1fYXV0aF91c2VyX2lkcQVLBnUu\n	2012-08-02 17:03:29.176742+00
b132841925f5234aa8f41a8391d027a6	MjY1MGE0ZjFkODk0ZGY4YTA3ZjZiMzVhMjgwYTEwZTE5OWIxMjJjZDqAAn1xAShVD19zZXNzaW9u\nX2V4cGlyeXECSwBVEl9hdXRoX3VzZXJfYmFja2VuZHEDVTZhcHBzLmNvbW1vbi51dGlscy5iYWNr\nZW5kcy5DYXNlSW5zZW5zaXRpdmVNb2RlbEJhY2tlbmRxBFUNX2F1dGhfdXNlcl9pZHEFSwF1Lg==\n	2012-07-30 15:35:20.084101+00
7cd2cd9e6352dc41ce1765ec20399682	YzM5ZGVjYjRjNjZmODJmMzhmNTllMWFjNDMxNTdiZDkyM2QzYjlmMDqAAn1xAShVD19zZXNzaW9u\nX2V4cGlyeXECSwBVEl9hdXRoX3VzZXJfYmFja2VuZHEDVSlkamFuZ28uY29udHJpYi5hdXRoLmJh\nY2tlbmRzLk1vZGVsQmFja2VuZHEEVQ1fYXV0aF91c2VyX2lkcQVLAnUu\n	2012-07-27 13:27:12.126659+00
14d7ecdf8f3d5bd803e4631ae230f8b1	ODYxMWU1MmNiZjJjYjEyNDBiOTBjZmFlNmRmMDM3MDU0ZDI1MjRjMzqAAn1xAShVD19zZXNzaW9u\nX2V4cGlyeXECSwBVEl9hdXRoX3VzZXJfYmFja2VuZHEDVTZhcHBzLmNvbW1vbi51dGlscy5iYWNr\nZW5kcy5DYXNlSW5zZW5zaXRpdmVNb2RlbEJhY2tlbmRxBFUNX2F1dGhfdXNlcl9pZHEFSwJ1Lg==\n	2012-08-03 13:30:26.171965+00
f63eef0525ab469ef20cad9ace3f94b0	YzM5ZGVjYjRjNjZmODJmMzhmNTllMWFjNDMxNTdiZDkyM2QzYjlmMDqAAn1xAShVD19zZXNzaW9u\nX2V4cGlyeXECSwBVEl9hdXRoX3VzZXJfYmFja2VuZHEDVSlkamFuZ28uY29udHJpYi5hdXRoLmJh\nY2tlbmRzLk1vZGVsQmFja2VuZHEEVQ1fYXV0aF91c2VyX2lkcQVLAnUu\n	2012-08-03 13:38:22.513489+00
adae725c071b7f944c5a80bbf04b55f6	NjYzYWM2YmM0Yjk2OTkxZDUxZjU1ZDdkYmIwZTVlMmZkNDkzMzllNDqAAn1xAShVEl9hdXRoX3Vz\nZXJfYmFja2VuZHECVSlkamFuZ28uY29udHJpYi5hdXRoLmJhY2tlbmRzLk1vZGVsQmFja2VuZHED\nVQ1fYXV0aF91c2VyX2lkcQRLAXUu\n	2012-08-08 15:47:22.913446+00
25458ff7d6350fbd09301e2f521f5ddd	MjY1MGE0ZjFkODk0ZGY4YTA3ZjZiMzVhMjgwYTEwZTE5OWIxMjJjZDqAAn1xAShVD19zZXNzaW9u\nX2V4cGlyeXECSwBVEl9hdXRoX3VzZXJfYmFja2VuZHEDVTZhcHBzLmNvbW1vbi51dGlscy5iYWNr\nZW5kcy5DYXNlSW5zZW5zaXRpdmVNb2RlbEJhY2tlbmRxBFUNX2F1dGhfdXNlcl9pZHEFSwF1Lg==\n	2012-08-08 17:31:01.030049+00
ce261d31b23853e6e70267995cf6afb2	ZjVlODYzMmM4Mjc3MzU3MzU3M2Y2NWRiMWM5OGM4YmQ0MWIxZGFjMzqAAn1xAS4=\n	2012-08-15 17:17:47.698123+00
9a106d63c7240bc5e66e4835d6d14071	MjY1MGE0ZjFkODk0ZGY4YTA3ZjZiMzVhMjgwYTEwZTE5OWIxMjJjZDqAAn1xAShVD19zZXNzaW9u\nX2V4cGlyeXECSwBVEl9hdXRoX3VzZXJfYmFja2VuZHEDVTZhcHBzLmNvbW1vbi51dGlscy5iYWNr\nZW5kcy5DYXNlSW5zZW5zaXRpdmVNb2RlbEJhY2tlbmRxBFUNX2F1dGhfdXNlcl9pZHEFSwF1Lg==\n	2012-08-08 17:34:38.201155+00
56571bf624847f492458d2a65914b861	ODVjZDNlYzVjNjRlYmQ2M2IwMWY4ODk2MGRlN2YwNGY4NTIzNWFkNjqAAn1xAShVD19zZXNzaW9u\nX2V4cGlyeXECSwBVEl9hdXRoX3VzZXJfYmFja2VuZHEDVTZhcHBzLmNvbW1vbi51dGlscy5iYWNr\nZW5kcy5DYXNlSW5zZW5zaXRpdmVNb2RlbEJhY2tlbmRxBFUNX2F1dGhfdXNlcl9pZHEFSwV1Lg==\n	2012-08-08 08:31:18.601562+00
bb4cd48a50939763354fd2c0c97ae862	NjYzYWM2YmM0Yjk2OTkxZDUxZjU1ZDdkYmIwZTVlMmZkNDkzMzllNDqAAn1xAShVEl9hdXRoX3Vz\nZXJfYmFja2VuZHECVSlkamFuZ28uY29udHJpYi5hdXRoLmJhY2tlbmRzLk1vZGVsQmFja2VuZHED\nVQ1fYXV0aF91c2VyX2lkcQRLAXUu\n	2012-08-13 12:10:05.693582+00
501a3b3a71bb6a4e45f186946fe24013	MWM3MWY0MzUwNTdkYTZmOTBmOGM4ODIyYzYwNTA3MTE4YWQ2YjhiNTqAAn1xAShVEl9hdXRoX3Vz\nZXJfYmFja2VuZHECVSlkamFuZ28uY29udHJpYi5hdXRoLmJhY2tlbmRzLk1vZGVsQmFja2VuZHED\nVQ1fYXV0aF91c2VyX2lkcQSKAS11Lg==\n	2012-08-03 14:50:06.145738+00
2fd4fd4c77793033ec2ab167f27dbf3f	NjYzYWM2YmM0Yjk2OTkxZDUxZjU1ZDdkYmIwZTVlMmZkNDkzMzllNDqAAn1xAShVEl9hdXRoX3Vz\nZXJfYmFja2VuZHECVSlkamFuZ28uY29udHJpYi5hdXRoLmJhY2tlbmRzLk1vZGVsQmFja2VuZHED\nVQ1fYXV0aF91c2VyX2lkcQRLAXUu\n	2012-08-03 14:55:00.509887+00
504459b9ddba237d51ab1d6e750084ee	YzM5ZGVjYjRjNjZmODJmMzhmNTllMWFjNDMxNTdiZDkyM2QzYjlmMDqAAn1xAShVD19zZXNzaW9u\nX2V4cGlyeXECSwBVEl9hdXRoX3VzZXJfYmFja2VuZHEDVSlkamFuZ28uY29udHJpYi5hdXRoLmJh\nY2tlbmRzLk1vZGVsQmFja2VuZHEEVQ1fYXV0aF91c2VyX2lkcQVLAnUu\n	2012-08-03 15:20:52.630337+00
19ecf4cdbf18e31d06e8bc55c2487fb1	YzM5ZGVjYjRjNjZmODJmMzhmNTllMWFjNDMxNTdiZDkyM2QzYjlmMDqAAn1xAShVD19zZXNzaW9u\nX2V4cGlyeXECSwBVEl9hdXRoX3VzZXJfYmFja2VuZHEDVSlkamFuZ28uY29udHJpYi5hdXRoLmJh\nY2tlbmRzLk1vZGVsQmFja2VuZHEEVQ1fYXV0aF91c2VyX2lkcQVLAnUu\n	2012-08-13 17:10:27.430588+00
3f3de0d54e767821d515545c320975fe	MWRhNjM1OTY1OTU4MTkwOGIzZGM3M2I4MmRkN2QyYWFjMGI1NmFkNjqAAn1xAShVD19zZXNzaW9u\nX2V4cGlyeXECSwBVEl9hdXRoX3VzZXJfYmFja2VuZHEDVSlkamFuZ28uY29udHJpYi5hdXRoLmJh\nY2tlbmRzLk1vZGVsQmFja2VuZHEEVQ1fYXV0aF91c2VyX2lkcQVLAXUu\n	2012-08-16 12:05:58.219447+00
22ebce612eb97d6328239f2d82c9c37b	OWM1ZDFjOThjNWQ2ZWVkN2MxYWFjMzIxNjc4ZmY0ZDAyM2FkODQ4ZTqAAn1xAShVD2RqYW5nb190\naW1lem9uZXECY3B5dHoKX3AKcQMoVQ1FdXJvcGUvTG9uZG9ucQRLAEsAVQNHTVRxBXRScQZVDV9h\ndXRoX3VzZXJfaWRxB0sCVRJfYXV0aF91c2VyX2JhY2tlbmRxCFU2YXBwcy5jb21tb24udXRpbHMu\nYmFja2VuZHMuQ2FzZUluc2Vuc2l0aXZlTW9kZWxCYWNrZW5kcQlVD19zZXNzaW9uX2V4cGlyeXEK\nSwB1Lg==\n	2012-08-09 14:16:29.572282+00
a5f6d1526c72f31bf6e6386f48c345a2	MWM1ZGZlZDU4NGY3ZGYyOTc4OWQ4OTI3MjYzOWU5MmIzMTU3YTA5YTqAAn1xAVUKdGVzdGNvb2tp\nZXECVQZ3b3JrZWRxA3Mu\n	2012-08-09 09:37:10.228687+00
1fcc8312e5103974ce0c68d8fdff5936	NjM4OGIwZDZmNjMzOGUxZTc3NGVjNjA5NjZhZWRmZDM0ZWI0OTIwZjqAAn1xAShVD19zZXNzaW9u\nX2V4cGlyeXECSwBVEl9hdXRoX3VzZXJfYmFja2VuZHEDVTZhcHBzLmNvbW1vbi51dGlscy5iYWNr\nZW5kcy5DYXNlSW5zZW5zaXRpdmVNb2RlbEJhY2tlbmRxBFUNX2F1dGhfdXNlcl9pZHEFSwh1Lg==\n	2012-08-17 15:07:04.982643+00
1e162c7a5390da68f57915097ac2fba5	YzM5ZGVjYjRjNjZmODJmMzhmNTllMWFjNDMxNTdiZDkyM2QzYjlmMDqAAn1xAShVD19zZXNzaW9u\nX2V4cGlyeXECSwBVEl9hdXRoX3VzZXJfYmFja2VuZHEDVSlkamFuZ28uY29udHJpYi5hdXRoLmJh\nY2tlbmRzLk1vZGVsQmFja2VuZHEEVQ1fYXV0aF91c2VyX2lkcQVLAnUu\n	2012-08-14 13:29:27.271151+00
1191e8f4ba95d5227a5228a429ad369d	OTQwNzVkOGRjZDBiMzIxZWNhODdmOTMyNDhmZDI3ZTA2Y2Y3NDQ3ZTqAAn1xAShVEl9hdXRoX3Vz\nZXJfYmFja2VuZHECVTZhcHBzLmNvbW1vbi51dGlscy5iYWNrZW5kcy5DYXNlSW5zZW5zaXRpdmVN\nb2RlbEJhY2tlbmRxA1UNX2F1dGhfdXNlcl9pZHEESwF1Lg==\n	2012-08-17 15:34:19.769068+00
6b005f620e6c95b8a4bed7e44228c9fe	YzM5ZGVjYjRjNjZmODJmMzhmNTllMWFjNDMxNTdiZDkyM2QzYjlmMDqAAn1xAShVD19zZXNzaW9u\nX2V4cGlyeXECSwBVEl9hdXRoX3VzZXJfYmFja2VuZHEDVSlkamFuZ28uY29udHJpYi5hdXRoLmJh\nY2tlbmRzLk1vZGVsQmFja2VuZHEEVQ1fYXV0aF91c2VyX2lkcQVLAnUu\n	2012-08-14 13:33:44.578411+00
eb458fbb8b716f5c4fb41cb02d7ca6fd	M2QyYjY2ZTBmMzgzZjRmODAzMzRmZWVjZjFiYTJhMGNlZmNiNzU5ODqAAn1xAShVEl9hdXRoX3Vz\nZXJfYmFja2VuZHECVSlkamFuZ28uY29udHJpYi5hdXRoLmJhY2tlbmRzLk1vZGVsQmFja2VuZHED\nVQ1fYXV0aF91c2VyX2lkcQSKATR1Lg==\n	2012-08-15 13:56:18.22205+00
6dfed6913f78d7406666517ed2b3e7ac	OWQ4ZGFiZTE3ODM5MjBiMjg4YzQxMDhlMTYzYWU5YThjNjc0ODRkNDqAAn1xAShVD19zZXNzaW9u\nX2V4cGlyeXECSwBVEl9hdXRoX3VzZXJfYmFja2VuZHEDVSlkamFuZ28uY29udHJpYi5hdXRoLmJh\nY2tlbmRzLk1vZGVsQmFja2VuZHEEVQ1fYXV0aF91c2VyX2lkcQVLBnUu\n	2012-08-14 16:36:48.246777+00
2aa6cf8d49b686b3318f8087498c8375	OTQwNzVkOGRjZDBiMzIxZWNhODdmOTMyNDhmZDI3ZTA2Y2Y3NDQ3ZTqAAn1xAShVEl9hdXRoX3Vz\nZXJfYmFja2VuZHECVTZhcHBzLmNvbW1vbi51dGlscy5iYWNrZW5kcy5DYXNlSW5zZW5zaXRpdmVN\nb2RlbEJhY2tlbmRxA1UNX2F1dGhfdXNlcl9pZHEESwF1Lg==\n	2012-08-21 15:46:30.368838+00
cd939e7342e0e75bdbbadc6482fbd884	NzhjOTBmZGFjY2EyY2E4ODAzMjYxYTViNzUyNTg5NmNmYjJlMTBmMjqAAn1xAShVD19zZXNzaW9u\nX2V4cGlyeXECSwBVD2RqYW5nb190aW1lem9uZXEDY3B5dHoKX3AKcQRVCkV0Yy9HTVQrMTBxBYVS\ncQZVCnRlc3Rjb29raWVxB1UGd29ya2VkcQhVEl9hdXRoX3VzZXJfYmFja2VuZHEJVSlkamFuZ28u\nY29udHJpYi5hdXRoLmJhY2tlbmRzLk1vZGVsQmFja2VuZHEKVQ1fYXV0aF91c2VyX2lkcQtLKHUu\n	2012-08-09 15:40:09.493855+00
d87077de647dec48a929b386d8d1db7e	NjYzYWM2YmM0Yjk2OTkxZDUxZjU1ZDdkYmIwZTVlMmZkNDkzMzllNDqAAn1xAShVEl9hdXRoX3Vz\nZXJfYmFja2VuZHECVSlkamFuZ28uY29udHJpYi5hdXRoLmJhY2tlbmRzLk1vZGVsQmFja2VuZHED\nVQ1fYXV0aF91c2VyX2lkcQRLAXUu\n	2012-08-16 10:37:44.575597+00
712e83d3d0573144959281691e9812c3	ODYxMWU1MmNiZjJjYjEyNDBiOTBjZmFlNmRmMDM3MDU0ZDI1MjRjMzqAAn1xAShVD19zZXNzaW9u\nX2V4cGlyeXECSwBVEl9hdXRoX3VzZXJfYmFja2VuZHEDVTZhcHBzLmNvbW1vbi51dGlscy5iYWNr\nZW5kcy5DYXNlSW5zZW5zaXRpdmVNb2RlbEJhY2tlbmRxBFUNX2F1dGhfdXNlcl9pZHEFSwJ1Lg==\n	2012-08-15 16:03:50.192166+00
736f0c5a168fcf13ea90268685316b51	MWRhNjM1OTY1OTU4MTkwOGIzZGM3M2I4MmRkN2QyYWFjMGI1NmFkNjqAAn1xAShVD19zZXNzaW9u\nX2V4cGlyeXECSwBVEl9hdXRoX3VzZXJfYmFja2VuZHEDVSlkamFuZ28uY29udHJpYi5hdXRoLmJh\nY2tlbmRzLk1vZGVsQmFja2VuZHEEVQ1fYXV0aF91c2VyX2lkcQVLAXUu\n	2012-08-09 21:34:48.721801+00
efdb62fa5fcd6888be96cd1fb30b13f6	MWRhNjM1OTY1OTU4MTkwOGIzZGM3M2I4MmRkN2QyYWFjMGI1NmFkNjqAAn1xAShVD19zZXNzaW9u\nX2V4cGlyeXECSwBVEl9hdXRoX3VzZXJfYmFja2VuZHEDVSlkamFuZ28uY29udHJpYi5hdXRoLmJh\nY2tlbmRzLk1vZGVsQmFja2VuZHEEVQ1fYXV0aF91c2VyX2lkcQVLAXUu\n	2012-08-10 10:00:36.859093+00
5fa11b0aea981ca08605302c8222c4f5	MWRhNjM1OTY1OTU4MTkwOGIzZGM3M2I4MmRkN2QyYWFjMGI1NmFkNjqAAn1xAShVD19zZXNzaW9u\nX2V4cGlyeXECSwBVEl9hdXRoX3VzZXJfYmFja2VuZHEDVSlkamFuZ28uY29udHJpYi5hdXRoLmJh\nY2tlbmRzLk1vZGVsQmFja2VuZHEEVQ1fYXV0aF91c2VyX2lkcQVLAXUu\n	2012-08-10 10:47:55.821399+00
070cdcb1c97f1176e6f99838ea0c538b	MWRhNjM1OTY1OTU4MTkwOGIzZGM3M2I4MmRkN2QyYWFjMGI1NmFkNjqAAn1xAShVD19zZXNzaW9u\nX2V4cGlyeXECSwBVEl9hdXRoX3VzZXJfYmFja2VuZHEDVSlkamFuZ28uY29udHJpYi5hdXRoLmJh\nY2tlbmRzLk1vZGVsQmFja2VuZHEEVQ1fYXV0aF91c2VyX2lkcQVLAXUu\n	2012-08-10 11:01:06.621147+00
b1d3ac419d9cbfc7a5e48be51565b6f6	ODVjZDNlYzVjNjRlYmQ2M2IwMWY4ODk2MGRlN2YwNGY4NTIzNWFkNjqAAn1xAShVD19zZXNzaW9u\nX2V4cGlyeXECSwBVEl9hdXRoX3VzZXJfYmFja2VuZHEDVTZhcHBzLmNvbW1vbi51dGlscy5iYWNr\nZW5kcy5DYXNlSW5zZW5zaXRpdmVNb2RlbEJhY2tlbmRxBFUNX2F1dGhfdXNlcl9pZHEFSwV1Lg==\n	2012-08-09 11:09:18.788485+00
bfb3b11c1979311e5223ab0653cc99a5	MWRhNjM1OTY1OTU4MTkwOGIzZGM3M2I4MmRkN2QyYWFjMGI1NmFkNjqAAn1xAShVD19zZXNzaW9u\nX2V4cGlyeXECSwBVEl9hdXRoX3VzZXJfYmFja2VuZHEDVSlkamFuZ28uY29udHJpYi5hdXRoLmJh\nY2tlbmRzLk1vZGVsQmFja2VuZHEEVQ1fYXV0aF91c2VyX2lkcQVLAXUu\n	2012-08-16 10:45:34.925496+00
da1d841a3e11ffd4d331696cd8dcf47a	MWRhNjM1OTY1OTU4MTkwOGIzZGM3M2I4MmRkN2QyYWFjMGI1NmFkNjqAAn1xAShVD19zZXNzaW9u\nX2V4cGlyeXECSwBVEl9hdXRoX3VzZXJfYmFja2VuZHEDVSlkamFuZ28uY29udHJpYi5hdXRoLmJh\nY2tlbmRzLk1vZGVsQmFja2VuZHEEVQ1fYXV0aF91c2VyX2lkcQVLAXUu\n	2012-08-13 14:24:19.968486+00
d6153981aa924d288e5067f6941a61fa	YzM5ZGVjYjRjNjZmODJmMzhmNTllMWFjNDMxNTdiZDkyM2QzYjlmMDqAAn1xAShVD19zZXNzaW9u\nX2V4cGlyeXECSwBVEl9hdXRoX3VzZXJfYmFja2VuZHEDVSlkamFuZ28uY29udHJpYi5hdXRoLmJh\nY2tlbmRzLk1vZGVsQmFja2VuZHEEVQ1fYXV0aF91c2VyX2lkcQVLAnUu\n	2012-08-16 11:22:51.636024+00
e106e24ec6302e67a7bf0c38290d5b02	MWRhNjM1OTY1OTU4MTkwOGIzZGM3M2I4MmRkN2QyYWFjMGI1NmFkNjqAAn1xAShVD19zZXNzaW9u\nX2V4cGlyeXECSwBVEl9hdXRoX3VzZXJfYmFja2VuZHEDVSlkamFuZ28uY29udHJpYi5hdXRoLmJh\nY2tlbmRzLk1vZGVsQmFja2VuZHEEVQ1fYXV0aF91c2VyX2lkcQVLAXUu\n	2012-08-16 16:29:43.815174+00
9f3eef7df8aa54385350de7b4ae71c60	Yjc4OGMzYmUxYjc3MjU4Y2Q4NTVkZTQ2OGY0ZDc1MDNhZGRlOTQzYzqAAn1xAShVEl9hdXRoX3Vz\nZXJfYmFja2VuZHECVSlkamFuZ28uY29udHJpYi5hdXRoLmJhY2tlbmRzLk1vZGVsQmFja2VuZHED\nVQ1fYXV0aF91c2VyX2lkcQSKATl1Lg==\n	2012-08-17 12:34:13.28491+00
7fbe8810a5ec1a7b1de929de0cbad7c2	ZjVlODYzMmM4Mjc3MzU3MzU3M2Y2NWRiMWM5OGM4YmQ0MWIxZGFjMzqAAn1xAS4=\n	2012-08-17 15:30:26.492428+00
de29901b110c4249fb4497b81c9c98d9	OWM1ZDFjOThjNWQ2ZWVkN2MxYWFjMzIxNjc4ZmY0ZDAyM2FkODQ4ZTqAAn1xAShVD2RqYW5nb190\naW1lem9uZXECY3B5dHoKX3AKcQMoVQ1FdXJvcGUvTG9uZG9ucQRLAEsAVQNHTVRxBXRScQZVDV9h\ndXRoX3VzZXJfaWRxB0sCVRJfYXV0aF91c2VyX2JhY2tlbmRxCFU2YXBwcy5jb21tb24udXRpbHMu\nYmFja2VuZHMuQ2FzZUluc2Vuc2l0aXZlTW9kZWxCYWNrZW5kcQlVD19zZXNzaW9uX2V4cGlyeXEK\nSwB1Lg==\n	2012-08-21 08:35:38.508997+00
2d2cbe13159159b364d11df7edc4268e	NjYzYWM2YmM0Yjk2OTkxZDUxZjU1ZDdkYmIwZTVlMmZkNDkzMzllNDqAAn1xAShVEl9hdXRoX3Vz\nZXJfYmFja2VuZHECVSlkamFuZ28uY29udHJpYi5hdXRoLmJhY2tlbmRzLk1vZGVsQmFja2VuZHED\nVQ1fYXV0aF91c2VyX2lkcQRLAXUu\n	2012-08-22 08:14:02.900695+00
d452d29463a8301e54ec920b22bf9b7d	NTQzMGM0NDI1NDEzMTRiZjhkY2E3YjE4MzkxOTg1Nzk1YWQzYjkwNzqAAn1xAShVEl9hdXRoX3Vz\nZXJfYmFja2VuZHECVSlkamFuZ28uY29udHJpYi5hdXRoLmJhY2tlbmRzLk1vZGVsQmFja2VuZHED\nVQ1fYXV0aF91c2VyX2lkcQSKATp1Lg==\n	2012-08-17 12:35:18.173791+00
fc83e83cb328ff33569b1ab0060a7c75	NjYzYWM2YmM0Yjk2OTkxZDUxZjU1ZDdkYmIwZTVlMmZkNDkzMzllNDqAAn1xAShVEl9hdXRoX3Vz\nZXJfYmFja2VuZHECVSlkamFuZ28uY29udHJpYi5hdXRoLmJhY2tlbmRzLk1vZGVsQmFja2VuZHED\nVQ1fYXV0aF91c2VyX2lkcQRLAXUu\n	2012-08-22 10:23:27.693575+00
63571aa0d006f7069e7980a1d86b6865	ZjVlODYzMmM4Mjc3MzU3MzU3M2Y2NWRiMWM5OGM4YmQ0MWIxZGFjMzqAAn1xAS4=\n	2012-08-21 09:39:50.224986+00
34907e5a594e705fc788e42d1a32ca86	ZjVlODYzMmM4Mjc3MzU3MzU3M2Y2NWRiMWM5OGM4YmQ0MWIxZGFjMzqAAn1xAS4=\n	2013-05-21 05:33:38.11721+00
fc2655e615e8f18eb8d997288d58b742	ODYxMWU1MmNiZjJjYjEyNDBiOTBjZmFlNmRmMDM3MDU0ZDI1MjRjMzqAAn1xAShVD19zZXNzaW9u\nX2V4cGlyeXECSwBVEl9hdXRoX3VzZXJfYmFja2VuZHEDVTZhcHBzLmNvbW1vbi51dGlscy5iYWNr\nZW5kcy5DYXNlSW5zZW5zaXRpdmVNb2RlbEJhY2tlbmRxBFUNX2F1dGhfdXNlcl9pZHEFSwJ1Lg==\n	2012-08-21 13:48:25.039186+00
9d1893072cb0170a24b8191c40bd5a68	MmE1MDZkYmMwNzMyZDNjZjEyYWFjOWRjYTVhZTE0YzMwNTVlNTZjZDqAAn1xAShVD19zZXNzaW9u\nX2V4cGlyeXECSwBVEl9hdXRoX3VzZXJfYmFja2VuZHEDVSlkamFuZ28uY29udHJpYi5hdXRoLmJh\nY2tlbmRzLk1vZGVsQmFja2VuZHEEVQ1fYXV0aF91c2VyX2lkcQVLCnUu\n	2012-08-22 11:17:06.074278+00
7234e3504c58aeba338211c9f898a92a	OTQwNzVkOGRjZDBiMzIxZWNhODdmOTMyNDhmZDI3ZTA2Y2Y3NDQ3ZTqAAn1xAShVEl9hdXRoX3Vz\nZXJfYmFja2VuZHECVTZhcHBzLmNvbW1vbi51dGlscy5iYWNrZW5kcy5DYXNlSW5zZW5zaXRpdmVN\nb2RlbEJhY2tlbmRxA1UNX2F1dGhfdXNlcl9pZHEESwF1Lg==\n	2012-08-17 15:33:00.742868+00
e3c86e228551cbaabbd4832090445901	YzM5ZGVjYjRjNjZmODJmMzhmNTllMWFjNDMxNTdiZDkyM2QzYjlmMDqAAn1xAShVD19zZXNzaW9u\nX2V4cGlyeXECSwBVEl9hdXRoX3VzZXJfYmFja2VuZHEDVSlkamFuZ28uY29udHJpYi5hdXRoLmJh\nY2tlbmRzLk1vZGVsQmFja2VuZHEEVQ1fYXV0aF91c2VyX2lkcQVLAnUu\n	2012-08-16 12:11:00.525522+00
514930a0f5028cd29fa5937e052e2c14	NjYzYWM2YmM0Yjk2OTkxZDUxZjU1ZDdkYmIwZTVlMmZkNDkzMzllNDqAAn1xAShVEl9hdXRoX3Vz\nZXJfYmFja2VuZHECVSlkamFuZ28uY29udHJpYi5hdXRoLmJhY2tlbmRzLk1vZGVsQmFja2VuZHED\nVQ1fYXV0aF91c2VyX2lkcQRLAXUu\n	2012-08-20 13:25:48.7291+00
b209f991ef12c15d0b213e9a0160a3ea	ZjVlODYzMmM4Mjc3MzU3MzU3M2Y2NWRiMWM5OGM4YmQ0MWIxZGFjMzqAAn1xAS4=\n	2012-08-17 13:46:08.242241+00
37455e5a6dcd4bc3e79db2b5b924dcb0	OTQwNzVkOGRjZDBiMzIxZWNhODdmOTMyNDhmZDI3ZTA2Y2Y3NDQ3ZTqAAn1xAShVEl9hdXRoX3Vz\nZXJfYmFja2VuZHECVTZhcHBzLmNvbW1vbi51dGlscy5iYWNrZW5kcy5DYXNlSW5zZW5zaXRpdmVN\nb2RlbEJhY2tlbmRxA1UNX2F1dGhfdXNlcl9pZHEESwF1Lg==\n	2012-08-17 15:33:22.472314+00
519605695a45bb2aabf09801b9e20131	ZjVlODYzMmM4Mjc3MzU3MzU3M2Y2NWRiMWM5OGM4YmQ0MWIxZGFjMzqAAn1xAS4=\n	2012-08-22 12:21:48.526921+00
5a7284105b4baf60905acaa93590a2cc	MjY1MGE0ZjFkODk0ZGY4YTA3ZjZiMzVhMjgwYTEwZTE5OWIxMjJjZDqAAn1xAShVD19zZXNzaW9u\nX2V4cGlyeXECSwBVEl9hdXRoX3VzZXJfYmFja2VuZHEDVTZhcHBzLmNvbW1vbi51dGlscy5iYWNr\nZW5kcy5DYXNlSW5zZW5zaXRpdmVNb2RlbEJhY2tlbmRxBFUNX2F1dGhfdXNlcl9pZHEFSwF1Lg==\n	2012-08-17 16:04:45.860684+00
a420e067131446c118b1c3471284dada	ODYxMWU1MmNiZjJjYjEyNDBiOTBjZmFlNmRmMDM3MDU0ZDI1MjRjMzqAAn1xAShVD19zZXNzaW9u\nX2V4cGlyeXECSwBVEl9hdXRoX3VzZXJfYmFja2VuZHEDVTZhcHBzLmNvbW1vbi51dGlscy5iYWNr\nZW5kcy5DYXNlSW5zZW5zaXRpdmVNb2RlbEJhY2tlbmRxBFUNX2F1dGhfdXNlcl9pZHEFSwJ1Lg==\n	2012-08-17 22:04:07.039295+00
1bea3525342646dd8b6ad5804803c346	MWRhNjM1OTY1OTU4MTkwOGIzZGM3M2I4MmRkN2QyYWFjMGI1NmFkNjqAAn1xAShVD19zZXNzaW9u\nX2V4cGlyeXECSwBVEl9hdXRoX3VzZXJfYmFja2VuZHEDVSlkamFuZ28uY29udHJpYi5hdXRoLmJh\nY2tlbmRzLk1vZGVsQmFja2VuZHEEVQ1fYXV0aF91c2VyX2lkcQVLAXUu\n	2012-08-21 15:39:18.141055+00
5137d8b09bd5071c9da61bfa339b5a4e	YzM5ZGVjYjRjNjZmODJmMzhmNTllMWFjNDMxNTdiZDkyM2QzYjlmMDqAAn1xAShVD19zZXNzaW9u\nX2V4cGlyeXECSwBVEl9hdXRoX3VzZXJfYmFja2VuZHEDVSlkamFuZ28uY29udHJpYi5hdXRoLmJh\nY2tlbmRzLk1vZGVsQmFja2VuZHEEVQ1fYXV0aF91c2VyX2lkcQVLAnUu\n	2012-08-16 16:39:37.234433+00
77c66fafbb3471c56d8a50e4326f119f	M2ZiZGQ0YzJlNWUyNTlmZjE1ODUxNTI5MDkxNjAyMTU0NTdlYTVhMTqAAn1xAShVD19zZXNzaW9u\nX2V4cGlyeXECSwBVEl9hdXRoX3VzZXJfYmFja2VuZHEDVSlkamFuZ28uY29udHJpYi5hdXRoLmJh\nY2tlbmRzLk1vZGVsQmFja2VuZHEEVQ1fYXV0aF91c2VyX2lkcQVLCHUu\n	2012-08-16 17:08:31.401196+00
4d52f886faeeef087d5242bd8ec5dc20	OTQwNzVkOGRjZDBiMzIxZWNhODdmOTMyNDhmZDI3ZTA2Y2Y3NDQ3ZTqAAn1xAShVEl9hdXRoX3Vz\nZXJfYmFja2VuZHECVTZhcHBzLmNvbW1vbi51dGlscy5iYWNrZW5kcy5DYXNlSW5zZW5zaXRpdmVN\nb2RlbEJhY2tlbmRxA1UNX2F1dGhfdXNlcl9pZHEESwF1Lg==\n	2012-08-17 15:34:19.066903+00
11bee8662d793fcd7c2ad5eaa18f944b	ODYxMWU1MmNiZjJjYjEyNDBiOTBjZmFlNmRmMDM3MDU0ZDI1MjRjMzqAAn1xAShVD19zZXNzaW9u\nX2V4cGlyeXECSwBVEl9hdXRoX3VzZXJfYmFja2VuZHEDVTZhcHBzLmNvbW1vbi51dGlscy5iYWNr\nZW5kcy5DYXNlSW5zZW5zaXRpdmVNb2RlbEJhY2tlbmRxBFUNX2F1dGhfdXNlcl9pZHEFSwJ1Lg==\n	2012-08-16 18:14:53.932158+00
7e6d2060b9a2aa4b03022c78cc1bf1d2	ODYxMWU1MmNiZjJjYjEyNDBiOTBjZmFlNmRmMDM3MDU0ZDI1MjRjMzqAAn1xAShVD19zZXNzaW9u\nX2V4cGlyeXECSwBVEl9hdXRoX3VzZXJfYmFja2VuZHEDVTZhcHBzLmNvbW1vbi51dGlscy5iYWNr\nZW5kcy5DYXNlSW5zZW5zaXRpdmVNb2RlbEJhY2tlbmRxBFUNX2F1dGhfdXNlcl9pZHEFSwJ1Lg==\n	2012-08-16 18:22:12.071481+00
2bda24932f165359a1ed11142416969f	YzM5ZGVjYjRjNjZmODJmMzhmNTllMWFjNDMxNTdiZDkyM2QzYjlmMDqAAn1xAShVD19zZXNzaW9u\nX2V4cGlyeXECSwBVEl9hdXRoX3VzZXJfYmFja2VuZHEDVSlkamFuZ28uY29udHJpYi5hdXRoLmJh\nY2tlbmRzLk1vZGVsQmFja2VuZHEEVQ1fYXV0aF91c2VyX2lkcQVLAnUu\n	2012-08-16 18:27:08.57254+00
252b6fa032896d510fd335dc7a603e86	ODYxMWU1MmNiZjJjYjEyNDBiOTBjZmFlNmRmMDM3MDU0ZDI1MjRjMzqAAn1xAShVD19zZXNzaW9u\nX2V4cGlyeXECSwBVEl9hdXRoX3VzZXJfYmFja2VuZHEDVTZhcHBzLmNvbW1vbi51dGlscy5iYWNr\nZW5kcy5DYXNlSW5zZW5zaXRpdmVNb2RlbEJhY2tlbmRxBFUNX2F1dGhfdXNlcl9pZHEFSwJ1Lg==\n	2012-08-16 18:32:25.020535+00
7150611d483276fa997beaf69854d717	NjYzYWM2YmM0Yjk2OTkxZDUxZjU1ZDdkYmIwZTVlMmZkNDkzMzllNDqAAn1xAShVEl9hdXRoX3Vz\nZXJfYmFja2VuZHECVSlkamFuZ28uY29udHJpYi5hdXRoLmJhY2tlbmRzLk1vZGVsQmFja2VuZHED\nVQ1fYXV0aF91c2VyX2lkcQRLAXUu\n	2012-08-22 08:04:10.088222+00
ca843265352726b17caf0e16b8824d4e	ODVjZDNlYzVjNjRlYmQ2M2IwMWY4ODk2MGRlN2YwNGY4NTIzNWFkNjqAAn1xAShVD19zZXNzaW9u\nX2V4cGlyeXECSwBVEl9hdXRoX3VzZXJfYmFja2VuZHEDVTZhcHBzLmNvbW1vbi51dGlscy5iYWNr\nZW5kcy5DYXNlSW5zZW5zaXRpdmVNb2RlbEJhY2tlbmRxBFUNX2F1dGhfdXNlcl9pZHEFSwV1Lg==\n	2012-08-17 09:41:09.920385+00
5906ee57ec6c8cb1e6edbd2b54340515	MGNkMWM5MTlkYTE4ZDVjN2JmNjk0MDkwNTRiZjE3MjY0ZGUzM2U2YTqAAn1xAVUKdGVzdGNvb2tp\nZVUGd29ya2VkcQJzLg==\n	2013-08-02 05:54:59.086801+00
a4a03b079fe97900d0f0462d6015ea02	NDU3OWIzZGNhZWZiMTIwMzRkNzRkZTA2MWNhOTYzMTA3YzIzMjFkZjqAAn1xAShVD2RqYW5nb190\naW1lem9uZXECY3B5dHoKX3AKcQMoVQ1FdXJvcGUvTG9uZG9ucQRLAEsAVQNHTVRxBXRScQZVDV9h\ndXRoX3VzZXJfaWSKAUhVEl9hdXRoX3VzZXJfYmFja2VuZFUpZGphbmdvLmNvbnRyaWIuYXV0aC5i\nYWNrZW5kcy5Nb2RlbEJhY2tlbmR1Lg==\n	2012-09-05 15:51:10.345481+00
18879877b52d2ddc39e4b33f34ea8c6c	ZWNiNmY3MGVmMDA1NmFlNTJjYjIwOTFiYzI2MjMzNjRjM2JhYzNhMDqAAn1xAShVEl9hdXRoX3Vz\nZXJfYmFja2VuZHECVSlkamFuZ28uY29udHJpYi5hdXRoLmJhY2tlbmRzLk1vZGVsQmFja2VuZHED\nVQ1fYXV0aF91c2VyX2lkcQSKAUJ1Lg==\n	2012-08-24 10:33:00.712689+00
747b47fa580648a683d240251fb9c6a7	MWRhNjM1OTY1OTU4MTkwOGIzZGM3M2I4MmRkN2QyYWFjMGI1NmFkNjqAAn1xAShVD19zZXNzaW9u\nX2V4cGlyeXECSwBVEl9hdXRoX3VzZXJfYmFja2VuZHEDVSlkamFuZ28uY29udHJpYi5hdXRoLmJh\nY2tlbmRzLk1vZGVsQmFja2VuZHEEVQ1fYXV0aF91c2VyX2lkcQVLAXUu\n	2012-08-24 10:33:46.136364+00
ae89aeaaabbe804419a419e8feb5f09b	MWM1ZGZlZDU4NGY3ZGYyOTc4OWQ4OTI3MjYzOWU5MmIzMTU3YTA5YTqAAn1xAVUKdGVzdGNvb2tp\nZXECVQZ3b3JrZWRxA3Mu\n	2012-08-24 11:43:54.265844+00
5161cf76342b5340a82b2a03ca94a142	NjYzYWM2YmM0Yjk2OTkxZDUxZjU1ZDdkYmIwZTVlMmZkNDkzMzllNDqAAn1xAShVEl9hdXRoX3Vz\nZXJfYmFja2VuZHECVSlkamFuZ28uY29udHJpYi5hdXRoLmJhY2tlbmRzLk1vZGVsQmFja2VuZHED\nVQ1fYXV0aF91c2VyX2lkcQRLAXUu\n	2012-09-07 02:56:51.002254+00
2da4b38bb386aa5c9810194f050cf186	NjYzYWM2YmM0Yjk2OTkxZDUxZjU1ZDdkYmIwZTVlMmZkNDkzMzllNDqAAn1xAShVEl9hdXRoX3Vz\nZXJfYmFja2VuZHECVSlkamFuZ28uY29udHJpYi5hdXRoLmJhY2tlbmRzLk1vZGVsQmFja2VuZHED\nVQ1fYXV0aF91c2VyX2lkcQRLAXUu\n	2012-08-24 13:08:27.123768+00
f985dde53ab7c55e2b6d5071b17ea3dd	NjYzYWM2YmM0Yjk2OTkxZDUxZjU1ZDdkYmIwZTVlMmZkNDkzMzllNDqAAn1xAShVEl9hdXRoX3Vz\nZXJfYmFja2VuZHECVSlkamFuZ28uY29udHJpYi5hdXRoLmJhY2tlbmRzLk1vZGVsQmFja2VuZHED\nVQ1fYXV0aF91c2VyX2lkcQRLAXUu\n	2012-09-11 02:50:35.407934+00
b4c0883a495d4f43998aa9013fb17b73	MTMyMTljNmVlZTdhZTY2ZGNiMzBlNmM4N2ExNDU2NDNlYjQ3NmY3MzqAAn1xAShVD19zZXNzaW9u\nX2V4cGlyeXECSwBVEl9hdXRoX3VzZXJfYmFja2VuZHEDVSlkamFuZ28uY29udHJpYi5hdXRoLmJh\nY2tlbmRzLk1vZGVsQmFja2VuZHEEVQ1fYXV0aF91c2VyX2lkcQVLQnUu\n	2012-08-24 14:16:19.062414+00
2f4196361303b24081bc4db80ccc44ec	ZTk3YjhjN2I1MzU2MzA0OGRiODE1MzFhNTJiZjgwZDE1MmViYTkzMzqAAn1xAShVCnRlc3Rjb29r\naWVxAlUGd29ya2VkcQNVFHNvY2lhbGFjY291bnRfc2lnbnVwfXEEKFUHYWNjb3VudGNkamFuZ28u\nZGIubW9kZWxzLmJhc2UKbW9kZWxfdW5waWNrbGUKcQVjYWxsYXV0aC5mYWNlYm9vay5tb2RlbHMK\nRmFjZWJvb2tBY2NvdW50CnEGXWNkamFuZ28uZGIubW9kZWxzLmJhc2UKc2ltcGxlX2NsYXNzX2Zh\nY3RvcnkKcQeHUnEIfXEJKFUHdXNlcl9pZHEKTlUEbmFtZXELVQBVCXNvY2lhbF9pZHEMVQk2NDA5\nMzE4NDVxDVUGX3N0YXRlcQ5jZGphbmdvLmRiLm1vZGVscy5iYXNlCk1vZGVsU3RhdGUKcQ8pgXEQ\nfXERKFUGYWRkaW5ncRKIVQJkYnETTnViVRRzb2NpYWxhY2NvdW50X3B0cl9pZHEUTlUKbGFzdF9s\nb2dpbnEVTlUEbGlua3EWVQBVAmlkcRdOVQtkYXRlX2pvaW5lZHEYTnViVQRkYXRhfXEZKFUIdXNl\ncm5hbWVxGlUFbGxlZHhxG1UKZmlyc3RfbmFtZXEcVQhCZW5qYW1pbnEdVQlsYXN0X25hbWVxHlUE\nRGVsbHEfVQtmYWNlYm9va19tZX1xIChoGmgbaBxoHWgeaB9VCHZlcmlmaWVkiFUEbmFtZXEhVQ1C\nZW5qYW1pbiBEZWxsVQZsb2NhbGVVBWVuX0dCVQZnZW5kZXJVBG1hbGVVBHdvcmtdcSJ9cSMoVQhw\nb3NpdGlvbn1xJChVAmlkcSVVDzEzMDg3NTM1MDI4MzkzMWghVQ1DRU8gJiBGb3VuZGVydVUIZW1w\nbG95ZXJ9cSYoaCVVDzEwNjkxMjMwNjA4MDEwOGghVQtSYXcgSmFtIEx0ZHV1YVUMdXBkYXRlZF90\naW1lVRgyMDEyLTA2LTEyVDE5OjI3OjE3KzAwMDBVBGxpbmtVHWh0dHA6Ly93d3cuZmFjZWJvb2su\nY29tL2xsZWR4aCVoDVUIdGltZXpvbmVLAVUJZWR1Y2F0aW9uXXEnKH1xKChVBnNjaG9vbHEpfXEq\nKGglVQ8xMDk1ODQ3NDkwNjgzODZoIVUeU3QuIEFuZHJld3MgQyBvZiBFIEhpZ2ggU2Nob29sdVUE\ndHlwZXErVQtIaWdoIFNjaG9vbFUEeWVhcnEsfXEtKGglVQ8xMzE4MjEwNjAxOTUyMTBoIVUEMTk5\nN3V1fXEuKGgpfXEvKGglVQ8xMjUxNzkxNjA4Mjk5NzJoIVULTmV3dG9uIFByZXB1aCtVC0hpZ2gg\nU2Nob29saCx9cTAoaCVVDzE0MjY3MzQ2OTA5MzA4MWghVQQxOTkzdXV9cTEoaCl9cTIoaCVVDzEx\nNDY0NzE3ODU1MjY5NmghVRJMbGFuZHJpbGxvIENvbGxlZ2V1aCtVC0hpZ2ggU2Nob29saCx9cTMo\naCVVDzE0NDUwMzM3ODg5NTAwOGghVQQxOTk5dXV9cTQoaCl9cTUoaCVVDzExMzQ4ODk2ODY2MTY5\nNWghVRVVbml2ZXJzaXR5IG9mIENoZXN0ZXJ1aCtVB0NvbGxlZ2VVDWNvbmNlbnRyYXRpb25dcTZ9\ncTcoaCVVDzEwNDA3Njk1NjI5NTc3M2ghVRBDb21wdXRlciBTY2llbmNldWFoLH1xOChoJVUPMTk0\nODc4NjE3MjExNTEyaCFVBDIwMDJ1dWVVBWVtYWlsVRBiZW5AcmF3amFtLmNvLnVrcTl1VRVmYWNl\nYm9va19hY2Nlc3NfdG9rZW5YbAAAAEFBQUVLbEhlUGNpSUJBRHowYm9oTzlqazduNERiRDNNdW5I\nemd3T0pSQXJTMElKTzVZR1ZBNmdjT0Y2NEV3NVpBQ3ZIakg0blFlMllXaUhqb2N1anNUa09Fa3NL\nOUJzU1cxVzloMU5BWkRaRFUFZW1haWxoOXV1dS4=\n	2012-08-24 16:51:56.82798+00
cb095f5748491df58bc79fe03df0e8e4	MWM1ZGZlZDU4NGY3ZGYyOTc4OWQ4OTI3MjYzOWU5MmIzMTU3YTA5YTqAAn1xAVUKdGVzdGNvb2tp\nZXECVQZ3b3JrZWRxA3Mu\n	2013-08-05 14:26:57.657655+00
3f2604c5f2aab9fee0852de67773fb98	OWZjNjU3YWI1MGJhOGY5ZjVlZDQzYmU3YzA0Mzk1OTI5MDU5NGM5MzqAAn1xAShVEl9hdXRoX3Vz\nZXJfYmFja2VuZHECVSlkamFuZ28uY29udHJpYi5hdXRoLmJhY2tlbmRzLk1vZGVsQmFja2VuZHED\nVQ1fYXV0aF91c2VyX2lkcQSKAUZ1Lg==\n	2012-09-02 10:57:51.669218+00
c93a573b25c2737ea10ee89d0b0aa752	OGVhOWMwZGMyMjg2MWQxMzhjZDFhYTgwZTVlYjJjNTc5ZTRkMWQ5NTqAAn1xAShVD19zZXNzaW9u\nX2V4cGlyeXECSwBVEl9hdXRoX3VzZXJfYmFja2VuZHEDVTZhcHBzLmNvbW1vbi51dGlscy5iYWNr\nZW5kcy5DYXNlSW5zZW5zaXRpdmVNb2RlbEJhY2tlbmRxBFUNX2F1dGhfdXNlcl9pZHEFS011Lg==\n	2012-09-30 03:54:54.756699+00
d298382f83cd939135b1bee61d130049	ZjVlODYzMmM4Mjc3MzU3MzU3M2Y2NWRiMWM5OGM4YmQ0MWIxZGFjMzqAAn1xAS4=\n	2012-09-02 23:58:51.025046+00
e0ea343891fa23cecf2e00bc2030dbbf	NjYzYWM2YmM0Yjk2OTkxZDUxZjU1ZDdkYmIwZTVlMmZkNDkzMzllNDqAAn1xAShVEl9hdXRoX3Vz\nZXJfYmFja2VuZHECVSlkamFuZ28uY29udHJpYi5hdXRoLmJhY2tlbmRzLk1vZGVsQmFja2VuZHED\nVQ1fYXV0aF91c2VyX2lkcQRLAXUu\n	2012-10-01 13:19:54.757386+00
28234b3c3099867a0011d8bbc4374839	OTQwNzVkOGRjZDBiMzIxZWNhODdmOTMyNDhmZDI3ZTA2Y2Y3NDQ3ZTqAAn1xAShVEl9hdXRoX3Vz\nZXJfYmFja2VuZHECVTZhcHBzLmNvbW1vbi51dGlscy5iYWNrZW5kcy5DYXNlSW5zZW5zaXRpdmVN\nb2RlbEJhY2tlbmRxA1UNX2F1dGhfdXNlcl9pZHEESwF1Lg==\n	2012-09-05 04:27:18.599632+00
0d50672a293e937331b0af48cbd87ac6	YTQzOWNjYjRkNzY0MTQ1ZmMyZmFkZmEzZjliYWExMDNjYzM3ZjBhMTqAAn1xAShVD2RqYW5nb190\naW1lem9uZWNweXR6Cl9wCnECKFUNRXVyb3BlL0xvbmRvbnEDSwBLAFUDR01UcQR0UnEFVQ1fYXV0\naF91c2VyX2lkSwFVEl9hdXRoX3VzZXJfYmFja2VuZFUpZGphbmdvLmNvbnRyaWIuYXV0aC5iYWNr\nZW5kcy5Nb2RlbEJhY2tlbmRVD19zZXNzaW9uX2V4cGlyeUsAdS4=\n	2012-08-24 17:14:37.963885+00
2c5505d10682c11f267c07622be4dc7d	NjYzYWM2YmM0Yjk2OTkxZDUxZjU1ZDdkYmIwZTVlMmZkNDkzMzllNDqAAn1xAShVEl9hdXRoX3Vz\nZXJfYmFja2VuZHECVSlkamFuZ28uY29udHJpYi5hdXRoLmJhY2tlbmRzLk1vZGVsQmFja2VuZHED\nVQ1fYXV0aF91c2VyX2lkcQRLAXUu\n	2012-10-01 13:26:02.392095+00
e5cc10ef18bb59273055e8e0bc1635f0	ZjVlODYzMmM4Mjc3MzU3MzU3M2Y2NWRiMWM5OGM4YmQ0MWIxZGFjMzqAAn1xAS4=\n	2012-08-27 09:09:55.373144+00
709ec04fbecfda94fd236183f73e7e05	NjYzYWM2YmM0Yjk2OTkxZDUxZjU1ZDdkYmIwZTVlMmZkNDkzMzllNDqAAn1xAShVEl9hdXRoX3Vz\nZXJfYmFja2VuZHECVSlkamFuZ28uY29udHJpYi5hdXRoLmJhY2tlbmRzLk1vZGVsQmFja2VuZHED\nVQ1fYXV0aF91c2VyX2lkcQRLAXUu\n	2012-09-11 11:58:43.107112+00
988c1a8bf917bdbba04925d5d053753c	MjY1MGE0ZjFkODk0ZGY4YTA3ZjZiMzVhMjgwYTEwZTE5OWIxMjJjZDqAAn1xAShVD19zZXNzaW9u\nX2V4cGlyeXECSwBVEl9hdXRoX3VzZXJfYmFja2VuZHEDVTZhcHBzLmNvbW1vbi51dGlscy5iYWNr\nZW5kcy5DYXNlSW5zZW5zaXRpdmVNb2RlbEJhY2tlbmRxBFUNX2F1dGhfdXNlcl9pZHEFSwF1Lg==\n	2012-09-12 04:07:42.841465+00
1a4df7ffef15abcc20eb6a11b0522ddb	NjYzYWM2YmM0Yjk2OTkxZDUxZjU1ZDdkYmIwZTVlMmZkNDkzMzllNDqAAn1xAShVEl9hdXRoX3Vz\nZXJfYmFja2VuZHECVSlkamFuZ28uY29udHJpYi5hdXRoLmJhY2tlbmRzLk1vZGVsQmFja2VuZHED\nVQ1fYXV0aF91c2VyX2lkcQRLAXUu\n	2012-08-27 09:56:13.833143+00
49e12733a4d385724295f0ac3d27cbbe	NjYzYWM2YmM0Yjk2OTkxZDUxZjU1ZDdkYmIwZTVlMmZkNDkzMzllNDqAAn1xAShVEl9hdXRoX3Vz\nZXJfYmFja2VuZHECVSlkamFuZ28uY29udHJpYi5hdXRoLmJhY2tlbmRzLk1vZGVsQmFja2VuZHED\nVQ1fYXV0aF91c2VyX2lkcQRLAXUu\n	2012-08-27 09:58:57.10283+00
69153e5726ff26fd61e30dc64d6ece5d	OTQwNzVkOGRjZDBiMzIxZWNhODdmOTMyNDhmZDI3ZTA2Y2Y3NDQ3ZTqAAn1xAShVEl9hdXRoX3Vz\nZXJfYmFja2VuZHECVTZhcHBzLmNvbW1vbi51dGlscy5iYWNrZW5kcy5DYXNlSW5zZW5zaXRpdmVN\nb2RlbEJhY2tlbmRxA1UNX2F1dGhfdXNlcl9pZHEESwF1Lg==\n	2012-09-12 04:17:53.235709+00
270747aceab26f730566c411b2b45561	NjYzYWM2YmM0Yjk2OTkxZDUxZjU1ZDdkYmIwZTVlMmZkNDkzMzllNDqAAn1xAShVEl9hdXRoX3Vz\nZXJfYmFja2VuZHECVSlkamFuZ28uY29udHJpYi5hdXRoLmJhY2tlbmRzLk1vZGVsQmFja2VuZHED\nVQ1fYXV0aF91c2VyX2lkcQRLAXUu\n	2012-09-12 06:54:12.961208+00
46916093efb50d1845240e6e499e207a	NjYzYWM2YmM0Yjk2OTkxZDUxZjU1ZDdkYmIwZTVlMmZkNDkzMzllNDqAAn1xAShVEl9hdXRoX3Vz\nZXJfYmFja2VuZHECVSlkamFuZ28uY29udHJpYi5hdXRoLmJhY2tlbmRzLk1vZGVsQmFja2VuZHED\nVQ1fYXV0aF91c2VyX2lkcQRLAXUu\n	2012-08-27 11:04:40.658009+00
e7f6972118c5dc9e46aea2f336f21a70	MjY1MGE0ZjFkODk0ZGY4YTA3ZjZiMzVhMjgwYTEwZTE5OWIxMjJjZDqAAn1xAShVD19zZXNzaW9u\nX2V4cGlyeXECSwBVEl9hdXRoX3VzZXJfYmFja2VuZHEDVTZhcHBzLmNvbW1vbi51dGlscy5iYWNr\nZW5kcy5DYXNlSW5zZW5zaXRpdmVNb2RlbEJhY2tlbmRxBFUNX2F1dGhfdXNlcl9pZHEFSwF1Lg==\n	2012-09-12 17:02:33.729825+00
80c03326025acdb6b8edec9a440f0de9	NjYzYWM2YmM0Yjk2OTkxZDUxZjU1ZDdkYmIwZTVlMmZkNDkzMzllNDqAAn1xAShVEl9hdXRoX3Vz\nZXJfYmFja2VuZHECVSlkamFuZ28uY29udHJpYi5hdXRoLmJhY2tlbmRzLk1vZGVsQmFja2VuZHED\nVQ1fYXV0aF91c2VyX2lkcQRLAXUu\n	2012-08-27 12:06:00.673358+00
16d85f6504515a0689b5e66b67bee543	MWRhNjM1OTY1OTU4MTkwOGIzZGM3M2I4MmRkN2QyYWFjMGI1NmFkNjqAAn1xAShVD19zZXNzaW9u\nX2V4cGlyeXECSwBVEl9hdXRoX3VzZXJfYmFja2VuZHEDVSlkamFuZ28uY29udHJpYi5hdXRoLmJh\nY2tlbmRzLk1vZGVsQmFja2VuZHEEVQ1fYXV0aF91c2VyX2lkcQVLAXUu\n	2012-09-13 16:31:08.864287+00
ad56a470dafd069978f3c7a2d7c80612	ZmY5MGRhNDZmNDdkY2IxMjcwOTViNjc4YzAwZDE3NDgzYzI2YjM2ZjqAAn1xAShVD19zZXNzaW9u\nX2V4cGlyeXECSwBVEl9hdXRoX3VzZXJfYmFja2VuZHEDVSlkamFuZ28uY29udHJpYi5hdXRoLmJh\nY2tlbmRzLk1vZGVsQmFja2VuZHEEVQ1fYXV0aF91c2VyX2lkcQVLRHUu\n	2012-08-27 13:03:43.944115+00
b4faace8c7db59bdbec0a90c0f65ecee	NTNkYjg0ZDUyY2JlNTMyOTM2NzliNTFiM2ExMTU2NTgxMmRjOGRiZTqAAn1xAShVEl9hdXRoX3Vz\nZXJfYmFja2VuZHECVSlkamFuZ28uY29udHJpYi5hdXRoLmJhY2tlbmRzLk1vZGVsQmFja2VuZHED\nVQ1fYXV0aF91c2VyX2lkcQSKAUp1Lg==\n	2012-09-13 17:44:54.29244+00
0a35ff301b75f8e99f249064de49ee08	MTZjZjdjM2FiOWEyYTMzOTdmOGU2M2ZlNTVhYzg3M2Y1Mzc1MWUxZTqAAn1xAShVD2RqYW5nb190\naW1lem9uZWNweXR6Cl9wCnECKFUNRXVyb3BlL0xvbmRvbnEDSwBLAFUDR01UcQR0UnEFVQ1fYXV0\naF91c2VyX2lkS0pVEl9hdXRoX3VzZXJfYmFja2VuZFUpZGphbmdvLmNvbnRyaWIuYXV0aC5iYWNr\nZW5kcy5Nb2RlbEJhY2tlbmRVD19zZXNzaW9uX2V4cGlyeUsAdS4=\n	2012-09-15 11:45:33.179397+00
65c1ba0131997811174be04f852e2beb	YWIxODAxMmU5MmNmZWY1MDJhOWE0YzQ4NzIyNTZlMzgyNjc0YTg1NzqAAn1xAShVEl9hdXRoX3Vz\nZXJfYmFja2VuZHECVSlkamFuZ28uY29udHJpYi5hdXRoLmJhY2tlbmRzLk1vZGVsQmFja2VuZHED\nVQ1fYXV0aF91c2VyX2lkcQSKAUt1Lg==\n	2012-09-17 16:36:50.299395+00
0e78ca2a5aaeeab1dbd7ec3eba075c29	NjYzYWM2YmM0Yjk2OTkxZDUxZjU1ZDdkYmIwZTVlMmZkNDkzMzllNDqAAn1xAShVEl9hdXRoX3Vz\nZXJfYmFja2VuZHECVSlkamFuZ28uY29udHJpYi5hdXRoLmJhY2tlbmRzLk1vZGVsQmFja2VuZHED\nVQ1fYXV0aF91c2VyX2lkcQRLAXUu\n	2012-10-10 04:38:03.885303+00
765d2a65665257b9b996b02298a0eacc	N2QyYTBjN2MyYTE0MDljMzgzOWJkNDIxN2JlYzBjMjQwZTJiODliZTqAAn1xAShVEl9hdXRoX3Vz\nZXJfYmFja2VuZHECVSlkamFuZ28uY29udHJpYi5hdXRoLmJhY2tlbmRzLk1vZGVsQmFja2VuZHED\nVQ1fYXV0aF91c2VyX2lkcQSKAUV1Lg==\n	2012-08-29 19:36:32.520131+00
1490051525da697ee0a8781d9e6cd8c1	ZjVlODYzMmM4Mjc3MzU3MzU3M2Y2NWRiMWM5OGM4YmQ0MWIxZGFjMzqAAn1xAS4=\n	2012-09-20 17:07:06.713189+00
81b075d5bf49d87c6cc2f5c7f42fe46f	NjYzYWM2YmM0Yjk2OTkxZDUxZjU1ZDdkYmIwZTVlMmZkNDkzMzllNDqAAn1xAShVEl9hdXRoX3Vz\nZXJfYmFja2VuZHECVSlkamFuZ28uY29udHJpYi5hdXRoLmJhY2tlbmRzLk1vZGVsQmFja2VuZHED\nVQ1fYXV0aF91c2VyX2lkcQRLAXUu\n	2012-09-21 15:38:14.743327+00
43e7070234a2535c6a95543b18925541	ZjVlODYzMmM4Mjc3MzU3MzU3M2Y2NWRiMWM5OGM4YmQ0MWIxZGFjMzqAAn1xAS4=\n	2012-09-21 17:57:33.291335+00
37200ecef2782f799822d6cb6afeb39d	MWRhNjM1OTY1OTU4MTkwOGIzZGM3M2I4MmRkN2QyYWFjMGI1NmFkNjqAAn1xAShVD19zZXNzaW9u\nX2V4cGlyeXECSwBVEl9hdXRoX3VzZXJfYmFja2VuZHEDVSlkamFuZ28uY29udHJpYi5hdXRoLmJh\nY2tlbmRzLk1vZGVsQmFja2VuZHEEVQ1fYXV0aF91c2VyX2lkcQVLAXUu\n	2012-09-28 14:39:28.071632+00
a6a6eacbedb8d23ce04ca0f84abe9d47	MWM1ZGZlZDU4NGY3ZGYyOTc4OWQ4OTI3MjYzOWU5MmIzMTU3YTA5YTqAAn1xAVUKdGVzdGNvb2tp\nZXECVQZ3b3JrZWRxA3Mu\n	2012-09-29 12:56:48.313063+00
5cc4f1aa6b100ed30dab5ef6acfcc544	ZjVlODYzMmM4Mjc3MzU3MzU3M2Y2NWRiMWM5OGM4YmQ0MWIxZGFjMzqAAn1xAS4=\n	2012-11-29 23:39:45.760645+00
4fd21c85681567ea3c448e9b978d2854	NThlNWYyNWFlNzc3Zjc5ZTgwNWVmMWIwMmRhM2I0YzE1NTc1NDU1NzqAAn1xAShVEl9hdXRoX3Vz\nZXJfYmFja2VuZHECVSlkamFuZ28uY29udHJpYi5hdXRoLmJhY2tlbmRzLk1vZGVsQmFja2VuZHED\nVQ1fYXV0aF91c2VyX2lkcQSKAWZ1Lg==\n	2013-02-18 16:07:39.533805+00
028c397d387590a23ca883e7af2128f2	YzI0ZWFlNDQ4ZWJlMWViMzY2ZGM1ZTMzYjhiZGQzMTdmMTA2YjQxNTqAAn1xAShVD2RqYW5nb190\naW1lem9uZXECY3B5dHoKX3AKcQMoVQ1FdXJvcGUvTG9uZG9ucQRLAEsAVQNHTVRxBXRScQZVDV9h\ndXRoX3VzZXJfaWSKAU5VEl9hdXRoX3VzZXJfYmFja2VuZFUpZGphbmdvLmNvbnRyaWIuYXV0aC5i\nYWNrZW5kcy5Nb2RlbEJhY2tlbmR1Lg==\n	2012-10-02 16:28:33.254266+00
156fde1835273384b9d12987e2bc2a48	NDE3OWRhZTQxZDliZjcyMTI4ZTNmZjI1ZTNhZDMzOGQ3NTFhZTJlMzqAAn1xAShVD2RqYW5nb190\naW1lem9uZWNweXR6Cl9wCnECKFUKVVMvRWFzdGVybnEDSrC5//9LAFUDRVNUcQR0UnEFVQ1fYXV0\naF91c2VyX2lkigF9VRJfYXV0aF91c2VyX2JhY2tlbmRVKWRqYW5nby5jb250cmliLmF1dGguYmFj\na2VuZHMuTW9kZWxCYWNrZW5kdS4=\n	2013-02-20 02:38:41.663445+00
9bd44f5d5cd39f0aae62179d24b1091d	NjYzYWM2YmM0Yjk2OTkxZDUxZjU1ZDdkYmIwZTVlMmZkNDkzMzllNDqAAn1xAShVEl9hdXRoX3Vz\nZXJfYmFja2VuZHECVSlkamFuZ28uY29udHJpYi5hdXRoLmJhY2tlbmRzLk1vZGVsQmFja2VuZHED\nVQ1fYXV0aF91c2VyX2lkcQRLAXUu\n	2013-03-06 21:48:20.689041+00
b6d6ee9b21079e60d1c62362a21387ba	OTI3YjU1NTk4OTJiZGZkYjAxYThiZWQwNDQ3ODQ5YjdiNWRjMzAwZTqAAn1xAShVD2RqYW5nb190\naW1lem9uZWNweXR6Cl9wCnECKFUPQ2FuYWRhL0F0bGFudGljcQNKeMT//0sAVQNMTVRxBHRScQVV\nEl9hdXRoX3VzZXJfYmFja2VuZFUpZGphbmdvLmNvbnRyaWIuYXV0aC5iYWNrZW5kcy5Nb2RlbEJh\nY2tlbmRVDV9hdXRoX3VzZXJfaWSKApoAdS4=\n	2013-02-26 19:44:38.33074+00
8780d8e8323686613d0e4edb92144902	OGVhOWMwZGMyMjg2MWQxMzhjZDFhYTgwZTVlYjJjNTc5ZTRkMWQ5NTqAAn1xAShVD19zZXNzaW9u\nX2V4cGlyeXECSwBVEl9hdXRoX3VzZXJfYmFja2VuZHEDVTZhcHBzLmNvbW1vbi51dGlscy5iYWNr\nZW5kcy5DYXNlSW5zZW5zaXRpdmVNb2RlbEJhY2tlbmRxBFUNX2F1dGhfdXNlcl9pZHEFS011Lg==\n	2013-02-16 20:54:00.91933+00
b7d15412879d5d003d58084d28af6ed1	NjYzYWM2YmM0Yjk2OTkxZDUxZjU1ZDdkYmIwZTVlMmZkNDkzMzllNDqAAn1xAShVEl9hdXRoX3Vz\nZXJfYmFja2VuZHECVSlkamFuZ28uY29udHJpYi5hdXRoLmJhY2tlbmRzLk1vZGVsQmFja2VuZHED\nVQ1fYXV0aF91c2VyX2lkcQRLAXUu\n	2013-05-18 21:25:48.541358+00
373b26ddf1c130aadf0984c8c24e43d9	MGViMGIzMjJlMmZmODM1MjM4OWIzMDJhNWM2ODUwMzQ3MDQwMTQ4NDqAAn1xAShVEl9hdXRoX3Vz\nZXJfYmFja2VuZHECVSlkamFuZ28uY29udHJpYi5hdXRoLmJhY2tlbmRzLk1vZGVsQmFja2VuZHED\nVQ1fYXV0aF91c2VyX2lkcQSKAoYAdS4=\n	2013-02-20 14:29:48.998805+00
6ec110dd45c0f32795c98dbba28eaebe	ZGE1Yzk2NWVmNmZkMGEyOWE5M2E1ZjA4OTYwYWIxMzcyNDBiOGUxMDqAAn1xAVUad2l6YXJkX3R1\ndG9yX3NpZ251cF93aXphcmRxAn1xAyhVCnN0ZXBfZmlsZXNxBH1VBHN0ZXBxBVgFAAAAc3RlcDFx\nBlUKZXh0cmFfZGF0YXEHfVUJc3RlcF9kYXRhcQh9dXMu\n	2013-08-02 23:29:53.863515+00
576622e7c9abd0fa0ea7df14bbe47ecd	NmNkNDllNDI5MmYxZTdlNmRkZTk1ZWU1NmMyYzgwNmVkZWVjMTdhYTqAAn1xAShVD2RqYW5nb190\naW1lem9uZWNweXR6Cl9wCnECKFUNRXVyb3BlL0xvbmRvbnEDSwBLAFUDR01UcQR0UnEFVRJfYXV0\naF91c2VyX2JhY2tlbmRVKWRqYW5nby5jb250cmliLmF1dGguYmFja2VuZHMuTW9kZWxCYWNrZW5k\nVQ1fYXV0aF91c2VyX2lkigKbAHUu\n	2013-02-26 20:16:21.470832+00
de9403c02698c76e349803216302130a	NWI5YTBkYjAxZTMyODRiZWE0ZTkwMjY0Zjg1YjQ2ODY0NmRiOGJiNjqAAn1xAShVD19zZXNzaW9u\nX2V4cGlyeXECSwBVEl9hdXRoX3VzZXJfYmFja2VuZHEDVSlkamFuZ28uY29udHJpYi5hdXRoLmJh\nY2tlbmRzLk1vZGVsQmFja2VuZHEEVQ1fYXV0aF91c2VyX2lkcQVLQ3Uu\n	2013-03-20 22:34:56.185135+00
51c96beb4c579a6637a5861c48e36c9f	MWExNzNmNzg3MGU3M2VkNDYxY2I2YjgwYmQ4NjcyZDIyNzI5MTMwNDqAAn1xAShVD2RqYW5nb190\naW1lem9uZWNweXR6Cl9wCnECKFUKVVMvRWFzdGVybnEDSrC5//9LAFUDRVNUcQR0UnEFVQ1fYXV0\naF91c2VyX2lkigKwAFUSX2F1dGhfdXNlcl9iYWNrZW5kVSlkamFuZ28uY29udHJpYi5hdXRoLmJh\nY2tlbmRzLk1vZGVsQmFja2VuZHUu\n	2013-03-11 23:09:58.932333+00
e9abfd6957e332b3b07a5c86acd70a37	ZjRjZjZmZTQxNjM0OGZjZjJmYzZmM2Y4Njc3NWI0NDFjM2M4MjZlNDqAAn1xAShVD19zZXNzaW9u\nX2V4cGlyeUsAVQ9kamFuZ29fdGltZXpvbmVjcHl0egpfcApxAihVCVVTL0FsYXNrYXEDSmBz//9L\nAFUDQ0FUcQR0UnEFVRJfYXV0aF91c2VyX2JhY2tlbmRVKWRqYW5nby5jb250cmliLmF1dGguYmFj\na2VuZHMuTW9kZWxCYWNrZW5kVQ1fYXV0aF91c2VyX2lkS5Z1Lg==\n	2013-04-02 04:19:22.89882+00
01b85f15690be360880db4cc6380b977	ZTVlZGEwMGExZjhkMGE2NDg4NzA2ZDZjMmRjYmUwNGY0NjY4NGVkNzqAAn1xAShVD19zZXNzaW9u\nX2V4cGlyeXECSwBVEl9hdXRoX3VzZXJfYmFja2VuZHEDVSlkamFuZ28uY29udHJpYi5hdXRoLmJh\nY2tlbmRzLk1vZGVsQmFja2VuZHEEVQ1fYXV0aF91c2VyX2lkcQVLs3Uu\n	2013-03-12 20:40:22.887917+00
b1672ef9e51ac934448ae98d30eb187b	ZTVlZGEwMGExZjhkMGE2NDg4NzA2ZDZjMmRjYmUwNGY0NjY4NGVkNzqAAn1xAShVD19zZXNzaW9u\nX2V4cGlyeXECSwBVEl9hdXRoX3VzZXJfYmFja2VuZHEDVSlkamFuZ28uY29udHJpYi5hdXRoLmJh\nY2tlbmRzLk1vZGVsQmFja2VuZHEEVQ1fYXV0aF91c2VyX2lkcQVLs3Uu\n	2013-03-22 16:50:16.269483+00
f654f4bb0eb806dc2352248676fa2f56	ZGE1Yzk2NWVmNmZkMGEyOWE5M2E1ZjA4OTYwYWIxMzcyNDBiOGUxMDqAAn1xAVUad2l6YXJkX3R1\ndG9yX3NpZ251cF93aXphcmRxAn1xAyhVCnN0ZXBfZmlsZXNxBH1VBHN0ZXBxBVgFAAAAc3RlcDFx\nBlUKZXh0cmFfZGF0YXEHfVUJc3RlcF9kYXRhcQh9dXMu\n	2013-08-01 08:37:42.700522+00
639c67772137bced55bb0f50dccc563e	NjYzYWM2YmM0Yjk2OTkxZDUxZjU1ZDdkYmIwZTVlMmZkNDkzMzllNDqAAn1xAShVEl9hdXRoX3Vz\nZXJfYmFja2VuZHECVSlkamFuZ28uY29udHJpYi5hdXRoLmJhY2tlbmRzLk1vZGVsQmFja2VuZHED\nVQ1fYXV0aF91c2VyX2lkcQRLAXUu\n	2013-02-28 23:19:21.468984+00
4c1e94ff5fbb65a0ae05a61ed85d375c	ZjVlODYzMmM4Mjc3MzU3MzU3M2Y2NWRiMWM5OGM4YmQ0MWIxZGFjMzqAAn1xAS4=\n	2013-04-20 17:09:31.721887+00
cf59a9458b4d4dffb8cc2ac5da279be5	MTdjYjEzY2UzM2I4YjJlMzZmZTVlM2MyN2NmZDhiZTBiYWE4OWJjNTqAAn1xAShVD2RqYW5nb190\naW1lem9uZWNweXR6Cl9wCnECKFUNRXVyb3BlL0xvbmRvbnEDSwBLAFUDR01UcQR0UnEFVQ1fYXV0\naF91c2VyX2lkS69VEl9hdXRoX3VzZXJfYmFja2VuZFU2YXBwcy5jb21tb24udXRpbHMuYmFja2Vu\nZHMuQ2FzZUluc2Vuc2l0aXZlTW9kZWxCYWNrZW5kVQ9fc2Vzc2lvbl9leHBpcnlLAHUu\n	2013-03-11 16:50:43.465048+00
54bbe053593f61ef7e291f52f6cdd6d3	ZGNhMWY2ZDE5OWU2M2E4YmVmZmFkZmRhYzIyZjM4MzFmM2RmYTQ5YTqAAn1xAShVD19zZXNzaW9u\nX2V4cGlyeUsAVQ9kamFuZ29fdGltZXpvbmVjcHl0egpfcApxAihVBklzcmFlbHEDTQwhSwBVA0pN\nVHEEdFJxBVUSX2F1dGhfdXNlcl9iYWNrZW5kVTNhbGxhdXRoLmFjY291bnQuYXV0aF9iYWNrZW5k\ncy5BdXRoZW50aWNhdGlvbkJhY2tlbmRVDV9hdXRoX3VzZXJfaWRL+HUu\n	2013-07-17 12:48:09.024566+00
5b031b11d39bc2a990164efc0eb3c3dd	YWUxYTRjZmNiOWEyNGUwOWM2N2Y0OTQ0YTBhZGI1MWQxMmM2NDhkNjqAAn1xAShVD2RqYW5nb190\naW1lem9uZWNweXR6Cl9wCnECKFUKVVMvRWFzdGVybnEDSrC5//9LAFUDRVNUcQR0UnEFVQ1fYXV0\naF91c2VyX2lkigKOAFUSX2F1dGhfdXNlcl9iYWNrZW5kVSlkamFuZ28uY29udHJpYi5hdXRoLmJh\nY2tlbmRzLk1vZGVsQmFja2VuZHUu\n	2013-02-22 07:23:20.273375+00
630e4631161e0751d3f84a7d73a8bb89	NmQ4MmIxY2RjYjE3YzczYTlkNDI4YmRjZDlkMTJjNmZmYWU3MDU2NzqAAn1xAShVEl9hdXRoX3Vz\nZXJfYmFja2VuZHECVSlkamFuZ28uY29udHJpYi5hdXRoLmJhY2tlbmRzLk1vZGVsQmFja2VuZHED\nVQ1fYXV0aF91c2VyX2lkcQSKAtYAdS4=\n	2013-05-16 19:40:51.551381+00
f6a1ae2007c9cb5ccb1f1a84087e6608	NTg1N2I5ZTlhNDBjNDc5OTE5MDA2M2ZmOTUwMzIzOTAzZGFjMzhkZDqAAn1xAShVD2RqYW5nb190\naW1lem9uZWNweXR6Cl9wCnECKFUNQXNpYS9DYWxjdXR0YXEDTbxSSwBVA0hNVHEEdFJxBVUNX2F1\ndGhfdXNlcl9pZIoC6QBVEl9hdXRoX3VzZXJfYmFja2VuZFUpZGphbmdvLmNvbnRyaWIuYXV0aC5i\nYWNrZW5kcy5Nb2RlbEJhY2tlbmR1Lg==\n	2013-06-03 05:41:53.605804+00
782dcd2cfbfad775e19955ceef42862d	MThhZTU0NGQyY2Q1YmU0NWMyYWM2ODNjMTc1YzE0ZDQ2NDFmZWZjNjqAAn1xAShVD19zZXNzaW9u\nX2V4cGlyeXECSwBVEl9hdXRoX3VzZXJfYmFja2VuZHEDVTNhbGxhdXRoLmFjY291bnQuYXV0aF9i\nYWNrZW5kcy5BdXRoZW50aWNhdGlvbkJhY2tlbmRxBFUNX2F1dGhfdXNlcl9pZHEFS+51Lg==\n	2013-06-06 16:24:05.696201+00
19d87dc4ea1462309f4cd8d717549923	MWVmMmZlYjEzNmRhMzZiMDRkNzBlOTJiZjk1NTZjNjEwODgyYzE3ZDqAAn1xAShVD2RqYW5nb190\naW1lem9uZWNweXR6Cl9wCnECKFUTQWZyaWNhL0pvaGFubmVzYnVyZ3EDTRgVSwBVBFNBU1RxBHRS\ncQVVEl9hdXRoX3VzZXJfYmFja2VuZFUpZGphbmdvLmNvbnRyaWIuYXV0aC5iYWNrZW5kcy5Nb2Rl\nbEJhY2tlbmRVDV9hdXRoX3VzZXJfaWSKApQAdS4=\n	2013-02-25 15:25:56.104242+00
11b610f51b812a897b7196022dd89bff	YTE1NjA3MDBhNzIxNzVjMmRkN2RiM2FlNzUzZWVlZDBhMjkyYzJjNjqAAn1xAShVD2RqYW5nb190\naW1lem9uZWNweXR6Cl9wCnECKFUNRXVyb3BlL0xvbmRvbnEDSwBLAFUDR01UcQR0UnEFVQ1fYXV0\naF91c2VyX2lkigLBAFUSX2F1dGhfdXNlcl9iYWNrZW5kVSlkamFuZ28uY29udHJpYi5hdXRoLmJh\nY2tlbmRzLk1vZGVsQmFja2VuZHUu\n	2013-03-29 01:01:44.69249+00
706e5d8f075308af3d1a2931fa69502a	Yjg3ZDAyZjZiYTc0MjhkOTEwMzIxYjAxNGRlZWFlODRmZTI0YWQ3ZTqAAn1xAVUUc29jaWFsYWNj\nb3VudF9zaWdudXBxAn1xAyhVB2FjY291bnRxBGNkamFuZ28uZGIubW9kZWxzLmJhc2UKbW9kZWxf\ndW5waWNrbGUKcQVjYWxsYXV0aC5mYWNlYm9vay5tb2RlbHMKRmFjZWJvb2tBY2NvdW50CnEGXWNk\namFuZ28uZGIubW9kZWxzLmJhc2UKc2ltcGxlX2NsYXNzX2ZhY3RvcnkKcQeHUnEIfXEJKFUHdXNl\ncl9pZHEKTlUEbmFtZXELVQBVCXNvY2lhbF9pZHEMVQc1MzAyNjY0cQ1VBl9zdGF0ZXEOY2RqYW5n\nby5kYi5tb2RlbHMuYmFzZQpNb2RlbFN0YXRlCnEPKYFxEH1xEShVBmFkZGluZ3ESiFUCZGJxE051\nYlUUc29jaWFsYWNjb3VudF9wdHJfaWRxFE5VCmxhc3RfbG9naW5xFU5VBGxpbmtxFlUAVQJpZHEX\nTlULZGF0ZV9qb2luZWRxGE51YlUEZGF0YXEZfXEaKFUIdXNlcm5hbWVxG1UHcGhpbGZvZ3EcVQpm\naXJzdF9uYW1lcR1VBFBoaWxxHlUJbGFzdF9uYW1lcR9VBUZvZ2VscSBVC2ZhY2Vib29rX21lcSF9\ncSIoaBtoHFUDYmlvVbpJbWFnaW5hdGlvbiBpcyBtb3JlIGltcG9ydGFudCB0aGFuIGtub3dsZWRn\nZQ0KICANCg0KQW4gaW50ZWxsZWN0dWFsIGlzIGEgbWFuIHdobyB0YWtlcyBtb3JlIHdvcmRzIHRo\nYW4gbmVjZXNzYXJ5IHRvIHRlbGwgbW9yZSB0aGFuIGhlIGtub3dzLiAtIER3aWdodCBELiBFaXNl\nbmhvd2VyIA0KDQp3d3cuZm9nZWxuZWFsZS5jb21oHWgeaB9oIFUIdmVyaWZpZWSIVQRuYW1lcSNV\nClBoaWwgRm9nZWxVBmdlbmRlclUEbWFsZVUGbG9jYWxlVQVlbl9VU1UIaG9tZXRvd259cSQoVQJp\nZHElVQ8xMDkwMzA1OTI0NTIxODdoI1URQmF5c2lkZSwgTmV3IFlvcmt1VQR3b3JrXXEmfXEnKFUL\nZGVzY3JpcHRpb25VGlByaXZhdGUgV2VhbHRoIE1hbmFnZW1lbnQgVQhlbmRfZGF0ZVUHMDAwMC0w\nMFUIZW1wbG95ZXJ9cSgoaCVVDDI3MjY0MDc4MjU1N2gjVRRGb2dlbCBOZWFsZSBQYXJ0bmVyc3VV\nCHBvc2l0aW9ufXEpKGglVQ8xNDM5MjAyNTIzMDIxMzhoI1UQRm91bmRpbmcgUGFydG5lcnVVBHdp\ndGhdcSp9cSsoaCVVCjEyMDc3NDExMTVoI1UQRnJhbmsgU2lsdmVyYmVyZ3VhVQpzdGFydF9kYXRl\nVQcyMDA4LTA2dWFVBWVtYWlsVRFwaGlsZm9nQGdtYWlsLmNvbXEsVQlsYW5ndWFnZXNdcS0ofXEu\nKGglVQ8xMDYwNTk1MjI3NTkxMzdoI1UHRW5nbGlzaHV9cS8oaCVVDzExMzU5OTM4ODY1MDI0N2gj\nVQdLbGluZ29udWVVBnF1b3Rlc1RNAgAAIlRoZSBtYXJrZXQgYm90dG9tIGlzIHdoZXJlIFdhcnJl\nbiBCdWZmZXQgc2F5cyBpdCBpcyIgLSBtZSANCg0KIltHb2xkbWFuIFNhY2hzXSBlcXVpdHkgY2hp\nZWYgVG9tIFR1ZnQsIHN0cmF0ZWdpc3QgQWJieSBKb3NlcGggQ29oZW4sIGFuZCBhIG51bWJlciBv\nZiBvdGhlciB0b3AgZXhlY3V0aXZlcyB3ZXJlIHN0YW5kaW5nIGF0IHRoZSBwZWFybHkgZ2F0ZXMg\nd2hlbiAic3VkZGVubHkgdGhlIGJpZ2dlc3QgbGltbyB0aGV5J2QgZXZlciBzZWVuIGRyb3ZlIGJ5\nIGFuZCBvbiB0aGUgZG9vciBpdCBzYWlkOiBIYW5rIFBhdWxzb24ncyBMaW1vLiBTdXJwcmlzZWQs\nIFRvbSBUdWZ0IGxvb2tlZCB0byBTdC4gUGV0ZXIuICdUaGV5IGRpZG4ndCB0ZWxsIHVzIEhhbmsg\nUGF1bHNvbiB3YXMgY29taW5nLicNCg0KIidPaCwnIGFuc3dlcmVkIFN0LiBQZXRlciwgJ1RoYXQn\ncyBub3QgSGFuayBQYXVsc29uLCB0aGF0J3MgR29kLiBTb21ldGltZXMsIGhlIHRoaW5rcyBoZSdz\nIEhhbmsgUGF1bHNvbi4nIiIgLSBCZXR0ZSBNaWRsZXINCg0KIkltYWdpbmF0aW9uIGlzIG1vcmUg\naW1wb3J0YW50IHRoYW4ga25vd2xlZGdlIiAtIEFsYmVydCBFaW5zdGVpblUEbGlua1UfaHR0cDov\nL3d3dy5mYWNlYm9vay5jb20vcGhpbGZvZ1UIbG9jYXRpb259cTAoaCVVDzEwODQyNDI3OTE4OTEx\nNWgjVRJOZXcgWW9yaywgTmV3IFlvcmt1VRFmYXZvcml0ZV9hdGhsZXRlc11xMX1xMihoJVUPMTAz\nNzE4ODk5NjY2Mzk2aCNVEFN0ZXZlIEJhcnRrb3dza2l1YVUUaW5zcGlyYXRpb25hbF9wZW9wbGVd\ncTMofXE0KGglVQ8xMDYxMTE0MTI3NjAyOTNoI1UfR2VuZXJhbCBEd2lnaHQgRGF2aWQgRWlzZW5o\nb3dlcnV9cTUoaCVVDzEyNDEyNDA0MDk2NjA1MmgjVRFBYmJ5IEpvc2VwaCBDb2hlbnV9cTYoaCVV\nDzEwNzU3MjI2NTkzMjU3OGgjVQ9BbGJlcnQgRWluc3RlaW51fXE3KGglVQ8xMDgwMDIyNTkyMjgx\nMDRoI1URV2luc3RvbiBDaHVyY2hpbGx1fXE4KGglVQ8xMDk1Mzc0MjU3MzA3ODNoI1URR2Vvcmdl\nIFdhc2hpbmd0b251fXE5KGglVQ8xMTE4MDQwNjU1MDM1MDNoI1USQWxleGFuZGVyIEhhbWlsdG9u\ndX1xOihoJVUPMTAzNzIyMDk5NjY2OTY3aCNVC1dhbHQgRGlzbmV5dX1xOyhoJVUPMTA5NTE3NzIy\nNDA3NTc0aCNVDE1hcmsgTWVzc2llcnVlVQh0aW1lem9uZUr7////VQllZHVjYXRpb25dcTwofXE9\nKFUGc2Nob29scT59cT8oaCVVDzExMjAwNzEzODgxNjA5M2gjVRZTdHV5dmVzYW50IEhpZ2ggU2No\nb29sdVUEdHlwZXFAVQtIaWdoIFNjaG9vbHV9cUEoaD59cUIoaCVVDzEwODcyNzg4OTE1MTcyNWgj\nVRxHZW9yZ2UgV2FzaGluZ3RvbiBVbml2ZXJzaXR5dWhAVQdDb2xsZWdlVQ1jb25jZW50cmF0aW9u\ncUNdcUQofXFFKGglVQ8xMDU0MTU2OTYxNjAxMTJoI1UWSW50ZXJuYXRpb25hbCBCdXNpbmVzc3V9\ncUYoaCVVDzEwNzg3MDU4NTkwMzA4M2gjVQdGaW5hbmNldWVVBHllYXJxR31xSChoJVUPMTQxNzc4\nMDEyNTA5OTEzaCNVBDIwMDh1dX1xSShoPn1xSihoJVUPMTEyMzUzNDUyMTE1NTU0aCNVGkxvbmRv\nbiBTY2hvb2wgb2YgRWNvbm9taWNzdWhAVQdDb2xsZWdlaENdcUt9cUwoaCVVDzEwODE4MDk3OTIw\nMzk1NGgjVQlFY29ub21pY3N1YXV9cU0oaD59cU4oaCVVCjg1NzAxNjAxMzFoI1USQ29ybmVsbCBV\nbml2ZXJzaXR5dWhAVQ9HcmFkdWF0ZSBTY2hvb2xVBmRlZ3JlZX1xTyhoJVUPMTk2Mzc4OTAwMzgw\nMzEzaCNVA01CQXVoR31xUChoJVUPMTQyOTYzNTE5MDYwOTI3aCNVBDIwMTB1dWVVDHVwZGF0ZWRf\ndGltZVUYMjAxMy0wMS0xOFQxNTozMzoyMCswMDAwaCVoDXVVFWZhY2Vib29rX2FjY2Vzc190b2tl\nbnFRWG0AAABBQUFFS2xIZVBjaUlCQUFXbnNXRUxPVElPNXB0QnJKQklEcUloUGloY3dqNHRFUHp2\nUjJaQ29SWG41RmVLa2JHVlBFUDNxbnVHdDY0NTczZWJPRWU2aXNtWE9rd0F3YU14WkFEd0ZXUXda\nRFpEcVJVBWVtYWlscVNoLHV1cy4=\n	2013-03-11 23:37:05.938308+00
4a312a74705114b7d0e2f14a9408d866	N2M2M2RhNmRkYjE4MWY4MmNiZDFmM2M2MmE0MWE4YjliYTM0MGJmZTqAAn1xAShVEl9hdXRoX3Vz\nZXJfYmFja2VuZHECVSlkamFuZ28uY29udHJpYi5hdXRoLmJhY2tlbmRzLk1vZGVsQmFja2VuZHED\nVQ1fYXV0aF91c2VyX2lkcQSKAWd1Lg==\n	2013-02-18 16:09:07.37603+00
871f16de638d453bd268fdc634f125b2	ZGE1Yzk2NWVmNmZkMGEyOWE5M2E1ZjA4OTYwYWIxMzcyNDBiOGUxMDqAAn1xAVUad2l6YXJkX3R1\ndG9yX3NpZ251cF93aXphcmRxAn1xAyhVCnN0ZXBfZmlsZXNxBH1VBHN0ZXBxBVgFAAAAc3RlcDFx\nBlUKZXh0cmFfZGF0YXEHfVUJc3RlcF9kYXRhcQh9dXMu\n	2013-08-02 23:42:23.172812+00
eec4b33cfd58eb48094c073e065b459f	OWNiODUzN2RmNDM2ZGUzNzllMDQ0ZmNmY2RiODdiYzZjZjQ1MTM5YzqAAn1xAShVD2RqYW5nb190\naW1lem9uZXECY3B5dHoKX3AKcQMoVQlVUy9BbGFza2FxBEpgc///SwBVA0NBVHEFdFJxBlUNX2F1\ndGhfdXNlcl9pZIoCjwBVEl9hdXRoX3VzZXJfYmFja2VuZFUpZGphbmdvLmNvbnRyaWIuYXV0aC5i\nYWNrZW5kcy5Nb2RlbEJhY2tlbmR1Lg==\n	2013-02-21 22:33:34.730212+00
0cd3d2e16d80cbeac58cdce3ffc6c0f3	NWJiOTNkOGZjYTljMTU2NDJiNzIzNzQ3MDllYTRkNDkwNDQxY2ZkMDqAAn1xAShVD2RqYW5nb190\naW1lem9uZWNweXR6Cl9wCnECKFUNRXVyb3BlL0xvbmRvbnEDSwBLAFUDR01UcQR0UnEFVRJfYXV0\naF91c2VyX2JhY2tlbmRVKWRqYW5nby5jb250cmliLmF1dGguYmFja2VuZHMuTW9kZWxCYWNrZW5k\nVQ1fYXV0aF91c2VyX2lkigFQdS4=\n	2012-10-04 17:34:42.909002+00
372284d6ccd60e903507071136d96f34	ZTc4MTA1NDVkNzQwZjg5OTQxYmYxYWIwNDIwYWQ2MzVlN2Q1YmMwNDqAAn1xAShVD2RqYW5nb190\naW1lem9uZXECY3B5dHoKX3AKcQMoVQpVUy9FYXN0ZXJucQRKsLn//0sAVQNFU1RxBXRScQZVDV9h\ndXRoX3VzZXJfaWSKApwAVRJfYXV0aF91c2VyX2JhY2tlbmRVKWRqYW5nby5jb250cmliLmF1dGgu\nYmFja2VuZHMuTW9kZWxCYWNrZW5kdS4=\n	2013-02-26 20:29:49.176069+00
45228d132e203759e92827a3783d77c1	OTMxOGI4ZTE2NDdkZmIwNWE3YzY1YzQ2MWE1YTBmMWU5MGIzZGNlMDqAAn1xAShVD2RqYW5nb190\naW1lem9uZXECY3B5dHoKX3AKcQMoVQpVUy9FYXN0ZXJucQRKsLn//0sAVQNFU1RxBXRScQZVDV9h\ndXRoX3VzZXJfaWRLZFUSX2F1dGhfdXNlcl9iYWNrZW5kVSlkamFuZ28uY29udHJpYi5hdXRoLmJh\nY2tlbmRzLk1vZGVsQmFja2VuZFUPX3Nlc3Npb25fZXhwaXJ5SwB1Lg==\n	2013-03-07 01:11:53.306686+00
509b998ab507892adba25a11a13989cc	ZjVlODYzMmM4Mjc3MzU3MzU3M2Y2NWRiMWM5OGM4YmQ0MWIxZGFjMzqAAn1xAS4=\n	2013-02-27 05:03:12.049753+00
1016d3a43ee353c4a152798fcc484d7a	YjhjNmQwZTU4ZGY3YTFjZmU1MmMzZTk4ZjZjN2JkOTljZDBkZmEzMjqAAn1xAShVD19zZXNzaW9u\nX2V4cGlyeXECSwBVEl9hdXRoX3VzZXJfYmFja2VuZHEDVSlkamFuZ28uY29udHJpYi5hdXRoLmJh\nY2tlbmRzLk1vZGVsQmFja2VuZHEEVQ1fYXV0aF91c2VyX2lkcQVLlnUu\n	2013-04-04 04:47:46.282145+00
9b66e3528bb8d6c8d1f1091926940c9c	ZjVlODYzMmM4Mjc3MzU3MzU3M2Y2NWRiMWM5OGM4YmQ0MWIxZGFjMzqAAn1xAS4=\n	2013-06-17 21:29:07.742254+00
36bdf0cb06558ac264fc48f1f43b03b7	M2ViMGU0MjA4YTcyMGFkZGY5OTkzMWMzMzIwNGYyMGUwYzNhYWExYTqAAn1xAShVD2RqYW5nb190\naW1lem9uZWNweXR6Cl9wCnECKFUJVVMvQWxhc2thcQNKYHP//0sAVQNDQVRxBHRScQVVEl9hdXRo\nX3VzZXJfYmFja2VuZFUpZGphbmdvLmNvbnRyaWIuYXV0aC5iYWNrZW5kcy5Nb2RlbEJhY2tlbmRV\nDV9hdXRoX3VzZXJfaWSKAVx1Lg==\n	2013-02-16 21:09:26.380436+00
0fe79d6e2f0cea57a6d6c66075292433	NGJkMDE2NzdkNjcxOThjOGM3OTQ3YzAwMjdlMGRlYzQ1M2Y0ZjFhOTqAAn1xAShVD2RqYW5nb190\naW1lem9uZXECY3B5dHoKX3AKcQMoVQ1FdXJvcGUvRHVibGlucQRKJPr//0sAVQNETVRxBXRScQZV\nDV9hdXRoX3VzZXJfaWSKAt0AVRJfYXV0aF91c2VyX2JhY2tlbmRVKWRqYW5nby5jb250cmliLmF1\ndGguYmFja2VuZHMuTW9kZWxCYWNrZW5kdS4=\n	2013-05-19 08:20:41.575208+00
9151abd0d3b8d8d37a7cf6f85c6033da	ZjVlODYzMmM4Mjc3MzU3MzU3M2Y2NWRiMWM5OGM4YmQ0MWIxZGFjMzqAAn1xAS4=\n	2013-07-12 19:55:48.874067+00
c391712d6c0962a04db28a21708aa464	YmY4Yzk2MTY1ZmI1NTI2ZTVjMzMzODE4ZDM5NmQxYTc0MDFhMjQ4OTqAAn1xAShVD2RqYW5nb190\naW1lem9uZWNweXR6Cl9wCnECKFUKVVMvRWFzdGVybnEDSrC5//9LAFUDRVNUcQR0UnEFVQ1fYXV0\naF91c2VyX2lkigKqAFUSX2F1dGhfdXNlcl9iYWNrZW5kVSlkamFuZ28uY29udHJpYi5hdXRoLmJh\nY2tlbmRzLk1vZGVsQmFja2VuZHUu\n	2013-03-08 22:51:53.917582+00
ca1285c6da755e98f9a6a865b6fe0b73	OWIzMzNiNjBhNWI5NGVhODMwNDgxNWIyYjliYjE5MTc1MDhiMjhlNTqAAn1xAShVD2RqYW5nb190\naW1lem9uZWNweXR6Cl9wCnECKFUKVVMvRWFzdGVybnEDSrC5//9LAFUDRVNUcQR0UnEFVQ1fYXV0\naF91c2VyX2lkS8NVEl9hdXRoX3VzZXJfYmFja2VuZFU2YXBwcy5jb21tb24udXRpbHMuYmFja2Vu\nZHMuQ2FzZUluc2Vuc2l0aXZlTW9kZWxCYWNrZW5kVQ9fc2Vzc2lvbl9leHBpcnlLAHUu\n	2013-05-30 17:35:58.208304+00
6fca0a076682a56a69b708f7c813dc9e	Y2RhNzRjOWM1NmE0NTU0MWNlZGIzNzQ0ZGUwYjQ4N2UxNTMwOTM3YTqAAn1xAShVD19zZXNzaW9u\nX2V4cGlyeXECSwBVEl9hdXRoX3VzZXJfYmFja2VuZHEDVTZhcHBzLmNvbW1vbi51dGlscy5iYWNr\nZW5kcy5DYXNlSW5zZW5zaXRpdmVNb2RlbEJhY2tlbmRxBFUNX2F1dGhfdXNlcl9pZHEFS8p1Lg==\n	2013-06-18 21:17:49.10088+00
f89e557cd71d20f094277477e9bb345d	ZjVlODYzMmM4Mjc3MzU3MzU3M2Y2NWRiMWM5OGM4YmQ0MWIxZGFjMzqAAn1xAS4=\n	2013-04-20 17:12:36.146191+00
320da57695af5b18de99c78b0057188f	YjY4ZTNhMDJhMDg3NWJhZDVkZDIwYjEzYmQwNzA4N2M0Yzk0ZThjMTqAAn1xAShVD19zZXNzaW9u\nX2V4cGlyeXECSwBVEl9hdXRoX3VzZXJfYmFja2VuZHEDVTZhcHBzLmNvbW1vbi51dGlscy5iYWNr\nZW5kcy5DYXNlSW5zZW5zaXRpdmVNb2RlbEJhY2tlbmRxBFUNX2F1dGhfdXNlcl9pZHEFS9t1Lg==\n	2013-06-03 01:29:46.296872+00
19a25a0ce8630b43ccfd2d87e803e890	Y2Y5NmZjYWMyNmIwYmNjMzYxNzVhNWI1N2U0MzE1MTJlYTM0ODYwNTqAAn1xAShVD2RqYW5nb190\naW1lem9uZXECY3B5dHoKX3AKcQMoVQ9DYW5hZGEvQXRsYW50aWNxBEp4xP//SwBVA0xNVHEFdFJx\nBlUNX2F1dGhfdXNlcl9pZIoC1wBVEl9hdXRoX3VzZXJfYmFja2VuZFUpZGphbmdvLmNvbnRyaWIu\nYXV0aC5iYWNrZW5kcy5Nb2RlbEJhY2tlbmR1Lg==\n	2013-05-16 20:33:40.443575+00
eeb468c87c697c189900e487ed444366	Y2ZmOWQwMzA3ZTg4YjIxZThkNzBmOWUyNTdlMjI3MGViMTFmMTQzNTqAAn1xAShVD2RqYW5nb190\naW1lem9uZWNweXR6Cl9wCnECKFUKVVMvRWFzdGVybnEDSrC5//9LAFUDRVNUcQR0UnEFVQ1fYXV0\naF91c2VyX2lkigK6AFUSX2F1dGhfdXNlcl9iYWNrZW5kVSlkamFuZ28uY29udHJpYi5hdXRoLmJh\nY2tlbmRzLk1vZGVsQmFja2VuZHUu\n	2013-03-25 14:31:13.056792+00
805b1e72fecbcbdd6f2e8e41b95da8b7	ZmQ2NzNkYzQ5MGJkZjYxNzhiMzg3MmI1YWFiMWUyYzEzMDM0NzVmNjqAAn1xAShVD19zZXNzaW9u\nX2V4cGlyeXECSwBVEl9hdXRoX3VzZXJfYmFja2VuZHEDVTNhbGxhdXRoLmFjY291bnQuYXV0aF9i\nYWNrZW5kcy5BdXRoZW50aWNhdGlvbkJhY2tlbmRxBFUNX2F1dGhfdXNlcl9pZHEFS8B1Lg==\n	2013-03-29 15:13:19.552285+00
a1fbe5bdf1277a6d37475a25cab75497	ZGE1Yzk2NWVmNmZkMGEyOWE5M2E1ZjA4OTYwYWIxMzcyNDBiOGUxMDqAAn1xAVUad2l6YXJkX3R1\ndG9yX3NpZ251cF93aXphcmRxAn1xAyhVCnN0ZXBfZmlsZXNxBH1VBHN0ZXBxBVgFAAAAc3RlcDFx\nBlUKZXh0cmFfZGF0YXEHfVUJc3RlcF9kYXRhcQh9dXMu\n	2013-08-01 08:54:44.819107+00
284df57e94cffc67c148866b313b0f24	YTFhYzhhZWEwZjM1NzdjNDQwYzEzYzZjZDUxMGM1NjZjMDYxMjExYTqAAn1xAVUad2l6YXJkX3R1\ndG9yX3NpZ251cF93aXphcmR9cQIoVQpzdGVwX2ZpbGVzcQN9VQRzdGVwcQRYBQAAAHN0ZXAxcQVV\nCmV4dHJhX2RhdGFxBn1VCXN0ZXBfZGF0YXEHfXVzLg==\n	2013-08-01 14:40:09.995991+00
3a2662e8e982cb3111da40389ce9455c	ZGE1Yzk2NWVmNmZkMGEyOWE5M2E1ZjA4OTYwYWIxMzcyNDBiOGUxMDqAAn1xAVUad2l6YXJkX3R1\ndG9yX3NpZ251cF93aXphcmRxAn1xAyhVCnN0ZXBfZmlsZXNxBH1VBHN0ZXBxBVgFAAAAc3RlcDFx\nBlUKZXh0cmFfZGF0YXEHfVUJc3RlcF9kYXRhcQh9dXMu\n	2013-08-01 17:09:30.163187+00
0ed66beeea0c1caa7df087bd1b97bd59	MzFjN2U2YjM4ODQxNDk3NGM0MTg4ODFkMjUxMmI5YTk5MWFlY2FjNjqAAn1xAShVD2RqYW5nb190\naW1lem9uZWNweXR6Cl9wCnECKFUNQXNpYS9DYWxjdXR0YXEDTbxSSwBVA0hNVHEEdFJxBVUSX2F1\ndGhfdXNlcl9iYWNrZW5kVSlkamFuZ28uY29udHJpYi5hdXRoLmJhY2tlbmRzLk1vZGVsQmFja2Vu\nZFUNX2F1dGhfdXNlcl9pZIoC7wB1Lg==\n	2013-06-08 19:29:56.968607+00
160f84095c316db07e9fb663059291f9	ZGE1Yzk2NWVmNmZkMGEyOWE5M2E1ZjA4OTYwYWIxMzcyNDBiOGUxMDqAAn1xAVUad2l6YXJkX3R1\ndG9yX3NpZ251cF93aXphcmRxAn1xAyhVCnN0ZXBfZmlsZXNxBH1VBHN0ZXBxBVgFAAAAc3RlcDFx\nBlUKZXh0cmFfZGF0YXEHfVUJc3RlcF9kYXRhcQh9dXMu\n	2013-08-01 20:05:45.779571+00
c0a97d2e10d20e94911348c4765845eb	YzM2Y2FkYjk4NjM2ZWQ3YzUyYmZiYTMxZTBlYTQ4NDljZWQyMDNhYTqAAn1xAShVD2RqYW5nb190\naW1lem9uZWNweXR6Cl9wCnECKFUQQW1lcmljYS9Bbmd1aWxsYXEDSvDE//9LAFUDTE1UcQR0UnEF\nVRJfYXV0aF91c2VyX2JhY2tlbmRVKWRqYW5nby5jb250cmliLmF1dGguYmFja2VuZHMuTW9kZWxC\nYWNrZW5kVQ1fYXV0aF91c2VyX2lkigIHAXUu\n	2013-07-29 22:47:30.392129+00
30660241c0403af94197cbb05ba97199	ZTVlZGEwMGExZjhkMGE2NDg4NzA2ZDZjMmRjYmUwNGY0NjY4NGVkNzqAAn1xAShVD19zZXNzaW9u\nX2V4cGlyeXECSwBVEl9hdXRoX3VzZXJfYmFja2VuZHEDVSlkamFuZ28uY29udHJpYi5hdXRoLmJh\nY2tlbmRzLk1vZGVsQmFja2VuZHEEVQ1fYXV0aF91c2VyX2lkcQVLs3Uu\n	2013-05-29 14:54:38.907681+00
9c2b3f3c983cf51e674c98166482c698	ZGE1Yzk2NWVmNmZkMGEyOWE5M2E1ZjA4OTYwYWIxMzcyNDBiOGUxMDqAAn1xAVUad2l6YXJkX3R1\ndG9yX3NpZ251cF93aXphcmRxAn1xAyhVCnN0ZXBfZmlsZXNxBH1VBHN0ZXBxBVgFAAAAc3RlcDFx\nBlUKZXh0cmFfZGF0YXEHfVUJc3RlcF9kYXRhcQh9dXMu\n	2013-08-02 15:34:09.654965+00
0ba9e030ecc9b03c92d4f46ca4d4aaa7	YzBjODIxMTYwZWY4ZDU1YTU1Mzg0NjMxMWVjMTAxYjg2ZDQ0MmNlZjqAAn1xAShVD19zZXNzaW9u\nX2V4cGlyeXECSwBVEl9hdXRoX3VzZXJfYmFja2VuZHEDVSlkamFuZ28uY29udHJpYi5hdXRoLmJh\nY2tlbmRzLk1vZGVsQmFja2VuZHEEVQ1fYXV0aF91c2VyX2lkcQVLW3Uu\n	2013-02-18 16:19:46.036214+00
dc9d7d28916a28080813105df14799db	YWQ5MzYyMWZmY2JlMDc4NTE5NzQwZDE3OTE5MjJiNTFlOWY0MzZhNTqAAn1xAShVEl9hdXRoX3Vz\nZXJfYmFja2VuZHECVSlkamFuZ28uY29udHJpYi5hdXRoLmJhY2tlbmRzLk1vZGVsQmFja2VuZHED\nVQ1fYXV0aF91c2VyX2lkcQSKAsIAdS4=\n	2013-04-06 08:15:04.322423+00
dcb0cf5e184fdf468ad6a6c20aaa89e9	ZjVlODYzMmM4Mjc3MzU3MzU3M2Y2NWRiMWM5OGM4YmQ0MWIxZGFjMzqAAn1xAS4=\n	2013-05-29 15:01:08.125399+00
90071553d7e15d256d164ba25fee29d1	ZGE1Yzk2NWVmNmZkMGEyOWE5M2E1ZjA4OTYwYWIxMzcyNDBiOGUxMDqAAn1xAVUad2l6YXJkX3R1\ndG9yX3NpZ251cF93aXphcmRxAn1xAyhVCnN0ZXBfZmlsZXNxBH1VBHN0ZXBxBVgFAAAAc3RlcDFx\nBlUKZXh0cmFfZGF0YXEHfVUJc3RlcF9kYXRhcQh9dXMu\n	2013-08-03 00:09:14.112536+00
54c3eeb738acea9fa99b6399a57b1f6a	MTE4OTAyZjkwMjkxZjhlM2FlOTc5ZTk0ZDk1YjMyYTA0ZDk1OGU2ZTqAAn1xAShVD2RqYW5nb190\naW1lem9uZWNweXR6Cl9wCnECKFUJVVMvQWxhc2thcQNKYHP//0sAVQNDQVRxBHRScQVVDV9hdXRo\nX3VzZXJfaWSKArEAVRJfYXV0aF91c2VyX2JhY2tlbmRVKWRqYW5nby5jb250cmliLmF1dGguYmFj\na2VuZHMuTW9kZWxCYWNrZW5kdS4=\n	2013-03-12 02:01:18.301189+00
1e87cb39d63c9bfaff8c96df588dc79b	OGVhOWMwZGMyMjg2MWQxMzhjZDFhYTgwZTVlYjJjNTc5ZTRkMWQ5NTqAAn1xAShVD19zZXNzaW9u\nX2V4cGlyeXECSwBVEl9hdXRoX3VzZXJfYmFja2VuZHEDVTZhcHBzLmNvbW1vbi51dGlscy5iYWNr\nZW5kcy5DYXNlSW5zZW5zaXRpdmVNb2RlbEJhY2tlbmRxBFUNX2F1dGhfdXNlcl9pZHEFS011Lg==\n	2013-02-12 01:00:54.480616+00
fdf10916c7d7bb30a6dae1725f08aeb6	NWJkYmU3OTEwODA1YjZlNzc1ZjFmM2JlM2M4M2U5MjRhZGQ5YzY3MDqAAn1xAShVD2RqYW5nb190\naW1lem9uZXECY3B5dHoKX3AKcQMoVRFFdXJvcGUvQ29wZW5oYWdlbnEETRAOSwBVA0NFVHEFdFJx\nBlUNX2F1dGhfdXNlcl9pZIoC5ABVEl9hdXRoX3VzZXJfYmFja2VuZFUpZGphbmdvLmNvbnRyaWIu\nYXV0aC5iYWNrZW5kcy5Nb2RlbEJhY2tlbmR1Lg==\n	2013-05-21 18:39:07.347241+00
7fd9a995af23b1e993aafb2619f3ac4a	ODFlOWY4YjJkODNkZGQ1ZTZjNjdmZWU1NmRhYTBhMzllZTliMzM0YzqAAn1xAShVD2RqYW5nb190\naW1lem9uZWNweXR6Cl9wCnECKFUKVVMvRWFzdGVybnEDSrC5//9LAFUDRVNUcQR0UnEFVRJfYXV0\naF91c2VyX2JhY2tlbmRVKWRqYW5nby5jb250cmliLmF1dGguYmFja2VuZHMuTW9kZWxCYWNrZW5k\nVQ1fYXV0aF91c2VyX2lkigFddS4=\n	2013-02-18 16:47:29.976116+00
5ee6d5a951a84583fde4defc8fedeb66	MTI0ODYwNzc1OTkxZmVmYzYzZGQ5ODUzNGRhMTE5MTI5MTE0ZDVhYTqAAn1xAShVD2RqYW5nb190\naW1lem9uZWNweXR6Cl9wCnECKFUKVVMvQ2VudHJhbHEDSqCr//9LAFUDQ1NUcQR0UnEFVRJfYXV0\naF91c2VyX2JhY2tlbmRVKWRqYW5nby5jb250cmliLmF1dGguYmFja2VuZHMuTW9kZWxCYWNrZW5k\nVQ1fYXV0aF91c2VyX2lkigKfAHUu\n	2013-02-27 20:37:27.40228+00
f7180e4bdec4c62e8927793a7ae45882	ZjQwMGY2NThkZWJjOTgyNTI3NmM3OGI3M2NjNjVmZmUxNWRlYmMwYzqAAn1xAShVD19zZXNzaW9u\nX2V4cGlyeXECSwBVEl9hdXRoX3VzZXJfYmFja2VuZHEDVTZhcHBzLmNvbW1vbi51dGlscy5iYWNr\nZW5kcy5DYXNlSW5zZW5zaXRpdmVNb2RlbEJhY2tlbmRxBFUNX2F1dGhfdXNlcl9pZHEFS4h1Lg==\n	2013-02-21 04:23:16.292997+00
6cfa79052b722baea4d17872c462a2c6	ZDQwYTRjZDUzYjI0MTc1ZjkxYjAzYWI4YTIzOTUxYmNkMWMzMzFkMDqAAn1xAShVD2RqYW5nb190\naW1lem9uZWNweXR6Cl9wCnECKFUKVVMvRWFzdGVybnEDSrC5//9LAFUDRVNUcQR0UnEFVQ1fYXV0\naF91c2VyX2lkigKQAFUSX2F1dGhfdXNlcl9iYWNrZW5kVSlkamFuZ28uY29udHJpYi5hdXRoLmJh\nY2tlbmRzLk1vZGVsQmFja2VuZHUu\n	2013-02-22 16:57:23.391323+00
e938c057d2eadb92a772e0e62a95a6de	NWI5YTBkYjAxZTMyODRiZWE0ZTkwMjY0Zjg1YjQ2ODY0NmRiOGJiNjqAAn1xAShVD19zZXNzaW9u\nX2V4cGlyeXECSwBVEl9hdXRoX3VzZXJfYmFja2VuZHEDVSlkamFuZ28uY29udHJpYi5hdXRoLmJh\nY2tlbmRzLk1vZGVsQmFja2VuZHEEVQ1fYXV0aF91c2VyX2lkcQVLQ3Uu\n	2013-03-13 18:19:12.902788+00
95e225b8e9cf6ba0122544806ee5d0f4	OTQwNzVkOGRjZDBiMzIxZWNhODdmOTMyNDhmZDI3ZTA2Y2Y3NDQ3ZTqAAn1xAShVEl9hdXRoX3Vz\nZXJfYmFja2VuZHECVTZhcHBzLmNvbW1vbi51dGlscy5iYWNrZW5kcy5DYXNlSW5zZW5zaXRpdmVN\nb2RlbEJhY2tlbmRxA1UNX2F1dGhfdXNlcl9pZHEESwF1Lg==\n	2013-03-01 18:33:48.180953+00
2c6a18d066d033a9b7f254ceb1f33fa5	ZjVlODYzMmM4Mjc3MzU3MzU3M2Y2NWRiMWM5OGM4YmQ0MWIxZGFjMzqAAn1xAS4=\n	2013-03-11 16:51:35.112806+00
ab37cb8ba29a61c867440a3bfb1d888f	ODdmNDMxNTk5ZTE0NmEzZWUwMDBkNWRmNzliMjUzOGZkOTkxMzUwMDqAAn1xAShVD19zZXNzaW9u\nX2V4cGlyeXECSwBVEl9hdXRoX3VzZXJfYmFja2VuZHEDVTNhbGxhdXRoLmFjY291bnQuYXV0aF9i\nYWNrZW5kcy5BdXRoZW50aWNhdGlvbkJhY2tlbmRxBFUNX2F1dGhfdXNlcl9pZHEFS6F1Lg==\n	2013-03-04 14:43:14.327789+00
ed79fe9c71024e6b075c112c221ebcfa	ZjVlODYzMmM4Mjc3MzU3MzU3M2Y2NWRiMWM5OGM4YmQ0MWIxZGFjMzqAAn1xAS4=\n	2013-04-20 17:19:11.272705+00
18ff084105736623f92b4b81ddb6cb00	ZGE1Yzk2NWVmNmZkMGEyOWE5M2E1ZjA4OTYwYWIxMzcyNDBiOGUxMDqAAn1xAVUad2l6YXJkX3R1\ndG9yX3NpZ251cF93aXphcmRxAn1xAyhVCnN0ZXBfZmlsZXNxBH1VBHN0ZXBxBVgFAAAAc3RlcDFx\nBlUKZXh0cmFfZGF0YXEHfVUJc3RlcF9kYXRhcQh9dXMu\n	2013-08-02 18:12:30.260091+00
b3f7b84e91b7f48a2aacf7f8e38e34b9	NjBjYTc4MzQxNWMyMzE3ZDlkMjAyYTQwZTMxOTgyOWE2OTQxMzU4NzqAAn1xAShVD2RqYW5nb190\naW1lem9uZWNweXR6Cl9wCnECKFUJU2luZ2Fwb3JlcQNNRGFLAFUDU01UcQR0UnEFVRJfYXV0aF91\nc2VyX2JhY2tlbmRVKWRqYW5nby5jb250cmliLmF1dGguYmFja2VuZHMuTW9kZWxCYWNrZW5kVQ1f\nYXV0aF91c2VyX2lkigLwAHUu\n	2013-06-18 15:02:34.133966+00
b9f076c4b08f4dc5f61a42c0c1af9e96	ZjVlODYzMmM4Mjc3MzU3MzU3M2Y2NWRiMWM5OGM4YmQ0MWIxZGFjMzqAAn1xAS4=\n	2013-08-01 00:07:21.666423+00
f9d57172bd887ec051be8bdb1b4dff2a	ZGE1Yzk2NWVmNmZkMGEyOWE5M2E1ZjA4OTYwYWIxMzcyNDBiOGUxMDqAAn1xAVUad2l6YXJkX3R1\ndG9yX3NpZ251cF93aXphcmRxAn1xAyhVCnN0ZXBfZmlsZXNxBH1VBHN0ZXBxBVgFAAAAc3RlcDFx\nBlUKZXh0cmFfZGF0YXEHfVUJc3RlcF9kYXRhcQh9dXMu\n	2013-08-01 10:41:16.682648+00
bf0d276362b24186e4b57072360c61a6	ZTYxOWQyNDJlMWFlMjE3MDE3N2FhMTZkMmNjNTcxYWZlZTU1OTljYzqAAn1xAShVEl9hdXRoX3Vz\nZXJfYmFja2VuZHECVSlkamFuZ28uY29udHJpYi5hdXRoLmJhY2tlbmRzLk1vZGVsQmFja2VuZHED\nVQ1fYXV0aF91c2VyX2lkcQSKAtgAdS4=\n	2013-05-16 20:20:30.605305+00
fa972200580016906476c6bd955700a3	ZGE1Yzk2NWVmNmZkMGEyOWE5M2E1ZjA4OTYwYWIxMzcyNDBiOGUxMDqAAn1xAVUad2l6YXJkX3R1\ndG9yX3NpZ251cF93aXphcmRxAn1xAyhVCnN0ZXBfZmlsZXNxBH1VBHN0ZXBxBVgFAAAAc3RlcDFx\nBlUKZXh0cmFfZGF0YXEHfVUJc3RlcF9kYXRhcQh9dXMu\n	2013-08-01 14:39:13.38434+00
67e0997b208edb90419f3a20ac550231	ZGE1Yzk2NWVmNmZkMGEyOWE5M2E1ZjA4OTYwYWIxMzcyNDBiOGUxMDqAAn1xAVUad2l6YXJkX3R1\ndG9yX3NpZ251cF93aXphcmRxAn1xAyhVCnN0ZXBfZmlsZXNxBH1VBHN0ZXBxBVgFAAAAc3RlcDFx\nBlUKZXh0cmFfZGF0YXEHfVUJc3RlcF9kYXRhcQh9dXMu\n	2013-08-01 17:24:37.762582+00
9b366c86718799ad0c8fbe8c4c4ced63	ZGE1Yzk2NWVmNmZkMGEyOWE5M2E1ZjA4OTYwYWIxMzcyNDBiOGUxMDqAAn1xAVUad2l6YXJkX3R1\ndG9yX3NpZ251cF93aXphcmRxAn1xAyhVCnN0ZXBfZmlsZXNxBH1VBHN0ZXBxBVgFAAAAc3RlcDFx\nBlUKZXh0cmFfZGF0YXEHfVUJc3RlcF9kYXRhcQh9dXMu\n	2013-08-08 00:03:25.340286+00
def95a3b0614693ba38cdea265fec85e	ZGE1Yzk2NWVmNmZkMGEyOWE5M2E1ZjA4OTYwYWIxMzcyNDBiOGUxMDqAAn1xAVUad2l6YXJkX3R1\ndG9yX3NpZ251cF93aXphcmRxAn1xAyhVCnN0ZXBfZmlsZXNxBH1VBHN0ZXBxBVgFAAAAc3RlcDFx\nBlUKZXh0cmFfZGF0YXEHfVUJc3RlcF9kYXRhcQh9dXMu\n	2013-08-01 20:05:55.169892+00
1a2a8d8f0e5c16367385de2d18f30643	ZjVlODYzMmM4Mjc3MzU3MzU3M2Y2NWRiMWM5OGM4YmQ0MWIxZGFjMzqAAn1xAS4=\n	2013-06-25 21:22:13.366188+00
f81c223ddd8e4e307e7ad288d9d54495	ZGE1Yzk2NWVmNmZkMGEyOWE5M2E1ZjA4OTYwYWIxMzcyNDBiOGUxMDqAAn1xAVUad2l6YXJkX3R1\ndG9yX3NpZ251cF93aXphcmRxAn1xAyhVCnN0ZXBfZmlsZXNxBH1VBHN0ZXBxBVgFAAAAc3RlcDFx\nBlUKZXh0cmFfZGF0YXEHfVUJc3RlcF9kYXRhcQh9dXMu\n	2013-08-01 22:24:11.395152+00
f0c208838853b89042815d160db51ab5	ZGE1Yzk2NWVmNmZkMGEyOWE5M2E1ZjA4OTYwYWIxMzcyNDBiOGUxMDqAAn1xAVUad2l6YXJkX3R1\ndG9yX3NpZ251cF93aXphcmRxAn1xAyhVCnN0ZXBfZmlsZXNxBH1VBHN0ZXBxBVgFAAAAc3RlcDFx\nBlUKZXh0cmFfZGF0YXEHfVUJc3RlcF9kYXRhcQh9dXMu\n	2013-08-12 18:27:45.534776+00
62e8500c7d44e1f2f654ce6f5cdb873a	ZGE1Yzk2NWVmNmZkMGEyOWE5M2E1ZjA4OTYwYWIxMzcyNDBiOGUxMDqAAn1xAVUad2l6YXJkX3R1\ndG9yX3NpZ251cF93aXphcmRxAn1xAyhVCnN0ZXBfZmlsZXNxBH1VBHN0ZXBxBVgFAAAAc3RlcDFx\nBlUKZXh0cmFfZGF0YXEHfVUJc3RlcF9kYXRhcQh9dXMu\n	2013-08-02 07:18:28.006561+00
fdd806488ecfe8af23d3af9f56fcb485	ZGE1Yzk2NWVmNmZkMGEyOWE5M2E1ZjA4OTYwYWIxMzcyNDBiOGUxMDqAAn1xAVUad2l6YXJkX3R1\ndG9yX3NpZ251cF93aXphcmRxAn1xAyhVCnN0ZXBfZmlsZXNxBH1VBHN0ZXBxBVgFAAAAc3RlcDFx\nBlUKZXh0cmFfZGF0YXEHfVUJc3RlcF9kYXRhcQh9dXMu\n	2013-08-02 15:34:33.702081+00
022d52963a8b8be4d8a51591b992ce62	NjYzYWM2YmM0Yjk2OTkxZDUxZjU1ZDdkYmIwZTVlMmZkNDkzMzllNDqAAn1xAShVEl9hdXRoX3Vz\nZXJfYmFja2VuZHECVSlkamFuZ28uY29udHJpYi5hdXRoLmJhY2tlbmRzLk1vZGVsQmFja2VuZHED\nVQ1fYXV0aF91c2VyX2lkcQRLAXUu\n	2013-02-26 20:44:05.349136+00
3695625609887f49760e76b00fdaea67	MWM1MTZlNTY5ZGVhZGU5YjY1ZmE5YzYxNWFhYjRiZTE5YzI1MDVmMjqAAn1xAShVD2RqYW5nb190\naW1lem9uZXECY3B5dHoKX3AKcQMoVQpVUy9FYXN0ZXJucQRKsLn//0sAVQNFU1RxBXRScQZVDV9h\ndXRoX3VzZXJfaWSKAV5VEl9hdXRoX3VzZXJfYmFja2VuZFUpZGphbmdvLmNvbnRyaWIuYXV0aC5i\nYWNrZW5kcy5Nb2RlbEJhY2tlbmR1Lg==\n	2013-02-11 16:10:46.180761+00
ecd08faa26e1b7d98388a2f5ff399b3d	ZTVlZGEwMGExZjhkMGE2NDg4NzA2ZDZjMmRjYmUwNGY0NjY4NGVkNzqAAn1xAShVD19zZXNzaW9u\nX2V4cGlyeXECSwBVEl9hdXRoX3VzZXJfYmFja2VuZHEDVSlkamFuZ28uY29udHJpYi5hdXRoLmJh\nY2tlbmRzLk1vZGVsQmFja2VuZHEEVQ1fYXV0aF91c2VyX2lkcQVLs3Uu\n	2013-07-12 22:05:53.133785+00
5f5870feba6f79ada5bb81fdd1760efa	NTMwYzA3MzhmZjgwY2ZmYWM2NGZkOTU2NjNmNGFlOTM2NGQxYjY0YTqAAn1xAShVD2RqYW5nb190\naW1lem9uZXECY3B5dHoKX3AKcQMoVQpVUy9FYXN0ZXJucQRKsLn//0sAVQNFU1RxBXRScQZVDV9h\ndXRoX3VzZXJfaWSKAucAVRJfYXV0aF91c2VyX2JhY2tlbmRVKWRqYW5nby5jb250cmliLmF1dGgu\nYmFja2VuZHMuTW9kZWxCYWNrZW5kdS4=\n	2013-05-29 22:37:37.453575+00
0eba106cc3d73d4807ba709e6061bc24	ZjVlODYzMmM4Mjc3MzU3MzU3M2Y2NWRiMWM5OGM4YmQ0MWIxZGFjMzqAAn1xAS4=\n	2013-02-25 17:50:24.341445+00
432fb08a2f1f90d3f040648980ce0cab	Mjk5NGEwYWZhYjQzZjJiZWRlODUzNWZjMWJmNjc3OGY1MmQ0NTdmODqAAn1xAShVD2RqYW5nb190\naW1lem9uZXECY3B5dHoKX3AKcQMoVQpVUy9FYXN0ZXJucQRKsLn//0sAVQNFU1RxBXRScQZVDV9h\ndXRoX3VzZXJfaWRLWlUSX2F1dGhfdXNlcl9iYWNrZW5kVTNhbGxhdXRoLmFjY291bnQuYXV0aF9i\nYWNrZW5kcy5BdXRoZW50aWNhdGlvbkJhY2tlbmRVD19zZXNzaW9uX2V4cGlyeUsAdS4=\n	2013-02-28 16:32:54.665695+00
1071bce5100d80261b1bc33083e64bba	MTM5NmJjYzk0ZTkyNDJkNjdjMTcxZDQ1OWE1ODY3NTJkODhkMWI3ZTqAAn1xAShVD2RqYW5nb190\naW1lem9uZWNweXR6Cl9wCnECKFUKVVMvRWFzdGVybnEDSrC5//9LAFUDRVNUcQR0UnEFVQ1fYXV0\naF91c2VyX2lkigFjVRJfYXV0aF91c2VyX2JhY2tlbmRVKWRqYW5nby5jb250cmliLmF1dGguYmFj\na2VuZHMuTW9kZWxCYWNrZW5kdS4=\n	2013-02-16 17:50:25.673774+00
a69f92733738e82289c7f107dda7c680	NjM5NjQyMDZmMDY1OGQwZDg5NzRhMTg3OWNiODBhNTQyNzVjMTdjZDqAAn1xAShVD19zZXNzaW9u\nX2V4cGlyeXECSwBVEl9hdXRoX3VzZXJfYmFja2VuZHEDVTNhbGxhdXRoLmFjY291bnQuYXV0aF9i\nYWNrZW5kcy5BdXRoZW50aWNhdGlvbkJhY2tlbmRxBFUNX2F1dGhfdXNlcl9pZHEFS+V1Lg==\n	2013-05-21 19:21:48.896241+00
296d840d30ad38ed1c38f9036042fed7	MWRhNjM1OTY1OTU4MTkwOGIzZGM3M2I4MmRkN2QyYWFjMGI1NmFkNjqAAn1xAShVD19zZXNzaW9u\nX2V4cGlyeXECSwBVEl9hdXRoX3VzZXJfYmFja2VuZHEDVSlkamFuZ28uY29udHJpYi5hdXRoLmJh\nY2tlbmRzLk1vZGVsQmFja2VuZHEEVQ1fYXV0aF91c2VyX2lkcQVLAXUu\n	2013-02-16 20:55:34.714252+00
7e1f8a46db1acc078726973bdf58d963	N2I5NDg5NWE2MmViOGI1N2EwOWQzN2EzNmY5ZmY4ODVlMWM4YzU0NzqAAn1xAShVD2RqYW5nb190\naW1lem9uZWNweXR6Cl9wCnECKFUKVVMvRWFzdGVybnEDSrC5//9LAFUDRVNUcQR0UnEFVQ1fYXV0\naF91c2VyX2lkigLDAFUSX2F1dGhfdXNlcl9iYWNrZW5kVSlkamFuZ28uY29udHJpYi5hdXRoLmJh\nY2tlbmRzLk1vZGVsQmFja2VuZHUu\n	2013-04-07 02:12:26.955838+00
513080bf008190d6b16496fea8d473f4	YWNlYzQyNzc3NjJiNjFiOGUwOTk3ODQ3Y2RjOTNlYTJiNjcwYTJkMTqAAn1xAShVD2RqYW5nb190\naW1lem9uZWNweXR6Cl9wCnECKFUNRXVyb3BlL0R1YmxpbnEDSiT6//9LAFUDRE1UcQR0UnEFVRJf\nYXV0aF91c2VyX2JhY2tlbmRVKWRqYW5nby5jb250cmliLmF1dGguYmFja2VuZHMuTW9kZWxCYWNr\nZW5kVQ1fYXV0aF91c2VyX2lkigKyAHUu\n	2013-03-12 10:38:24.714986+00
80ea557bb95e14be2c9064fbd3f3f383	ZjVlODYzMmM4Mjc3MzU3MzU3M2Y2NWRiMWM5OGM4YmQ0MWIxZGFjMzqAAn1xAS4=\n	2013-06-17 21:29:09.297271+00
37b82e4e67e3a44fec56e5ddb784a61f	ZGE1Yzk2NWVmNmZkMGEyOWE5M2E1ZjA4OTYwYWIxMzcyNDBiOGUxMDqAAn1xAVUad2l6YXJkX3R1\ndG9yX3NpZ251cF93aXphcmRxAn1xAyhVCnN0ZXBfZmlsZXNxBH1VBHN0ZXBxBVgFAAAAc3RlcDFx\nBlUKZXh0cmFfZGF0YXEHfVUJc3RlcF9kYXRhcQh9dXMu\n	2013-08-08 00:03:43.036121+00
b3e02f9512ecd508a6923f3e5b05815d	MmExMmQ5Yjc5ODkwYzc4ZGRiMzViNGMyOWU5OGQyMTAzOTg1ODdkMDqAAn1xAShVD2RqYW5nb190\naW1lem9uZXECY3B5dHoKX3AKcQMoVQ1Bc2lhL0NhbGN1dHRhcQRNvFJLAFUDSE1UcQV0UnEGVQ1f\nYXV0aF91c2VyX2lkS8VVEl9hdXRoX3VzZXJfYmFja2VuZFUpZGphbmdvLmNvbnRyaWIuYXV0aC5i\nYWNrZW5kcy5Nb2RlbEJhY2tlbmRVD19zZXNzaW9uX2V4cGlyeUsAdS4=\n	2013-04-12 08:26:23.718314+00
b5fc50c8e55c11d79e2b1df8df27db9a	N2RiZDU4OTJjYWI4ZGUxYTAyZGE2YmVjZGVhYmIxYmIyODhlNzY5YzqAAn1xAShVD2RqYW5nb190\naW1lem9uZWNweXR6Cl9wCnECKFUKVVMvQ2VudHJhbHEDSqCr//9LAFUDQ1NUcQR0UnEFVRJfYXV0\naF91c2VyX2JhY2tlbmRVKWRqYW5nby5jb250cmliLmF1dGguYmFja2VuZHMuTW9kZWxCYWNrZW5k\nVQ1fYXV0aF91c2VyX2lkigKNAHUu\n	2013-02-21 14:10:22.924174+00
0dbb8795a841f5292b375db0dbef5cef	MzNlNWZhZDBjZTNiOWFiNTc3NzM5MDZkMDVjZDA1YjRlZDAyN2NjMDqAAn1xAShVD2RqYW5nb190\naW1lem9uZWNweXR6Cl9wCnECKFUJVVMvQWxhc2thcQNKYHP//0sAVQNDQVRxBHRScQVVEl9hdXRo\nX3VzZXJfYmFja2VuZFUpZGphbmdvLmNvbnRyaWIuYXV0aC5iYWNrZW5kcy5Nb2RlbEJhY2tlbmRV\nDV9hdXRoX3VzZXJfaWSKArQAdS4=\n	2013-03-13 21:13:41.221547+00
f38be2c44094c3f002e7e3d0d26463e2	ZGE1Yzk2NWVmNmZkMGEyOWE5M2E1ZjA4OTYwYWIxMzcyNDBiOGUxMDqAAn1xAVUad2l6YXJkX3R1\ndG9yX3NpZ251cF93aXphcmRxAn1xAyhVCnN0ZXBfZmlsZXNxBH1VBHN0ZXBxBVgFAAAAc3RlcDFx\nBlUKZXh0cmFfZGF0YXEHfVUJc3RlcF9kYXRhcQh9dXMu\n	2013-08-02 18:28:29.852141+00
b6b07cc2aa1ba0072a0578c58c597997	ZjVlODYzMmM4Mjc3MzU3MzU3M2Y2NWRiMWM5OGM4YmQ0MWIxZGFjMzqAAn1xAS4=\n	2013-04-20 17:19:19.282268+00
8d57b373a9b9743c6b107076059cfd55	ZGE1Yzk2NWVmNmZkMGEyOWE5M2E1ZjA4OTYwYWIxMzcyNDBiOGUxMDqAAn1xAVUad2l6YXJkX3R1\ndG9yX3NpZ251cF93aXphcmRxAn1xAyhVCnN0ZXBfZmlsZXNxBH1VBHN0ZXBxBVgFAAAAc3RlcDFx\nBlUKZXh0cmFfZGF0YXEHfVUJc3RlcF9kYXRhcQh9dXMu\n	2013-08-02 18:54:48.988361+00
12a2befe0879d2fae74d8f4e0402e684	Y2RhNzRjOWM1NmE0NTU0MWNlZGIzNzQ0ZGUwYjQ4N2UxNTMwOTM3YTqAAn1xAShVD19zZXNzaW9u\nX2V4cGlyeXECSwBVEl9hdXRoX3VzZXJfYmFja2VuZHEDVTZhcHBzLmNvbW1vbi51dGlscy5iYWNr\nZW5kcy5DYXNlSW5zZW5zaXRpdmVNb2RlbEJhY2tlbmRxBFUNX2F1dGhfdXNlcl9pZHEFS8p1Lg==\n	2013-04-23 02:04:38.810344+00
6329439c3210ba508b472e1f0172d9cf	ZGE1Yzk2NWVmNmZkMGEyOWE5M2E1ZjA4OTYwYWIxMzcyNDBiOGUxMDqAAn1xAVUad2l6YXJkX3R1\ndG9yX3NpZ251cF93aXphcmRxAn1xAyhVCnN0ZXBfZmlsZXNxBH1VBHN0ZXBxBVgFAAAAc3RlcDFx\nBlUKZXh0cmFfZGF0YXEHfVUJc3RlcF9kYXRhcQh9dXMu\n	2013-08-01 11:13:49.274238+00
6625c418054e89cfaffefdb5f90cdd66	ZjVlODYzMmM4Mjc3MzU3MzU3M2Y2NWRiMWM5OGM4YmQ0MWIxZGFjMzqAAn1xAS4=\n	2013-06-21 21:59:27.64084+00
aa7ec92c11b69df388a27b5a2058316b	YTFhYzhhZWEwZjM1NzdjNDQwYzEzYzZjZDUxMGM1NjZjMDYxMjExYTqAAn1xAVUad2l6YXJkX3R1\ndG9yX3NpZ251cF93aXphcmR9cQIoVQpzdGVwX2ZpbGVzcQN9VQRzdGVwcQRYBQAAAHN0ZXAxcQVV\nCmV4dHJhX2RhdGFxBn1VCXN0ZXBfZGF0YXEHfXVzLg==\n	2013-08-02 19:35:52.73516+00
55c44b2e543d87eb0283f6c6d97a06b0	ZjVlODYzMmM4Mjc3MzU3MzU3M2Y2NWRiMWM5OGM4YmQ0MWIxZGFjMzqAAn1xAS4=\n	2013-07-10 22:55:14.774232+00
2b34eefa4fe678b8e8baac0c90575175	ZGE1Yzk2NWVmNmZkMGEyOWE5M2E1ZjA4OTYwYWIxMzcyNDBiOGUxMDqAAn1xAVUad2l6YXJkX3R1\ndG9yX3NpZ251cF93aXphcmRxAn1xAyhVCnN0ZXBfZmlsZXNxBH1VBHN0ZXBxBVgFAAAAc3RlcDFx\nBlUKZXh0cmFfZGF0YXEHfVUJc3RlcF9kYXRhcQh9dXMu\n	2013-08-01 17:35:43.805618+00
fae16b8bb27e3295d6dc045ad6c23b94	OGI5ZjBmNjQxZmIwOTAxNmRkYzk5YTBjMWZjNGQ4MmU1M2M5YzBlMjqAAn1xAShVD19zZXNzaW9u\nX2V4cGlyeXECSwBVEl9hdXRoX3VzZXJfYmFja2VuZHEDVSlkamFuZ28uY29udHJpYi5hdXRoLmJh\nY2tlbmRzLk1vZGVsQmFja2VuZHEEVQ1fYXV0aF91c2VyX2lkcQVL+HUu\n	2013-07-30 14:27:02.365344+00
1c27e222f496e7cd5de3346c31038290	ZGE1Yzk2NWVmNmZkMGEyOWE5M2E1ZjA4OTYwYWIxMzcyNDBiOGUxMDqAAn1xAVUad2l6YXJkX3R1\ndG9yX3NpZ251cF93aXphcmRxAn1xAyhVCnN0ZXBfZmlsZXNxBH1VBHN0ZXBxBVgFAAAAc3RlcDFx\nBlUKZXh0cmFfZGF0YXEHfVUJc3RlcF9kYXRhcQh9dXMu\n	2013-08-01 22:24:11.692509+00
ef1ce31615fbc8c055a65c713bb7359f	ZGE1Yzk2NWVmNmZkMGEyOWE5M2E1ZjA4OTYwYWIxMzcyNDBiOGUxMDqAAn1xAVUad2l6YXJkX3R1\ndG9yX3NpZ251cF93aXphcmRxAn1xAyhVCnN0ZXBfZmlsZXNxBH1VBHN0ZXBxBVgFAAAAc3RlcDFx\nBlUKZXh0cmFfZGF0YXEHfVUJc3RlcF9kYXRhcQh9dXMu\n	2013-08-02 01:22:13.37542+00
39484741f6580ae8b362b1c8bc2c4558	NjYzYWM2YmM0Yjk2OTkxZDUxZjU1ZDdkYmIwZTVlMmZkNDkzMzllNDqAAn1xAShVEl9hdXRoX3Vz\nZXJfYmFja2VuZHECVSlkamFuZ28uY29udHJpYi5hdXRoLmJhY2tlbmRzLk1vZGVsQmFja2VuZHED\nVQ1fYXV0aF91c2VyX2lkcQRLAXUu\n	2012-10-08 04:18:02.048935+00
ac3c4653f9f5314e296a6b73e591e835	YTFhYzhhZWEwZjM1NzdjNDQwYzEzYzZjZDUxMGM1NjZjMDYxMjExYTqAAn1xAVUad2l6YXJkX3R1\ndG9yX3NpZ251cF93aXphcmR9cQIoVQpzdGVwX2ZpbGVzcQN9VQRzdGVwcQRYBQAAAHN0ZXAxcQVV\nCmV4dHJhX2RhdGFxBn1VCXN0ZXBfZGF0YXEHfXVzLg==\n	2013-08-03 00:09:46.809769+00
68c4fee2adadcb3fda408fe477b76cd5	ZjVlODYzMmM4Mjc3MzU3MzU3M2Y2NWRiMWM5OGM4YmQ0MWIxZGFjMzqAAn1xAS4=\n	2013-02-22 17:59:37.797216+00
31bfc07a710af3080ef7fa0f7218a924	ZTljOWI5MzVhOWJmZTg3NzM3YTNlMWVlYmYwM2U2NGU2YzA0MThkNzqAAn1xAShVD19zZXNzaW9u\nX2V4cGlyeXECSwBVEl9hdXRoX3VzZXJfYmFja2VuZHEDVSlkamFuZ28uY29udHJpYi5hdXRoLmJh\nY2tlbmRzLk1vZGVsQmFja2VuZHEEVQ1fYXV0aF91c2VyX2lkcQVL4HUu\n	2013-07-14 15:59:58.408169+00
26c318bd96757330c5a9bea1e978ad47	ZmJiY2VjMjhhMTYzYmNiYjhmMjNhN2VlYTUzNGVhMmRiMmQ3MTlkNjqAAn1xAShVD19zZXNzaW9u\nX2V4cGlyeXECSwBVEl9hdXRoX3VzZXJfYmFja2VuZHEDVSlkamFuZ28uY29udHJpYi5hdXRoLmJh\nY2tlbmRzLk1vZGVsQmFja2VuZHEEVQ1fYXV0aF91c2VyX2lkcQVL83Uu\n	2013-07-30 16:19:37.39153+00
038cb6679831d2ebccfcec0c6a0e0a44	M2Q0NWU1ZWI3MDI4MTM4OTZhYTQyMzlkNjg2ZDEzYzZlNWJlNDUzNDqAAn1xAShVD19zZXNzaW9u\nX2V4cGlyeXECSwBVEl9hdXRoX3VzZXJfYmFja2VuZHEDVSlkamFuZ28uY29udHJpYi5hdXRoLmJh\nY2tlbmRzLk1vZGVsQmFja2VuZHEEVQ1fYXV0aF91c2VyX2lkcQVL6nUu\n	2013-06-03 12:02:53.504635+00
073429ac294d1dc9c95449c0312c59ed	YzBjODIxMTYwZWY4ZDU1YTU1Mzg0NjMxMWVjMTAxYjg2ZDQ0MmNlZjqAAn1xAShVD19zZXNzaW9u\nX2V4cGlyeXECSwBVEl9hdXRoX3VzZXJfYmFja2VuZHEDVSlkamFuZ28uY29udHJpYi5hdXRoLmJh\nY2tlbmRzLk1vZGVsQmFja2VuZHEEVQ1fYXV0aF91c2VyX2lkcQVLW3Uu\n	2013-02-17 16:55:01.073313+00
3f27aeef9335bfd7b0b62acebd7d1261	ZjVlODYzMmM4Mjc3MzU3MzU3M2Y2NWRiMWM5OGM4YmQ0MWIxZGFjMzqAAn1xAS4=\n	2013-03-02 06:15:27.833538+00
675e62cce8ac67b7034a40148343c1ef	ZGE1Yzk2NWVmNmZkMGEyOWE5M2E1ZjA4OTYwYWIxMzcyNDBiOGUxMDqAAn1xAVUad2l6YXJkX3R1\ndG9yX3NpZ251cF93aXphcmRxAn1xAyhVCnN0ZXBfZmlsZXNxBH1VBHN0ZXBxBVgFAAAAc3RlcDFx\nBlUKZXh0cmFfZGF0YXEHfVUJc3RlcF9kYXRhcQh9dXMu\n	2013-08-08 00:07:41.627763+00
b7faa1e088c86ddd630f9c7e97722c5a	ZDFjOWU4Y2IwYTM1NmUyYzE0ZGFkZmY5NTlmZmQzYTM2YTQ0YmI3MTqAAn1xAShVD19zZXNzaW9u\nX2V4cGlyeXECSwBVEl9hdXRoX3VzZXJfYmFja2VuZHEDVSlkamFuZ28uY29udHJpYi5hdXRoLmJh\nY2tlbmRzLk1vZGVsQmFja2VuZHEEVQ1fYXV0aF91c2VyX2lkcQVLWHUu\n	2013-02-20 16:05:15.778176+00
b2315e75c418cc58255f5b4fbf13feb3	ZTVlZGEwMGExZjhkMGE2NDg4NzA2ZDZjMmRjYmUwNGY0NjY4NGVkNzqAAn1xAShVD19zZXNzaW9u\nX2V4cGlyeXECSwBVEl9hdXRoX3VzZXJfYmFja2VuZHEDVSlkamFuZ28uY29udHJpYi5hdXRoLmJh\nY2tlbmRzLk1vZGVsQmFja2VuZHEEVQ1fYXV0aF91c2VyX2lkcQVLs3Uu\n	2013-03-21 03:53:32.000773+00
c41520e4611f1bd8a998fc86a8a707dc	MGNkMWM5MTlkYTE4ZDVjN2JmNjk0MDkwNTRiZjE3MjY0ZGUzM2U2YTqAAn1xAVUKdGVzdGNvb2tp\nZVUGd29ya2VkcQJzLg==\n	2013-06-30 17:51:38.073501+00
0bb172f102e9e31b8ded5d0e70497712	MGE4Nzg4MGNiZDZjZTllMjNmYTNmYTZmMWViODY3NDFiNTQ2MTAyZjqAAn1xAShVD2RqYW5nb190\naW1lem9uZXECY3B5dHoKX3AKcQMoVQ5BZnJpY2EvQWJpZGphbnEESkD8//9LAFUDTE1UcQV0UnEG\nVQ1fYXV0aF91c2VyX2lkigK7AFUSX2F1dGhfdXNlcl9iYWNrZW5kVSlkamFuZ28uY29udHJpYi5h\ndXRoLmJhY2tlbmRzLk1vZGVsQmFja2VuZHUu\n	2013-03-25 21:21:58.129492+00
c56b7b0a267b1752d0fe0a54cbbac1a2	YjM0NThiNzBmN2ZiMDRmOWY1Yzk2NTIwZWU1OWI3MjI4ZTNkMjBhMDqAAn1xAShVD2RqYW5nb190\naW1lem9uZWNweXR6Cl9wCnECKFUNRXVyb3BlL0xvbmRvbnEDSwBLAFUDR01UcQR0UnEFVRJfYXV0\naF91c2VyX2JhY2tlbmRVKWRqYW5nby5jb250cmliLmF1dGguYmFja2VuZHMuTW9kZWxCYWNrZW5k\nVQ1fYXV0aF91c2VyX2lkigLEAHUu\n	2013-04-07 09:18:55.298177+00
3f51a5c779eb029c3dcd257a385ec0ca	MzExZjQ5ZjJhNDhkZjhiYTAxODUyZTI3YjRjMGRiNjg5MzRhZTM3MDqAAn1xAShVD2RqYW5nb190\naW1lem9uZWNweXR6Cl9wCnECKFUKVVMvRWFzdGVybnEDSrC5//9LAFUDRVNUcQR0UnEFVRJfYXV0\naF91c2VyX2JhY2tlbmRVKWRqYW5nby5jb250cmliLmF1dGguYmFja2VuZHMuTW9kZWxCYWNrZW5k\nVQ1fYXV0aF91c2VyX2lkigLOAHUu\n	2013-05-13 20:51:30.129957+00
aabccdf86fa4a2af42f36b0084de9011	YTFhYzhhZWEwZjM1NzdjNDQwYzEzYzZjZDUxMGM1NjZjMDYxMjExYTqAAn1xAVUad2l6YXJkX3R1\ndG9yX3NpZ251cF93aXphcmR9cQIoVQpzdGVwX2ZpbGVzcQN9VQRzdGVwcQRYBQAAAHN0ZXAxcQVV\nCmV4dHJhX2RhdGFxBn1VCXN0ZXBfZGF0YXEHfXVzLg==\n	2013-08-01 12:44:57.972961+00
d5ac029cb7bd4b8ac7ea2f0f976b605a	ZjVlODYzMmM4Mjc3MzU3MzU3M2Y2NWRiMWM5OGM4YmQ0MWIxZGFjMzqAAn1xAS4=\n	2013-05-16 21:42:04.979479+00
2be32bd294f66c7adc2791f5503f0f61	Y2U0OTg2Mzk2ZTFlOThjYjk5YTZiYTZjMjFhNTkwNDY2ODlhOTE1YjqAAn1xAShVD2RqYW5nb190\naW1lem9uZXECY3B5dHoKX3AKcQMoVQ1FdXJvcGUvTG9uZG9ucQRLAEsAVQNHTVRxBXRScQZVDV9h\ndXRoX3VzZXJfaWSKAgMBVRJfYXV0aF91c2VyX2JhY2tlbmRVKWRqYW5nby5jb250cmliLmF1dGgu\nYmFja2VuZHMuTW9kZWxCYWNrZW5kdS4=\n	2013-07-25 21:21:12.239523+00
a31f1e80a078d7d3183e0e71d20ecfdc	Njc5MDY4MzkxNTdiMjE5NzI0MTFjMTkzZjhlZjRkOWZlMTUxYjkwMzqAAn1xAShVD2RqYW5nb190\naW1lem9uZWNweXR6Cl9wCnECKFUKVVMvUGFjaWZpY3EDSoCP//9LAFUDUFNUcQR0UnEFVRJfYXV0\naF91c2VyX2JhY2tlbmRVKWRqYW5nby5jb250cmliLmF1dGguYmFja2VuZHMuTW9kZWxCYWNrZW5k\nVQ1fYXV0aF91c2VyX2lkigL6AHUu\n	2013-07-04 00:32:07.696494+00
2d8cc09572f85a3588719a51e125c982	MDMxYjA4NWZhODU0MzkwOTAyYzMzNWQ2M2M0ZWRkZDNkODE1ZjNhMjqAAn1xAVUUc29jaWFsYWNj\nb3VudF9zaWdudXBxAn1xAyhVB2FjY291bnRxBGNkamFuZ28uZGIubW9kZWxzLmJhc2UKbW9kZWxf\ndW5waWNrbGUKcQVjYWxsYXV0aC5mYWNlYm9vay5tb2RlbHMKRmFjZWJvb2tBY2NvdW50CnEGXWNk\namFuZ28uZGIubW9kZWxzLmJhc2UKc2ltcGxlX2NsYXNzX2ZhY3RvcnkKcQeHUnEIfXEJKFUHdXNl\ncl9pZHEKTlUEbmFtZXELVQBVCXNvY2lhbF9pZHEMVQ8xMDAwMDA3MzkxNDY1NjdxDVUGX3N0YXRl\ncQ5jZGphbmdvLmRiLm1vZGVscy5iYXNlCk1vZGVsU3RhdGUKcQ8pgXEQfXERKFUGYWRkaW5ncRKI\nVQJkYnETTnViVRRzb2NpYWxhY2NvdW50X3B0cl9pZHEUTlUKbGFzdF9sb2dpbnEVTlUEbGlua3EW\nVQBVAmlkcRdOVQtkYXRlX2pvaW5lZHEYTnViVQRkYXRhcRl9cRooVQh1c2VybmFtZXEbVQttYXRo\nc2tzdXJ5YXEcVQpmaXJzdF9uYW1lcR1VBVN1cnlhcR5VCWxhc3RfbmFtZXEfVQdQcmFrYXNocSBV\nC2ZhY2Vib29rX21lcSF9cSIoaBtoHGgdaB5oH2ggVQh2ZXJpZmllZIhVBG5hbWVxI1UNU3VyeWEg\nUHJha2FzaFUGbG9jYWxlVQVlbl9VU1UGZ2VuZGVyVQRtYWxlVQVlbWFpbFUVbWF0aHNrc3VyeWFA\neWFob28uY29tcSRVCWxhbmd1YWdlc11xJSh9cSYoVQJpZHEnVQ8xMDYwNTk1MjI3NTkxMzdoI1UH\nRW5nbGlzaHV9cSgoaCdVDDM0MzMwNjQxMzI2MGgjVQVUYW1pbHVlVQx1cGRhdGVkX3RpbWVVGDIw\nMTMtMDUtMTNUMTQ6Mzc6MTQrMDAwMFUEbGlua1UjaHR0cDovL3d3dy5mYWNlYm9vay5jb20vbWF0\naHNrc3VyeWFVCHRpbWV6b25lR0AWAAAAAAAAVQllZHVjYXRpb25dcSkofXEqKFUGc2Nob29scSt9\ncSwoaCdVDzExODAxNzM1MTU2MTA0MWgjVQROQUFNdVUEdHlwZXEtVQtIaWdoIFNjaG9vbFUEeWVh\ncnEufXEvKGgnVQ8xMzE4MjEwNjAxOTUyMTBoI1UEMTk5N3V1fXEwKGgrfXExKGgnVQ8xMDY2MzQ0\nNzkzODc4NjBoI1UbVkhOU04gQ29sbGVnZSwgVmlydWRodW5hZ2FydWgtVQdDb2xsZWdlaC59cTIo\naCdVDzExMzEyNTEyNTQwMzIwOGgjVQQyMDA0dXVlaCdoDXVVFWZhY2Vib29rX2FjY2Vzc190b2tl\nbnEzWLEAAABDQUFFS2xIZVBjaUlCQU9kME5DRXBCU3dEc3l1cXpPSWliQkdIb1pDQ2plZGt2bGw1\nSEJXVVFVd1VndTVJNjhKa3dGRlpBUEhUNjBzN2hqZ3djaTlDSTB1M2g4VkpqSjduMlhYWkJnSFRL\nalI1U0VsaUVDRXY4TllaQkNXb01ZWkJyblZEMVM1Z1dnaVFJY2Noc0tTeTd5SUMyZkpQbjFKWkFG\nYnBuR2RvVmxKQVpEWkRxNFUFZW1haWxxNWgkdXVzLg==\n	2013-07-07 09:09:10.909981+00
d60ede4a917d1a8412c55ef24b185f18	OGMzNDJkNzRhNzExODNjYWIzYTljZWFhYjgyMDBkNzUzM2U2YjdiNTqAAn1xAShVD2RqYW5nb190\naW1lem9uZXECY3B5dHoKX3AKcQMoVQlVUy9BbGFza2FxBEpgc///SwBVA0NBVHEFdFJxBlUNX2F1\ndGhfdXNlcl9pZIoCywBVEl9hdXRoX3VzZXJfYmFja2VuZFUpZGphbmdvLmNvbnRyaWIuYXV0aC5i\nYWNrZW5kcy5Nb2RlbEJhY2tlbmR1Lg==\n	2013-04-25 04:33:36.727888+00
51488f1b07791923ad4aded538652c13	MmFlMTk5MjRjZGM5Yjk4YjhjOTRiNDFiMjU1YjY0NmJlNjc5NDc5NDqAAn1xAShVD19zZXNzaW9u\nX2V4cGlyeXECSwBVEl9hdXRoX3VzZXJfYmFja2VuZHEDVTNhbGxhdXRoLmFjY291bnQuYXV0aF9i\nYWNrZW5kcy5BdXRoZW50aWNhdGlvbkJhY2tlbmRxBFUNX2F1dGhfdXNlcl9pZHEFS/h1Lg==\n	2013-07-30 14:28:10.9413+00
412372aa21c35d1dc10849286c4e0ce4	MGNkMWM5MTlkYTE4ZDVjN2JmNjk0MDkwNTRiZjE3MjY0ZGUzM2U2YTqAAn1xAVUKdGVzdGNvb2tp\nZVUGd29ya2VkcQJzLg==\n	2013-08-01 16:01:19.114833+00
b4f9ee32825b436c1821a54a644f54f9	ZGE1Yzk2NWVmNmZkMGEyOWE5M2E1ZjA4OTYwYWIxMzcyNDBiOGUxMDqAAn1xAVUad2l6YXJkX3R1\ndG9yX3NpZ251cF93aXphcmRxAn1xAyhVCnN0ZXBfZmlsZXNxBH1VBHN0ZXBxBVgFAAAAc3RlcDFx\nBlUKZXh0cmFfZGF0YXEHfVUJc3RlcF9kYXRhcQh9dXMu\n	2013-08-01 17:48:53.922742+00
49b04c949f5a0c28f117178a3eb5afb7	ZGE1Yzk2NWVmNmZkMGEyOWE5M2E1ZjA4OTYwYWIxMzcyNDBiOGUxMDqAAn1xAVUad2l6YXJkX3R1\ndG9yX3NpZ251cF93aXphcmRxAn1xAyhVCnN0ZXBfZmlsZXNxBH1VBHN0ZXBxBVgFAAAAc3RlcDFx\nBlUKZXh0cmFfZGF0YXEHfVUJc3RlcF9kYXRhcQh9dXMu\n	2013-08-02 15:49:40.167068+00
cbbdb6453b108e6b84cd213973240167	ZWZkZDMwOTFjZjk5YTE2YTk1ZDkxYWE0YjA0NzdjOTliMmU2ZGIzMjqAAn1xAShVD19zZXNzaW9u\nX2V4cGlyeXECSwBVEl9hdXRoX3VzZXJfYmFja2VuZHEDVSlkamFuZ28uY29udHJpYi5hdXRoLmJh\nY2tlbmRzLk1vZGVsQmFja2VuZHEEVQ1fYXV0aF91c2VyX2lkcQVLZXUu\n	2013-02-18 18:22:13.095074+00
fd07cc612ae6c629c64871b1de17651b	ODQ5YzUyNDdmODRhOGY1MjU0OTgxNzdiMTY0YzRlMDgwNzA4NzhlNjqAAn1xAShVEl9hdXRoX3Vz\nZXJfYmFja2VuZHECVSlkamFuZ28uY29udHJpYi5hdXRoLmJhY2tlbmRzLk1vZGVsQmFja2VuZHED\nVQ1fYXV0aF91c2VyX2lkcQSKApEAdS4=\n	2013-02-23 20:39:58.89714+00
aa640c5bb30caba1ad0b5681e5a02263	ZjVlODYzMmM4Mjc3MzU3MzU3M2Y2NWRiMWM5OGM4YmQ0MWIxZGFjMzqAAn1xAS4=\n	2013-02-12 16:05:50.442831+00
7d9b08aba4843eb51098817488b9d972	ZjVlODYzMmM4Mjc3MzU3MzU3M2Y2NWRiMWM5OGM4YmQ0MWIxZGFjMzqAAn1xAS4=\n	2013-03-07 18:29:22.14488+00
24ba604e69e77f4461180e49a426f666	ZjVlODYzMmM4Mjc3MzU3MzU3M2Y2NWRiMWM5OGM4YmQ0MWIxZGFjMzqAAn1xAS4=\n	2013-05-30 08:43:48.645138+00
990a6a8d79235781e5a1623b295aab68	ZGI4ZmFhOTk0Y2YzZTM3MDRiYTM1YzcyYmI3ZGFkZDFhYjAzNDQ0ZTqAAn1xAVUUc29jaWFsYWNj\nb3VudF9zaWdudXBxAn1xAyhVB2FjY291bnRxBGNkamFuZ28uZGIubW9kZWxzLmJhc2UKbW9kZWxf\ndW5waWNrbGUKcQVjYWxsYXV0aC5mYWNlYm9vay5tb2RlbHMKRmFjZWJvb2tBY2NvdW50CnEGXWNk\namFuZ28uZGIubW9kZWxzLmJhc2UKc2ltcGxlX2NsYXNzX2ZhY3RvcnkKcQeHUnEIfXEJKFUHdXNl\ncl9pZHEKTlUEbmFtZXELVQBVCXNvY2lhbF9pZHEMVQk1Njg2NzU0NThxDVUGX3N0YXRlcQ5jZGph\nbmdvLmRiLm1vZGVscy5iYXNlCk1vZGVsU3RhdGUKcQ8pgXEQfXERKFUGYWRkaW5ncRKIVQJkYnET\nTnViVRRzb2NpYWxhY2NvdW50X3B0cl9pZHEUTlUKbGFzdF9sb2dpbnEVTlUEbGlua3EWVQBVAmlk\ncRdOVQtkYXRlX2pvaW5lZHEYTnViVQRkYXRhcRl9cRooVQh1c2VybmFtZXEbVQxjb2xlaWRpYW1v\nbmRxHFUKZmlyc3RfbmFtZXEdVQ1Db2xlIEdyYXBoaXRlcR5VCWxhc3RfbmFtZXEfVQdEaWFtb25k\ncSBVC2ZhY2Vib29rX21lcSF9cSIoaBtoHFUDYmlvVfJJJ20gZGVsaWdodGZ1bDsKSSBsaWtlIHRv\nIGVhdCBpY2UgY3JlYW0sCmFuZCBJIHJlYWxseSBlbmpveQphIG5pY2UgcGFpciBvZiBzbGFja3MK\nClRoaXMgcHJvZmlsZSBoYXMgYmVlbiBicm91Z2h0IHRvIHlvdSBieSB0aGUgbGV0dGVyICcnRScn\nCgpJRiBZT1UgSEFWRSBBTlkgUFJPQkxFTVMgV0lUSCBUSElTIEZBQ0VCT09LIFBBR0UsIFBMRUFT\nRSBDT05UQUNUIENPUkVZIE1PU1MgRk9SIFRFQ0hOSUNBTCBTVVBQT1JUCgoKLmgdaB5oH2ggVQh2\nZXJpZmllZIhVBG5hbWVxI1UVQ29sZSBHcmFwaGl0ZSBEaWFtb25kVQhyZWxpZ2lvblUGSmV3aXNo\nVQZsb2NhbGVVBWVuX1VTVQhob21ldG93bn1xJChVAmlkcSVVDzEwNzQ3NjIzOTI4MjM1OWgjVRRH\ncmVhdCBOZWNrLCBOZXcgWW9ya3VVCXBvbGl0aWNhbFUNQnJlbmRhbiBCZXJyeVUFZW1haWxVFWNk\naWFtb25kMTExQGdtYWlsLmNvbXEmVQlsYW5ndWFnZXNdcScofXEoKGglVQ8xMDYwNTk1MjI3NTkx\nMzdoI1UHRW5nbGlzaHV9cSkoaCVVDDMxMjUyNTI5NjM3MGgjVQdTcGFuaXNodWVVBnF1b3Rlc1Qq\nBwAAInJlbGlnaW9uIGlzIHRoZSBhZC1ob2MgYmFuZC1haWQgdG8gcGF0Y2ggdGhlIHdvdW5kcyBp\nbiBvdXIgY29sbGVjdGl2ZSBzY2llbnRpZmljIGNvbnNjaW91c25lc3MiDQotIERyIFNldXNzDQoN\nCiJCcnVubyB3YXMgZmFybWluZyB3aGVuIGEgbG9zdCBXaGl0ZSBLaXR0eSB3YW5kZXJlZCBvbnRv\nIHRoZWlyIGZhcm0gaW4gRmFybVZpbGxlLiBTaGUgZ290IHNlcGFyYXRlZCAgLi4uZnJvbSBoZXIg\nZmFtaWx5IGluIGFsbCB0aGUgc25vdy4gU2hlJ3MgY29sZCwgd2V0IGFuZCBjb3VsZCBzdXJlIHVz\nZSBhIG5pY2Ugd2FybSBwbGFjZSB0byBjYWxsIGhvbWUuIg0KDQoiTm8gc3VjaCB0aGluZyBhcyAn\nbGVmdG92ZXInIHdoZW4gaXQgY29tZXMgdG8gY29jYWluYS4gc29ycnkuIg0KDQoNClE6IHdoeSBp\ncyB5b3VyIGxhc3QgbmFtZSBhIGZydWl0Pw0KQnJlbmRhbiBCZXJyeTogT2RkIGNpcmN1bXN0YW5j\nZXMNCg0KWW91OiBjdXogaSB0b2xkIHlvdQ0KDQpZbyBzb24sIHRoZW0gYml0Y2hlcyBhaW4ndCB0\naGF0IGdvb2QsIGFueXdheS4gWW91cyBpcyB0b28gZ29vZCBmb3IgdGhlbSBraWRzLiBNYSBib2l6\nIG5kIEkgd2FzIG5ldmVyIGRvd24gd2l0IGRhdCBrcmV3IGFueXdheSwgd2UgaGl0IHVwIHRoZSBz\ndHJlZXR6IGZvciBvdXIgeW91dGggc3ltcGhvbnkuIE5haCBzYXlpbiwgc29uPyBXZSBjb21wdG9u\nIGtpZHMuIFBsYXlpbiBhaCBjbGFyaW5ldHMgbiBzaGlpaXQgb24gZGEgY3VyYi4NClRoZW1zIGZv\nb3MgYXJlIGFmcmFpZCBvZiB5b3VyIG1hZCBjZWxsbyBza2lsbHosIGRvbid0IHdhbnQgdG8gc2Nh\ncmUgYXdheSBub25lIG9mIHRoZWlyIGtpZHMuIFlvdXMgaXMgZmEuLi4gIFJlYWQgTW9yZXIgdG9v\nIGdvb2QgZm8gZGVtLiINCnphY2ggZGlhbW9uZA0KDQoiQW5kIHRydXRoIG9mIHRoZSBtYXR0ZXIg\naXMsIGEgbG90IG9mIHJlcG9ydHMgaW4gV2FzaGluZ3RvbiBhcmUgbmV2ZXIgcmVhZCBieSBhbnli\nb2R5LiBUbyBzaG93IHlvdSBob3cgaW1wb3J0YW50IHRoaXMgb25lIGlzLCBJIHJlYWQgaXQsIGFu\nZCBvdXIgZ3Vlc3QgcmVhZCBpdC4iIC0tR2VvcmdlIFcuIEJ1c2gNCg0KKioqIE1hdHRoZXcgTGl2\naSByZW1vdmVkICJGdWNraW5nIiBmcm9tIGhpcyBmYXZvcml0ZSBhY3Rpdml0aWVzLiA2OjUzYW0N\nClNhbSBCbGFuY28gbGVmdCB0aGUgZ3JvdXAgTEFUSU5PUy4NClNhbSBCbGFuY28gbGVmdCB0aGUg\nZ3JvdXAgSSBiZWxpZXZlIGluIEdvZC4uYW5kIGhlcyBteSBzYXZpb3IuLg0KDQpNT00hIFRoZSBN\nZWF0bG9hZiEgRnVjay4NCg0KQ29sZSBEaWFtb25kOiBUaGUgYW50aXRoZXNpcyBvZiByZWxpZ2lv\nbiBpcyBoZWRvbmlzbS4NCg0KaXQncyBub3QgdGhlIHdlaWdodCBvZiB0aGUgbWFuIG9uIHRoZSBz\nY2FsZSBidXQgdGhlIHNjYWxlIG9mIHRoZSB3ZWlnaHQgb24gdGhlIG1hbg0KICAgIGkga25vdywg\naSdtIGJyaWxsaWFudC4NCg0KbG9sIGNoYW5nZXMgZXZlcnl0aGluZzoNCkJlZm9yZTogIllvdSBj\naGVhdGVkIG9uIG15IHdpZmUhISEiDQpBZnRlcjogIllvdSBjaGVhdGVkIG9uIG15IHdpZmUsIGxv\nbCEhISINCg0KDQpUaGVyZSBhcmUgbWFueSB0eXBlcyBvZiBkb3VjaGViYWdzIG91dCB0aGVyZSB0\naGF0IHRoaW5rIHRoZXkncmUgZ29vZCBhdCBjZXJ0YWluIHRoaW5ncy4gVGhlcmUgYXJlIGd1aXRh\nciBkb3VjaGViYWdzLCBzcG9ydHMgZG91Y2hlYmFncywgYW5kIHRoZW4gdGhlcmUgYXJlIGpva2Ug\nZG91Y2hlYmFncy4gRGFuZSBDb29rIGlzIGEgam9rZSBkb3VjaGViYWcgdGhhdCBnb3QgbHVja3ku\nIA0KIC0gc2FtIGFtaW5mYXJkLg0KDQpqdXN0IGtpZGRpbmcgb24gMTAwJSBvZiB0aGlzIGZiIGlu\nZm8sIG9idmlvdXNseVUEbGlua1UkaHR0cDovL3d3dy5mYWNlYm9vay5jb20vY29sZWlkaWFtb25k\nVQhsb2NhdGlvbn1xKihoJVUPMTA4NDI0Mjc5MTg5MTE1aCNVEk5ldyBZb3JrLCBOZXcgWW9ya3VV\nEWZhdm9yaXRlX2F0aGxldGVzXXErKH1xLChoJVUPMTc0NDIwMzkyNTk3NDMxaCNVC0FsZXggTW9y\nZ2FudX1xLShoJVUPMTc3MzU0OTg4OTQ4NTk3aCNVDFNhcmFoIEh1Z2hlc3VlVQZnZW5kZXJVBG1h\nbGVVCHRpbWV6b25lSvz///9VDHVwZGF0ZWRfdGltZVUYMjAxMy0wNS0wMlQwMzoyNTo0MSswMDAw\naCVoDXVVFWZhY2Vib29rX2FjY2Vzc190b2tlbnEuWNQAAABDQUFFS2xIZVBjaUlCQUFzUWlaQ1Jq\nbDl6YjZvdklESzRTcjJNSzl6cVpBcWtPNDJ1WU40THg4M21YMVJwbXZvQjFrM2JRNWNjMVhoc2Fl\nZWREcGo4ek9sa2MzYnQwdE1NMU91MHdkbHFKbUp0UDBxSDBxNFpBQU03NktCZ1BpRnRzNThHOGww\naUZaQnhKV29oSHRsYnBGZjBaQW1xbHBSbjJ3WkNMWkFmcXhCRUZPVTJMUnhMMjMxNm1YOVpBaXll\nZXVuUTFPcVpDTDc5bGhRWkRaRHEvVQVlbWFpbHEwaCZ1dXMu\n	2013-06-03 17:12:50.197964+00
cc72a75aacd73076b1fb2d12d42c5879	NDMzNTBjNjUzMzAyY2Q2ZDY5YjliYzJlYjlkN2JlZGNjMDY1OWJkZTqAAn1xAShVEl9hdXRoX3Vz\nZXJfYmFja2VuZHECVSlkamFuZ28uY29udHJpYi5hdXRoLmJhY2tlbmRzLk1vZGVsQmFja2VuZHED\nVQ1fYXV0aF91c2VyX2lkcQSKAocAdS4=\n	2013-02-20 16:12:00.391059+00
6201726f6307cfaced2a401682be099f	ZjVlODYzMmM4Mjc3MzU3MzU3M2Y2NWRiMWM5OGM4YmQ0MWIxZGFjMzqAAn1xAS4=\n	2013-03-14 00:46:34.718213+00
22b059360b39dda4b431a236b50f5392	ZjVlODYzMmM4Mjc3MzU3MzU3M2Y2NWRiMWM5OGM4YmQ0MWIxZGFjMzqAAn1xAS4=\n	2013-06-17 21:29:50.58142+00
d16432cf7985c41fc994f41ec4296d98	MGNkMWM5MTlkYTE4ZDVjN2JmNjk0MDkwNTRiZjE3MjY0ZGUzM2U2YTqAAn1xAVUKdGVzdGNvb2tp\nZVUGd29ya2VkcQJzLg==\n	2013-03-21 10:08:25.970859+00
79d2e8665bd4550b9307d5d1e1624719	ZjVlODYzMmM4Mjc3MzU3MzU3M2Y2NWRiMWM5OGM4YmQ0MWIxZGFjMzqAAn1xAS4=\n	2013-04-15 07:29:23.916987+00
3af1e32336519e57a172d90f3b303b9e	ZjVlODYzMmM4Mjc3MzU3MzU3M2Y2NWRiMWM5OGM4YmQ0MWIxZGFjMzqAAn1xAS4=\n	2013-06-12 17:48:21.397287+00
c561c06bcdd41bf80463d8c77efd9b50	ZjVlODYzMmM4Mjc3MzU3MzU3M2Y2NWRiMWM5OGM4YmQ0MWIxZGFjMzqAAn1xAS4=\n	2013-04-21 05:01:37.604918+00
c77f47929f8b4aa9064c80590aa3c97c	ZjVlODYzMmM4Mjc3MzU3MzU3M2Y2NWRiMWM5OGM4YmQ0MWIxZGFjMzqAAn1xAS4=\n	2013-05-13 18:19:36.136647+00
60423979dfa24d5a2063d6be1fb08d46	NjlmNzgzYWNiOGQwOGI4NjhlZTVjMWRmMmFlOTYzZTNkMTE2ZjYzMzqAAn1xAShVD2RqYW5nb190\naW1lem9uZWNweXR6Cl9wCnECKFUOQW1lcmljYS9DYXltYW5xA0oMuP//SwBVA0tNVHEEdFJxBVUN\nX2F1dGhfdXNlcl9pZIoCvABVEl9hdXRoX3VzZXJfYmFja2VuZFUpZGphbmdvLmNvbnRyaWIuYXV0\naC5iYWNrZW5kcy5Nb2RlbEJhY2tlbmR1Lg==\n	2013-03-26 00:47:04.27914+00
661c27ffb26a1c8993c66cb91c46ce44	ZGE1Yzk2NWVmNmZkMGEyOWE5M2E1ZjA4OTYwYWIxMzcyNDBiOGUxMDqAAn1xAVUad2l6YXJkX3R1\ndG9yX3NpZ251cF93aXphcmRxAn1xAyhVCnN0ZXBfZmlsZXNxBH1VBHN0ZXBxBVgFAAAAc3RlcDFx\nBlUKZXh0cmFfZGF0YXEHfVUJc3RlcF9kYXRhcQh9dXMu\n	2013-08-02 18:31:12.817424+00
96cb6e5d47a690e6f60fbf42316160a5	ZGE1Yzk2NWVmNmZkMGEyOWE5M2E1ZjA4OTYwYWIxMzcyNDBiOGUxMDqAAn1xAVUad2l6YXJkX3R1\ndG9yX3NpZ251cF93aXphcmRxAn1xAyhVCnN0ZXBfZmlsZXNxBH1VBHN0ZXBxBVgFAAAAc3RlcDFx\nBlUKZXh0cmFfZGF0YXEHfVUJc3RlcF9kYXRhcQh9dXMu\n	2013-08-02 18:57:30.814107+00
76423c9b0d2b4f6bed8ddddb0211fe8f	ZGNlOWVmN2E5MTliNGM2MDNkYTA4MzE1ZTBmMjdlMWMzOWI5MTRhMzqAAn1xAShVD2RqYW5nb190\naW1lem9uZXECY3B5dHoKX3AKcQMoVQpVUy9FYXN0ZXJucQRKsLn//0sAVQNFU1RxBXRScQZVDV9h\ndXRoX3VzZXJfaWRL1VUSX2F1dGhfdXNlcl9iYWNrZW5kVSlkamFuZ28uY29udHJpYi5hdXRoLmJh\nY2tlbmRzLk1vZGVsQmFja2VuZFUPX3Nlc3Npb25fZXhwaXJ5SwB1Lg==\n	2013-05-17 05:20:23.094877+00
64d2a69662f4f00d4380f8def1749eb8	MGNkMWM5MTlkYTE4ZDVjN2JmNjk0MDkwNTRiZjE3MjY0ZGUzM2U2YTqAAn1xAVUKdGVzdGNvb2tp\nZVUGd29ya2VkcQJzLg==\n	2013-06-30 18:42:26.712726+00
ba351649bef128cb809b06cf79ba05ad	ZGE1Yzk2NWVmNmZkMGEyOWE5M2E1ZjA4OTYwYWIxMzcyNDBiOGUxMDqAAn1xAVUad2l6YXJkX3R1\ndG9yX3NpZ251cF93aXphcmRxAn1xAyhVCnN0ZXBfZmlsZXNxBH1VBHN0ZXBxBVgFAAAAc3RlcDFx\nBlUKZXh0cmFfZGF0YXEHfVUJc3RlcF9kYXRhcQh9dXMu\n	2013-08-02 19:39:01.738044+00
1f2ecc10f5bd98dd8b9de27adbaab4a4	ZjVlODYzMmM4Mjc3MzU3MzU3M2Y2NWRiMWM5OGM4YmQ0MWIxZGFjMzqAAn1xAS4=\n	2013-07-04 11:57:57.226651+00
bb672d92f5ef80a496ccb61cb9ca7112	ZGE1Yzk2NWVmNmZkMGEyOWE5M2E1ZjA4OTYwYWIxMzcyNDBiOGUxMDqAAn1xAVUad2l6YXJkX3R1\ndG9yX3NpZ251cF93aXphcmRxAn1xAyhVCnN0ZXBfZmlsZXNxBH1VBHN0ZXBxBVgFAAAAc3RlcDFx\nBlUKZXh0cmFfZGF0YXEHfVUJc3RlcF9kYXRhcQh9dXMu\n	2013-08-03 00:15:55.049167+00
d241828c75ff2a27ef89a7a2419e7f43	YTFhYzhhZWEwZjM1NzdjNDQwYzEzYzZjZDUxMGM1NjZjMDYxMjExYTqAAn1xAVUad2l6YXJkX3R1\ndG9yX3NpZ251cF93aXphcmR9cQIoVQpzdGVwX2ZpbGVzcQN9VQRzdGVwcQRYBQAAAHN0ZXAxcQVV\nCmV4dHJhX2RhdGFxBn1VCXN0ZXBfZGF0YXEHfXVzLg==\n	2013-08-02 21:03:53.808407+00
a80802740e27aacbc32aa15171631a5d	YTFhYzhhZWEwZjM1NzdjNDQwYzEzYzZjZDUxMGM1NjZjMDYxMjExYTqAAn1xAVUad2l6YXJkX3R1\ndG9yX3NpZ251cF93aXphcmR9cQIoVQpzdGVwX2ZpbGVzcQN9VQRzdGVwcQRYBQAAAHN0ZXAxcQVV\nCmV4dHJhX2RhdGFxBn1VCXN0ZXBfZGF0YXEHfXVzLg==\n	2013-08-01 12:51:58.174246+00
9027061c7bdf71032234b32aed5a87c8	MGNkMWM5MTlkYTE4ZDVjN2JmNjk0MDkwNTRiZjE3MjY0ZGUzM2U2YTqAAn1xAVUKdGVzdGNvb2tp\nZVUGd29ya2VkcQJzLg==\n	2013-08-01 16:01:47.454446+00
1f5b8aa98fca9c2504109b948a6a08cf	MDM2YTI1ZjkyMWQ4NjY2NjU0YjQ2MWQwZjRlNWNiYTk3NmUxOGRiYTqAAn1xAShVD2RqYW5nb190\naW1lem9uZWNweXR6Cl9wCnECKFUKVVMvUGFjaWZpY3EDSoCP//9LAFUDUFNUcQR0UnEFVQ1fYXV0\naF91c2VyX2lkigICAVUSX2F1dGhfdXNlcl9iYWNrZW5kVSlkamFuZ28uY29udHJpYi5hdXRoLmJh\nY2tlbmRzLk1vZGVsQmFja2VuZHUu\n	2013-07-20 01:39:52.316782+00
7092126c67ac07b6d5f2fc8e8eafe555	ZGE1Yzk2NWVmNmZkMGEyOWE5M2E1ZjA4OTYwYWIxMzcyNDBiOGUxMDqAAn1xAVUad2l6YXJkX3R1\ndG9yX3NpZ251cF93aXphcmRxAn1xAyhVCnN0ZXBfZmlsZXNxBH1VBHN0ZXBxBVgFAAAAc3RlcDFx\nBlUKZXh0cmFfZGF0YXEHfVUJc3RlcF9kYXRhcQh9dXMu\n	2013-08-01 17:50:29.643232+00
ceec47bc7cea28eaf68848ff2456777f	ZmMzMjVlZDViMDA4Nzg1ZTgwNWM3MzM2NTJiOTA1M2Q2NTViMmViYTqAAn1xAShVGndpemFyZF90\ndXRvcl9zaWdudXBfd2l6YXJkfXECKFUKc3RlcF9maWxlc31VBHN0ZXBYBQAAAHN0ZXAxVQpleHRy\nYV9kYXRhfVUJc3RlcF9kYXRhfXVVD19zZXNzaW9uX2V4cGlyeXEDSwBVEl9hdXRoX3VzZXJfYmFj\na2VuZHEEVTNhbGxhdXRoLmFjY291bnQuYXV0aF9iYWNrZW5kcy5BdXRoZW50aWNhdGlvbkJhY2tl\nbmRxBVUNX2F1dGhfdXNlcl9pZHEGS/x1Lg==\n	2013-08-01 21:20:23.212816+00
568b98cd20c70a652f4a30e4c681a39d	ZGE1Yzk2NWVmNmZkMGEyOWE5M2E1ZjA4OTYwYWIxMzcyNDBiOGUxMDqAAn1xAVUad2l6YXJkX3R1\ndG9yX3NpZ251cF93aXphcmRxAn1xAyhVCnN0ZXBfZmlsZXNxBH1VBHN0ZXBxBVgFAAAAc3RlcDFx\nBlUKZXh0cmFfZGF0YXEHfVUJc3RlcF9kYXRhcQh9dXMu\n	2013-08-01 23:10:52.499502+00
fc02a06a6800e07a4deaddd503bda651	NDI0OTJlMGNiMjg2NzRmZjU5ZDViOGFhOTA3NDRkZGU4YzdlNmZlZTqAAn1xAShVD2RqYW5nb190\naW1lem9uZWNweXR6Cl9wCnECKFUJVVMvQWxhc2thcQNKYHP//0sAVQNDQVRxBHRScQVVEl9hdXRo\nX3VzZXJfYmFja2VuZFUpZGphbmdvLmNvbnRyaWIuYXV0aC5iYWNrZW5kcy5Nb2RlbEJhY2tlbmRV\nDV9hdXRoX3VzZXJfaWSKAgQBdS4=\n	2013-07-27 12:48:40.809955+00
7dd7427845c3a4e0c642a640495e1f71	YTFhYzhhZWEwZjM1NzdjNDQwYzEzYzZjZDUxMGM1NjZjMDYxMjExYTqAAn1xAVUad2l6YXJkX3R1\ndG9yX3NpZ251cF93aXphcmR9cQIoVQpzdGVwX2ZpbGVzcQN9VQRzdGVwcQRYBQAAAHN0ZXAxcQVV\nCmV4dHJhX2RhdGFxBn1VCXN0ZXBfZGF0YXEHfXVzLg==\n	2013-08-02 22:13:05.024724+00
b7f4d850801c2892afd8b63bc0337360	ZGE1Yzk2NWVmNmZkMGEyOWE5M2E1ZjA4OTYwYWIxMzcyNDBiOGUxMDqAAn1xAVUad2l6YXJkX3R1\ndG9yX3NpZ251cF93aXphcmRxAn1xAyhVCnN0ZXBfZmlsZXNxBH1VBHN0ZXBxBVgFAAAAc3RlcDFx\nBlUKZXh0cmFfZGF0YXEHfVUJc3RlcF9kYXRhcQh9dXMu\n	2013-08-02 22:51:52.49305+00
f5586088646bfe7e719b356dd74ed35f	ZGE1Yzk2NWVmNmZkMGEyOWE5M2E1ZjA4OTYwYWIxMzcyNDBiOGUxMDqAAn1xAVUad2l6YXJkX3R1\ndG9yX3NpZ251cF93aXphcmRxAn1xAyhVCnN0ZXBfZmlsZXNxBH1VBHN0ZXBxBVgFAAAAc3RlcDFx\nBlUKZXh0cmFfZGF0YXEHfVUJc3RlcF9kYXRhcQh9dXMu\n	2013-08-02 23:08:30.043109+00
933b7ce2e68af84dc6592246625d2f77	ZGE1Yzk2NWVmNmZkMGEyOWE5M2E1ZjA4OTYwYWIxMzcyNDBiOGUxMDqAAn1xAVUad2l6YXJkX3R1\ndG9yX3NpZ251cF93aXphcmRxAn1xAyhVCnN0ZXBfZmlsZXNxBH1VBHN0ZXBxBVgFAAAAc3RlcDFx\nBlUKZXh0cmFfZGF0YXEHfVUJc3RlcF9kYXRhcQh9dXMu\n	2013-08-08 03:11:53.021413+00
ae518a03e4716dbff5b9f25966a3395a	NmU5NDBmMWU2OGQ2NDk2NjJhMTViNWZlOWEzNDAyMzExOTMxMjg0NzqAAn1xAShVD19zZXNzaW9u\nX2V4cGlyeXECSwBVEl9hdXRoX3VzZXJfYmFja2VuZHEDVSlkamFuZ28uY29udHJpYi5hdXRoLmJh\nY2tlbmRzLk1vZGVsQmFja2VuZHEEVQ1fYXV0aF91c2VyX2lkcQVLvXUu\n	2013-05-01 19:12:30.993649+00
7b8c7e5f9a5eef0acb5f5c8e81cdf668	ZWQ2NjQ3ZWZmNDc5ZmQxODY4MGZhZDExMDM3NTU5NWZlMWNlN2VjOTqAAn1xAShVD2RqYW5nb190\naW1lem9uZXECY3B5dHoKX3AKcQMoVQpVUy9FYXN0ZXJucQRKsLn//0sAVQNFU1RxBXRScQZVDV9h\ndXRoX3VzZXJfaWRLkVUSX2F1dGhfdXNlcl9iYWNrZW5kVTZhcHBzLmNvbW1vbi51dGlscy5iYWNr\nZW5kcy5DYXNlSW5zZW5zaXRpdmVNb2RlbEJhY2tlbmRVD19zZXNzaW9uX2V4cGlyeUsAdS4=\n	2013-02-23 20:49:02.676923+00
d61e17f6b918ada226d432efcd9b23ae	NmY4NDYyOTVmNTYwNmVlYTFiNzMxZjlmZWUyNzM0NGNjYTE2ZWFlNTqAAn1xAShVD2RqYW5nb190\naW1lem9uZWNweXR6Cl9wCnECKFUKVVMvRWFzdGVybnEDSrC5//9LAFUDRVNUcQR0UnEFVRJfYXV0\naF91c2VyX2JhY2tlbmRVKWRqYW5nby5jb250cmliLmF1dGguYmFja2VuZHMuTW9kZWxCYWNrZW5k\nVQ1fYXV0aF91c2VyX2lkigFodS4=\n	2013-02-18 19:04:58.328125+00
2a96e52aa886b055372184c586ddfb7f	ZjVlODYzMmM4Mjc3MzU3MzU3M2Y2NWRiMWM5OGM4YmQ0MWIxZGFjMzqAAn1xAS4=\n	2013-06-17 21:30:35.675344+00
30fe0d04df8f01fdcca316480923d1d3	ZjVlODYzMmM4Mjc3MzU3MzU3M2Y2NWRiMWM5OGM4YmQ0MWIxZGFjMzqAAn1xAS4=\n	2013-02-26 00:15:52.145005+00
3a96b0fc4d9be449574d59462e9ea5c5	ZTVlZGEwMGExZjhkMGE2NDg4NzA2ZDZjMmRjYmUwNGY0NjY4NGVkNzqAAn1xAShVD19zZXNzaW9u\nX2V4cGlyeXECSwBVEl9hdXRoX3VzZXJfYmFja2VuZHEDVSlkamFuZ28uY29udHJpYi5hdXRoLmJh\nY2tlbmRzLk1vZGVsQmFja2VuZHEEVQ1fYXV0aF91c2VyX2lkcQVLs3Uu\n	2013-05-07 14:01:41.312298+00
9505c4b4f4ab6340790e8f4f6888f2c1	ZGE1Yzk2NWVmNmZkMGEyOWE5M2E1ZjA4OTYwYWIxMzcyNDBiOGUxMDqAAn1xAVUad2l6YXJkX3R1\ndG9yX3NpZ251cF93aXphcmRxAn1xAyhVCnN0ZXBfZmlsZXNxBH1VBHN0ZXBxBVgFAAAAc3RlcDFx\nBlUKZXh0cmFfZGF0YXEHfVUJc3RlcF9kYXRhcQh9dXMu\n	2013-08-12 19:32:13.052567+00
de32d3194b86af0c68f22a3d45fd5c40	ZjVlODYzMmM4Mjc3MzU3MzU3M2Y2NWRiMWM5OGM4YmQ0MWIxZGFjMzqAAn1xAS4=\n	2013-03-02 07:04:48.493747+00
1c5a5ba16622c6bd57c7601323ea1844	MzI4YTdkOTgzNzIzY2Y1MGI1MmIwZGE2YjQ0YTIzNjQ2MTRhZWJmMzqAAn1xAShVEl9hdXRoX3Vz\nZXJfYmFja2VuZHECVSlkamFuZ28uY29udHJpYi5hdXRoLmJhY2tlbmRzLk1vZGVsQmFja2VuZHED\nVQ1fYXV0aF91c2VyX2lkcQSKAs8AdS4=\n	2013-05-13 19:10:25.924346+00
5e9bacf0f8acddfdbeec556994b9bfd3	YzBjODIxMTYwZWY4ZDU1YTU1Mzg0NjMxMWVjMTAxYjg2ZDQ0MmNlZjqAAn1xAShVD19zZXNzaW9u\nX2V4cGlyeXECSwBVEl9hdXRoX3VzZXJfYmFja2VuZHEDVSlkamFuZ28uY29udHJpYi5hdXRoLmJh\nY2tlbmRzLk1vZGVsQmFja2VuZHEEVQ1fYXV0aF91c2VyX2lkcQVLW3Uu\n	2013-02-20 16:13:22.508381+00
383012e85c7761ee32fa721ebb96af79	NjYzYWM2YmM0Yjk2OTkxZDUxZjU1ZDdkYmIwZTVlMmZkNDkzMzllNDqAAn1xAShVEl9hdXRoX3Vz\nZXJfYmFja2VuZHECVSlkamFuZ28uY29udHJpYi5hdXRoLmJhY2tlbmRzLk1vZGVsQmFja2VuZHED\nVQ1fYXV0aF91c2VyX2lkcQRLAXUu\n	2013-03-04 16:50:02.213312+00
f382f97eefb9946d18a8cc70e41f0194	MWFiNDcwMjNhOWExZjM5ZjkwYzhiMDNlMmIxN2VjYjU4MzExMmViMzqAAn1xAShVD2RqYW5nb190\naW1lem9uZWNweXR6Cl9wCnECKFUKVVMvRWFzdGVybnEDSrC5//9LAFUDRVNUcQR0UnEFVQ1fYXV0\naF91c2VyX2lkigKnAFUSX2F1dGhfdXNlcl9iYWNrZW5kVSlkamFuZ28uY29udHJpYi5hdXRoLmJh\nY2tlbmRzLk1vZGVsQmFja2VuZHUu\n	2013-03-07 21:19:27.394088+00
b7c4effe7aca1b7fc349c7536dfe7fca	ZGE1Yzk2NWVmNmZkMGEyOWE5M2E1ZjA4OTYwYWIxMzcyNDBiOGUxMDqAAn1xAVUad2l6YXJkX3R1\ndG9yX3NpZ251cF93aXphcmRxAn1xAyhVCnN0ZXBfZmlsZXNxBH1VBHN0ZXBxBVgFAAAAc3RlcDFx\nBlUKZXh0cmFfZGF0YXEHfVUJc3RlcF9kYXRhcQh9dXMu\n	2013-08-01 00:56:07.215732+00
8e0e6ff6033d7aa5f927de5f797d2306	ZjVlODYzMmM4Mjc3MzU3MzU3M2Y2NWRiMWM5OGM4YmQ0MWIxZGFjMzqAAn1xAS4=\n	2013-04-21 05:03:31.478053+00
2977b02faadd7981a8a54366aeb4c789	NTMyMGMzOTJkZDI2NDVjODhkZDZmMjZhNmVmOWM4MzZiYzViNTQ1ZTqAAn1xAShVD2RqYW5nb190\naW1lem9uZWNweXR6Cl9wCnECKFUKVVMvRWFzdGVybnEDSrC5//9LAFUDRVNUcQR0UnEFVQ1fYXV0\naF91c2VyX2lkigK4AFUSX2F1dGhfdXNlcl9iYWNrZW5kVSlkamFuZ28uY29udHJpYi5hdXRoLmJh\nY2tlbmRzLk1vZGVsQmFja2VuZHUu\n	2013-03-20 19:49:01.245868+00
03f5c8bd2c64314295794b92a27bf83a	ZGI0MzE3N2U3MzNlZDQ2OGY2MzU0OTAzY2MwMTFhY2Q3OTU5MGVhNjqAAn1xAShVEl9hdXRoX3Vz\nZXJfYmFja2VuZHECVSlkamFuZ28uY29udHJpYi5hdXRoLmJhY2tlbmRzLk1vZGVsQmFja2VuZHED\nVQ1fYXV0aF91c2VyX2lkcQSKAtoAdS4=\n	2013-05-17 10:59:09.231405+00
8319a2da2d2314da8efdfa3ce4b2f79d	ODFhMzk1MmEyYWFmNTc1YmU5M2M1ZWM0Y2Q2ODI4ZGFhYTBjNGYyYTqAAn1xAShVEl9hdXRoX3Vz\nZXJfYmFja2VuZHECVSlkamFuZ28uY29udHJpYi5hdXRoLmJhY2tlbmRzLk1vZGVsQmFja2VuZHED\nVQ1fYXV0aF91c2VyX2lkcQSKAr0AdS4=\n	2013-03-26 15:22:50.062726+00
70d1aef843023868107df70c087e4d1e	ZWU1YjE2MDM1ZjVhNmFjZGM4YjAxY2YyZmE0MTFiZTliMTkwNjE2NDqAAn1xAShVGndpemFyZF90\ndXRvcl9zaWdudXBfd2l6YXJkfXECKFUKc3RlcF9maWxlc31VBHN0ZXBYBQAAAHN0ZXAxVQpleHRy\nYV9kYXRhfVUJc3RlcF9kYXRhfXVVCnRlc3Rjb29raWVxA1UGd29ya2VkcQR1Lg==\n	2013-08-01 13:10:32.738861+00
91c8bc96865f5d93af52be39eaf0d9ac	MGNkMWM5MTlkYTE4ZDVjN2JmNjk0MDkwNTRiZjE3MjY0ZGUzM2U2YTqAAn1xAVUKdGVzdGNvb2tp\nZVUGd29ya2VkcQJzLg==\n	2013-07-01 02:03:08.947762+00
da92161946657c30fc09c8fc4a34e16c	Y2RhNzRjOWM1NmE0NTU0MWNlZGIzNzQ0ZGUwYjQ4N2UxNTMwOTM3YTqAAn1xAShVD19zZXNzaW9u\nX2V4cGlyeXECSwBVEl9hdXRoX3VzZXJfYmFja2VuZHEDVTZhcHBzLmNvbW1vbi51dGlscy5iYWNr\nZW5kcy5DYXNlSW5zZW5zaXRpdmVNb2RlbEJhY2tlbmRxBFUNX2F1dGhfdXNlcl9pZHEFS8p1Lg==\n	2013-06-26 04:56:59.976094+00
0d7783f820e72cb60154362328101b45	ZGE1Yzk2NWVmNmZkMGEyOWE5M2E1ZjA4OTYwYWIxMzcyNDBiOGUxMDqAAn1xAVUad2l6YXJkX3R1\ndG9yX3NpZ251cF93aXphcmRxAn1xAyhVCnN0ZXBfZmlsZXNxBH1VBHN0ZXBxBVgFAAAAc3RlcDFx\nBlUKZXh0cmFfZGF0YXEHfVUJc3RlcF9kYXRhcQh9dXMu\n	2013-08-01 16:06:50.296442+00
a5b3aeb965e8524b5d7049ca4de48868	ZGE1Yzk2NWVmNmZkMGEyOWE5M2E1ZjA4OTYwYWIxMzcyNDBiOGUxMDqAAn1xAVUad2l6YXJkX3R1\ndG9yX3NpZ251cF93aXphcmRxAn1xAyhVCnN0ZXBfZmlsZXNxBH1VBHN0ZXBxBVgFAAAAc3RlcDFx\nBlUKZXh0cmFfZGF0YXEHfVUJc3RlcF9kYXRhcQh9dXMu\n	2013-08-01 18:17:40.471528+00
37ee2c532695a00e908aed896a90e97f	Y2ZjMGJiMzllODlmY2U5ZDRhZjUxOWU2Y2FlMzE4MTY1NjY1MmIzMDqAAn1xAVUUc29jaWFsYWNj\nb3VudF9zaWdudXBxAn1xAyhVB2FjY291bnRxBGNkamFuZ28uZGIubW9kZWxzLmJhc2UKbW9kZWxf\ndW5waWNrbGUKcQVjYWxsYXV0aC5mYWNlYm9vay5tb2RlbHMKRmFjZWJvb2tBY2NvdW50CnEGXWNk\namFuZ28uZGIubW9kZWxzLmJhc2UKc2ltcGxlX2NsYXNzX2ZhY3RvcnkKcQeHUnEIfXEJKFUHdXNl\ncl9pZHEKTlUEbmFtZXELVQBVCXNvY2lhbF9pZHEMVQk1Njg2NzU0NThxDVUGX3N0YXRlcQ5jZGph\nbmdvLmRiLm1vZGVscy5iYXNlCk1vZGVsU3RhdGUKcQ8pgXEQfXERKFUGYWRkaW5ncRKIVQJkYnET\nTnViVRRzb2NpYWxhY2NvdW50X3B0cl9pZHEUTlUKbGFzdF9sb2dpbnEVTlUEbGlua3EWVQBVAmlk\ncRdOVQtkYXRlX2pvaW5lZHEYTnViVQRkYXRhcRl9cRooVQh1c2VybmFtZXEbVQxjb2xlaWRpYW1v\nbmRxHFUKZmlyc3RfbmFtZXEdVQ1Db2xlIEdyYXBoaXRlcR5VCWxhc3RfbmFtZXEfVQdEaWFtb25k\ncSBVC2ZhY2Vib29rX21lcSF9cSIoaBtoHFUDYmlvVfJJJ20gZGVsaWdodGZ1bDsKSSBsaWtlIHRv\nIGVhdCBpY2UgY3JlYW0sCmFuZCBJIHJlYWxseSBlbmpveQphIG5pY2UgcGFpciBvZiBzbGFja3MK\nClRoaXMgcHJvZmlsZSBoYXMgYmVlbiBicm91Z2h0IHRvIHlvdSBieSB0aGUgbGV0dGVyICcnRScn\nCgpJRiBZT1UgSEFWRSBBTlkgUFJPQkxFTVMgV0lUSCBUSElTIEZBQ0VCT09LIFBBR0UsIFBMRUFT\nRSBDT05UQUNUIENPUkVZIE1PU1MgRk9SIFRFQ0hOSUNBTCBTVVBQT1JUCgoKLmgdaB5oH2ggVQh2\nZXJpZmllZIhVBG5hbWVxI1UVQ29sZSBHcmFwaGl0ZSBEaWFtb25kVQhyZWxpZ2lvblUGSmV3aXNo\nVQZsb2NhbGVVBWVuX1VTVQhob21ldG93bn1xJChVAmlkcSVVDzEwNzQ3NjIzOTI4MjM1OWgjVRRH\ncmVhdCBOZWNrLCBOZXcgWW9ya3VVCXBvbGl0aWNhbFUNQnJlbmRhbiBCZXJyeVUFZW1haWxVFWNk\naWFtb25kMTExQGdtYWlsLmNvbXEmVQlsYW5ndWFnZXNdcScofXEoKGglVQ8xMDYwNTk1MjI3NTkx\nMzdoI1UHRW5nbGlzaHV9cSkoaCVVDDMxMjUyNTI5NjM3MGgjVQdTcGFuaXNodWVVBnF1b3Rlc1Qq\nBwAAInJlbGlnaW9uIGlzIHRoZSBhZC1ob2MgYmFuZC1haWQgdG8gcGF0Y2ggdGhlIHdvdW5kcyBp\nbiBvdXIgY29sbGVjdGl2ZSBzY2llbnRpZmljIGNvbnNjaW91c25lc3MiDQotIERyIFNldXNzDQoN\nCiJCcnVubyB3YXMgZmFybWluZyB3aGVuIGEgbG9zdCBXaGl0ZSBLaXR0eSB3YW5kZXJlZCBvbnRv\nIHRoZWlyIGZhcm0gaW4gRmFybVZpbGxlLiBTaGUgZ290IHNlcGFyYXRlZCAgLi4uZnJvbSBoZXIg\nZmFtaWx5IGluIGFsbCB0aGUgc25vdy4gU2hlJ3MgY29sZCwgd2V0IGFuZCBjb3VsZCBzdXJlIHVz\nZSBhIG5pY2Ugd2FybSBwbGFjZSB0byBjYWxsIGhvbWUuIg0KDQoiTm8gc3VjaCB0aGluZyBhcyAn\nbGVmdG92ZXInIHdoZW4gaXQgY29tZXMgdG8gY29jYWluYS4gc29ycnkuIg0KDQoNClE6IHdoeSBp\ncyB5b3VyIGxhc3QgbmFtZSBhIGZydWl0Pw0KQnJlbmRhbiBCZXJyeTogT2RkIGNpcmN1bXN0YW5j\nZXMNCg0KWW91OiBjdXogaSB0b2xkIHlvdQ0KDQpZbyBzb24sIHRoZW0gYml0Y2hlcyBhaW4ndCB0\naGF0IGdvb2QsIGFueXdheS4gWW91cyBpcyB0b28gZ29vZCBmb3IgdGhlbSBraWRzLiBNYSBib2l6\nIG5kIEkgd2FzIG5ldmVyIGRvd24gd2l0IGRhdCBrcmV3IGFueXdheSwgd2UgaGl0IHVwIHRoZSBz\ndHJlZXR6IGZvciBvdXIgeW91dGggc3ltcGhvbnkuIE5haCBzYXlpbiwgc29uPyBXZSBjb21wdG9u\nIGtpZHMuIFBsYXlpbiBhaCBjbGFyaW5ldHMgbiBzaGlpaXQgb24gZGEgY3VyYi4NClRoZW1zIGZv\nb3MgYXJlIGFmcmFpZCBvZiB5b3VyIG1hZCBjZWxsbyBza2lsbHosIGRvbid0IHdhbnQgdG8gc2Nh\ncmUgYXdheSBub25lIG9mIHRoZWlyIGtpZHMuIFlvdXMgaXMgZmEuLi4gIFJlYWQgTW9yZXIgdG9v\nIGdvb2QgZm8gZGVtLiINCnphY2ggZGlhbW9uZA0KDQoiQW5kIHRydXRoIG9mIHRoZSBtYXR0ZXIg\naXMsIGEgbG90IG9mIHJlcG9ydHMgaW4gV2FzaGluZ3RvbiBhcmUgbmV2ZXIgcmVhZCBieSBhbnli\nb2R5LiBUbyBzaG93IHlvdSBob3cgaW1wb3J0YW50IHRoaXMgb25lIGlzLCBJIHJlYWQgaXQsIGFu\nZCBvdXIgZ3Vlc3QgcmVhZCBpdC4iIC0tR2VvcmdlIFcuIEJ1c2gNCg0KKioqIE1hdHRoZXcgTGl2\naSByZW1vdmVkICJGdWNraW5nIiBmcm9tIGhpcyBmYXZvcml0ZSBhY3Rpdml0aWVzLiA2OjUzYW0N\nClNhbSBCbGFuY28gbGVmdCB0aGUgZ3JvdXAgTEFUSU5PUy4NClNhbSBCbGFuY28gbGVmdCB0aGUg\nZ3JvdXAgSSBiZWxpZXZlIGluIEdvZC4uYW5kIGhlcyBteSBzYXZpb3IuLg0KDQpNT00hIFRoZSBN\nZWF0bG9hZiEgRnVjay4NCg0KQ29sZSBEaWFtb25kOiBUaGUgYW50aXRoZXNpcyBvZiByZWxpZ2lv\nbiBpcyBoZWRvbmlzbS4NCg0KaXQncyBub3QgdGhlIHdlaWdodCBvZiB0aGUgbWFuIG9uIHRoZSBz\nY2FsZSBidXQgdGhlIHNjYWxlIG9mIHRoZSB3ZWlnaHQgb24gdGhlIG1hbg0KICAgIGkga25vdywg\naSdtIGJyaWxsaWFudC4NCg0KbG9sIGNoYW5nZXMgZXZlcnl0aGluZzoNCkJlZm9yZTogIllvdSBj\naGVhdGVkIG9uIG15IHdpZmUhISEiDQpBZnRlcjogIllvdSBjaGVhdGVkIG9uIG15IHdpZmUsIGxv\nbCEhISINCg0KDQpUaGVyZSBhcmUgbWFueSB0eXBlcyBvZiBkb3VjaGViYWdzIG91dCB0aGVyZSB0\naGF0IHRoaW5rIHRoZXkncmUgZ29vZCBhdCBjZXJ0YWluIHRoaW5ncy4gVGhlcmUgYXJlIGd1aXRh\nciBkb3VjaGViYWdzLCBzcG9ydHMgZG91Y2hlYmFncywgYW5kIHRoZW4gdGhlcmUgYXJlIGpva2Ug\nZG91Y2hlYmFncy4gRGFuZSBDb29rIGlzIGEgam9rZSBkb3VjaGViYWcgdGhhdCBnb3QgbHVja3ku\nIA0KIC0gc2FtIGFtaW5mYXJkLg0KDQpqdXN0IGtpZGRpbmcgb24gMTAwJSBvZiB0aGlzIGZiIGlu\nZm8sIG9idmlvdXNseVUEbGlua1UkaHR0cDovL3d3dy5mYWNlYm9vay5jb20vY29sZWlkaWFtb25k\nVQhsb2NhdGlvbn1xKihoJVUPMTA4NDI0Mjc5MTg5MTE1aCNVEk5ldyBZb3JrLCBOZXcgWW9ya3VV\nEWZhdm9yaXRlX2F0aGxldGVzXXErKH1xLChoJVUPMTc0NDIwMzkyNTk3NDMxaCNVC0FsZXggTW9y\nZ2FudX1xLShoJVUPMTc3MzU0OTg4OTQ4NTk3aCNVDFNhcmFoIEh1Z2hlc3VlVQZnZW5kZXJVBG1h\nbGVVCHRpbWV6b25lSvz///9VDHVwZGF0ZWRfdGltZVUYMjAxMy0wNS0wMlQwMzoyNTo0MSswMDAw\naCVoDXVVFWZhY2Vib29rX2FjY2Vzc190b2tlbnEuWKMAAABDQUFFS2xIZVBjaUlCQUM5ZTlNcjBU\nUWtsTlJ1blZWZzExYzdkNHJPUDFhdVJTNFliR1J3N0d5UXVKcTg5ZFZQU0dZVkEwb05LVVljTTRi\nQldhMk1aQkFhSGpaQm5ISEtuVUNyTWJJRFpDbmFuNFBoWkNVcG5SSW5zdlpBZm1hQUgwQnpoRjNX\nbFdlcTVtZ2VLVmFsbDJYTW00elNmNXV4d1pEcS9VBWVtYWlscTBoJnV1cy4=\n	2013-06-13 15:19:17.290622+00
dbaa30d816df58da38d6995c3cb36723	ZGE1Yzk2NWVmNmZkMGEyOWE5M2E1ZjA4OTYwYWIxMzcyNDBiOGUxMDqAAn1xAVUad2l6YXJkX3R1\ndG9yX3NpZ251cF93aXphcmRxAn1xAyhVCnN0ZXBfZmlsZXNxBH1VBHN0ZXBxBVgFAAAAc3RlcDFx\nBlUKZXh0cmFfZGF0YXEHfVUJc3RlcF9kYXRhcQh9dXMu\n	2013-08-02 18:58:34.103143+00
bcdbb8d45a6d7265d662688624d57198	ZGE1Yzk2NWVmNmZkMGEyOWE5M2E1ZjA4OTYwYWIxMzcyNDBiOGUxMDqAAn1xAVUad2l6YXJkX3R1\ndG9yX3NpZ251cF93aXphcmRxAn1xAyhVCnN0ZXBfZmlsZXNxBH1VBHN0ZXBxBVgFAAAAc3RlcDFx\nBlUKZXh0cmFfZGF0YXEHfVUJc3RlcF9kYXRhcQh9dXMu\n	2013-08-01 23:10:55.72652+00
5cc6baf56e37b8c5ca85ffedb993de85	ZGE1Yzk2NWVmNmZkMGEyOWE5M2E1ZjA4OTYwYWIxMzcyNDBiOGUxMDqAAn1xAVUad2l6YXJkX3R1\ndG9yX3NpZ251cF93aXphcmRxAn1xAyhVCnN0ZXBfZmlsZXNxBH1VBHN0ZXBxBVgFAAAAc3RlcDFx\nBlUKZXh0cmFfZGF0YXEHfVUJc3RlcF9kYXRhcQh9dXMu\n	2013-08-02 19:49:45.391626+00
b1a88dc6a1d2741f46849f5c66fe00d2	MWM1ZGZlZDU4NGY3ZGYyOTc4OWQ4OTI3MjYzOWU5MmIzMTU3YTA5YTqAAn1xAVUKdGVzdGNvb2tp\nZXECVQZ3b3JrZWRxA3Mu\n	2013-07-11 17:16:25.066726+00
054195da5b90098c480072eb8663aa58	YTFhYzhhZWEwZjM1NzdjNDQwYzEzYzZjZDUxMGM1NjZjMDYxMjExYTqAAn1xAVUad2l6YXJkX3R1\ndG9yX3NpZ251cF93aXphcmR9cQIoVQpzdGVwX2ZpbGVzcQN9VQRzdGVwcQRYBQAAAHN0ZXAxcQVV\nCmV4dHJhX2RhdGFxBn1VCXN0ZXBfZGF0YXEHfXVzLg==\n	2013-08-02 03:40:57.45335+00
c957c6c2320abcf174f5aee0e685c13e	YTFhYzhhZWEwZjM1NzdjNDQwYzEzYzZjZDUxMGM1NjZjMDYxMjExYTqAAn1xAVUad2l6YXJkX3R1\ndG9yX3NpZ251cF93aXphcmR9cQIoVQpzdGVwX2ZpbGVzcQN9VQRzdGVwcQRYBQAAAHN0ZXAxcQVV\nCmV4dHJhX2RhdGFxBn1VCXN0ZXBfZGF0YXEHfXVzLg==\n	2013-08-06 00:01:05.610676+00
6cb7fd037b7f644fbc1832222c1f8b06	ZGE1Yzk2NWVmNmZkMGEyOWE5M2E1ZjA4OTYwYWIxMzcyNDBiOGUxMDqAAn1xAVUad2l6YXJkX3R1\ndG9yX3NpZ251cF93aXphcmRxAn1xAyhVCnN0ZXBfZmlsZXNxBH1VBHN0ZXBxBVgFAAAAc3RlcDFx\nBlUKZXh0cmFfZGF0YXEHfVUJc3RlcF9kYXRhcQh9dXMu\n	2013-08-02 21:14:04.04362+00
bd8b7d0e056da199372f6697a9ea98b6	NjY1Y2I0NDcyNzIyM2MzODEyOTljM2ZjYzM2YzkxZWRhZDU3NjRkMTqAAn1xAShVEl9hdXRoX3Vz\nZXJfYmFja2VuZHECVSlkamFuZ28uY29udHJpYi5hdXRoLmJhY2tlbmRzLk1vZGVsQmFja2VuZHED\nVQ1fYXV0aF91c2VyX2lkcQSKAVF1Lg==\n	2012-10-16 01:11:20.750437+00
3fa84252007fb0a4d2a47af519cef494	ZGE1Yzk2NWVmNmZkMGEyOWE5M2E1ZjA4OTYwYWIxMzcyNDBiOGUxMDqAAn1xAVUad2l6YXJkX3R1\ndG9yX3NpZ251cF93aXphcmRxAn1xAyhVCnN0ZXBfZmlsZXNxBH1VBHN0ZXBxBVgFAAAAc3RlcDFx\nBlUKZXh0cmFfZGF0YXEHfVUJc3RlcF9kYXRhcQh9dXMu\n	2013-08-08 04:36:59.985178+00
73939358a339eacc3bfac0b51ec2f265	ZjVlODYzMmM4Mjc3MzU3MzU3M2Y2NWRiMWM5OGM4YmQ0MWIxZGFjMzqAAn1xAS4=\n	2013-02-16 16:57:36.198794+00
d6a8341cf46517cac15d82575dda9961	MDk0OThkMTJmZjliMzQ4MmQxODg3MDcyMDM5NGI4ODhkNzEwN2NkMzqAAn1xAShVEl9hdXRoX3Vz\nZXJfYmFja2VuZHECVSlkamFuZ28uY29udHJpYi5hdXRoLmJhY2tlbmRzLk1vZGVsQmFja2VuZHED\nVQ1fYXV0aF91c2VyX2lkcQSKAWl1Lg==\n	2013-02-18 19:54:02.318267+00
357614390c2b43af8c94565402f07c0d	ZjVlODYzMmM4Mjc3MzU3MzU3M2Y2NWRiMWM5OGM4YmQ0MWIxZGFjMzqAAn1xAS4=\n	2013-06-17 21:30:42.845623+00
6dbc0646df11e714b18e0a85ad071f79	ZTVlZGEwMGExZjhkMGE2NDg4NzA2ZDZjMmRjYmUwNGY0NjY4NGVkNzqAAn1xAShVD19zZXNzaW9u\nX2V4cGlyeXECSwBVEl9hdXRoX3VzZXJfYmFja2VuZHEDVSlkamFuZ28uY29udHJpYi5hdXRoLmJh\nY2tlbmRzLk1vZGVsQmFja2VuZHEEVQ1fYXV0aF91c2VyX2lkcQVLs3Uu\n	2013-07-14 19:52:07.757605+00
43d6ad39e6db12ad5dc8dcb9454a5bf6	YzBjODIxMTYwZWY4ZDU1YTU1Mzg0NjMxMWVjMTAxYjg2ZDQ0MmNlZjqAAn1xAShVD19zZXNzaW9u\nX2V4cGlyeXECSwBVEl9hdXRoX3VzZXJfYmFja2VuZHEDVSlkamFuZ28uY29udHJpYi5hdXRoLmJh\nY2tlbmRzLk1vZGVsQmFja2VuZHEEVQ1fYXV0aF91c2VyX2lkcQVLW3Uu\n	2013-03-09 00:25:30.776245+00
fd7a1832a72adfd409d0d12e08181ec5	ZjVlODYzMmM4Mjc3MzU3MzU3M2Y2NWRiMWM5OGM4YmQ0MWIxZGFjMzqAAn1xAS4=\n	2013-02-18 02:26:18.601464+00
3c078bcf6b6a1e4a1044d79dd1607cea	ZjVlODYzMmM4Mjc3MzU3MzU3M2Y2NWRiMWM5OGM4YmQ0MWIxZGFjMzqAAn1xAS4=\n	2013-06-20 18:35:23.320635+00
05e4f114e9ee33d62bd6752941d8389b	ZWEzMDgxODk2N2UxMGRmNTEwNTVlNWEwNWY2Y2Y1ZjAwOTMxYTkxMzqAAn1xAShVD2RqYW5nb190\naW1lem9uZWNweXR6Cl9wCnECKFUJVVMvQWxhc2thcQNKYHP//0sAVQNDQVRxBHRScQVVEl9hdXRo\nX3VzZXJfYmFja2VuZFUpZGphbmdvLmNvbnRyaWIuYXV0aC5iYWNrZW5kcy5Nb2RlbEJhY2tlbmRV\nDV9hdXRoX3VzZXJfaWSKAX51Lg==\n	2013-02-20 03:17:13.718845+00
6d2b7ddb87a4b8054fd9c9e6a34dc5a9	MjI2MTJjNDBlMzhjNzE2YWJmNWE1MDVmNTViZDFkYjNmN2VmNzA0MzqAAn1xAShVD19zZXNzaW9u\nX2V4cGlyeUsAVQ9kamFuZ29fdGltZXpvbmVxAmNweXR6Cl9wCnEDKFUKVVMvRWFzdGVybnEESrC5\n//9LAFUDRVNUcQV0UnEGVQp0ZXN0Y29va2llVQZ3b3JrZWRVEl9hdXRoX3VzZXJfYmFja2VuZFUp\nZGphbmdvLmNvbnRyaWIuYXV0aC5iYWNrZW5kcy5Nb2RlbEJhY2tlbmRVDV9hdXRoX3VzZXJfaWRL\nW3Uu\n	2013-02-28 17:17:42.31581+00
8fd37a1c0073e9de0fc98ffa8c6d7803	Njk2M2JlYzBiZTY4MTJjY2NhOGEwYWU3ZDk2Y2U3ZmQzZjBkNWZkZjqAAn1xAShVEl9hdXRoX3Vz\nZXJfYmFja2VuZHECVSlkamFuZ28uY29udHJpYi5hdXRoLmJhY2tlbmRzLk1vZGVsQmFja2VuZHED\nVQ1fYXV0aF91c2VyX2lkcQSKAogAdS4=\n	2013-02-20 18:28:22.54932+00
17861b16131825bfe201dd2efbd5f5d7	ZGE1Yzk2NWVmNmZkMGEyOWE5M2E1ZjA4OTYwYWIxMzcyNDBiOGUxMDqAAn1xAVUad2l6YXJkX3R1\ndG9yX3NpZ251cF93aXphcmRxAn1xAyhVCnN0ZXBfZmlsZXNxBH1VBHN0ZXBxBVgFAAAAc3RlcDFx\nBlUKZXh0cmFfZGF0YXEHfVUJc3RlcF9kYXRhcQh9dXMu\n	2013-08-02 16:55:21.978953+00
598c816d1e4da86ba0f9e15f3ffba266	ODdmNDMxNTk5ZTE0NmEzZWUwMDBkNWRmNzliMjUzOGZkOTkxMzUwMDqAAn1xAShVD19zZXNzaW9u\nX2V4cGlyeXECSwBVEl9hdXRoX3VzZXJfYmFja2VuZHEDVTNhbGxhdXRoLmFjY291bnQuYXV0aF9i\nYWNrZW5kcy5BdXRoZW50aWNhdGlvbkJhY2tlbmRxBFUNX2F1dGhfdXNlcl9pZHEFS6F1Lg==\n	2013-03-02 08:53:28.812081+00
bd62596fc2757b15b4959c5de58ef915	ZjVlODYzMmM4Mjc3MzU3MzU3M2Y2NWRiMWM5OGM4YmQ0MWIxZGFjMzqAAn1xAS4=\n	2013-04-21 05:08:29.045087+00
611dad2643681ca8173d22301d4c42c5	YzBjODIxMTYwZWY4ZDU1YTU1Mzg0NjMxMWVjMTAxYjg2ZDQ0MmNlZjqAAn1xAShVD19zZXNzaW9u\nX2V4cGlyeXECSwBVEl9hdXRoX3VzZXJfYmFja2VuZHEDVSlkamFuZ28uY29udHJpYi5hdXRoLmJh\nY2tlbmRzLk1vZGVsQmFja2VuZHEEVQ1fYXV0aF91c2VyX2lkcQVLW3Uu\n	2013-07-18 01:08:20.050471+00
e9a334cabcaaac5c15a6ace6b312d15b	ZGE1Yzk2NWVmNmZkMGEyOWE5M2E1ZjA4OTYwYWIxMzcyNDBiOGUxMDqAAn1xAVUad2l6YXJkX3R1\ndG9yX3NpZ251cF93aXphcmRxAn1xAyhVCnN0ZXBfZmlsZXNxBH1VBHN0ZXBxBVgFAAAAc3RlcDFx\nBlUKZXh0cmFfZGF0YXEHfVUJc3RlcF9kYXRhcQh9dXMu\n	2013-08-01 01:04:33.21927+00
7e17d4b109935a36409dc834dc7cc1a7	ZGE1Yzk2NWVmNmZkMGEyOWE5M2E1ZjA4OTYwYWIxMzcyNDBiOGUxMDqAAn1xAVUad2l6YXJkX3R1\ndG9yX3NpZ251cF93aXphcmRxAn1xAyhVCnN0ZXBfZmlsZXNxBH1VBHN0ZXBxBVgFAAAAc3RlcDFx\nBlUKZXh0cmFfZGF0YXEHfVUJc3RlcF9kYXRhcQh9dXMu\n	2013-08-01 13:41:59.401124+00
09810b78659963fb9c7853f9c1f3e942	ZGE1Yzk2NWVmNmZkMGEyOWE5M2E1ZjA4OTYwYWIxMzcyNDBiOGUxMDqAAn1xAVUad2l6YXJkX3R1\ndG9yX3NpZ251cF93aXphcmRxAn1xAyhVCnN0ZXBfZmlsZXNxBH1VBHN0ZXBxBVgFAAAAc3RlcDFx\nBlUKZXh0cmFfZGF0YXEHfVUJc3RlcF9kYXRhcQh9dXMu\n	2013-08-01 16:06:51.799308+00
48d43e646ceea2cd277c4bc659d11199	NzhlZTEyZDZjZmUwZTg0MzRhN2MwNzJkYTAwNTZkOWIwZjY4NmU3ZjqAAn1xAShVD2RqYW5nb190\naW1lem9uZWNweXR6Cl9wCnECKFUJVVMvQWxhc2thcQNKYHP//0sAVQNDQVRxBHRScQVVEl9hdXRo\nX3VzZXJfYmFja2VuZFUpZGphbmdvLmNvbnRyaWIuYXV0aC5iYWNrZW5kcy5Nb2RlbEJhY2tlbmRV\nDV9hdXRoX3VzZXJfaWSKAtAAdS4=\n	2013-05-14 10:48:11.589848+00
ae9101541d2451976ffbec52fd30303a	ZGE1Yzk2NWVmNmZkMGEyOWE5M2E1ZjA4OTYwYWIxMzcyNDBiOGUxMDqAAn1xAVUad2l6YXJkX3R1\ndG9yX3NpZ251cF93aXphcmRxAn1xAyhVCnN0ZXBfZmlsZXNxBH1VBHN0ZXBxBVgFAAAAc3RlcDFx\nBlUKZXh0cmFfZGF0YXEHfVUJc3RlcF9kYXRhcQh9dXMu\n	2013-08-01 18:19:20.232505+00
2fa17ce6de7bd8e6b557346d4faa6026	ZGE1Yzk2NWVmNmZkMGEyOWE5M2E1ZjA4OTYwYWIxMzcyNDBiOGUxMDqAAn1xAVUad2l6YXJkX3R1\ndG9yX3NpZ251cF93aXphcmRxAn1xAyhVCnN0ZXBfZmlsZXNxBH1VBHN0ZXBxBVgFAAAAc3RlcDFx\nBlUKZXh0cmFfZGF0YXEHfVUJc3RlcF9kYXRhcQh9dXMu\n	2013-08-02 18:34:51.065964+00
f017d03b529d57152157cebfe09d05d3	ZGE1Yzk2NWVmNmZkMGEyOWE5M2E1ZjA4OTYwYWIxMzcyNDBiOGUxMDqAAn1xAVUad2l6YXJkX3R1\ndG9yX3NpZ251cF93aXphcmRxAn1xAyhVCnN0ZXBfZmlsZXNxBH1VBHN0ZXBxBVgFAAAAc3RlcDFx\nBlUKZXh0cmFfZGF0YXEHfVUJc3RlcF9kYXRhcQh9dXMu\n	2013-08-02 19:00:26.402436+00
a542a5057ab66e8bc86f1c2dc9d3b833	ZGE1Yzk2NWVmNmZkMGEyOWE5M2E1ZjA4OTYwYWIxMzcyNDBiOGUxMDqAAn1xAVUad2l6YXJkX3R1\ndG9yX3NpZ251cF93aXphcmRxAn1xAyhVCnN0ZXBfZmlsZXNxBH1VBHN0ZXBxBVgFAAAAc3RlcDFx\nBlUKZXh0cmFfZGF0YXEHfVUJc3RlcF9kYXRhcQh9dXMu\n	2013-08-02 19:50:42.470692+00
2b5454c4fd2f7dab9bb48cff74cd3a22	ZmMzMjVlZDViMDA4Nzg1ZTgwNWM3MzM2NTJiOTA1M2Q2NTViMmViYTqAAn1xAShVGndpemFyZF90\ndXRvcl9zaWdudXBfd2l6YXJkfXECKFUKc3RlcF9maWxlc31VBHN0ZXBYBQAAAHN0ZXAxVQpleHRy\nYV9kYXRhfVUJc3RlcF9kYXRhfXVVD19zZXNzaW9uX2V4cGlyeXEDSwBVEl9hdXRoX3VzZXJfYmFj\na2VuZHEEVTNhbGxhdXRoLmFjY291bnQuYXV0aF9iYWNrZW5kcy5BdXRoZW50aWNhdGlvbkJhY2tl\nbmRxBVUNX2F1dGhfdXNlcl9pZHEGS/x1Lg==\n	2013-08-01 21:44:17.763826+00
4cb65db76fb8e714466a356d55819443	ZGE1Yzk2NWVmNmZkMGEyOWE5M2E1ZjA4OTYwYWIxMzcyNDBiOGUxMDqAAn1xAVUad2l6YXJkX3R1\ndG9yX3NpZ251cF93aXphcmRxAn1xAyhVCnN0ZXBfZmlsZXNxBH1VBHN0ZXBxBVgFAAAAc3RlcDFx\nBlUKZXh0cmFfZGF0YXEHfVUJc3RlcF9kYXRhcQh9dXMu\n	2013-08-01 23:35:08.524641+00
0277e762f322f088fab4d032810d8c66	MDYwNGMwOGQ4YjcyNzY0MzIwZjZiOTE5ZDU1NzRmMWRmODhiNzkxMDqAAn1xAShVEl9hdXRoX3Vz\nZXJfYmFja2VuZHECVSlkamFuZ28uY29udHJpYi5hdXRoLmJhY2tlbmRzLk1vZGVsQmFja2VuZHED\nVQ1fYXV0aF91c2VyX2lkcQSKAgABdS4=\n	2013-07-12 16:10:40.415788+00
aa125b2839c5ec26c57e15c5dc6d9e5d	ZGE1Yzk2NWVmNmZkMGEyOWE5M2E1ZjA4OTYwYWIxMzcyNDBiOGUxMDqAAn1xAVUad2l6YXJkX3R1\ndG9yX3NpZ251cF93aXphcmRxAn1xAyhVCnN0ZXBfZmlsZXNxBH1VBHN0ZXBxBVgFAAAAc3RlcDFx\nBlUKZXh0cmFfZGF0YXEHfVUJc3RlcF9kYXRhcQh9dXMu\n	2013-08-12 20:04:57.222676+00
c629fae7f46c399a8ca45dfa8b6e39a5	ZGE1Yzk2NWVmNmZkMGEyOWE5M2E1ZjA4OTYwYWIxMzcyNDBiOGUxMDqAAn1xAVUad2l6YXJkX3R1\ndG9yX3NpZ251cF93aXphcmRxAn1xAyhVCnN0ZXBfZmlsZXNxBH1VBHN0ZXBxBVgFAAAAc3RlcDFx\nBlUKZXh0cmFfZGF0YXEHfVUJc3RlcF9kYXRhcQh9dXMu\n	2013-08-02 22:43:20.919077+00
168e76f11b988074bd698591ef8263e9	ZGE1Yzk2NWVmNmZkMGEyOWE5M2E1ZjA4OTYwYWIxMzcyNDBiOGUxMDqAAn1xAVUad2l6YXJkX3R1\ndG9yX3NpZ251cF93aXphcmRxAn1xAyhVCnN0ZXBfZmlsZXNxBH1VBHN0ZXBxBVgFAAAAc3RlcDFx\nBlUKZXh0cmFfZGF0YXEHfVUJc3RlcF9kYXRhcQh9dXMu\n	2013-08-02 23:08:53.310944+00
f9fe83948bb966598627ec077e19e8a0	YTgyNzg4YWYyZTZkNDA0NDIyZWQ4MTk2ZmQzMGJhZTZhMTI1NjFkNjqAAn1xAShVEl9hdXRoX3Vz\nZXJfYmFja2VuZHECVSlkamFuZ28uY29udHJpYi5hdXRoLmJhY2tlbmRzLk1vZGVsQmFja2VuZHED\nVQ1fYXV0aF91c2VyX2lkcQSKAVJ1Lg==\n	2012-10-16 01:12:53.932824+00
dd1b6f8d1d4654f6b1be04b9b645072a	ZGE1Yzk2NWVmNmZkMGEyOWE5M2E1ZjA4OTYwYWIxMzcyNDBiOGUxMDqAAn1xAVUad2l6YXJkX3R1\ndG9yX3NpZ251cF93aXphcmRxAn1xAyhVCnN0ZXBfZmlsZXNxBH1VBHN0ZXBxBVgFAAAAc3RlcDFx\nBlUKZXh0cmFfZGF0YXEHfVUJc3RlcF9kYXRhcQh9dXMu\n	2013-08-02 17:42:15.064214+00
ae4414a45cc1a92c0512c11b28ff51d8	MTIxODBmNWJiODIzOTY3YWMzZjM3NWE2NDgyMTllNjNhYmIxNjc2NzqAAn1xAShVD19zZXNzaW9u\nX2V4cGlyeXECSwBVEl9hdXRoX3VzZXJfYmFja2VuZHEDVTNhbGxhdXRoLmFjY291bnQuYXV0aF9i\nYWNrZW5kcy5BdXRoZW50aWNhdGlvbkJhY2tlbmRxBFUNX2F1dGhfdXNlcl9pZHEFS2t1Lg==\n	2013-02-19 01:17:33.016339+00
9167c6d9b5ed95d444e0b95585351a35	ZDFjOWU4Y2IwYTM1NmUyYzE0ZGFkZmY5NTlmZmQzYTM2YTQ0YmI3MTqAAn1xAShVD19zZXNzaW9u\nX2V4cGlyeXECSwBVEl9hdXRoX3VzZXJfYmFja2VuZHEDVSlkamFuZ28uY29udHJpYi5hdXRoLmJh\nY2tlbmRzLk1vZGVsQmFja2VuZHEEVQ1fYXV0aF91c2VyX2lkcQVLWHUu\n	2013-03-19 21:40:14.996483+00
4a31e041c6e5915397c142bb3e023bac	NWI5YTBkYjAxZTMyODRiZWE0ZTkwMjY0Zjg1YjQ2ODY0NmRiOGJiNjqAAn1xAShVD19zZXNzaW9u\nX2V4cGlyeXECSwBVEl9hdXRoX3VzZXJfYmFja2VuZHEDVSlkamFuZ28uY29udHJpYi5hdXRoLmJh\nY2tlbmRzLk1vZGVsQmFja2VuZHEEVQ1fYXV0aF91c2VyX2lkcQVLQ3Uu\n	2013-07-16 00:24:00.961655+00
6666e29a3dbf8f5978d26a616e40c7e3	MDUyYTk3MDQxYjQ5ODYwMzZmN2U4YTgxZDI1ODU5NjY5MzkxOWIxZDqAAn1xAShVEl9hdXRoX3Vz\nZXJfYmFja2VuZHECVSlkamFuZ28uY29udHJpYi5hdXRoLmJhY2tlbmRzLk1vZGVsQmFja2VuZHED\nVQ1fYXV0aF91c2VyX2lkcQSKAX91Lg==\n	2013-02-20 03:25:31.895219+00
1c1f6c0fbabfe3d6f11ce06f41d83e87	YjRkNTRjOGJjZDJkZDRjNGJjNTcyYjk4ODc2NzljNjFkM2Q1NmVkYzqAAn1xAShVEl9hdXRoX3Vz\nZXJfYmFja2VuZHECVSlkamFuZ28uY29udHJpYi5hdXRoLmJhY2tlbmRzLk1vZGVsQmFja2VuZHED\nVQ1fYXV0aF91c2VyX2lkcQSKAqAAdS4=\n	2013-02-28 18:11:50.766018+00
c17a7f11726d23e7080be6c4b93a9d27	YzRiZjJhZTI2ZTVkNjA2Y2UzYTQzYTk4NzcyNzE2YjE3OGUyN2JlYTqAAn1xAShVD19zZXNzaW9u\nX2V4cGlyeXECSwBVEl9hdXRoX3VzZXJfYmFja2VuZHEDVSlkamFuZ28uY29udHJpYi5hdXRoLmJh\nY2tlbmRzLk1vZGVsQmFja2VuZHEEVQ1fYXV0aF91c2VyX2lkcQVLiXUu\n	2013-02-20 19:02:24.568808+00
1c8c81adaf631ae5937fe7bb05d8cfd1	NTNkMTJlNmMzYzNjNWM2ZmU2NzQ4NGJjYWJjNGViNzAwNzEyNGYzYzqAAn1xAShVD2RqYW5nb190\naW1lem9uZXECY3B5dHoKX3AKcQMoVQpVUy9FYXN0ZXJucQRKsLn//0sAVQNFU1RxBXRScQZVDV9h\ndXRoX3VzZXJfaWSKAswAVRJfYXV0aF91c2VyX2JhY2tlbmRVKWRqYW5nby5jb250cmliLmF1dGgu\nYmFja2VuZHMuTW9kZWxCYWNrZW5kdS4=\n	2013-05-01 23:02:41.606037+00
3737196b7549f0b1ae5ec271f465c5a9	MmFlMTk5MjRjZGM5Yjk4YjhjOTRiNDFiMjU1YjY0NmJlNjc5NDc5NDqAAn1xAShVD19zZXNzaW9u\nX2V4cGlyeXECSwBVEl9hdXRoX3VzZXJfYmFja2VuZHEDVTNhbGxhdXRoLmFjY291bnQuYXV0aF9i\nYWNrZW5kcy5BdXRoZW50aWNhdGlvbkJhY2tlbmRxBFUNX2F1dGhfdXNlcl9pZHEFS/h1Lg==\n	2013-07-30 18:43:19.213529+00
92a2c84c0172bfe32c0e909c4ad7afb2	OWRiYzZmYTU5MTUwODZlMDQwYTEwMGYwYmYxNjhjZmI1YzUyZTc1MDqAAn1xAShVD2RqYW5nb190\naW1lem9uZWNweXR6Cl9wCnECKFUKVVMvRWFzdGVybnEDSrC5//9LAFUDRVNUcQR0UnEFVRJfYXV0\naF91c2VyX2JhY2tlbmRVKWRqYW5nby5jb250cmliLmF1dGguYmFja2VuZHMuTW9kZWxCYWNrZW5k\nVQ1fYXV0aF91c2VyX2lkigFkdS4=\n	2013-02-18 04:06:58.27218+00
75a67527995d99adb64cfdea45ef6ba3	Y2RhNzRjOWM1NmE0NTU0MWNlZGIzNzQ0ZGUwYjQ4N2UxNTMwOTM3YTqAAn1xAShVD19zZXNzaW9u\nX2V4cGlyeXECSwBVEl9hdXRoX3VzZXJfYmFja2VuZHEDVTZhcHBzLmNvbW1vbi51dGlscy5iYWNr\nZW5kcy5DYXNlSW5zZW5zaXRpdmVNb2RlbEJhY2tlbmRxBFUNX2F1dGhfdXNlcl9pZHEFS8p1Lg==\n	2013-06-20 18:35:32.012658+00
d3cd7f89f10e154eddfdad044e545f6e	MDkxYmNlOWU3ODAzMzI0ODZiYTkzN2Y1MDhiZDcxZDZiYzUxYTg4ZDqAAn1xAShVEl9hdXRoX3Vz\nZXJfYmFja2VuZHECVSlkamFuZ28uY29udHJpYi5hdXRoLmJhY2tlbmRzLk1vZGVsQmFja2VuZHED\nVQ1fYXV0aF91c2VyX2lkcQRLQ3Uu\n	2013-03-14 17:42:58.689284+00
909321a3024f0ff6d38fc16a1b526847	ZGE1Yzk2NWVmNmZkMGEyOWE5M2E1ZjA4OTYwYWIxMzcyNDBiOGUxMDqAAn1xAVUad2l6YXJkX3R1\ndG9yX3NpZ251cF93aXphcmRxAn1xAyhVCnN0ZXBfZmlsZXNxBH1VBHN0ZXBxBVgFAAAAc3RlcDFx\nBlUKZXh0cmFfZGF0YXEHfVUJc3RlcF9kYXRhcQh9dXMu\n	2013-08-01 01:06:44.403093+00
29969c3b05f92ea5b89a01e0d8f62210	MTc5MGIxYTU0ODdhZDI3MzYzNjkwMzljZWRkNTM0ZDA5NWQzNDgzNDqAAn1xAShVEl9hdXRoX3Vz\nZXJfYmFja2VuZHECVSlkamFuZ28uY29udHJpYi5hdXRoLmJhY2tlbmRzLk1vZGVsQmFja2VuZHED\nVQ1fYXV0aF91c2VyX2lkcQSKAtEAdS4=\n	2013-05-14 16:52:54.819071+00
c30b3940982b639f3730769288edd712	ZjVlODYzMmM4Mjc3MzU3MzU3M2Y2NWRiMWM5OGM4YmQ0MWIxZGFjMzqAAn1xAS4=\n	2013-04-21 05:08:34.916495+00
74565294a77fc1e877d8bcd581281fc7	MDkxYmNlOWU3ODAzMzI0ODZiYTkzN2Y1MDhiZDcxZDZiYzUxYTg4ZDqAAn1xAShVEl9hdXRoX3Vz\nZXJfYmFja2VuZHECVSlkamFuZ28uY29udHJpYi5hdXRoLmJhY2tlbmRzLk1vZGVsQmFja2VuZHED\nVQ1fYXV0aF91c2VyX2lkcQRLQ3Uu\n	2013-06-24 20:36:59.276621+00
e1643c49ce469786835328b8c08dcd05	ZGE1Yzk2NWVmNmZkMGEyOWE5M2E1ZjA4OTYwYWIxMzcyNDBiOGUxMDqAAn1xAVUad2l6YXJkX3R1\ndG9yX3NpZ251cF93aXphcmRxAn1xAyhVCnN0ZXBfZmlsZXNxBH1VBHN0ZXBxBVgFAAAAc3RlcDFx\nBlUKZXh0cmFfZGF0YXEHfVUJc3RlcF9kYXRhcQh9dXMu\n	2013-08-02 18:36:36.960279+00
0dfa6f5608cfa185f9e845f3abda856e	ZjVlODYzMmM4Mjc3MzU3MzU3M2Y2NWRiMWM5OGM4YmQ0MWIxZGFjMzqAAn1xAS4=\n	2013-07-20 22:37:33.397885+00
f2fcce4ddad828bf594ba96ecc5cdc86	M2M2NzU3NTQ1NDA3OGQ1OTJkYjhiOTFjODM0OGI5YzIxMWNmOTY0ODqAAn1xAShVD2RqYW5nb190\naW1lem9uZWNweXR6Cl9wCnECKFUKVVMvRWFzdGVybnEDSrC5//9LAFUDRVNUcQR0UnEFVQ1fYXV0\naF91c2VyX2lkigKXAFUSX2F1dGhfdXNlcl9iYWNrZW5kVSlkamFuZ28uY29udHJpYi5hdXRoLmJh\nY2tlbmRzLk1vZGVsQmFja2VuZHUu\n	2013-02-26 04:26:00.185184+00
78bb0b4485b9dd77c6ff7d309e6243d5	ZGE1Yzk2NWVmNmZkMGEyOWE5M2E1ZjA4OTYwYWIxMzcyNDBiOGUxMDqAAn1xAVUad2l6YXJkX3R1\ndG9yX3NpZ251cF93aXphcmRxAn1xAyhVCnN0ZXBfZmlsZXNxBH1VBHN0ZXBxBVgFAAAAc3RlcDFx\nBlUKZXh0cmFfZGF0YXEHfVUJc3RlcF9kYXRhcQh9dXMu\n	2013-08-08 04:38:53.643855+00
750859dd456530a5254fa2d088edccc3	MGNkMWM5MTlkYTE4ZDVjN2JmNjk0MDkwNTRiZjE3MjY0ZGUzM2U2YTqAAn1xAVUKdGVzdGNvb2tp\nZVUGd29ya2VkcQJzLg==\n	2013-08-01 13:49:27.361175+00
cc75a44fd1ca786c7114912701d45454	ZGE1Yzk2NWVmNmZkMGEyOWE5M2E1ZjA4OTYwYWIxMzcyNDBiOGUxMDqAAn1xAVUad2l6YXJkX3R1\ndG9yX3NpZ251cF93aXphcmRxAn1xAyhVCnN0ZXBfZmlsZXNxBH1VBHN0ZXBxBVgFAAAAc3RlcDFx\nBlUKZXh0cmFfZGF0YXEHfVUJc3RlcF9kYXRhcQh9dXMu\n	2013-08-01 16:07:07.652523+00
9da54115cbefca5535cc4b3398ce8d28	ZGE1Yzk2NWVmNmZkMGEyOWE5M2E1ZjA4OTYwYWIxMzcyNDBiOGUxMDqAAn1xAVUad2l6YXJkX3R1\ndG9yX3NpZ251cF93aXphcmRxAn1xAyhVCnN0ZXBfZmlsZXNxBH1VBHN0ZXBxBVgFAAAAc3RlcDFx\nBlUKZXh0cmFfZGF0YXEHfVUJc3RlcF9kYXRhcQh9dXMu\n	2013-08-01 18:19:44.115384+00
32377ef7ccb561f0992de3966821c17d	MWM1ZGZlZDU4NGY3ZGYyOTc4OWQ4OTI3MjYzOWU5MmIzMTU3YTA5YTqAAn1xAVUKdGVzdGNvb2tp\nZXECVQZ3b3JrZWRxA3Mu\n	2013-08-11 07:20:23.063141+00
7018759566bba1bfab4fb552184fbf5c	ZGE1Yzk2NWVmNmZkMGEyOWE5M2E1ZjA4OTYwYWIxMzcyNDBiOGUxMDqAAn1xAVUad2l6YXJkX3R1\ndG9yX3NpZ251cF93aXphcmRxAn1xAyhVCnN0ZXBfZmlsZXNxBH1VBHN0ZXBxBVgFAAAAc3RlcDFx\nBlUKZXh0cmFfZGF0YXEHfVUJc3RlcF9kYXRhcQh9dXMu\n	2013-08-12 20:12:44.831312+00
5be6a742dd194d71ae29a28f5e00e0d0	ZGE1Yzk2NWVmNmZkMGEyOWE5M2E1ZjA4OTYwYWIxMzcyNDBiOGUxMDqAAn1xAVUad2l6YXJkX3R1\ndG9yX3NpZ251cF93aXphcmRxAn1xAyhVCnN0ZXBfZmlsZXNxBH1VBHN0ZXBxBVgFAAAAc3RlcDFx\nBlUKZXh0cmFfZGF0YXEHfVUJc3RlcF9kYXRhcQh9dXMu\n	2013-08-02 19:50:42.75693+00
5cee5bdb896726d0c818517b93510c6a	MWM1ZGZlZDU4NGY3ZGYyOTc4OWQ4OTI3MjYzOWU5MmIzMTU3YTA5YTqAAn1xAVUKdGVzdGNvb2tp\nZXECVQZ3b3JrZWRxA3Mu\n	2013-08-02 04:51:26.381612+00
32ebb002d62622fc2e437818510985f0	ZGE1Yzk2NWVmNmZkMGEyOWE5M2E1ZjA4OTYwYWIxMzcyNDBiOGUxMDqAAn1xAVUad2l6YXJkX3R1\ndG9yX3NpZ251cF93aXphcmRxAn1xAyhVCnN0ZXBfZmlsZXNxBH1VBHN0ZXBxBVgFAAAAc3RlcDFx\nBlUKZXh0cmFfZGF0YXEHfVUJc3RlcF9kYXRhcQh9dXMu\n	2013-08-02 22:48:33.664604+00
f5483824c112e71e75075519b30d031a	ZGE1Yzk2NWVmNmZkMGEyOWE5M2E1ZjA4OTYwYWIxMzcyNDBiOGUxMDqAAn1xAVUad2l6YXJkX3R1\ndG9yX3NpZ251cF93aXphcmRxAn1xAyhVCnN0ZXBfZmlsZXNxBH1VBHN0ZXBxBVgFAAAAc3RlcDFx\nBlUKZXh0cmFfZGF0YXEHfVUJc3RlcF9kYXRhcQh9dXMu\n	2013-08-02 23:11:41.074901+00
56063568af593e80da81be6138bf26a4	MWRhNjM1OTY1OTU4MTkwOGIzZGM3M2I4MmRkN2QyYWFjMGI1NmFkNjqAAn1xAShVD19zZXNzaW9u\nX2V4cGlyeXECSwBVEl9hdXRoX3VzZXJfYmFja2VuZHEDVSlkamFuZ28uY29udHJpYi5hdXRoLmJh\nY2tlbmRzLk1vZGVsQmFja2VuZHEEVQ1fYXV0aF91c2VyX2lkcQVLAXUu\n	2012-10-24 17:07:52.932396+00
d9aaff8a186bd19a195ba1793e7c28ef	MTM4ZWZlODM2MDY0MTVjMGZjZjI0MGQwNDZkZWY1OTQxNjI0ZDgxYTqAAn1xAShVD2RqYW5nb190\naW1lem9uZXECY3B5dHoKX3AKcQMoVQpVUy9FYXN0ZXJucQRKsLn//0sAVQNFU1RxBXRScQZVDV9h\ndXRoX3VzZXJfaWRLQ1USX2F1dGhfdXNlcl9iYWNrZW5kVSlkamFuZ28uY29udHJpYi5hdXRoLmJh\nY2tlbmRzLk1vZGVsQmFja2VuZHUu\n	2013-07-30 20:28:43.63937+00
50c2c7d279c03a51fb738289d404a178	NWI5YTBkYjAxZTMyODRiZWE0ZTkwMjY0Zjg1YjQ2ODY0NmRiOGJiNjqAAn1xAShVD19zZXNzaW9u\nX2V4cGlyeXECSwBVEl9hdXRoX3VzZXJfYmFja2VuZHEDVSlkamFuZ28uY29udHJpYi5hdXRoLmJh\nY2tlbmRzLk1vZGVsQmFja2VuZHEEVQ1fYXV0aF91c2VyX2lkcQVLQ3Uu\n	2013-06-28 01:07:26.861939+00
abb9c8e44c8d70b642050e026ff70ad1	MDkxYmNlOWU3ODAzMzI0ODZiYTkzN2Y1MDhiZDcxZDZiYzUxYTg4ZDqAAn1xAShVEl9hdXRoX3Vz\nZXJfYmFja2VuZHECVSlkamFuZ28uY29udHJpYi5hdXRoLmJhY2tlbmRzLk1vZGVsQmFja2VuZHED\nVQ1fYXV0aF91c2VyX2lkcQRLQ3Uu\n	2013-05-30 15:24:01.054497+00
900c1a96cec065121f2b68e2bead2b66	ZWM4MWNlNjdjYjBiYmI2OWE1MWVhYzVjZjQ5MjNjOWM1NmVjODg0ZDqAAn1xAShVD2RqYW5nb190\naW1lem9uZWNweXR6Cl9wCnECKFUJVVMvQWxhc2thcQNKYHP//0sAVQNDQVRxBHRScQVVEl9hdXRo\nX3VzZXJfYmFja2VuZFUpZGphbmdvLmNvbnRyaWIuYXV0aC5iYWNrZW5kcy5Nb2RlbEJhY2tlbmRV\nDV9hdXRoX3VzZXJfaWSKAV91Lg==\n	2013-02-11 18:00:11.881926+00
c88958b847c96cfdb155c2d44a5c345f	NmI1YWE1ZGNhMGE4N2Y2NjI4ODkyNDhlYmM3MzQ0ODAwZDM5ODc2ZjqAAn1xAShVD19zZXNzaW9u\nX2V4cGlyeXECSwBVEl9hdXRoX3VzZXJfYmFja2VuZHEDVTNhbGxhdXRoLmFjY291bnQuYXV0aF9i\nYWNrZW5kcy5BdXRoZW50aWNhdGlvbkJhY2tlbmRxBFUNX2F1dGhfdXNlcl9pZHEFS/B1Lg==\n	2013-07-16 12:42:25.56961+00
884d2368867cc553db69a247286fda60	ZTVlZGEwMGExZjhkMGE2NDg4NzA2ZDZjMmRjYmUwNGY0NjY4NGVkNzqAAn1xAShVD19zZXNzaW9u\nX2V4cGlyeXECSwBVEl9hdXRoX3VzZXJfYmFja2VuZHEDVSlkamFuZ28uY29udHJpYi5hdXRoLmJh\nY2tlbmRzLk1vZGVsQmFja2VuZHEEVQ1fYXV0aF91c2VyX2lkcQVLs3Uu\n	2013-06-20 18:37:55.163535+00
6b307a7c16776e2c95085d5020f0833c	YzgwZDQ4MzQyNGVlM2JjNGFlYzYwYmUwODgzOTQzNjM0OGY5NjA5NjqAAn1xAShVD19zZXNzaW9u\nX2V4cGlyeUsAVQ9kamFuZ29fdGltZXpvbmVjcHl0egpfcApxAihVClVTL0Vhc3Rlcm5xA0qwuf//\nSwBVA0VTVHEEdFJxBVUSX2F1dGhfdXNlcl9iYWNrZW5kVSlkamFuZ28uY29udHJpYi5hdXRoLmJh\nY2tlbmRzLk1vZGVsQmFja2VuZFUNX2F1dGhfdXNlcl9pZEtYdS4=\n	2013-03-09 01:03:43.091254+00
d7c6fbc7b68ef91bcca311c0e5e950ef	N2NhOTljNTFmOTBjNDgzODZlYzgxMmMyMTUyYzNkY2YyZGVjZmIzNTqAAn1xAShVD2RqYW5nb190\naW1lem9uZWNweXR6Cl9wCnECKFUKVVMvQ2VudHJhbHEDSqCr//9LAFUDQ1NUcQR0UnEFVRJfYXV0\naF91c2VyX2JhY2tlbmRVKWRqYW5nby5jb250cmliLmF1dGguYmFja2VuZHMuTW9kZWxCYWNrZW5k\nVQ1fYXV0aF91c2VyX2lkigKAAHUu\n	2013-02-20 04:14:59.159919+00
e02c9ad6a06c0d01d199d9a3232c51d4	ODAyNGMxZWE1ZjQyNDk1MjFkNDY5YmUxMzg5MzlhNTYwZWI2NmNmODqAAn1xAShVD2RqYW5nb190\naW1lem9uZWNweXR6Cl9wCnECKFUKVVMvRWFzdGVybnEDSrC5//9LAFUDRVNUcQR0UnEFVRJfYXV0\naF91c2VyX2JhY2tlbmRVKWRqYW5nby5jb250cmliLmF1dGguYmFja2VuZHMuTW9kZWxCYWNrZW5k\nVQ1fYXV0aF91c2VyX2lkigFsdS4=\n	2013-02-19 01:28:13.55929+00
8b98bfc6991e744ff2e3c79d8e0f6863	NzM0YmYwYTFmMWRlZTIxNDQyOGNiZTcwZmU0ZmFlNmMzMDdmY2Y1NDqAAn1xAShVD2RqYW5nb190\naW1lem9uZWNweXR6Cl9wCnECKFUNQXNpYS9DYWxjdXR0YXEDTbxSSwBVA0hNVHEEdFJxBVUNX2F1\ndGhfdXNlcl9pZEugVRJfYXV0aF91c2VyX2JhY2tlbmRVKWRqYW5nby5jb250cmliLmF1dGguYmFj\na2VuZHMuTW9kZWxCYWNrZW5kVQ9fc2Vzc2lvbl9leHBpcnlLAHUu\n	2013-02-28 18:53:58.937117+00
9d450d679a8d3ee4a8e8039fc2594fd1	NmY2YmY4OTcwYzQyZmY1NmJkZTk1OTc0ZjE0ZDYxMGYwYzY0NGM0MTqAAn1xAShVEl9hdXRoX3Vz\nZXJfYmFja2VuZHECVSlkamFuZ28uY29udHJpYi5hdXRoLmJhY2tlbmRzLk1vZGVsQmFja2VuZHED\nVQ1fYXV0aF91c2VyX2lkcQSKAsgAdS4=\n	2013-04-21 23:27:46.325+00
4af30175df591c02761802ddabb14c44	ZjI1MzI1NjRiNmM2OWU1YjhjMmI2NWU5MWY4NGU3YmY5OTI5YjZiYjqAAn1xAShVD19zZXNzaW9u\nX2V4cGlyeXECSwBVEl9hdXRoX3VzZXJfYmFja2VuZHEDVSlkamFuZ28uY29udHJpYi5hdXRoLmJh\nY2tlbmRzLk1vZGVsQmFja2VuZHEEVQ1fYXV0aF91c2VyX2lkcQVLrHUu\n	2013-03-10 20:27:04.782673+00
7675e8b82af5483f931ead7aa41a9134	NTliMmQzYjIzNTEyMDUwZGZlN2IxMjQ5NmNiMDdhMGQzNzUxNzVhMjqAAn1xAShVD2RqYW5nb190\naW1lem9uZXECY3B5dHoKX3AKcQMoVQpVUy9DZW50cmFscQRKoKv//0sAVQNDU1RxBXRScQZVDV9h\ndXRoX3VzZXJfaWSKAooAVRJfYXV0aF91c2VyX2JhY2tlbmRVKWRqYW5nby5jb250cmliLmF1dGgu\nYmFja2VuZHMuTW9kZWxCYWNrZW5kdS4=\n	2013-02-20 19:13:10.985894+00
8645ad586744f696e2c50f92c0f1bdf7	ZDQzYWUzMTFkN2ZmZjZkYjVmNTBiMzUwZGIxNmVkOGZmOGRlMjc3NTqAAn1xAShVD2RqYW5nb190\naW1lem9uZWNweXR6Cl9wCnECKFUKVVMvRWFzdGVybnEDSrC5//9LAFUDRVNUcQR0UnEFVQ1fYXV0\naF91c2VyX2lkigFlVRJfYXV0aF91c2VyX2JhY2tlbmRVKWRqYW5nby5jb250cmliLmF1dGguYmFj\na2VuZHMuTW9kZWxCYWNrZW5kdS4=\n	2013-02-18 06:02:08.797775+00
9c880eeaf4da10de99a4b3e2a0cb3165	MjAyNjRmNTExYTE5MjFmNTcwY2Y1ODNhYjExYTVlZmFmNDg3YzUzNDqAAn1xAShVEl9hdXRoX3Vz\nZXJfYmFja2VuZHECVSlkamFuZ28uY29udHJpYi5hdXRoLmJhY2tlbmRzLk1vZGVsQmFja2VuZHED\nVQ1fYXV0aF91c2VyX2lkcQSKAtIAdS4=\n	2013-05-14 18:37:42.970398+00
3b9810a57ca6c4110765c3764441ab6e	ZGE1Yzk2NWVmNmZkMGEyOWE5M2E1ZjA4OTYwYWIxMzcyNDBiOGUxMDqAAn1xAVUad2l6YXJkX3R1\ndG9yX3NpZ251cF93aXphcmRxAn1xAyhVCnN0ZXBfZmlsZXNxBH1VBHN0ZXBxBVgFAAAAc3RlcDFx\nBlUKZXh0cmFfZGF0YXEHfVUJc3RlcF9kYXRhcQh9dXMu\n	2013-08-02 18:05:23.242129+00
235390bd58551225393fbc0dbd8c2939	ZGE1Yzk2NWVmNmZkMGEyOWE5M2E1ZjA4OTYwYWIxMzcyNDBiOGUxMDqAAn1xAVUad2l6YXJkX3R1\ndG9yX3NpZ251cF93aXphcmRxAn1xAyhVCnN0ZXBfZmlsZXNxBH1VBHN0ZXBxBVgFAAAAc3RlcDFx\nBlUKZXh0cmFfZGF0YXEHfVUJc3RlcF9kYXRhcQh9dXMu\n	2013-08-02 18:36:37.288518+00
a7a01dacc3cdd07ced241eb5dec41cf8	ZGE1Yzk2NWVmNmZkMGEyOWE5M2E1ZjA4OTYwYWIxMzcyNDBiOGUxMDqAAn1xAVUad2l6YXJkX3R1\ndG9yX3NpZ251cF93aXphcmRxAn1xAyhVCnN0ZXBfZmlsZXNxBH1VBHN0ZXBxBVgFAAAAc3RlcDFx\nBlUKZXh0cmFfZGF0YXEHfVUJc3RlcF9kYXRhcQh9dXMu\n	2013-08-01 01:09:52.510442+00
0f4de611fd9e3443a963df40c33b0d8b	MjYyNjkxMzBiNjI4NmFmYzkzYWQ2NDg1Yjc0MzcxYTgxNzJjMDA3ZTqAAn1xAShVD2RqYW5nb190\naW1lem9uZWNweXR6Cl9wCnECKFUKVVMvRWFzdGVybnEDSrC5//9LAFUDRVNUcQR0UnEFVRJfYXV0\naF91c2VyX2JhY2tlbmRVKWRqYW5nby5jb250cmliLmF1dGguYmFja2VuZHMuTW9kZWxCYWNrZW5k\nVQ1fYXV0aF91c2VyX2lkigLrAHUu\n	2013-06-03 23:42:22.344454+00
f18d187bdfdd54cf9ab3c86789a3cdf1	ZGE1Yzk2NWVmNmZkMGEyOWE5M2E1ZjA4OTYwYWIxMzcyNDBiOGUxMDqAAn1xAVUad2l6YXJkX3R1\ndG9yX3NpZ251cF93aXphcmRxAn1xAyhVCnN0ZXBfZmlsZXNxBH1VBHN0ZXBxBVgFAAAAc3RlcDFx\nBlUKZXh0cmFfZGF0YXEHfVUJc3RlcF9kYXRhcQh9dXMu\n	2013-08-02 19:53:35.257946+00
ea0782d74fb9a9548ef8d3a1a822b46e	ZGE1Yzk2NWVmNmZkMGEyOWE5M2E1ZjA4OTYwYWIxMzcyNDBiOGUxMDqAAn1xAVUad2l6YXJkX3R1\ndG9yX3NpZ251cF93aXphcmRxAn1xAyhVCnN0ZXBfZmlsZXNxBH1VBHN0ZXBxBVgFAAAAc3RlcDFx\nBlUKZXh0cmFfZGF0YXEHfVUJc3RlcF9kYXRhcQh9dXMu\n	2013-08-01 16:07:10.852196+00
0e2e117301e599df0c53541ce250fd74	ZGE1Yzk2NWVmNmZkMGEyOWE5M2E1ZjA4OTYwYWIxMzcyNDBiOGUxMDqAAn1xAVUad2l6YXJkX3R1\ndG9yX3NpZ251cF93aXphcmRxAn1xAyhVCnN0ZXBfZmlsZXNxBH1VBHN0ZXBxBVgFAAAAc3RlcDFx\nBlUKZXh0cmFfZGF0YXEHfVUJc3RlcF9kYXRhcQh9dXMu\n	2013-08-01 18:20:04.410836+00
42af431446de32cd824ddac370b7a0d9	ZGE1Yzk2NWVmNmZkMGEyOWE5M2E1ZjA4OTYwYWIxMzcyNDBiOGUxMDqAAn1xAVUad2l6YXJkX3R1\ndG9yX3NpZ251cF93aXphcmRxAn1xAyhVCnN0ZXBfZmlsZXNxBH1VBHN0ZXBxBVgFAAAAc3RlcDFx\nBlUKZXh0cmFfZGF0YXEHfVUJc3RlcF9kYXRhcQh9dXMu\n	2013-08-01 20:04:19.870282+00
edc9fc4c22616be49ad392fa4e719f4e	ZGE1Yzk2NWVmNmZkMGEyOWE5M2E1ZjA4OTYwYWIxMzcyNDBiOGUxMDqAAn1xAVUad2l6YXJkX3R1\ndG9yX3NpZ251cF93aXphcmRxAn1xAyhVCnN0ZXBfZmlsZXNxBH1VBHN0ZXBxBVgFAAAAc3RlcDFx\nBlUKZXh0cmFfZGF0YXEHfVUJc3RlcF9kYXRhcQh9dXMu\n	2013-08-02 05:05:02.958381+00
421d8389b5a74f071d0a36c5c6d8153d	OGFjNDI0YTZiN2IyN2M1NjY2Y2ZiZjU0MGZjMGM1ZDc4ODc1ZjhlOTqAAn1xAShVGndpemFyZF90\ndXRvcl9zaWdudXBfd2l6YXJkfXECKFUKc3RlcF9maWxlc31VBHN0ZXBYBQAAAHN0ZXAxVQpleHRy\nYV9kYXRhfVUJc3RlcF9kYXRhfXVVD19zZXNzaW9uX2V4cGlyeXEDSwBVEl9hdXRoX3VzZXJfYmFj\na2VuZHEEVSlkamFuZ28uY29udHJpYi5hdXRoLmJhY2tlbmRzLk1vZGVsQmFja2VuZHEFVQ1fYXV0\naF91c2VyX2lkcQZNCgF1Lg==\n	2013-08-02 15:19:46.785583+00
9499a8e9518002cbeece76463a375f62	MGUzNTc0NzVjZTQ3ZjFjNTYwNzNiOTNlNWZmNzVkMzU0NGU4YTM2ZTqAAn1xAShVD19zZXNzaW9u\nX2V4cGlyeXECSwBVEl9hdXRoX3VzZXJfYmFja2VuZHEDVTZhcHBzLmNvbW1vbi51dGlscy5iYWNr\nZW5kcy5DYXNlSW5zZW5zaXRpdmVNb2RlbEJhY2tlbmRxBFUNX2F1dGhfdXNlcl9pZHEFS0l1Lg==\n	2012-11-03 22:39:25.849348+00
1b1606677b099ee17c635f1c1293aba5	ZGE1Yzk2NWVmNmZkMGEyOWE5M2E1ZjA4OTYwYWIxMzcyNDBiOGUxMDqAAn1xAVUad2l6YXJkX3R1\ndG9yX3NpZ251cF93aXphcmRxAn1xAyhVCnN0ZXBfZmlsZXNxBH1VBHN0ZXBxBVgFAAAAc3RlcDFx\nBlUKZXh0cmFfZGF0YXEHfVUJc3RlcF9kYXRhcQh9dXMu\n	2013-08-02 18:07:53.638502+00
f319607b242894fdfc83b031effe6da5	ZDFjOWU4Y2IwYTM1NmUyYzE0ZGFkZmY5NTlmZmQzYTM2YTQ0YmI3MTqAAn1xAShVD19zZXNzaW9u\nX2V4cGlyeXECSwBVEl9hdXRoX3VzZXJfYmFja2VuZHEDVSlkamFuZ28uY29udHJpYi5hdXRoLmJh\nY2tlbmRzLk1vZGVsQmFja2VuZHEEVQ1fYXV0aF91c2VyX2lkcQVLWHUu\n	2013-02-27 01:23:26.739123+00
4a60353d9852d1c66c6657c2b55f46c2	ZTVlZGEwMGExZjhkMGE2NDg4NzA2ZDZjMmRjYmUwNGY0NjY4NGVkNzqAAn1xAShVD19zZXNzaW9u\nX2V4cGlyeXECSwBVEl9hdXRoX3VzZXJfYmFja2VuZHEDVSlkamFuZ28uY29udHJpYi5hdXRoLmJh\nY2tlbmRzLk1vZGVsQmFja2VuZHEEVQ1fYXV0aF91c2VyX2lkcQVLs3Uu\n	2013-04-10 18:14:53.588382+00
40df89bdb235924bf55da6ce0fe9b790	MjEyNzI2YjdlMDgwMTRjNzA1OTcxZTBiOTRmMGMxNjEyY2RlMWVkNDqAAn1xAShVD19zZXNzaW9u\nX2V4cGlyeXECSwBVEl9hdXRoX3VzZXJfYmFja2VuZHEDVTNhbGxhdXRoLmFjY291bnQuYXV0aF9i\nYWNrZW5kcy5BdXRoZW50aWNhdGlvbkJhY2tlbmRxBFUNX2F1dGhfdXNlcl9pZHEFS/N1Lg==\n	2013-06-17 21:32:58.760946+00
4188ca47d3255c7f56b1e71d8f1a7a72	NWI5YTBkYjAxZTMyODRiZWE0ZTkwMjY0Zjg1YjQ2ODY0NmRiOGJiNjqAAn1xAShVD19zZXNzaW9u\nX2V4cGlyeXECSwBVEl9hdXRoX3VzZXJfYmFja2VuZHEDVSlkamFuZ28uY29udHJpYi5hdXRoLmJh\nY2tlbmRzLk1vZGVsQmFja2VuZHEEVQ1fYXV0aF91c2VyX2lkcQVLQ3Uu\n	2013-06-28 01:08:22.471589+00
0f39a9267a135f2235917ad57ad53e42	YjZlYjcxZWZkN2M4Y2I1YzY2Yjc3ODkyODZmYTM2OTY0ZDBlNzQ2NzqAAn1xAShVD2RqYW5nb190\naW1lem9uZWNweXR6Cl9wCnECKFUKVVMvRWFzdGVybnEDSrC5//9LAFUDRVNUcQR0UnEFVRJfYXV0\naF91c2VyX2JhY2tlbmRVKWRqYW5nby5jb250cmliLmF1dGguYmFja2VuZHMuTW9kZWxCYWNrZW5k\nVQ1fYXV0aF91c2VyX2lkigFgdS4=\n	2013-02-11 22:09:18.608557+00
00976fb67780a4a8bc2457ad5c257c81	N2I5ZDliN2IxZmNhYjAzZGVlMGQxYmJhZTBlMDhiNzU0YTM3ZTM4YjqAAn1xAShVD2RqYW5nb190\naW1lem9uZWNweXR6Cl9wCnECKFUJVVMvQWxhc2thcQNKYHP//0sAVQNDQVRxBHRScQVVDV9hdXRo\nX3VzZXJfaWRLs1USX2F1dGhfdXNlcl9iYWNrZW5kVSlkamFuZ28uY29udHJpYi5hdXRoLmJhY2tl\nbmRzLk1vZGVsQmFja2VuZFUPX3Nlc3Npb25fZXhwaXJ5SwB1Lg==\n	2013-03-20 02:28:43.977104+00
1e0ef46dc180ae78b67b4f55120cc72e	MjY4YmIzY2M0NTAzMzk2MDZiMzNkMDM5YThmZjQ0ZjcwZGMzMDIyMDqAAn1xAShVEl9hdXRoX3Vz\nZXJfYmFja2VuZHECVSlkamFuZ28uY29udHJpYi5hdXRoLmJhY2tlbmRzLk1vZGVsQmFja2VuZHED\nVQ1fYXV0aF91c2VyX2lkcQSKAXt1Lg==\n	2013-02-19 16:00:51.871024+00
a24121e8fd107730027c4d66ce95a821	OTU5ZWJlZDc4ZjJjZGVkYWQ3ZTcyZDZjNTljYTdjNjgyOTdjZTc1MDqAAn1xAShVD2RqYW5nb190\naW1lem9uZXECY3B5dHoKX3AKcQMoVQlVUy9BbGFza2FxBEpgc///SwBVA0NBVHEFdFJxBlUNX2F1\ndGhfdXNlcl9pZIoBYVUSX2F1dGhfdXNlcl9iYWNrZW5kVSlkamFuZ28uY29udHJpYi5hdXRoLmJh\nY2tlbmRzLk1vZGVsQmFja2VuZHUu\n	2013-02-12 21:57:25.132884+00
f26e74e71460b61cbecbd1b1894ee96f	Y2RhNzRjOWM1NmE0NTU0MWNlZGIzNzQ0ZGUwYjQ4N2UxNTMwOTM3YTqAAn1xAShVD19zZXNzaW9u\nX2V4cGlyeXECSwBVEl9hdXRoX3VzZXJfYmFja2VuZHEDVTZhcHBzLmNvbW1vbi51dGlscy5iYWNr\nZW5kcy5DYXNlSW5zZW5zaXRpdmVNb2RlbEJhY2tlbmRxBFUNX2F1dGhfdXNlcl9pZHEFS8p1Lg==\n	2013-06-20 18:38:30.667067+00
a4966fb109e4b6b48d80c9c313f28039	M2M2YWQxOGZjMWE0YTEwN2U0OTdmMDRmYWYzNTM1NzNiODQwNWY1OTqAAn1xAShVD2RqYW5nb190\naW1lem9uZXECY3B5dHoKX3AKcQMoVQlVUy9BbGFza2FxBEpgc///SwBVA0NBVHEFdFJxBlUNX2F1\ndGhfdXNlcl9pZIoCiwBVEl9hdXRoX3VzZXJfYmFja2VuZFUpZGphbmdvLmNvbnRyaWIuYXV0aC5i\nYWNrZW5kcy5Nb2RlbEJhY2tlbmR1Lg==\n	2013-02-20 21:02:11.900133+00
27bc34822412ed6a7677c769ae123aee	NTk3NTBiODg5NmFhYWIyMzA3YjJkYjRkZjRlMWJjYjc1MzlkOGQyOTqAAn1xAShVD19zZXNzaW9u\nX2V4cGlyeXECSwBVEl9hdXRoX3VzZXJfYmFja2VuZHEDVSlkamFuZ28uY29udHJpYi5hdXRoLmJh\nY2tlbmRzLk1vZGVsQmFja2VuZHEEVQ1fYXV0aF91c2VyX2lkcQVL63Uu\n	2013-06-03 23:48:42.263984+00
c34fc77de08c485d1b943e5265700f76	MDJlMDQxZDQ5MmU1ZmNlYTkyMGQ2NDM1NDRhZDEzMzZkYzBkNGZkNDqAAn1xAShVEl9hdXRoX3Vz\nZXJfYmFja2VuZHECVSlkamFuZ28uY29udHJpYi5hdXRoLmJhY2tlbmRzLk1vZGVsQmFja2VuZHED\nVQ1fYXV0aF91c2VyX2lkcQSKAtMAdS4=\n	2013-05-14 23:27:49.265927+00
47510529a93e0bd9c17c44d33412cd6c	ZjVlODYzMmM4Mjc3MzU3MzU3M2Y2NWRiMWM5OGM4YmQ0MWIxZGFjMzqAAn1xAS4=\n	2013-03-05 20:00:39.885728+00
cc440e946ced0a7da86cbeb52718b0d4	ZjVlODYzMmM4Mjc3MzU3MzU3M2Y2NWRiMWM5OGM4YmQ0MWIxZGFjMzqAAn1xAS4=\n	2013-03-26 16:39:46.473754+00
b7173c6dc1af2d7348df16b031d5c849	MDI0MjM2ZjBlMzljMTFjZGNiMmU4NTliOTgwYTlmNzc4NmFlMzVjMjqAAn1xAShVD19zZXNzaW9u\nX2V4cGlyeUsAVQ9kamFuZ29fdGltZXpvbmVjcHl0egpfcApxAihVC1VTL01pY2hpZ2FucQNKMLL/\n/0sAVQNMTVRxBHRScQVVEl9hdXRoX3VzZXJfYmFja2VuZFUzYWxsYXV0aC5hY2NvdW50LmF1dGhf\nYmFja2VuZHMuQXV0aGVudGljYXRpb25CYWNrZW5kVQ1fYXV0aF91c2VyX2lkS8h1Lg==\n	2013-04-21 23:32:59.962176+00
45057e2f0c591eec3ad6513f773e672a	NGEyZmY3NDBmYmEzMjA0MjhlNWI1OTAyMzU2OWVhNzc0MjY0YjAyMzqAAn1xAShVD2RqYW5nb190\naW1lem9uZWNweXR6Cl9wCnECKFUKVVMvUGFjaWZpY3EDSoCP//9LAFUDUFNUcQR0UnEFVRJfYXV0\naF91c2VyX2JhY2tlbmRVKWRqYW5nby5jb250cmliLmF1dGguYmFja2VuZHMuTW9kZWxCYWNrZW5k\nVQ1fYXV0aF91c2VyX2lkigLeAHUu\n	2013-05-20 05:13:50.298042+00
0c9678e2f7605480be616ac11e8e287c	Y2RhNzRjOWM1NmE0NTU0MWNlZGIzNzQ0ZGUwYjQ4N2UxNTMwOTM3YTqAAn1xAShVD19zZXNzaW9u\nX2V4cGlyeXECSwBVEl9hdXRoX3VzZXJfYmFja2VuZHEDVTZhcHBzLmNvbW1vbi51dGlscy5iYWNr\nZW5kcy5DYXNlSW5zZW5zaXRpdmVNb2RlbEJhY2tlbmRxBFUNX2F1dGhfdXNlcl9pZHEFS8p1Lg==\n	2013-06-24 21:17:44.821956+00
678723e11039ca07105ddd3ec3955944	NmY1NTY5MDdlNjQ4MmU1YWVlYTg2ZDQwNGRlZmJmY2YwNGEzMGI3YjqAAn1xAShVD2RqYW5nb190\naW1lem9uZXECY3B5dHoKX3AKcQMoVRBBbWVyaWNhL0FuZ3VpbGxhcQRK8MT//0sAVQNMTVRxBXRS\ncQZVDV9hdXRoX3VzZXJfaWSKAuYAVRJfYXV0aF91c2VyX2JhY2tlbmRVKWRqYW5nby5jb250cmli\nLmF1dGguYmFja2VuZHMuTW9kZWxCYWNrZW5kdS4=\n	2013-05-25 09:08:54.614644+00
c9b8b0ce53721b26bf1ee2fcbe114ee6	ZGE1Yzk2NWVmNmZkMGEyOWE5M2E1ZjA4OTYwYWIxMzcyNDBiOGUxMDqAAn1xAVUad2l6YXJkX3R1\ndG9yX3NpZ251cF93aXphcmRxAn1xAyhVCnN0ZXBfZmlsZXNxBH1VBHN0ZXBxBVgFAAAAc3RlcDFx\nBlUKZXh0cmFfZGF0YXEHfVUJc3RlcF9kYXRhcQh9dXMu\n	2013-08-01 01:11:52.858183+00
4f007d713f7f308632e5363f11e60fa8	YTM0NDQwZjEzMDM0ZDNmYjEwYmJmMWEyMTY5YWE2NDM0N2U2YTdmYzqAAn1xAShVD19zZXNzaW9u\nX2V4cGlyeUsAVQ9kamFuZ29fdGltZXpvbmVjcHl0egpfcApxAihVDEV1cm9wZS9QYXJpc3EDTRwC\nSwBVA1BNVHEEdFJxBVUSX2F1dGhfdXNlcl9iYWNrZW5kVSlkamFuZ28uY29udHJpYi5hdXRoLmJh\nY2tlbmRzLk1vZGVsQmFja2VuZFUNX2F1dGhfdXNlcl9pZEvydS4=\n	2013-06-17 18:25:37.266028+00
327afb7e6dd07fc72455688b4adad3a4	YmRkMTljNWQ4YjdjMjZkMjY1ODIwMTc3YjA1MjY0ODZmYmU1OWFkYTqAAn1xAShVD19zZXNzaW9u\nX2V4cGlyeXECSwBVEl9hdXRoX3VzZXJfYmFja2VuZHEDVSlkamFuZ28uY29udHJpYi5hdXRoLmJh\nY2tlbmRzLk1vZGVsQmFja2VuZHEEVQ1fYXV0aF91c2VyX2lkcQVL/HUu\n	2013-07-08 15:43:37.84686+00
b30937b13f8fd0fbc51fcc0d17b725bc	MmFlMTk5MjRjZGM5Yjk4YjhjOTRiNDFiMjU1YjY0NmJlNjc5NDc5NDqAAn1xAShVD19zZXNzaW9u\nX2V4cGlyeXECSwBVEl9hdXRoX3VzZXJfYmFja2VuZHEDVTNhbGxhdXRoLmFjY291bnQuYXV0aF9i\nYWNrZW5kcy5BdXRoZW50aWNhdGlvbkJhY2tlbmRxBFUNX2F1dGhfdXNlcl9pZHEFS/h1Lg==\n	2013-07-23 19:09:32.3656+00
08029109b88eb60d321a186fadf989d3	YThjODRlM2NlOWEwNDVhZmVlMWZkMTQ4NTdhMGUwMDU2ODE0NTVmODqAAn1xAShVD19zZXNzaW9u\nX2V4cGlyeUsAVQ9kamFuZ29fdGltZXpvbmVjcHl0egpfcApxAihVClVTL0Vhc3Rlcm5xA0qwuf//\nSwBVA0VTVHEEdFJxBVUSX2F1dGhfdXNlcl9iYWNrZW5kVSlkamFuZ28uY29udHJpYi5hdXRoLmJh\nY2tlbmRzLk1vZGVsQmFja2VuZFUNX2F1dGhfdXNlcl9pZEtDdS4=\n	2013-07-28 18:43:10.675073+00
062fc86a9b17a2e26b80245ef6ae89d6	YTFhYzhhZWEwZjM1NzdjNDQwYzEzYzZjZDUxMGM1NjZjMDYxMjExYTqAAn1xAVUad2l6YXJkX3R1\ndG9yX3NpZ251cF93aXphcmR9cQIoVQpzdGVwX2ZpbGVzcQN9VQRzdGVwcQRYBQAAAHN0ZXAxcQVV\nCmV4dHJhX2RhdGFxBn1VCXN0ZXBfZGF0YXEHfXVzLg==\n	2013-08-01 16:47:28.92151+00
4772b72a17fb2bf5dece1df397b7693b	ZGE1Yzk2NWVmNmZkMGEyOWE5M2E1ZjA4OTYwYWIxMzcyNDBiOGUxMDqAAn1xAVUad2l6YXJkX3R1\ndG9yX3NpZ251cF93aXphcmRxAn1xAyhVCnN0ZXBfZmlsZXNxBH1VBHN0ZXBxBVgFAAAAc3RlcDFx\nBlUKZXh0cmFfZGF0YXEHfVUJc3RlcF9kYXRhcQh9dXMu\n	2013-08-01 18:20:18.058588+00
804ac42923fb022d13617af12391f512	ZGE1Yzk2NWVmNmZkMGEyOWE5M2E1ZjA4OTYwYWIxMzcyNDBiOGUxMDqAAn1xAVUad2l6YXJkX3R1\ndG9yX3NpZ251cF93aXphcmRxAn1xAyhVCnN0ZXBfZmlsZXNxBH1VBHN0ZXBxBVgFAAAAc3RlcDFx\nBlUKZXh0cmFfZGF0YXEHfVUJc3RlcF9kYXRhcQh9dXMu\n	2013-08-02 18:07:53.691568+00
a619fa2c6e332c1975edaa6a6ecf71ae	ZDAxMDRlMGQ0YjBmZTgyMzA0NGZjYTc3OWMzZTJmMmZiOWRlZjQ5NjqAAn1xAShVD19zZXNzaW9u\nX2V4cGlyeXECSwBVEl9hdXRoX3VzZXJfYmFja2VuZHEDVSlkamFuZ28uY29udHJpYi5hdXRoLmJh\nY2tlbmRzLk1vZGVsQmFja2VuZHEEVRRzb2NpYWxhY2NvdW50X3NpZ251cH1xBShVB2FjY291bnRj\nZGphbmdvLmRiLm1vZGVscy5iYXNlCm1vZGVsX3VucGlja2xlCnEGY2FsbGF1dGguZmFjZWJvb2su\nbW9kZWxzCkZhY2Vib29rQWNjb3VudApxB11jZGphbmdvLmRiLm1vZGVscy5iYXNlCnNpbXBsZV9j\nbGFzc19mYWN0b3J5CnEIh1JxCX1xCihVB3VzZXJfaWRxC05VBG5hbWVxDFUAVQlzb2NpYWxfaWRx\nDVUJNTk4MjY1NTIwcQ5VBl9zdGF0ZXEPY2RqYW5nby5kYi5tb2RlbHMuYmFzZQpNb2RlbFN0YXRl\nCnEQKYFxEX1xEihVBmFkZGluZ3ETiFUCZGJxFE51YlUUc29jaWFsYWNjb3VudF9wdHJfaWRxFU5V\nCmxhc3RfbG9naW5xFk5VBGxpbmtxF1UAVQJpZHEYTlULZGF0ZV9qb2luZWRxGU51YlUEZGF0YX1x\nGihVCHVzZXJuYW1lcRtVDGVyYW4ubWl6cmFoaXEcVQpmaXJzdF9uYW1lcR1VBEVyYW5xHlUJbGFz\ndF9uYW1lcR9VB01penJhaGlxIFULZmFjZWJvb2tfbWV9cSEoaBtoHGgdaB5oH2ggVQh2ZXJpZmll\nZIhVBG5hbWVxIlUMRXJhbiBNaXpyYWhpVQZsb2NhbGVVBWVuX0dCVQhob21ldG93bn1xIyhVAmlk\ncSRVDzEwODE1MTUzOTIxODEzNmgiVRVKb2hhbm5lc2J1cmcsIEdhdXRlbmd1VQR3b3JrXXElfXEm\nKFUIcG9zaXRpb259cScoaCRVDzE1MzA1MzQ4NDczNTc4N2giVRtGaW5hbmNpYWwgU2VydmljZXMg\nRGl2aXNpb251VQpzdGFydF9kYXRlVQcyMDA5LTAxVQhlbmRfZGF0ZVUHMjAxMi0wNFUIZW1wbG95\nZXJ9cSgoaCRVCzIxNDc0NDM3Njg4aCJVCERlbG9pdHRldXVhVQx1cGRhdGVkX3RpbWVVGDIwMTMt\nMDEtMTRUMDI6MDk6MzArMDAwMFUEbGlua1UkaHR0cDovL3d3dy5mYWNlYm9vay5jb20vZXJhbi5t\naXpyYWhpVQhsb2NhdGlvbn1xKShoJFUPMTA4NDI0Mjc5MTg5MTE1aCJVEk5ldyBZb3JrLCBOZXcg\nWW9ya3VVBmdlbmRlclUEbWFsZWgkaA5VCHRpbWV6b25lSvv///9VCWVkdWNhdGlvbl1xKih9cSso\nVQZzY2hvb2xxLH1xLShoJFUPMTAyMDUwMzM5ODM3MTEyaCJVIktpbmcgRGF2aWQgSGlnaCBTY2hv\nb2wsIExpbmtzZmllbGR1VQR0eXBlcS5VC0hpZ2ggU2Nob29sdX1xLyhoLH1xMChoJFUPMTE2NzM2\nNjg4MzM2MzU4aCJVDUNGQSBJbnN0aXR1dGV1aC5VD0dyYWR1YXRlIFNjaG9vbFUEeWVhcnExfXEy\nKGgkVQ8xNDQwNDQ4NzU2MTA2MDZoIlUEMjAxMXV1fXEzKGgsfXE0KGgkVQ8xMDkzNDY5NzU3NTAw\nODhoIlUaVW5pdmVyc2l0eSBvZiBKb2hhbm5lc2J1cmd1aC5VB0NvbGxlZ2VVDWNvbmNlbnRyYXRp\nb25dcTUofXE2KGgkVQ8yMDA0NjYxNzk5NjQyMjNoIlUPQmNvbSBBY2NvdW50aW5ndX1xNyhoJFUP\nMTQxNjc4MDgyNTYyMTYxaCJVF0Jjb20gQWNjb3VudGluZyBIb25vdXJzdWV1fXE4KGgsfXE5KGgk\nVQs0MjMxNjMwMzc4M2giVRhDb2x1bWJpYSBCdXNpbmVzcyBTY2hvb2x1aC5VD0dyYWR1YXRlIFNj\naG9vbFUGZGVncmVlfXE6KGgkVQ8xOTYzNzg5MDAzODAzMTNoIlUDTUJBdWgxfXE7KGgkVQ8xNDM2\nNDE0MjU2NTE5MjBoIlUEMjAxNHV1ZVUFZW1haWxVG2VtaXpyYWhpMTRAZ3NiLmNvbHVtYmlhLmVk\ndXE8dVUVZmFjZWJvb2tfYWNjZXNzX3Rva2VuWG8AAABBQUFFS2xIZVBjaUlCQVA4NDhsRlFYdTlM\nUnYxMlU4UWpCY3VXVE5aQnpvZmhLOUJOMndUNUZkaVBoemRUMUZrMU1aQkhBSk0zZkV0WkJXc2t3\nNGRlaXFMZ0lGYkpCYkhQWkM5eFEwM05GUVpEWkRVBWVtYWlsaDx1dVUNX2F1dGhfdXNlcl9pZHE9\nS1h1Lg==\n	2013-02-16 17:00:51.021082+00
ef07c93682b9efbc2443a8a97654fe1d	ZjVlODYzMmM4Mjc3MzU3MzU3M2Y2NWRiMWM5OGM4YmQ0MWIxZGFjMzqAAn1xAS4=\n	2013-02-19 02:11:06.442908+00
f45837451d51ffbac2367658b2210275	ZjdlMTZlZTljNjM5MDMxNGFlM2E4MjZiMTZlZTRjZjI3YzM2NjZlYjqAAn1xAShVD2RqYW5nb190\naW1lem9uZWNweXR6Cl9wCnECKFUKVVMvRWFzdGVybnEDSrC5//9LAFUDRVNUcQR0UnEFVQ1fYXV0\naF91c2VyX2lkigFTVRJfYXV0aF91c2VyX2JhY2tlbmRVKWRqYW5nby5jb250cmliLmF1dGguYmFj\na2VuZHMuTW9kZWxCYWNrZW5kdS4=\n	2012-11-25 18:42:32.636282+00
28c6576fb2b47ca177bbcda8e9089552	ODI3MzExY2NjYWFkMGMwYWNlMmQ3MTA0MjNmNmNmOWRhODgyMWZhMzqAAn1xAShVEl9hdXRoX3Vz\nZXJfYmFja2VuZHECVSlkamFuZ28uY29udHJpYi5hdXRoLmJhY2tlbmRzLk1vZGVsQmFja2VuZHED\nVQ1fYXV0aF91c2VyX2lkcQSKAqgAdS4=\n	2013-03-08 00:32:06.729531+00
fc18d1e75b7a4f04dbfb068f9ddb1fa5	YWY2ZjkzMWZiOWQ5OGEzYzQ2ODA4YjhmYjBmMTZhZjAzNjdiNzdhZjqAAn1xAShVEl9hdXRoX3Vz\nZXJfYmFja2VuZHECVSlkamFuZ28uY29udHJpYi5hdXRoLmJhY2tlbmRzLk1vZGVsQmFja2VuZHED\nVQ1fYXV0aF91c2VyX2lkcQSKAXx1Lg==\n	2013-02-20 01:11:07.047414+00
334237fd9d82be4415a16d817ef77167	MGNkMWM5MTlkYTE4ZDVjN2JmNjk0MDkwNTRiZjE3MjY0ZGUzM2U2YTqAAn1xAVUKdGVzdGNvb2tp\nZVUGd29ya2VkcQJzLg==\n	2013-03-20 04:24:30.248796+00
f7b9d351efb2023da30972c6336118f8	ZjVlODYzMmM4Mjc3MzU3MzU3M2Y2NWRiMWM5OGM4YmQ0MWIxZGFjMzqAAn1xAS4=\n	2013-02-26 08:25:09.897211+00
a2fc8c612640e15829c9289acbf2bffa	NDkwNDIzOTQ3ODQ0YzlhNzYxMTczOWMyMjEwOWZmYWRlYzc2YTc5ZTqAAn1xAShVD19zZXNzaW9u\nX2V4cGlyeXECSwBVEl9hdXRoX3VzZXJfYmFja2VuZHEDVTNhbGxhdXRoLmFjY291bnQuYXV0aF9i\nYWNrZW5kcy5BdXRoZW50aWNhdGlvbkJhY2tlbmRxBFUNX2F1dGhfdXNlcl9pZHEFS711Lg==\n	2013-04-10 19:52:49.049047+00
110d28ec743b71a8d173199073047458	YmMxYTkxNjUyZDg0ODljMTZmMTM3ZDdkYWVmYTI3YTM1YjEzOWRhODqAAn1xAShVEl9hdXRoX3Vz\nZXJfYmFja2VuZHECVSlkamFuZ28uY29udHJpYi5hdXRoLmJhY2tlbmRzLk1vZGVsQmFja2VuZHED\nVQ1fYXV0aF91c2VyX2lkcQRLc3Uu\n	2013-05-30 16:09:18.585132+00
7e1cb6059c6a0feaa96a5807cebfa30a	NjI2YTIzMTZlZjQ1OGVlYjVhZDAxYmQyN2MyYzRmYjA1OTIxYTI4YjqAAn1xAShVD2RqYW5nb190\naW1lem9uZWNweXR6Cl9wCnECKFUKVVMvQ2VudHJhbHEDSqCr//9LAFUDQ1NUcQR0UnEFVRJfYXV0\naF91c2VyX2JhY2tlbmRVKWRqYW5nby5jb250cmliLmF1dGguYmFja2VuZHMuTW9kZWxCYWNrZW5k\nVQ1fYXV0aF91c2VyX2lkigKCAHUu\n	2013-02-20 04:49:24.562187+00
65d585f44bc4f7b8c0046ec819c1d726	ZjVlODYzMmM4Mjc3MzU3MzU3M2Y2NWRiMWM5OGM4YmQ0MWIxZGFjMzqAAn1xAS4=\n	2013-03-02 17:29:02.538774+00
504714224310c720c8109d47b5256a0d	ZGE1Yzk2NWVmNmZkMGEyOWE5M2E1ZjA4OTYwYWIxMzcyNDBiOGUxMDqAAn1xAVUad2l6YXJkX3R1\ndG9yX3NpZ251cF93aXphcmRxAn1xAyhVCnN0ZXBfZmlsZXNxBH1VBHN0ZXBxBVgFAAAAc3RlcDFx\nBlUKZXh0cmFfZGF0YXEHfVUJc3RlcF9kYXRhcQh9dXMu\n	2013-08-02 18:36:51.514243+00
b220719cca8b93153ea39e0177573562	MjJlYmVkOTU3NmQwNDZhYTU3MTYyMGRjNzg1Yzk0Y2I0MjE4ZDgzZTqAAn1xAShVD2RqYW5nb190\naW1lem9uZWNweXR6Cl9wCnECKFUNQXNpYS9DYWxjdXR0YXEDTbxSSwBVA0hNVHEEdFJxBVUSX2F1\ndGhfdXNlcl9iYWNrZW5kVSlkamFuZ28uY29udHJpYi5hdXRoLmJhY2tlbmRzLk1vZGVsQmFja2Vu\nZFUNX2F1dGhfdXNlcl9pZIoC3wB1Lg==\n	2013-05-20 05:39:28.901404+00
42c217d808edd7f491ddb27647c25d42	ZGE1Yzk2NWVmNmZkMGEyOWE5M2E1ZjA4OTYwYWIxMzcyNDBiOGUxMDqAAn1xAVUad2l6YXJkX3R1\ndG9yX3NpZ251cF93aXphcmRxAn1xAyhVCnN0ZXBfZmlsZXNxBH1VBHN0ZXBxBVgFAAAAc3RlcDFx\nBlUKZXh0cmFfZGF0YXEHfVUJc3RlcF9kYXRhcQh9dXMu\n	2013-08-01 02:44:24.27799+00
1e3acd0229ec914034dbc54b4c34da46	OWQ1NGJhZGI2ODIyYzhmOTVjZjVlN2M2MDc2NjFjYTM1YzlkYjg5ZDqAAn1xAShVD2RqYW5nb190\naW1lem9uZWNweXR6Cl9wCnECKFUJVVMvQWxhc2thcQNKYHP//0sAVQNDQVRxBHRScQVVDV9hdXRo\nX3VzZXJfaWSKArkAVRJfYXV0aF91c2VyX2JhY2tlbmRVKWRqYW5nby5jb250cmliLmF1dGguYmFj\na2VuZHMuTW9kZWxCYWNrZW5kdS4=\n	2013-03-22 00:00:55.698546+00
26243b655317907f7df096f64e6cde99	YThmZDI4ZTRlNzEzYTNlNGEwZDM5NTFmMWM2ZmFjNDdmNTcyNTc0YTqAAn1xAShVD2RqYW5nb190\naW1lem9uZWNweXR6Cl9wCnECKFUKVVMvRWFzdGVybnEDSrC5//9LAFUDRVNUcQR0UnEFVQ1fYXV0\naF91c2VyX2lkS61VEl9hdXRoX3VzZXJfYmFja2VuZFUpZGphbmdvLmNvbnRyaWIuYXV0aC5iYWNr\nZW5kcy5Nb2RlbEJhY2tlbmRVD19zZXNzaW9uX2V4cGlyeUsAdS4=\n	2013-03-10 20:40:36.694328+00
97b47c1bf93326e3631851934d3c9bee	YzM2ODE3ZTMwM2NhZDg0MTgzYjFlNzUyZDQ1NDYyOTRkYWY2MjAxMjqAAn1xAShVD19zZXNzaW9u\nX2V4cGlyeXECSwBVEl9hdXRoX3VzZXJfYmFja2VuZHEDVSlkamFuZ28uY29udHJpYi5hdXRoLmJh\nY2tlbmRzLk1vZGVsQmFja2VuZHEEVQ1fYXV0aF91c2VyX2lkcQVLtnUu\n	2013-03-14 19:49:47.339635+00
72e4db370aa50f699d3882d0f00309de	ZGE1Yzk2NWVmNmZkMGEyOWE5M2E1ZjA4OTYwYWIxMzcyNDBiOGUxMDqAAn1xAVUad2l6YXJkX3R1\ndG9yX3NpZ251cF93aXphcmRxAn1xAyhVCnN0ZXBfZmlsZXNxBH1VBHN0ZXBxBVgFAAAAc3RlcDFx\nBlUKZXh0cmFfZGF0YXEHfVUJc3RlcF9kYXRhcQh9dXMu\n	2013-08-03 00:20:23.51421+00
0487bbd365e387633edb9e31776cb45b	YzgwZDQ4MzQyNGVlM2JjNGFlYzYwYmUwODgzOTQzNjM0OGY5NjA5NjqAAn1xAShVD19zZXNzaW9u\nX2V4cGlyeUsAVQ9kamFuZ29fdGltZXpvbmVjcHl0egpfcApxAihVClVTL0Vhc3Rlcm5xA0qwuf//\nSwBVA0VTVHEEdFJxBVUSX2F1dGhfdXNlcl9iYWNrZW5kVSlkamFuZ28uY29udHJpYi5hdXRoLmJh\nY2tlbmRzLk1vZGVsQmFja2VuZFUNX2F1dGhfdXNlcl9pZEtYdS4=\n	2013-05-10 21:31:57.397221+00
a0d296bd602de11b106c9835528948d9	NWI5YTBkYjAxZTMyODRiZWE0ZTkwMjY0Zjg1YjQ2ODY0NmRiOGJiNjqAAn1xAShVD19zZXNzaW9u\nX2V4cGlyeXECSwBVEl9hdXRoX3VzZXJfYmFja2VuZHEDVSlkamFuZ28uY29udHJpYi5hdXRoLmJh\nY2tlbmRzLk1vZGVsQmFja2VuZHEEVQ1fYXV0aF91c2VyX2lkcQVLQ3Uu\n	2013-04-26 18:38:21.612757+00
4901404fd0572f3faaa3b97cee7a954b	ZGE1Yzk2NWVmNmZkMGEyOWE5M2E1ZjA4OTYwYWIxMzcyNDBiOGUxMDqAAn1xAVUad2l6YXJkX3R1\ndG9yX3NpZ251cF93aXphcmRxAn1xAyhVCnN0ZXBfZmlsZXNxBH1VBHN0ZXBxBVgFAAAAc3RlcDFx\nBlUKZXh0cmFfZGF0YXEHfVUJc3RlcF9kYXRhcQh9dXMu\n	2013-08-03 00:24:14.536785+00
e627d294bd683e02d1f8e3dda572125b	ZGE1Yzk2NWVmNmZkMGEyOWE5M2E1ZjA4OTYwYWIxMzcyNDBiOGUxMDqAAn1xAVUad2l6YXJkX3R1\ndG9yX3NpZ251cF93aXphcmRxAn1xAyhVCnN0ZXBfZmlsZXNxBH1VBHN0ZXBxBVgFAAAAc3RlcDFx\nBlUKZXh0cmFfZGF0YXEHfVUJc3RlcF9kYXRhcQh9dXMu\n	2013-08-08 05:37:08.243073+00
abdba6f66ffb30a0bbda0767a53a24cf	ZGE1Yzk2NWVmNmZkMGEyOWE5M2E1ZjA4OTYwYWIxMzcyNDBiOGUxMDqAAn1xAVUad2l6YXJkX3R1\ndG9yX3NpZ251cF93aXphcmRxAn1xAyhVCnN0ZXBfZmlsZXNxBH1VBHN0ZXBxBVgFAAAAc3RlcDFx\nBlUKZXh0cmFfZGF0YXEHfVUJc3RlcF9kYXRhcQh9dXMu\n	2013-08-01 18:20:35.073162+00
eebf18cb71fe3226e2494d2541a51fc1	ZGE1Yzk2NWVmNmZkMGEyOWE5M2E1ZjA4OTYwYWIxMzcyNDBiOGUxMDqAAn1xAVUad2l6YXJkX3R1\ndG9yX3NpZ251cF93aXphcmRxAn1xAyhVCnN0ZXBfZmlsZXNxBH1VBHN0ZXBxBVgFAAAAc3RlcDFx\nBlUKZXh0cmFfZGF0YXEHfVUJc3RlcF9kYXRhcQh9dXMu\n	2013-08-12 20:12:45.890068+00
dd2eec9eadbc9987c434f701ef7a9606	ZGE1Yzk2NWVmNmZkMGEyOWE5M2E1ZjA4OTYwYWIxMzcyNDBiOGUxMDqAAn1xAVUad2l6YXJkX3R1\ndG9yX3NpZ251cF93aXphcmRxAn1xAyhVCnN0ZXBfZmlsZXNxBH1VBHN0ZXBxBVgFAAAAc3RlcDFx\nBlUKZXh0cmFfZGF0YXEHfVUJc3RlcF9kYXRhcQh9dXMu\n	2013-08-02 05:06:35.644372+00
a6ac21255dd0ecf8d8559d1fec5683e2	MThmNzY5MGY5ZTA3Yzk4MGRiZjE4YTg5MjM2OTBlNDVmM2RkYTIwNzqAAn1xAShVD19zZXNzaW9u\nX2V4cGlyeXECSwBVEl9hdXRoX3VzZXJfYmFja2VuZHEDVSlkamFuZ28uY29udHJpYi5hdXRoLmJh\nY2tlbmRzLk1vZGVsQmFja2VuZHEEVQ1fYXV0aF91c2VyX2lkcQVNCgF1Lg==\n	2013-08-02 15:20:58.762574+00
fb10166fd30184dc0efd9813c4e67e28	MGNkMWM5MTlkYTE4ZDVjN2JmNjk0MDkwNTRiZjE3MjY0ZGUzM2U2YTqAAn1xAVUKdGVzdGNvb2tp\nZVUGd29ya2VkcQJzLg==\n	2013-08-11 09:40:52.963865+00
1ce031e4aa8b28de12c7851d0314b16b	YTFhYzhhZWEwZjM1NzdjNDQwYzEzYzZjZDUxMGM1NjZjMDYxMjExYTqAAn1xAVUad2l6YXJkX3R1\ndG9yX3NpZ251cF93aXphcmR9cQIoVQpzdGVwX2ZpbGVzcQN9VQRzdGVwcQRYBQAAAHN0ZXAxcQVV\nCmV4dHJhX2RhdGFxBn1VCXN0ZXBfZGF0YXEHfXVzLg==\n	2013-08-02 22:12:58.354967+00
d685847f8003739ad00807a60657d645	YTFhYzhhZWEwZjM1NzdjNDQwYzEzYzZjZDUxMGM1NjZjMDYxMjExYTqAAn1xAVUad2l6YXJkX3R1\ndG9yX3NpZ251cF93aXphcmR9cQIoVQpzdGVwX2ZpbGVzcQN9VQRzdGVwcQRYBQAAAHN0ZXAxcQVV\nCmV4dHJhX2RhdGFxBn1VCXN0ZXBfZGF0YXEHfXVzLg==\n	2013-08-02 22:28:53.156568+00
0f47c83e26f78eaff1ee5368059efbce	ZGE1Yzk2NWVmNmZkMGEyOWE5M2E1ZjA4OTYwYWIxMzcyNDBiOGUxMDqAAn1xAVUad2l6YXJkX3R1\ndG9yX3NpZ251cF93aXphcmRxAn1xAyhVCnN0ZXBfZmlsZXNxBH1VBHN0ZXBxBVgFAAAAc3RlcDFx\nBlUKZXh0cmFfZGF0YXEHfVUJc3RlcF9kYXRhcQh9dXMu\n	2013-08-03 00:20:23.805703+00
ef543611084d3f2588b58090ab34dbac	ZTVlZGEwMGExZjhkMGE2NDg4NzA2ZDZjMmRjYmUwNGY0NjY4NGVkNzqAAn1xAShVD19zZXNzaW9u\nX2V4cGlyeXECSwBVEl9hdXRoX3VzZXJfYmFja2VuZHEDVSlkamFuZ28uY29udHJpYi5hdXRoLmJh\nY2tlbmRzLk1vZGVsQmFja2VuZHEEVQ1fYXV0aF91c2VyX2lkcQVLs3Uu\n	2013-04-11 11:40:18.615069+00
5480b44e8ed394b4b236745f3ff8452f	NzBlMWI2MmE4MzY3YTExY2IyOTk2MThhZmNmMzc2M2JkMGE5ZGE1MjqAAn1xAShVD2RqYW5nb190\naW1lem9uZXECY3B5dHoKX3AKcQMoVQpVUy9FYXN0ZXJucQRKsLn//0sAVQNFU1RxBXRScQZVDV9h\ndXRoX3VzZXJfaWSKAW5VEl9hdXRoX3VzZXJfYmFja2VuZFUpZGphbmdvLmNvbnRyaWIuYXV0aC5i\nYWNrZW5kcy5Nb2RlbEJhY2tlbmR1Lg==\n	2013-02-19 02:16:36.793149+00
f1b8a778f3961853b283790cdfa2bfc4	ZTljOWI5MzVhOWJmZTg3NzM3YTNlMWVlYmYwM2U2NGU2YzA0MThkNzqAAn1xAShVD19zZXNzaW9u\nX2V4cGlyeXECSwBVEl9hdXRoX3VzZXJfYmFja2VuZHEDVSlkamFuZ28uY29udHJpYi5hdXRoLmJh\nY2tlbmRzLk1vZGVsQmFja2VuZHEEVQ1fYXV0aF91c2VyX2lkcQVL4HUu\n	2013-05-20 12:02:27.152366+00
b42b2f2647796a3963744f72c5e77cfb	ZWMyNjU5MWZlMWU0NjdiYmEyNzFmZGMxOWI1Mzc3MzMxNjAwN2ZmMjqAAn1xAShVD19zZXNzaW9u\nX2V4cGlyeXECSwBVEl9hdXRoX3VzZXJfYmFja2VuZHEDVSlkamFuZ28uY29udHJpYi5hdXRoLmJh\nY2tlbmRzLk1vZGVsQmFja2VuZHEEVQ1fYXV0aF91c2VyX2lkcQVLgXUu\n	2013-02-20 05:08:14.988835+00
3deea7793ecc624fe18de6db80ed6f0e	NWI5YTBkYjAxZTMyODRiZWE0ZTkwMjY0Zjg1YjQ2ODY0NmRiOGJiNjqAAn1xAShVD19zZXNzaW9u\nX2V4cGlyeXECSwBVEl9hdXRoX3VzZXJfYmFja2VuZHEDVSlkamFuZ28uY29udHJpYi5hdXRoLmJh\nY2tlbmRzLk1vZGVsQmFja2VuZHEEVQ1fYXV0aF91c2VyX2lkcQVLQ3Uu\n	2013-05-30 16:10:29.121575+00
618c76b25600e08befe3908eefce2135	NjYzYWM2YmM0Yjk2OTkxZDUxZjU1ZDdkYmIwZTVlMmZkNDkzMzllNDqAAn1xAShVEl9hdXRoX3Vz\nZXJfYmFja2VuZHECVSlkamFuZ28uY29udHJpYi5hdXRoLmJhY2tlbmRzLk1vZGVsQmFja2VuZHED\nVQ1fYXV0aF91c2VyX2lkcQRLAXUu\n	2013-02-20 22:44:28.033453+00
9d692618446fed9f6f589bff9a8985e7	MWM2MDE2N2I5YzM1MjU0YWQwZDdhYjgxYWRhNWQ4MGE3OTc4N2NhZTqAAn1xAShVD2RqYW5nb190\naW1lem9uZWNweXR6Cl9wCnECKFUJVVMvQWxhc2thcQNKYHP//0sAVQNDQVRxBHRScQVVDV9hdXRo\nX3VzZXJfaWSKAqkAVRJfYXV0aF91c2VyX2JhY2tlbmRVKWRqYW5nby5jb250cmliLmF1dGguYmFj\na2VuZHMuTW9kZWxCYWNrZW5kdS4=\n	2013-03-08 21:38:19.001222+00
0802e93998c9ddf1beec090e584fed96	ZWY3ZWViMTMyYmY5ZDg4MTgyOGE0ZjIwNzVjNGMwZTI0OGViZmY0ZDqAAn1xAShVEl9hdXRoX3Vz\nZXJfYmFja2VuZHECVSlkamFuZ28uY29udHJpYi5hdXRoLmJhY2tlbmRzLk1vZGVsQmFja2VuZHED\nVQ1fYXV0aF91c2VyX2lkcQSKAqMAdS4=\n	2013-03-03 01:08:56.030059+00
ede3c19b02ecfe430b4a75b7d39b68c8	ZDFjOWU4Y2IwYTM1NmUyYzE0ZGFkZmY5NTlmZmQzYTM2YTQ0YmI3MTqAAn1xAShVD19zZXNzaW9u\nX2V4cGlyeXECSwBVEl9hdXRoX3VzZXJfYmFja2VuZHEDVSlkamFuZ28uY29udHJpYi5hdXRoLmJh\nY2tlbmRzLk1vZGVsQmFja2VuZHEEVQ1fYXV0aF91c2VyX2lkcQVLWHUu\n	2013-05-11 19:16:19.460531+00
870a5156c56296acdd405f3f8305dc7e	ZjVlODYzMmM4Mjc3MzU3MzU3M2Y2NWRiMWM5OGM4YmQ0MWIxZGFjMzqAAn1xAS4=\n	2013-06-28 01:11:47.385228+00
89d158a20015dc2eb4e6fe7f962d3441	ZTI4MWYyN2Q4MGE1ZDZmNDdmMDU4MjExNjUyZTJjZjdmZmE0ZGZjNTqAAn1xAShVD2RqYW5nb190\naW1lem9uZXECY3B5dHoKX3AKcQMoVQlVUy9BbGFza2FxBEpgc///SwBVA0NBVHEFdFJxBlUNX2F1\ndGhfdXNlcl9pZIoCqwBVEl9hdXRoX3VzZXJfYmFja2VuZFUpZGphbmdvLmNvbnRyaWIuYXV0aC5i\nYWNrZW5kcy5Nb2RlbEJhY2tlbmR1Lg==\n	2013-03-09 22:50:17.715812+00
fa80f80d059734d70674e4d4a9d1f723	NGNkMjU1YjdlODcxNzNlMjkwNjJhMmNiMWEwODk2Yzk3OGU4ZTAyYTqAAn1xAShVD2RqYW5nb190\naW1lem9uZXECY3B5dHoKX3AKcQMoVQlVUy9BbGFza2FxBEpgc///SwBVA0NBVHEFdFJxBlUNX2F1\ndGhfdXNlcl9pZEu0VRJfYXV0aF91c2VyX2JhY2tlbmRVM2FsbGF1dGguYWNjb3VudC5hdXRoX2Jh\nY2tlbmRzLkF1dGhlbnRpY2F0aW9uQmFja2VuZFUPX3Nlc3Npb25fZXhwaXJ5SwB1Lg==\n	2013-03-14 21:25:55.660335+00
4ddded8f2cb93a1bb99e5d7c34bef025	MWZlNGFjMDZlYzVmNTcxYmZmMTI1OWJhNDA3YjhlNzM0YTNhZWEyNjqAAn1xAShVD19zZXNzaW9u\nX2V4cGlyeXECSwBVEl9hdXRoX3VzZXJfYmFja2VuZHEDVSlkamFuZ28uY29udHJpYi5hdXRoLmJh\nY2tlbmRzLk1vZGVsQmFja2VuZHEEVQ1fYXV0aF91c2VyX2lkcQVLrnUu\n	2013-03-11 00:06:16.183743+00
15ead8b0ee0dffd286ee78d7677e53bf	ZjVlODYzMmM4Mjc3MzU3MzU3M2Y2NWRiMWM5OGM4YmQ0MWIxZGFjMzqAAn1xAS4=\n	2013-06-04 15:04:28.171746+00
1583342a0e49774ad6f5fcb267c43c3b	ZGQ4YzM0MGYxOTE2ZTAyMzE0MjkxOWE2YjJhZmM1Y2I1Njk3NWY5ZDqAAn1xAShVD19zZXNzaW9u\nX2V4cGlyeUsAVQ9kamFuZ29fdGltZXpvbmVjcHl0egpfcApxAihVCVVTL0FsYXNrYXEDSmBz//9L\nAFUDQ0FUcQR0UnEFVRJfYXV0aF91c2VyX2JhY2tlbmRVKWRqYW5nby5jb250cmliLmF1dGguYmFj\na2VuZHMuTW9kZWxCYWNrZW5kVQ1fYXV0aF91c2VyX2lkS7N1Lg==\n	2013-03-26 17:03:46.945993+00
69710218f6930a0142c96b1c50e96ccb	ZjVlODYzMmM4Mjc3MzU3MzU3M2Y2NWRiMWM5OGM4YmQ0MWIxZGFjMzqAAn1xAS4=\n	2013-07-30 21:15:39.153683+00
93362b1d76fb11d57e1d7aab0cb40015	ZjVlODYzMmM4Mjc3MzU3MzU3M2Y2NWRiMWM5OGM4YmQ0MWIxZGFjMzqAAn1xAS4=\n	2013-06-17 18:56:07.038599+00
89b2a01cb7695ea26ea1660af3f7ac94	ZjVlODYzMmM4Mjc3MzU3MzU3M2Y2NWRiMWM5OGM4YmQ0MWIxZGFjMzqAAn1xAS4=\n	2013-06-21 11:59:03.84266+00
969941ec4a50eb6080e0f0b86e3aaa87	ZGE1Yzk2NWVmNmZkMGEyOWE5M2E1ZjA4OTYwYWIxMzcyNDBiOGUxMDqAAn1xAVUad2l6YXJkX3R1\ndG9yX3NpZ251cF93aXphcmRxAn1xAyhVCnN0ZXBfZmlsZXNxBH1VBHN0ZXBxBVgFAAAAc3RlcDFx\nBlUKZXh0cmFfZGF0YXEHfVUJc3RlcF9kYXRhcQh9dXMu\n	2013-08-01 05:42:55.759262+00
4e8d8122de9f2b749f633c278a3c6b4f	YzM3Mjc4YzYxYjVjNzg0ZjAyNzhiZDU5YzVjZDdiNzdiMDJiNTY3ZDqAAn1xAShVD2RqYW5nb190\naW1lem9uZXECY3B5dHoKX3AKcQMoVQpVUy9DZW50cmFscQRKoKv//0sAVQNDU1RxBXRScQZVDV9h\ndXRoX3VzZXJfaWSKAvcAVRRzb2NpYWxhY2NvdW50X3NpZ251cH1xByhVB2FjY291bnRjZGphbmdv\nLmRiLm1vZGVscy5iYXNlCm1vZGVsX3VucGlja2xlCnEIY2FsbGF1dGguZmFjZWJvb2subW9kZWxz\nCkZhY2Vib29rQWNjb3VudApxCV1jZGphbmdvLmRiLm1vZGVscy5iYXNlCnNpbXBsZV9jbGFzc19m\nYWN0b3J5CnEKh1JxC31xDChVB3VzZXJfaWRxDYoC9wBVBG5hbWVxDlULTmljb2xsZSBMZWVxD1UL\nX3VzZXJfY2FjaGVxEGgIY2RqYW5nby5jb250cmliLmF1dGgubW9kZWxzClVzZXIKcRFdaAqHUnES\nfXETKFUIdXNlcm5hbWVxFFgHAAAAbmhsMjEwOFUKZmlyc3RfbmFtZXEVVQdOaWNvbGxlcRZVCWxh\nc3RfbmFtZXEXVQNMZWVxGFUOX3Byb2ZpbGVfY2FjaGVxGWgIY2FwcHMucHJvZmlsZS5tb2RlbHMK\nVXNlclByb2ZpbGUKcRpdaAqHUnEbfXEcKFULbmV3c2xldHRlcnNxHYlVCWFjdGl2YXRlZHEeiVUG\naXNfbmV3cR+IVRVjcmJfYWxlcnRfZXhwaXJlX2RhdGVxIIlVC2N1cnJlbmN5X2lkcSFLAVUIZmVh\ndHVyZWRxIolVBXZpZGVvcSNOVQhwb3N0Y29kZXEkTlUIdGltZXpvbmVxJVgKAAAAVVMvQ2VudHJh\nbFUGX3N0YXRlcSZjZGphbmdvLmRiLm1vZGVscy5iYXNlCk1vZGVsU3RhdGUKcScpgXEofXEpKFUG\nYWRkaW5ncSqJVQJkYnErVQdkZWZhdWx0cSx1YlURY3JiX2FsZXJ0X2V4cGlyZWRxLYlVDHBheXBh\nbF9lbWFpbHEuTlUCaWRxL0v+aA1L91UFdGl0bGVxME5oEGgIaBFdaAqHUnExfXEyKGgUWAcAAABu\naGwyMTA4aBVYAAAAAGgXWAAAAABVCWlzX2FjdGl2ZXEziGgmaCcpgXE0fXE1KGgqiWgraCx1YlUF\nZW1haWxxNlgVAAAAbmljb2xsZWxlZTFAZ21haWwuY29tVQxpc19zdXBlcnVzZXJxN4lVCGlzX3N0\nYWZmcTiJVQpsYXN0X2xvZ2lucTljZGF0ZXRpbWUKZGF0ZXRpbWUKcTpVCgfdBgsJLxkNxK2FUnE7\nVQhwYXNzd29yZHE8WAEAAAAhaC9L91ULZGF0ZV9qb2luZWRxPWg6VQoH3QYLCS8ZDcS9hVJxPnVi\nVRZwcm9maWxlX2ltYWdlX2FwcHJvdmVkcT+JVRJ0ZXN0X2NsYXNzX21pbnV0ZXNxQEs8VQVhYm91\ndHFBTlUZaW5jb21lX3dpdGhvdXRfY29tbWlzc2lvbnFCRwAAAAAAAAAAVQ1kYXRlX29mX2JpcnRo\ncUNjZGF0ZXRpbWUKZGF0ZQpxRFUEB8kEB4VScUVVCGxvY2F0aW9ucUZOVQZpbmNvbWVxR0cAAAAA\nAAAAAFUIbGF0aXR1ZGVxSEsAVQR0eXBlcUlLAlUHdXBkYXRlZHFKaDpVCgfdBgsJLx8MycqFUnFL\nVQ1jbGFzc2VzX2dpdmVucUxLAFUIYXZnX3JhdGVxTUcAAAAAAAAAAFUOY2xhc3NfbGFuZ3VhZ2Vx\nTlgFAAAAZW5fVVNVC21pbl9jcmVkaXRzcU9LAFUNcHJvZmlsZV9pbWFnZXFQY2RqYW5nby5kYi5t\nb2RlbHMuZmllbGRzLmZpbGVzCkltYWdlRmllbGRGaWxlCnFRKYFxUn1xUyhVCl9jb21taXR0ZWRx\nVIhVBV9maWxlcVVOaA5YGwAAAGltYWdlcy9kZWZhdWx0cy9wcm9maWxlLnBuZ3FWVQZjbG9zZWRx\nV4l1YlUVbm90aWZpY2F0aW9uc19jbGFzc2VzcViIVQpub19yZXZpZXdzcVlLAFUOb3RoZXJfcmVm\nZXJyYWxxWlgAAAAAVQVwaG9uZXFbTlUMc2NyaWJibGFyX2lkcVxjQmVhdXRpZnVsU291cApOYXZp\nZ2FibGVTdHJpbmcKcV1VI0Y4NTdFREIyLTBFQzAtRDhDNC04REY4NURFRkZDNTE3ODVCcV6FgXFf\nfXFgKFULbmV4dFNpYmxpbmdxYU5VBG5leHRxYmhdVQEKhYFxY31xZChoYWNCZWF1dGlmdWxTb3Vw\nClRhZwpxZSmBcWZ9cWcoVRplc2NhcGVVbnJlY29nbml6ZWRFbnRpdGllc3FoiWgOWAkAAABmaXJz\ndG5hbWVVBnBhcmVudHFpaGUpgXFqfXFrKGhoiWgOWAYAAAByZXN1bHRoaWhlKYFxbH1xbShoaIlo\nDlgIAAAAcmVzcG9uc2VoaWNCZWF1dGlmdWxTb3VwCkJlYXV0aWZ1bFNvdXAKcW4pgXFvfXFwKFUU\nZGVjbGFyZWRIVE1MRW5jb2RpbmdxcVUFdXRmLThxclUHdmVyYm9zZXFzSwBoYU5VBWF0dHJzcXRd\nVRJjb252ZXJ0WE1MRW50aXRpZXNxdYlVFWNvbnRhaW5zU3Vic3RpdHV0aW9uc3F2iVUIY29udGVu\ndHNxd11xeChjQmVhdXRpZnVsU291cApQcm9jZXNzaW5nSW5zdHJ1Y3Rpb24KcXlVLHhtbCB2ZXJz\naW9uPScxLjAnIGVuY29kaW5nPSclU09VUC1FTkNPRElORyUncXqFgXF7fXF8KGhhaF1VAQqFgXF9\nfXF+KGhhaGxoYmhsVQ9wcmV2aW91c1NpYmxpbmdxf2h7aGlob1UIcHJldmlvdXNxgGh7dWJoYmh9\naH9OaGlob2iATnViaH1obGVogGhdVQEKhYFxgX1xgihoYU5oYk5of2hqaGlobGiAaF1VAQqFgXGD\nfXGEKGhhTmhiaIFof2hlKYFxhX1xhihoaIloDlgMAAAAYWNjb3VudF90eXBlcYdoaWhlKYFxiH1x\niShoaIloDlgGAAAAYXZhdGFyaGloZSmBcYp9cYsoaGiJaA5YCQAAAHNreXBlbmFtZWhpaGUpgXGM\nfXGNKGhoiWgOWAgAAABsYXN0bmFtZWhpaGZVC3BhcnNlckNsYXNzcY5oblUTY29udmVydEhUTUxF\nbnRpdGllc3GPiWhhTmhiaF1VAQqFgXGQfXGRKGhhaGUpgXGSfXGTKGhoiWgOWAgAAAB1c2VybmFt\nZWhpaIxojmhuaI+JaGFoXVUBCoWBcZR9cZUoaGFoZSmBcZZ9cZcoaGiJaA5YBQAAAGVtYWlsaGlo\njGiOaG5oj4loYWhdVQEKhYFxmH1xmShoYWhlKYFxmn1xmyhoaIloDlgGAAAAcm9sZWlkaGlojGiO\naG5oj4loYWhdVQEKhYFxnH1xnShoYWiKaGJoimh/aJpoaWiMaIBoXVUCNDBxnoWBcZ99caAoaGFO\naGJonGh/TmhpaJpogGiadWJ1YmhiaJ9VDWlzU2VsZkNsb3NpbmdxoYlodF1odYlVBmhpZGRlbnGi\niWh/aJhodolod11xo2ifYWiAaJh1YmhiaJpof2iWaGlojGiAaF1VFW5pY29sbGVsZWUxQGdtYWls\nLmNvbXGkhYFxpX1xpihoYU5oYmiYaH9OaGlolmiAaJZ1YnViaGJopWihiWh0XWh1iWiiiWh/aJRo\ndolod11xp2ilYWiAaJR1YmhiaJZof2iSaGlojGiAY0JlYXV0aWZ1bFNvdXAKQ0RhdGEKcahVB25o\nbDIxMDhxqYWBcap9casoaGFOaGJolGh/TmhpaJJogGiSdWJ1YmhiaKpooYlodF1odYlooolof2iQ\naHaJaHddcaxoqmFogGiQdWJoYmiSaH9OaGlojGiAaIx1YmihiWh0XWh1iWiiiWh/aF1VASCFgXGt\nfXGuKGhhaIxoYmiMaH9OaGloZmiAaGZ1Ymh2iWh3XXGvKGiQaJJolGiWaJhommicaIplaIBorXVi\naI5obmiPiWhhTmhiaF1VAQqFgXGwfXGxKGhhaIhoYmiIaH9OaGloimiAaIp1YmihiWh0XWh1iWii\niWh/aJxodolod11xsihosGiIZWiAaJx1YmiOaG5oj4loYU5oYmhdVQEKhYFxs31xtChoYWiFaGJo\nhWh/TmhpaIhogGiIdWJooYlodF1odYlooolof2iwaHaJaHddcbUoaLNohWiDZWiAaLB1YmiOaG5o\nj4loYWiDaGJoXVUBMIWBcbZ9cbcoaGFOaGJog2h/TmhpaIVogGiFdWJooYlodF1odYlooolof2iz\naHaJaHddcbhotmFogGizdWJoaWiIaIBotnVidWJVCHRhZ1N0YWNrcbldcbpob2FoaIlVDXNtYXJ0\nUXVvdGVzVG9xu1UEaHRtbFUKbm9tb3JldGFnc3G8SwBoYk5VB2xpdGVyYWxxvUsAVQZsaW5lbm9x\nvksBaKJLAWh/TlUOcGFyc2VPbmx5VGhlc2Vxv05VDGZyb21FbmNvZGluZ3HATmhpTmiOaG5oj4lV\nGl9TR01MUGFyc2VyX19zdGFydHRhZ190ZXh0ccFYDgAAADxhY2NvdW50X3R5cGU+aKGJVQZvZmZz\nZXRxwksAVRdpbnN0YW5jZVNlbGZDbG9zaW5nVGFnc3HDfXHETk5zVQ9jb252ZXJ0RW50aXRpZXNx\nxU5VBXN0YWNrccZdVQpxdW90ZVN0YWNrccddaA5YCgAAAFtkb2N1bWVudF1VBm1hcmt1cHHITlUH\ncmF3ZGF0YXHJWAAAAABVB2xhc3R0YWdxymiHVRBvcmlnaW5hbEVuY29kaW5ncctoclUKY3VycmVu\ndFRhZ3HMaG9VC2N1cnJlbnREYXRhcc1ddWJojmhuaI+JaGFOaGJoXVUBCoWBcc59cc8oaGFoamhi\naGpof05oaWhsaIBobHViaKGJaHRdcdAoWAgAAABmdW5jdGlvblgJAAAAdXNlcnMuYWRkhnHRWAYA\nAABzdGF0dXNYAgAAAG9rhnHSZWh1iWiiiWh/aH1odolod11x0yhozmhqaIFlaIBofXViaI5obmiP\niWhhaIFoYmhdVQEKhYFx1H1x1ShoYWhlKYFx1n1x1yhoaIloDlgGAAAAdXNlcmlkaGloamiOaG5o\nj4loYWhjaGJoX2ihiWh0XWh1iWiiiWh/aNRodolod11x2GhfYWiAaNR1YmhiaNZof05oaWhqaIBo\nanViaKGJaHRdaHWJaKKJaH9ozmh2iWh3XXHZKGjUaNZoY2hmZWiAaM51YmiOaG5oj4loYU5oYmit\naKGJaHRdaHWJaKKJaH9oY2h2iWh3XXHaKGitaIxlaIBoY3ViaGJoZmh/aNZoaWhqaIBoX3ViaH9O\naGlo1miAaNZ1YlUNdGVzdF9jbGFzc19pZHHbTlUHYWRkcmVzc3HcTlUOYWJvdXRfYXBwcm92ZWRx\n3YlVDHJlZmVycmFsX2tleXHeWAAAAABVBndlYmNhbXHfiVUPX2N1cnJlbmN5X2NhY2hlceBoCGNh\ncHBzLmNvcmUubW9kZWxzCkN1cnJlbmN5CnHhXWgKh1Jx4n1x4yhoSmg6VQoH3AgKDysoC6a9hVJx\n5GgOWA0AAABCcml0aXNoIHBvdW5kVQdjcmVhdGVkceVoOlUKB9wFDwsvLgqhx4VSceZVB2Fjcm9u\neW1x51gDAAAAR0JQVQZtYW51YWxx6IlVBnN5bWJvbHHpWAIAAADCo2gmaCcpgXHqfXHrKGgqiWgr\naCx1YlUFdmFsdWVx7Ec/8AAAAAAAAGgvSwF1YlUPY3JiX2V4cGlyeV9kYXRlce1OaOVoOlUKB90G\nCwkvHA5M7YVSce5VFHBhcnRuZXJzX25ld3NsZXR0ZXJzce+JVQZnZW5kZXJx8EsBVRZub3RpZmlj\nYXRpb25zX21lc3NhZ2VzcfGIVQlsb25naXR1ZGVx8ksAVQ52aWRlb19hcHByb3ZlZHHziVUDY3Ji\ncfSJVQZjcmVkaXRx9UcAAAAAAAAAAFUIY3JiX2ZpbGVx9mNkamFuZ28uZGIubW9kZWxzLmZpZWxk\ncy5maWxlcwpGaWVsZEZpbGUKcfcpgXH4fXH5KGhUiGhVTmgOWAAAAABoV4l1YlUHY291bnRyeXH6\nWAIAAABVU1UTbm90aWZpY2F0aW9uc19vdGhlcnH7iFUPYWN0aXZhdGlvbl9kYXRlcfxOVSBxdWFs\naWZpY2F0aW9uX2RvY3VtZW50c19hcHByb3ZlZHH9iVUIcmVmZXJyYWxx/ksBVQttYXhfY3JlZGl0\nc3H/SwB1YmgmaCcpgXIAAQAAfXIBAQAAKGgqiWgraCx1YmgziGg2WBUAAABuaWNvbGxlbGVlMUBn\nbWFpbC5jb21VB2JhY2tlbmRyAgEAAFUpZGphbmdvLmNvbnRyaWIuYXV0aC5iYWNrZW5kcy5Nb2Rl\nbEJhY2tlbmRyAwEAAGg3iWg4iWg5aDpVCgfdBgsJLx8NlXyFUnIEAQAAaDxVASFoL4oC9wBoPWg6\nVQoH3QYLCS8ZDcS9hVJyBQEAAHViVQlzb2NpYWxfaWRyBgEAAFUKMTA2MTEyNTYyMXIHAQAAaCZo\nJymBcggBAAB9cgkBAAAoaCqJaCtoLHViVRhfc29jaWFsYWNjb3VudF9wdHJfY2FjaGVyCgEAAGgI\nY2FsbGF1dGguc29jaWFsYWNjb3VudC5tb2RlbHMKU29jaWFsQWNjb3VudApyCwEAAF1oCodScgwB\nAAB9cg0BAAAoaCZoJymBcg4BAAB9cg8BAAAoaCqJaCtoLHViaD1oOlUKB90GCwkvHwz8EYVSchAB\nAABoOWg6VQoH3QYLCS8fDPvnhVJyEQEAAGgvSwtoDUv3dWJVFHNvY2lhbGFjY291bnRfcHRyX2lk\nchIBAACKAQtoOWg6VQoH3QYLCS8fDPvnhVJyEwEAAFUEbGlua3IUAQAAVSBodHRwOi8vd3d3LmZh\nY2Vib29rLmNvbS9jaW5vbGxlZXIVAQAAaC+KAQtoPWg6VQoH3QYLCS8fDPwRhVJyFgEAAHViVQRk\nYXRhfXIXAQAAKFUIdXNlcm5hbWVyGAEAAFUIY2lub2xsZWVyGQEAAFUKZmlyc3RfbmFtZXIaAQAA\naBZVCWxhc3RfbmFtZXIbAQAAaBhVC2ZhY2Vib29rX21lfXIcAQAAKGoYAQAAahkBAABVFGluc3Bp\ncmF0aW9uYWxfcGVvcGxlXXIdAQAAKH1yHgEAAChVAmlkch8BAABVCzQ0MTU3MDE4MDgzVQRuYW1l\nciABAABVDUJsYWlyIFdhbGRvcmZ1fXIhAQAAKGofAQAAVQ8xNzg2MDQyODg4NTE0NjBqIAEAAFUM\nSmFtZXMgRnJhbmNvdX1yIgEAAChqHwEAAFUMMTY5NTcxMTcyNTQwaiABAABVDE1pcmFuZGEgS2Vy\ncnVlahoBAABoFmobAQAAaBhVCHZlcmlmaWVkiGogAQAAaA9VBmxvY2FsZVUFZW5fVVNVBmdlbmRl\nclUGZmVtYWxlVQR3b3JrXXIjAQAAfXIkAQAAKFUIbG9jYXRpb25yJQEAAH1yJgEAAChqHwEAAFUP\nMTEwOTcwNzkyMjYwOTYwaiABAABVF0xvcyBBbmdlbGVzLCBDYWxpZm9ybmlhdVUKc3RhcnRfZGF0\nZVUKMjAxMS0wNi0wMVUIZW5kX2RhdGVVCjIwMTEtMDktMDFVCGVtcGxveWVyfXInAQAAKGofAQAA\nVQ8xNTg0NjM3NzA4NjQwODBqIAEAAFUXTW9tIENvcnBzIC0gTG9zIEFuZ2VsZXN1dWFVDHVwZGF0\nZWRfdGltZVUYMjAxMy0wNi0wOVQxMDo0NDoyNiswMDAwVQVlbWFpbFUVbmljb2xsZWxlZTFAZ21h\naWwuY29tcigBAABVBGxpbmtqFQEAAGolAQAAfXIpAQAAKGofAQAAVQ8xMDg0MjQyNzkxODkxMTVq\nIAEAAFUSTmV3IFlvcmssIE5ldyBZb3JrdVUIaG9tZXRvd259cioBAAAoah8BAABVDzExNDU2MjY1\nNTIyMzQxM2ogAQAAVRRWYWxlbmNpYSwgQ2FsaWZvcm5pYXVVCHRpbWV6b25lSvn///9VCWVkdWNh\ndGlvbl1yKwEAACh9ciwBAAAoVQZzY2hvb2xyLQEAAH1yLgEAAChqHwEAAFUPMTA1OTMxNDUyNzgx\nMDAyaiABAABVFFZhbGVuY2lhIEhpZ2ggU2Nob29sdVUEdHlwZXIvAQAAVQtIaWdoIFNjaG9vbHV9\ncjABAAAoai0BAAB9cjEBAAAoah8BAABVCzExMzYwMzI1OTU3aiABAABVBFVDTEF1ai8BAABVB0Nv\nbGxlZ2V1fXIyAQAAKGotAQAAfXIzAQAAKGofAQAAVQ8xMDMxMjc2MDMwNjE0ODZqIAEAAFUTQ29s\ndW1iaWEgVW5pdmVyc2l0eXVqLwEAAFUHQ29sbGVnZVUNY29uY2VudHJhdGlvbl1yNAEAAH1yNQEA\nAChqHwEAAFUPMTA2Mjk5NDM5NDAxNTEzaiABAABVE0ZpbmFuY2lhbCBFY29ub21pY3N1YVUEeWVh\ncn1yNgEAAChqHwEAAFUPMTA1NTc2NzY2MTYzMDc1aiABAABVBDIwMTV1dWVqHwEAAGoHAQAAdVUV\nZmFjZWJvb2tfYWNjZXNzX3Rva2VuWKMAAABDQUFFS2xIZVBjaUlCQUo3NWlHVVNsTGhPcjduYW5B\nb21CMG1OZ3RaQlVzZ1N1Q3pRTElrU1JjOEpFY3VUWkF6emNvUnUySHlURVVuZmlhMWl0c0F1SWpB\nTDQydVpDN25neGtWY25qVEdiTVpCVk9waWVXbVpCYjI2MVdCSmpyTUR2ZjdlOGJwSGFRUlFMbzN2\nQWd2cGRvTmJPNUJvODYyWVpEVQVlbWFpbGooAQAAdXVVEl9hdXRoX3VzZXJfYmFja2VuZGoDAQAA\ndS4=\n	2013-06-25 08:48:13.05506+00
352beb44c5a9b5218d1010d84face2ca	NzczZjJkN2E3YWM0ODUyZTEzZWY4MDliMmQzNzk0OWU3NDhmOThjYTqAAn1xAShVGndpemFyZF90\ndXRvcl9zaWdudXBfd2l6YXJkfXECKFUKc3RlcF9maWxlc31VBHN0ZXBYBQAAAHN0ZXAxVQpleHRy\nYV9kYXRhfVUJc3RlcF9kYXRhfXVVEl9hdXRoX3VzZXJfYmFja2VuZHEDVSlkamFuZ28uY29udHJp\nYi5hdXRoLmJhY2tlbmRzLk1vZGVsQmFja2VuZHEEVRRzb2NpYWxhY2NvdW50X3NpZ251cH1xBShV\nB2FjY291bnRjZGphbmdvLmRiLm1vZGVscy5iYXNlCm1vZGVsX3VucGlja2xlCnEGY2FsbGF1dGgu\nZmFjZWJvb2subW9kZWxzCkZhY2Vib29rQWNjb3VudApxB11jZGphbmdvLmRiLm1vZGVscy5iYXNl\nCnNpbXBsZV9jbGFzc19mYWN0b3J5CnEIh1JxCX1xCihVB3VzZXJfaWRxC00MAVUEbmFtZXEMVQtB\nbG9uIFNsb3RreXENVQlzb2NpYWxfaWRxDlUJNjgwMjE4Njg3cQ9VBl9zdGF0ZXEQY2RqYW5nby5k\nYi5tb2RlbHMuYmFzZQpNb2RlbFN0YXRlCnERKYFxEn1xEyhVBmFkZGluZ3EUiVUCZGJxFVUHZGVm\nYXVsdHEWdWJVC191c2VyX2NhY2hlcRdoBmNkamFuZ28uY29udHJpYi5hdXRoLm1vZGVscwpVc2Vy\nCnEYXWgIh1JxGX1xGihVCHVzZXJuYW1lcRtYCwAAAGFsb24uc2xvdGt5cRxVCmZpcnN0X25hbWVx\nHVUEQWxvbnEeVQlsYXN0X25hbWVxH1UGU2xvdGt5cSBVDl9wcm9maWxlX2NhY2hlcSFoBmNhcHBz\nLnByb2ZpbGUubW9kZWxzClVzZXJQcm9maWxlCnEiXWgIh1JxI31xJChVD19jdXJyZW5jeV9jYWNo\nZXElaAZjYXBwcy5jb3JlLm1vZGVscwpDdXJyZW5jeQpxJl1oCIdScSd9cSgoVQd1cGRhdGVkcSlj\nZGF0ZXRpbWUKZGF0ZXRpbWUKcSpVCgfcCAoPKygLlBeFUnEraAxYDwAAAEFtZXJpY2FuIGRvbGxh\nclUHY3JlYXRlZHEsaCpVCgfcBQ8LMBgLP6mFUnEtVQdhY3JvbnltcS5YAwAAAFVTRFUGbWFudWFs\ncS+JVQZzeW1ib2xxMFgBAAAAJGgQaBEpgXExfXEyKGgUiWgVaBZ1YlUFdmFsdWVxM0c/+TgNDX+i\n5lUCaWRxNEsDdWJVC25ld3NsZXR0ZXJzcTWIVQ1wcm9maWxlX2ltYWdlcTZjZGphbmdvLmRiLm1v\nZGVscy5maWVsZHMuZmlsZXMKSW1hZ2VGaWVsZEZpbGUKcTcpgXE4fXE5KFUKX2NvbW1pdHRlZHE6\niFUFX2ZpbGVxO05oDFgbAAAAaW1hZ2VzL2RlZmF1bHRzL3Byb2ZpbGUucG5ncTxVBmNsb3NlZHE9\niXViVQZpc19uZXdxPohVDHNjcmliYmxhcl9pZHE/Y0JlYXV0aWZ1bFNvdXAKTmF2aWdhYmxlU3Ry\naW5nCnFAVSM3NTE2QTEyOS1CMzIxLTk1RTItQTdFQkJDQjA3NzYwQzY3N3FBhYFxQn1xQyhVC25l\neHRTaWJsaW5ncUROVQRuZXh0cUVoQFUBCoWBcUZ9cUcoaERjQmVhdXRpZnVsU291cApUYWcKcUgp\ngXFJfXFKKFUaZXNjYXBlVW5yZWNvZ25pemVkRW50aXRpZXNxS4loDFgJAAAAZmlyc3RuYW1lVQZw\nYXJlbnRxTGhIKYFxTX1xTihoS4loDFgGAAAAcmVzdWx0aExoSCmBcU99cVAoaEuJaAxYCAAAAHJl\nc3BvbnNlaExjQmVhdXRpZnVsU291cApCZWF1dGlmdWxTb3VwCnFRKYFxUn1xUyhVFGRlY2xhcmVk\nSFRNTEVuY29kaW5ncVRVBXV0Zi04cVVVB3ZlcmJvc2VxVksAaEROVQVhdHRyc3FXXVUSY29udmVy\ndFhNTEVudGl0aWVzcViJVRVjb250YWluc1N1YnN0aXR1dGlvbnNxWYlVCGNvbnRlbnRzcVpdcVso\nY0JlYXV0aWZ1bFNvdXAKUHJvY2Vzc2luZ0luc3RydWN0aW9uCnFcVSx4bWwgdmVyc2lvbj0nMS4w\nJyBlbmNvZGluZz0nJVNPVVAtRU5DT0RJTkclJ3FdhYFxXn1xXyhoRGhAVQEKhYFxYH1xYShoRGhP\naEVoT1UPcHJldmlvdXNTaWJsaW5ncWJoXmhMaFJVCHByZXZpb3VzcWNoXnViaEVoYGhiTmhMaFJo\nY051YmhgaE9laGNoQFUBCoWBcWR9cWUoaEROaEVOaGJoTWhMaE9oY2hAVQEKhYFxZn1xZyhoRE5o\nRWhkaGJoSCmBcWh9cWkoaEuJaAxYDAAAAGFjY291bnRfdHlwZXFqaExoSCmBcWt9cWwoaEuJaAxY\nBgAAAGF2YXRhcmhMaEgpgXFtfXFuKGhLiWgMWAkAAABza3lwZW5hbWVoTGhIKYFxb31xcChoS4lo\nDFgIAAAAbGFzdG5hbWVoTGhJVQtwYXJzZXJDbGFzc3FxaFFVE2NvbnZlcnRIVE1MRW50aXRpZXNx\ncoloRE5oRWhAVQEKhYFxc31xdChoRGhIKYFxdX1xdihoS4loDFgIAAAAdXNlcm5hbWVoTGhvaHFo\nUWhyiWhEaEBVAQqFgXF3fXF4KGhEaEgpgXF5fXF6KGhLiWgMWAUAAABlbWFpbGhMaG9ocWhRaHKJ\naERoQFUBCoWBcXt9cXwoaERoSCmBcX19cX4oaEuJaAxYBgAAAHJvbGVpZGhMaG9ocWhRaHKJaERo\nQFUBCoWBcX99cYAoaERobWhFaG1oYmh9aExob2hjaEBVAjUwcYGFgXGCfXGDKGhETmhFaH9oYk5o\nTGh9aGNofXVidWJoRWiCVQ1pc1NlbGZDbG9zaW5ncYSJaFiJVQZoaWRkZW5xhYloY2h7aGJoe2hZ\niWhaXXGGaIJhaFdddWJoRWh9aGJoeWhMaG9oY2hAVRRhbG9uc2xvdGt5QHlhaG9vLmNvbXGHhYFx\niH1xiShoRE5oRWh7aGJOaExoeWhjaHl1YnViaEVoiGiEiWhYiWiFiWhjaHdoYmh3aFmJaFpdcYpo\niGFoV111YmhFaHloYmh1aExob2hjY0JlYXV0aWZ1bFNvdXAKQ0RhdGEKcYtVC2Fsb24uc2xvdGt5\ncYyFgXGNfXGOKGhETmhFaHdoYk5oTGh1aGNodXVidWJoRWiNaISJaFiJaIWJaGNoc2hiaHNoWYlo\nWl1xj2iNYWhXXXViaEVodWhiTmhMaG9oY2hvdWJohIloWIlohYloY2hAVQEghYFxkH1xkShoRGhv\naEVob2hiTmhMaEloY2hJdWJoYmiQaFmJaFpdcZIoaHNodWh3aHloe2h9aH9obWVoV111YmhxaFFo\ncoloRE5oRWhAVQEKhYFxk31xlChoRGhraEVoa2hiTmhMaG1oY2htdWJohIloWIlohYloY2h/aGJo\nf2hZiWhaXXGVKGiTaGtlaFdddWJocWhRaHKJaEROaEVoQFUBCoWBcZZ9cZcoaERoaGhFaGhoYk5o\nTGhraGNoa3ViaISJaFiJaIWJaGNok2hiaJNoWYloWl1xmCholmhoaGZlaFdddWJocWhRaHKJaERo\nZmhFaEBVATCFgXGZfXGaKGhETmhFaGZoYk5oTGhoaGNoaHViaISJaFiJaIWJaGNolmhiaJZoWYlo\nWl1xm2iZYWhXXXViaExoa2hjaJl1YnViVQh0YWdTdGFja3GcXXGdaFJhaEuJVQ1zbWFydFF1b3Rl\nc1RvcZ5VBGh0bWxxn1UKbm9tb3JldGFnc3GgSwBoRU5VB2xpdGVyYWxxoUsAaISJaIVLAWhiTlUG\nbGluZW5vcaJLAVUOcGFyc2VPbmx5VGhlc2Vxo05VDGZyb21FbmNvZGluZ3GkTmhMTmhxaFFocolV\nGl9TR01MUGFyc2VyX19zdGFydHRhZ190ZXh0caVYDgAAADxhY2NvdW50X3R5cGU+VQZvZmZzZXRx\npksAVRdpbnN0YW5jZVNlbGZDbG9zaW5nVGFnc3GnfXGoTk5zVQ9jb252ZXJ0RW50aXRpZXNxqU5V\nBXN0YWNrcapdVQpxdW90ZVN0YWNrcatdaAxYCgAAAFtkb2N1bWVudF1xrFUGbWFya3Vwca1OVQdy\nYXdkYXRhca5YAAAAAFUHbGFzdHRhZ3GvaGpVEG9yaWdpbmFsRW5jb2RpbmdxsGhVVQpjdXJyZW50\nVGFncbFoUlULY3VycmVudERhdGFxsl11YmhxaFFocoloRE5oRWhAVQEKhYFxs31xtChoRGhNaEVo\nTWhiTmhMaE9oY2hPdWJohIloWIlohYloY2hgaGJoYGhZiWhaXXG1KGizaE1oZGVoV11xtihYCAAA\nAGZ1bmN0aW9uWAkAAAB1c2Vycy5hZGSGcbdYBgAAAHN0YXR1c1gCAAAAb2uGcbhldWJocWhRaHKJ\naERoZGhFaEBVAQqFgXG5fXG6KGhEaEgpgXG7fXG8KGhLiWgMWAYAAAB1c2VyaWRoTGhNaHFoUWhy\niWhEaEZoRWhCaISJaFiJaIWJaGNouWhiaLloWYloWl1xvWhCYWhXXXViaEVou2hiTmhMaE1oY2hN\ndWJohIloWIlohYloY2izaGJos2hZiWhaXXG+KGi5aLtoRmhJZWhXXXViaHFoUWhyiWhETmhFaJBo\nhIloWIlohYloY2hGaGJoRmhZiWhaXXG/KGiQaG9laFdddWJoRWhJaGJou2hMaE1oY2hCdWJoYk5o\nTGi7aGNou3ViVRJ0ZXN0X2NsYXNzX21pbnV0ZXNxwEs8VQtjdXJyZW5jeV9pZHHBSwNVCGZlYXR1\ncmVkccKJVRVjcmJfYWxlcnRfZXhwaXJlX2RhdGVxw4lVBXZpZGVvccROVQhwb3N0Y29kZXHFTlUI\ndGltZXpvbmVxxlgQAAAAQW1lcmljYS9Bbmd1aWxsYVURY3JiX2FsZXJ0X2V4cGlyZWRxx4lVDHBh\neXBhbF9lbWFpbHHITmg0TRMBaAtNDAFVBXRpdGxlcclOaBdoBmgYXWgIh1Jxyn1xyyhoG1gLAAAA\nYWxvbi5zbG90a3loHVgAAAAAaB9YAAAAAFUJaXNfYWN0aXZlccyIaBBoESmBcc19cc4oaBSJaBVo\nFnViVQVlbWFpbHHPWBQAAABhbG9uc2xvdGt5QHlhaG9vLmNvbVUMaXNfc3VwZXJ1c2VycdCJVQhp\nc19zdGFmZnHRiVUKbGFzdF9sb2dpbnHSaCpVCgfdBxcOGh0BXR+FUnHTVQhwYXNzd29yZHHUWAEA\nAAAhaDRNDAFVC2RhdGVfam9pbmVkcdVoKlUKB90HFw4aHQFdLoVScdZ1YlUWcHJvZmlsZV9pbWFn\nZV9hcHByb3ZlZHHXiVUHemlwY29kZXHYTlUJYWN0aXZhdGVkcdmJVRlpbmNvbWVfd2l0aG91dF9j\nb21taXNzaW9ucdpHAAAAAAAAAABVDWRhdGVfb2ZfYmlydGhx22NkYXRldGltZQpkYXRlCnHcVQQH\nwQkRhVJx3VUIbG9jYXRpb25x3k5VBmluY29tZXHfRwAAAAAAAAAAVQhsYXRpdHVkZXHgSwBVDnBy\naWNlX3Blcl9ob3VyceFHv/AAAAAAAABVBHR5cGVx4ksBaCloKlUKB90HFw4aJgW/F4VSceNVDWNs\nYXNzZXNfZ2l2ZW5x5EsAVQhhdmdfcmF0ZXHlRwAAAAAAAAAAVQ5jbGFzc19sYW5ndWFnZXHmWAUA\nAABlbl9VU1ULbWluX2NyZWRpdHNx50sAaBBoESmBceh9cekoaBSJaBVoFnViVRVub3RpZmljYXRp\nb25zX2NsYXNzZXNx6ohVCm5vX3Jldmlld3Nx60sAVRZub3RpZmljYXRpb25zX21lc3NhZ2VzceyI\nVQ5vdGhlcl9yZWZlcnJhbHHtWAAAAABVBXBob25lce5OVQ10ZXN0X2NsYXNzX2lkce9OVQdhZGRy\nZXNzcfBOVQ5hYm91dF9hcHByb3ZlZHHxiVUMcmVmZXJyYWxfa2V5cfJYAAAAAFUGd2ViY2FtcfOJ\nVQVhYm91dHH0WEgAAABJIHdvcmsgaW4gd2l6b2t1LmNvbQ0KV2hhdHR0IGlzIHdvcmtpbmcgd2l0\naCB0aGUgdHV0b3JpbmcgdHlwZSBvcHRpb24hISFx9VUPY3JiX2V4cGlyeV9kYXRlcfZOaCxoKlUK\nB90HFw4aHww1uIVScfdVFHBhcnRuZXJzX25ld3NsZXR0ZXJzcfiIVQZnZW5kZXJx+UsAVQttYXhf\nY3JlZGl0c3H6SwBVCWxvbmdpdHVkZXH7SwBVDnZpZGVvX2FwcHJvdmVkcfyJVQNjcmJx/YlVBmNy\nZWRpdHH+RwAAAAAAAAAAVQhjcmJfZmlsZXH/Y2RqYW5nby5kYi5tb2RlbHMuZmllbGRzLmZpbGVz\nCkZpZWxkRmlsZQpyAAEAACmBcgEBAAB9cgIBAAAoaDqIaDtOaAxYAAAAAGg9iXViVQdjb3VudHJ5\ncgMBAABYAgAAAFVLVRNub3RpZmljYXRpb25zX290aGVycgQBAACIVQ9hY3RpdmF0aW9uX2RhdGVy\nBQEAAE5VIHF1YWxpZmljYXRpb25fZG9jdW1lbnRzX2FwcHJvdmVkcgYBAACJVQhyZWZlcnJhbHIH\nAQAASwB1YmjMiGgQaBEpgXIIAQAAfXIJAQAAKGgUiWgVaBZ1YmjPWBQAAABhbG9uc2xvdGt5QHlh\naG9vLmNvbXIKAQAAVQdiYWNrZW5kcgsBAABoBGjQiWjRiWjSaCpVCgfdBxcOGiYH9aOFUnIMAQAA\naNRVASFoNE0MAWjVaCpVCgfdBxcOGh0BXS6FUnINAQAAdWJVFHNvY2lhbGFjY291bnRfcHRyX2lk\ncg4BAABLDGjSaCpVCgfdBxcOGiYGl7yFUnIPAQAAVQRsaW5rchABAABVJGh0dHBzOi8vd3d3LmZh\nY2Vib29rLmNvbS9hbG9uLnNsb3RreXIRAQAAVRhfc29jaWFsYWNjb3VudF9wdHJfY2FjaGVyEgEA\nAGgGY2FsbGF1dGguc29jaWFsYWNjb3VudC5tb2RlbHMKU29jaWFsQWNjb3VudApyEwEAAF1oCIdS\nchQBAAB9chUBAAAoaAtNDAFo0mgqVQoH3QcXDhomBpe8hVJyFgEAAGgQaBEpgXIXAQAAfXIYAQAA\nKGgUiWgVaBZ1Ymg0Swxo1WgqVQoH3QcXDhomBpfahVJyGQEAAHViaDRLDGjVaCpVCgfdBxcOGiYG\nl9qFUnIaAQAAdWJVBGRhdGF9chsBAAAoVQh1c2VybmFtZXIcAQAAVQthbG9uLnNsb3RreXIdAQAA\nVQpmaXJzdF9uYW1lch4BAABoHlUJbGFzdF9uYW1lch8BAABoIFULZmFjZWJvb2tfbWV9ciABAAAo\nahwBAABqHQEAAGoeAQAAaB5qHwEAAGggVQh2ZXJpZmllZIhVBG5hbWVyIQEAAGgNVQZsb2NhbGVV\nBWVuX1VTVQZnZW5kZXJVBG1hbGVVDHVwZGF0ZWRfdGltZVUYMjAxMy0wNy0wOFQxMToyOToyNysw\nMDAwVQRsaW5rahEBAABVDmZhdm9yaXRlX3RlYW1zXXIiAQAAfXIjAQAAKFUCaWRyJAEAAFUPMTAw\nNjA2MDk2Njc5MzU3aiEBAABYFAAAANep15XXldeg15IgLSBzaHZvb25ndWFqJAEAAGgPVQh0aW1l\nem9uZUsDVQVlbWFpbFUUYWxvbnNsb3RreUB5YWhvby5jb21yJQEAAHVVFWZhY2Vib29rX2FjY2Vz\nc190b2tlblizAAAAQ0FBRUtsSGVQY2lJQkFLWGROZGg1bzJIRHQwMkJVQjkyUHp3S1lrbGZFTkdE\nTU9mYUpHYVJBM21iczlCVFhsenhNS1BaQlc4VmVoNlRyNnJIQ0RCRkFPY1pBUzJRUW5tb091YWZ4\nYXg3NjdnVzVaQTNsV3lpaFhPYng3NDdHZXRFWkFaQnNRWkFITmhwYkt0WkMwWTRaQVYxckJCY3JS\nYmpHMG5SZkZmNGQxQ3IyQVpEWkRVBWVtYWlsaiUBAAB1dVUNX2F1dGhfdXNlcl9pZHImAQAATQwB\ndS4=\n	2013-08-06 13:26:38.528305+00
88e680fb640e54f4630c66ccb375884d	ZGE1Yzk2NWVmNmZkMGEyOWE5M2E1ZjA4OTYwYWIxMzcyNDBiOGUxMDqAAn1xAVUad2l6YXJkX3R1\ndG9yX3NpZ251cF93aXphcmRxAn1xAyhVCnN0ZXBfZmlsZXNxBH1VBHN0ZXBxBVgFAAAAc3RlcDFx\nBlUKZXh0cmFfZGF0YXEHfVUJc3RlcF9kYXRhcQh9dXMu\n	2013-08-01 16:52:00.903138+00
2e7bba01942c31f49c149e71e8597715	ZGE1Yzk2NWVmNmZkMGEyOWE5M2E1ZjA4OTYwYWIxMzcyNDBiOGUxMDqAAn1xAVUad2l6YXJkX3R1\ndG9yX3NpZ251cF93aXphcmRxAn1xAyhVCnN0ZXBfZmlsZXNxBH1VBHN0ZXBxBVgFAAAAc3RlcDFx\nBlUKZXh0cmFfZGF0YXEHfVUJc3RlcF9kYXRhcQh9dXMu\n	2013-08-01 18:23:52.9994+00
f9d730a8afa938b5a205f065d9783046	ZGE1Yzk2NWVmNmZkMGEyOWE5M2E1ZjA4OTYwYWIxMzcyNDBiOGUxMDqAAn1xAVUad2l6YXJkX3R1\ndG9yX3NpZ251cF93aXphcmRxAn1xAyhVCnN0ZXBfZmlsZXNxBH1VBHN0ZXBxBVgFAAAAc3RlcDFx\nBlUKZXh0cmFfZGF0YXEHfVUJc3RlcF9kYXRhcQh9dXMu\n	2013-08-02 18:09:19.624186+00
68e56135f0b866245591c7b05d0d5458	ZGE1Yzk2NWVmNmZkMGEyOWE5M2E1ZjA4OTYwYWIxMzcyNDBiOGUxMDqAAn1xAVUad2l6YXJkX3R1\ndG9yX3NpZ251cF93aXphcmRxAn1xAyhVCnN0ZXBfZmlsZXNxBH1VBHN0ZXBxBVgFAAAAc3RlcDFx\nBlUKZXh0cmFfZGF0YXEHfVUJc3RlcF9kYXRhcQh9dXMu\n	2013-08-02 18:39:59.536764+00
ca0fd68e4093a32283663005489a6f01	ZGE1Yzk2NWVmNmZkMGEyOWE5M2E1ZjA4OTYwYWIxMzcyNDBiOGUxMDqAAn1xAVUad2l6YXJkX3R1\ndG9yX3NpZ251cF93aXphcmRxAn1xAyhVCnN0ZXBfZmlsZXNxBH1VBHN0ZXBxBVgFAAAAc3RlcDFx\nBlUKZXh0cmFfZGF0YXEHfVUJc3RlcF9kYXRhcQh9dXMu\n	2013-08-02 05:07:03.922793+00
f82acde74feb813ff56edab7ab5293ea	ZGE1Yzk2NWVmNmZkMGEyOWE5M2E1ZjA4OTYwYWIxMzcyNDBiOGUxMDqAAn1xAVUad2l6YXJkX3R1\ndG9yX3NpZ251cF93aXphcmRxAn1xAyhVCnN0ZXBfZmlsZXNxBH1VBHN0ZXBxBVgFAAAAc3RlcDFx\nBlUKZXh0cmFfZGF0YXEHfVUJc3RlcF9kYXRhcQh9dXMu\n	2013-08-02 21:55:31.314982+00
ad3c65d3a569a86f350b0f2de5c725ad	ZGE1Yzk2NWVmNmZkMGEyOWE5M2E1ZjA4OTYwYWIxMzcyNDBiOGUxMDqAAn1xAVUad2l6YXJkX3R1\ndG9yX3NpZ251cF93aXphcmRxAn1xAyhVCnN0ZXBfZmlsZXNxBH1VBHN0ZXBxBVgFAAAAc3RlcDFx\nBlUKZXh0cmFfZGF0YXEHfVUJc3RlcF9kYXRhcQh9dXMu\n	2013-08-02 22:48:45.525542+00
c6e1bbe571c50275bdd782e3b3a3694f	ZGE1Yzk2NWVmNmZkMGEyOWE5M2E1ZjA4OTYwYWIxMzcyNDBiOGUxMDqAAn1xAVUad2l6YXJkX3R1\ndG9yX3NpZ251cF93aXphcmRxAn1xAyhVCnN0ZXBfZmlsZXNxBH1VBHN0ZXBxBVgFAAAAc3RlcDFx\nBlUKZXh0cmFfZGF0YXEHfVUJc3RlcF9kYXRhcQh9dXMu\n	2013-08-02 23:06:51.05463+00
3fab358adefc99b75749b01dec54e882	YTFhYzhhZWEwZjM1NzdjNDQwYzEzYzZjZDUxMGM1NjZjMDYxMjExYTqAAn1xAVUad2l6YXJkX3R1\ndG9yX3NpZ251cF93aXphcmR9cQIoVQpzdGVwX2ZpbGVzcQN9VQRzdGVwcQRYBQAAAHN0ZXAxcQVV\nCmV4dHJhX2RhdGFxBn1VCXN0ZXBfZGF0YXEHfXVzLg==\n	2013-08-02 23:25:31.436334+00
264c732d9b8fd8bbb58732a146ccb4ee	ZGE1Yzk2NWVmNmZkMGEyOWE5M2E1ZjA4OTYwYWIxMzcyNDBiOGUxMDqAAn1xAVUad2l6YXJkX3R1\ndG9yX3NpZ251cF93aXphcmRxAn1xAyhVCnN0ZXBfZmlsZXNxBH1VBHN0ZXBxBVgFAAAAc3RlcDFx\nBlUKZXh0cmFfZGF0YXEHfVUJc3RlcF9kYXRhcQh9dXMu\n	2013-08-02 18:09:42.121132+00
e8cbd7bfb49768ce82af3185dd10d64e	ZjVlODYzMmM4Mjc3MzU3MzU3M2Y2NWRiMWM5OGM4YmQ0MWIxZGFjMzqAAn1xAS4=\n	2013-03-20 12:02:02.68098+00
49b796febcfcaf01ef7ea6043a3543fd	MDY5YzViYzhlYWM5NmYyYzdiMjYzNzEwMTM5MzlhMWU1YjE3YTI4MTqAAn1xAShVD2RqYW5nb190\naW1lem9uZWNweXR6Cl9wCnECKFUKVVMvRWFzdGVybnEDSrC5//9LAFUDRVNUcQR0UnEFVRJfYXV0\naF91c2VyX2JhY2tlbmRVKWRqYW5nby5jb250cmliLmF1dGguYmFja2VuZHMuTW9kZWxCYWNrZW5k\nVQ1fYXV0aF91c2VyX2lkS0N1Lg==\n	2012-11-28 05:54:29.383673+00
971eac1d1dae76378782f9fb9fcf3fd3	Y2RhNzRjOWM1NmE0NTU0MWNlZGIzNzQ0ZGUwYjQ4N2UxNTMwOTM3YTqAAn1xAShVD19zZXNzaW9u\nX2V4cGlyeXECSwBVEl9hdXRoX3VzZXJfYmFja2VuZHEDVTZhcHBzLmNvbW1vbi51dGlscy5iYWNr\nZW5kcy5DYXNlSW5zZW5zaXRpdmVNb2RlbEJhY2tlbmRxBFUNX2F1dGhfdXNlcl9pZHEFS8p1Lg==\n	2013-06-28 01:54:50.689919+00
5e1e9814b453401e563b8d8ed153869c	MDc4ZGRkMDlmNWI5OWQ1NWIyOTMxNzk3OTQ5M2ZiMjM0ODFkYmQyZDqAAn1xAShVEl9hdXRoX3Vz\nZXJfYmFja2VuZHECVSlkamFuZ28uY29udHJpYi5hdXRoLmJhY2tlbmRzLk1vZGVsQmFja2VuZHED\nVQ1fYXV0aF91c2VyX2lkcQSKAoMAdS4=\n	2013-02-20 05:45:51.059115+00
876383761d04761edace83a5e79cf45a	MmY3ZWQyMjE1MjMwOTEzMjAyYTQ0MGJmN2M0ODBkNjFhZjVjYTMyMjqAAn1xAShVD19zZXNzaW9u\nX2V4cGlyeXECSwBVEl9hdXRoX3VzZXJfYmFja2VuZHEDVTNhbGxhdXRoLmFjY291bnQuYXV0aF9i\nYWNrZW5kcy5BdXRoZW50aWNhdGlvbkJhY2tlbmRxBFUNX2F1dGhfdXNlcl9pZHEFS/F1Lg==\n	2013-07-31 18:41:36.801463+00
e94fbd74b2d35e617565203f1a4a273c	NGIxMDM3YjU4NDk0YTNjOGU5ODUyMGU1OTZkMDRjNmQ4YmNiMmFjNjqAAn1xAShVEl9hdXRoX3Vz\nZXJfYmFja2VuZHECVSlkamFuZ28uY29udHJpYi5hdXRoLmJhY2tlbmRzLk1vZGVsQmFja2VuZHED\nVQ1fYXV0aF91c2VyX2lkcQSKAsYAdS4=\n	2013-04-17 20:56:56.962634+00
c14c3dc892e883d10a17dbb9dc6d4c61	ZGE1Yzk2NWVmNmZkMGEyOWE5M2E1ZjA4OTYwYWIxMzcyNDBiOGUxMDqAAn1xAVUad2l6YXJkX3R1\ndG9yX3NpZ251cF93aXphcmRxAn1xAyhVCnN0ZXBfZmlsZXNxBH1VBHN0ZXBxBVgFAAAAc3RlcDFx\nBlUKZXh0cmFfZGF0YXEHfVUJc3RlcF9kYXRhcQh9dXMu\n	2013-08-01 06:12:15.004738+00
e59504c5bb6fa38ebb554658b1bfe9dc	ZjI5YzdhOGM3Y2RhNzNjZTVlZDg4MmYwNzUxZTI3ZWYyNzVhZjZjOTqAAn1xAShVD2RqYW5nb190\naW1lem9uZWNweXR6Cl9wCnECKFUKVVMvRWFzdGVybnEDSrC5//9LAFUDRVNUcQR0UnEFVRJfYXV0\naF91c2VyX2JhY2tlbmRVKWRqYW5nby5jb250cmliLmF1dGguYmFja2VuZHMuTW9kZWxCYWNrZW5k\nVQ1fYXV0aF91c2VyX2lkigFvdS4=\n	2013-02-26 02:17:47.926487+00
8ba4e668bf6d00c7963377a3373be8f8	ZjVlODYzMmM4Mjc3MzU3MzU3M2Y2NWRiMWM5OGM4YmQ0MWIxZGFjMzqAAn1xAS4=\n	2013-04-22 20:50:47.680585+00
0b8a5d5145386ada68a311581d8aca34	NDk0ZWE4Zjk3OGU0OTJiNDU3ODIxYjI5ZTlkZDExMjViN2VhOWM2MDqAAn1xAShVD19zZXNzaW9u\nX2V4cGlyeXECSwBVEl9hdXRoX3VzZXJfYmFja2VuZHEDVSlkamFuZ28uY29udHJpYi5hdXRoLmJh\nY2tlbmRzLk1vZGVsQmFja2VuZHEEVQ1fYXV0aF91c2VyX2lkcQVLvnUu\n	2013-03-28 13:14:12.4515+00
5039177f18f62bdafd08a9f7ef2e6e2b	Njc3ZDA5Nzk1NzkyNDQ0Nzg0YzEwMGZkNzdjYWRjMDUxNmI1M2IzMDqAAn1xAShVD2RqYW5nb190\naW1lem9uZWNweXR6Cl9wCnECKFUKVVMvRWFzdGVybnEDSrC5//9LAFUDRVNUcQR0UnEFVRJfYXV0\naF91c2VyX2JhY2tlbmRVKWRqYW5nby5jb250cmliLmF1dGguYmFja2VuZHMuTW9kZWxCYWNrZW5k\nVQ1fYXV0aF91c2VyX2lkigKMAHUu\n	2013-02-21 00:12:03.596274+00
87031648b52163925dd549ea1e969513	ZGE1Yzk2NWVmNmZkMGEyOWE5M2E1ZjA4OTYwYWIxMzcyNDBiOGUxMDqAAn1xAVUad2l6YXJkX3R1\ndG9yX3NpZ251cF93aXphcmRxAn1xAyhVCnN0ZXBfZmlsZXNxBH1VBHN0ZXBxBVgFAAAAc3RlcDFx\nBlUKZXh0cmFfZGF0YXEHfVUJc3RlcF9kYXRhcQh9dXMu\n	2013-08-02 18:49:04.594037+00
136fdb7bac3c6ab94d3d19cd150153d2	ZGE1Yzk2NWVmNmZkMGEyOWE5M2E1ZjA4OTYwYWIxMzcyNDBiOGUxMDqAAn1xAVUad2l6YXJkX3R1\ndG9yX3NpZ251cF93aXphcmRxAn1xAyhVCnN0ZXBfZmlsZXNxBH1VBHN0ZXBxBVgFAAAAc3RlcDFx\nBlUKZXh0cmFfZGF0YXEHfVUJc3RlcF9kYXRhcQh9dXMu\n	2013-08-03 00:22:23.749278+00
2116898ba758d8a55fb360802756f177	YTFhYzhhZWEwZjM1NzdjNDQwYzEzYzZjZDUxMGM1NjZjMDYxMjExYTqAAn1xAVUad2l6YXJkX3R1\ndG9yX3NpZ251cF93aXphcmR9cQIoVQpzdGVwX2ZpbGVzcQN9VQRzdGVwcQRYBQAAAHN0ZXAxcQVV\nCmV4dHJhX2RhdGFxBn1VCXN0ZXBfZGF0YXEHfXVzLg==\n	2013-08-05 11:44:34.913437+00
0e254616ebc0bbc38ed5146c9fa8a1a3	ODhiNmZlYzJhODUwOGE1ODlmNmRmZjUwZTNlYWM0NmU1YjYyNTQxYTqAAn1xAShVD19zZXNzaW9u\nX2V4cGlyeXECSwBVEl9hdXRoX3VzZXJfYmFja2VuZHEDVTNhbGxhdXRoLmFjY291bnQuYXV0aF9i\nYWNrZW5kcy5BdXRoZW50aWNhdGlvbkJhY2tlbmRxBFUNX2F1dGhfdXNlcl9pZHEFS9x1Lg==\n	2013-05-18 15:58:44.053556+00
8f5528fbff70937067603bc50e0c58f3	NGM5NWExMTc5MzJlYzM5ODkxMjljMDNjZWU2OTVkYzRjNzdhNzhlNjqAAn1xAShVD2RqYW5nb190\naW1lem9uZWNweXR6Cl9wCnECKFUKVVMvRWFzdGVybnEDSrC5//9LAFUDRVNUcQR0UnEFVRJfYXV0\naF91c2VyX2JhY2tlbmRVKWRqYW5nby5jb250cmliLmF1dGguYmFja2VuZHMuTW9kZWxCYWNrZW5k\nVQ1fYXV0aF91c2VyX2lkigLoAHUu\n	2013-05-31 17:53:40.990953+00
60f546a53f13e258ea89909b24482df7	ZjVlODYzMmM4Mjc3MzU3MzU3M2Y2NWRiMWM5OGM4YmQ0MWIxZGFjMzqAAn1xAS4=\n	2013-07-08 17:39:48.226493+00
aec2dc1d164b3bb67a1d65138f51812b	M2Y3ZjI0YzYyODk2MGM4ZjExODM5MTkzMTdmMWU2ZjFiMDFmY2M3MjqAAn1xAShVD2RqYW5nb190\naW1lem9uZWNweXR6Cl9wCnECKFUKVVMvRWFzdGVybnEDSrC5//9LAFUDRVNUcQR0UnEFVQ1fYXV0\naF91c2VyX2lkS9VVEl9hdXRoX3VzZXJfYmFja2VuZFUpZGphbmdvLmNvbnRyaWIuYXV0aC5iYWNr\nZW5kcy5Nb2RlbEJhY2tlbmRVD19zZXNzaW9uX2V4cGlyeUsAdS4=\n	2013-05-26 18:15:48.043079+00
da51393842b3130f33ef177e6fa91215	ZGE1Yzk2NWVmNmZkMGEyOWE5M2E1ZjA4OTYwYWIxMzcyNDBiOGUxMDqAAn1xAVUad2l6YXJkX3R1\ndG9yX3NpZ251cF93aXphcmRxAn1xAyhVCnN0ZXBfZmlsZXNxBH1VBHN0ZXBxBVgFAAAAc3RlcDFx\nBlUKZXh0cmFfZGF0YXEHfVUJc3RlcF9kYXRhcQh9dXMu\n	2013-08-08 10:14:03.860326+00
a40ecc19190a0823d16a5ba46615589a	ZGE1Yzk2NWVmNmZkMGEyOWE5M2E1ZjA4OTYwYWIxMzcyNDBiOGUxMDqAAn1xAVUad2l6YXJkX3R1\ndG9yX3NpZ251cF93aXphcmRxAn1xAyhVCnN0ZXBfZmlsZXNxBH1VBHN0ZXBxBVgFAAAAc3RlcDFx\nBlUKZXh0cmFfZGF0YXEHfVUJc3RlcF9kYXRhcQh9dXMu\n	2013-08-12 20:30:16.641655+00
82c1d0e625c810ae7032777387cf3b88	NjYzYWM2YmM0Yjk2OTkxZDUxZjU1ZDdkYmIwZTVlMmZkNDkzMzllNDqAAn1xAShVEl9hdXRoX3Vz\nZXJfYmFja2VuZHECVSlkamFuZ28uY29udHJpYi5hdXRoLmJhY2tlbmRzLk1vZGVsQmFja2VuZHED\nVQ1fYXV0aF91c2VyX2lkcQRLAXUu\n	2013-07-29 19:43:58.822205+00
084ce753bfe184c43d4da13e6547fccc	ZGE1Yzk2NWVmNmZkMGEyOWE5M2E1ZjA4OTYwYWIxMzcyNDBiOGUxMDqAAn1xAVUad2l6YXJkX3R1\ndG9yX3NpZ251cF93aXphcmRxAn1xAyhVCnN0ZXBfZmlsZXNxBH1VBHN0ZXBxBVgFAAAAc3RlcDFx\nBlUKZXh0cmFfZGF0YXEHfVUJc3RlcF9kYXRhcQh9dXMu\n	2013-08-12 20:32:21.608457+00
ec35beae36b370c060777aeb1ffd3674	ZGE1Yzk2NWVmNmZkMGEyOWE5M2E1ZjA4OTYwYWIxMzcyNDBiOGUxMDqAAn1xAVUad2l6YXJkX3R1\ndG9yX3NpZ251cF93aXphcmRxAn1xAyhVCnN0ZXBfZmlsZXNxBH1VBHN0ZXBxBVgFAAAAc3RlcDFx\nBlUKZXh0cmFfZGF0YXEHfVUJc3RlcF9kYXRhcQh9dXMu\n	2013-08-01 17:02:29.604087+00
2615523df258275f878642528c7f91b3	ZGE1Yzk2NWVmNmZkMGEyOWE5M2E1ZjA4OTYwYWIxMzcyNDBiOGUxMDqAAn1xAVUad2l6YXJkX3R1\ndG9yX3NpZ251cF93aXphcmRxAn1xAyhVCnN0ZXBfZmlsZXNxBH1VBHN0ZXBxBVgFAAAAc3RlcDFx\nBlUKZXh0cmFfZGF0YXEHfVUJc3RlcF9kYXRhcQh9dXMu\n	2013-08-01 20:05:45.700362+00
6cff65832186625612140a076e366783	ZGE1Yzk2NWVmNmZkMGEyOWE5M2E1ZjA4OTYwYWIxMzcyNDBiOGUxMDqAAn1xAVUad2l6YXJkX3R1\ndG9yX3NpZ251cF93aXphcmRxAn1xAyhVCnN0ZXBfZmlsZXNxBH1VBHN0ZXBxBVgFAAAAc3RlcDFx\nBlUKZXh0cmFfZGF0YXEHfVUJc3RlcF9kYXRhcQh9dXMu\n	2013-08-01 22:24:10.937781+00
400e77ae23329b4593235ac97601536d	ZGE1Yzk2NWVmNmZkMGEyOWE5M2E1ZjA4OTYwYWIxMzcyNDBiOGUxMDqAAn1xAVUad2l6YXJkX3R1\ndG9yX3NpZ251cF93aXphcmRxAn1xAyhVCnN0ZXBfZmlsZXNxBH1VBHN0ZXBxBVgFAAAAc3RlcDFx\nBlUKZXh0cmFfZGF0YXEHfVUJc3RlcF9kYXRhcQh9dXMu\n	2013-08-02 00:09:47.730325+00
504401709a25704e5dab11064fdf4cad	ZGE1Yzk2NWVmNmZkMGEyOWE5M2E1ZjA4OTYwYWIxMzcyNDBiOGUxMDqAAn1xAVUad2l6YXJkX3R1\ndG9yX3NpZ251cF93aXphcmRxAn1xAyhVCnN0ZXBfZmlsZXNxBH1VBHN0ZXBxBVgFAAAAc3RlcDFx\nBlUKZXh0cmFfZGF0YXEHfVUJc3RlcF9kYXRhcQh9dXMu\n	2013-08-02 05:23:24.217894+00
45b25c872e6cae475be967cf75a2b9c1	ZGE1Yzk2NWVmNmZkMGEyOWE5M2E1ZjA4OTYwYWIxMzcyNDBiOGUxMDqAAn1xAVUad2l6YXJkX3R1\ndG9yX3NpZ251cF93aXphcmRxAn1xAyhVCnN0ZXBfZmlsZXNxBH1VBHN0ZXBxBVgFAAAAc3RlcDFx\nBlUKZXh0cmFfZGF0YXEHfVUJc3RlcF9kYXRhcQh9dXMu\n	2013-08-02 21:55:38.037097+00
773ae89e13038f7ce51318274071b030	ZGE1Yzk2NWVmNmZkMGEyOWE5M2E1ZjA4OTYwYWIxMzcyNDBiOGUxMDqAAn1xAVUad2l6YXJkX3R1\ndG9yX3NpZ251cF93aXphcmRxAn1xAyhVCnN0ZXBfZmlsZXNxBH1VBHN0ZXBxBVgFAAAAc3RlcDFx\nBlUKZXh0cmFfZGF0YXEHfVUJc3RlcF9kYXRhcQh9dXMu\n	2013-08-03 00:24:03.703798+00
12423cf6728138901e4fe95709f5362d	ZDFjOWU4Y2IwYTM1NmUyYzE0ZGFkZmY5NTlmZmQzYTM2YTQ0YmI3MTqAAn1xAShVD19zZXNzaW9u\nX2V4cGlyeXECSwBVEl9hdXRoX3VzZXJfYmFja2VuZHEDVSlkamFuZ28uY29udHJpYi5hdXRoLmJh\nY2tlbmRzLk1vZGVsQmFja2VuZHEEVQ1fYXV0aF91c2VyX2lkcQVLWHUu\n	2013-03-20 13:24:41.872236+00
2e9dabd5b26f7b242beca41c933306e7	MjA1MWY1YzBmNTgxMThjZDlmM2RiM2ZmZDc2NDE3NjViNTgyNmEzYTqAAn1xAShVD2RqYW5nb190\naW1lem9uZXECY3B5dHoKX3AKcQMoVQ5DYW5hZGEvRWFzdGVybnEESrC5//9LAFUDRVNUcQV0UnEG\nVQ1fYXV0aF91c2VyX2lkigKdAFUSX2F1dGhfdXNlcl9iYWNrZW5kVSlkamFuZ28uY29udHJpYi5h\ndXRoLmJhY2tlbmRzLk1vZGVsQmFja2VuZHUu\n	2013-02-27 03:52:15.686924+00
34ee0b57323a2a7a622538b8ad45c421	NGIzZjUxZmYxOWYzNzBhOWUzMjg2YWNjODcxNmU0ZmMxZTUwNmFhNzqAAn1xAShVD2RqYW5nb190\naW1lem9uZWNweXR6Cl9wCnECKFUJVVMvQWxhc2thcQNKYHP//0sAVQNDQVRxBHRScQVVEl9hdXRo\nX3VzZXJfYmFja2VuZFUpZGphbmdvLmNvbnRyaWIuYXV0aC5iYWNrZW5kcy5Nb2RlbEJhY2tlbmRV\nDV9hdXRoX3VzZXJfaWSKAXB1Lg==\n	2013-02-19 04:00:33.086149+00
107bc9904c18a36652ec7dca8541f84c	MzdhM2RhMWMwOWU5MWVkMzk0ZmYwMTJjZTk4ZGU0Nzc1YTE2YzU4YTqAAn1xAShVD19zZXNzaW9u\nX2V4cGlyeXECSwBVEl9hdXRoX3VzZXJfYmFja2VuZHEDVSlkamFuZ28uY29udHJpYi5hdXRoLmJh\nY2tlbmRzLk1vZGVsQmFja2VuZHEEVQ1fYXV0aF91c2VyX2lkcQVL1XUu\n	2013-05-31 19:31:42.257607+00
25b3b775fec5c9d112ebdf8b942118d3	NjYzNTRjZDE0YzVkYzcxMWExMjA4OWExNGNlMzIyNTI1ZWYzYzQwNzqAAn1xAShVD2RqYW5nb190\naW1lem9uZWNweXR6Cl9wCnECKFUKVVMvRWFzdGVybnEDSrC5//9LAFUDRVNUcQR0UnEFVQ1fYXV0\naF91c2VyX2lkigKSAFUSX2F1dGhfdXNlcl9iYWNrZW5kVSlkamFuZ28uY29udHJpYi5hdXRoLmJh\nY2tlbmRzLk1vZGVsQmFja2VuZHUu\n	2013-02-24 01:54:13.936047+00
eced25f98ff4a0fcecdc006e66b1b595	NmM5MTc0Y2RiMTQ2YzAzMjg0ZjI4ZjJlZjZmZTdiZDZlNWI3YWViOTqAAn1xAShVD19zZXNzaW9u\nX2V4cGlyeXECSwBVEl9hdXRoX3VzZXJfYmFja2VuZHEDVTZhcHBzLmNvbW1vbi51dGlscy5iYWNr\nZW5kcy5DYXNlSW5zZW5zaXRpdmVNb2RlbEJhY2tlbmRxBFUNX2F1dGhfdXNlcl9pZHEFS4R1Lg==\n	2013-02-20 06:06:45.236292+00
d96f55b767cc46172d2f9924d677c7af	MDkxYmNlOWU3ODAzMzI0ODZiYTkzN2Y1MDhiZDcxZDZiYzUxYTg4ZDqAAn1xAShVEl9hdXRoX3Vz\nZXJfYmFja2VuZHECVSlkamFuZ28uY29udHJpYi5hdXRoLmJhY2tlbmRzLk1vZGVsQmFja2VuZHED\nVQ1fYXV0aF91c2VyX2lkcQRLQ3Uu\n	2013-03-22 16:48:24.250162+00
f2ecba0433daf9aa817809411c9e4861	ZGE1Yzk2NWVmNmZkMGEyOWE5M2E1ZjA4OTYwYWIxMzcyNDBiOGUxMDqAAn1xAVUad2l6YXJkX3R1\ndG9yX3NpZ251cF93aXphcmRxAn1xAyhVCnN0ZXBfZmlsZXNxBH1VBHN0ZXBxBVgFAAAAc3RlcDFx\nBlUKZXh0cmFfZGF0YXEHfVUJc3RlcF9kYXRhcQh9dXMu\n	2013-08-03 01:17:36.897833+00
a918f4d3a013d38ceeb509924a60021f	ZDlkNDEyYzgyZjc3N2Q3NDRlZWQzMDg5YjUyYTRkNzkzYmZhNTM0NDqAAn1xAShVD19zZXNzaW9u\nX2V4cGlyeXECSwBVCnRlc3Rjb29raWVVBndvcmtlZFUSX2F1dGhfdXNlcl9iYWNrZW5kcQNVKWRq\nYW5nby5jb250cmliLmF1dGguYmFja2VuZHMuTW9kZWxCYWNrZW5kcQRVDV9hdXRoX3VzZXJfaWRx\nBUuzdS4=\n	2013-04-19 14:50:11.28447+00
7bdac2bb40a52c4208d7885853fe50c3	NDI5OTI5Mzg0YzViNmQxNzNjM2E1ODI0MzIxYWU0N2M3MWFlMzgzZTqAAn1xAShVD2RqYW5nb190\naW1lem9uZXECY3B5dHoKX3AKcQMoVQpVUy9FYXN0ZXJucQRKsLn//0sAVQNFU1RxBXRScQZVDV9h\ndXRoX3VzZXJfaWRLQ1USX2F1dGhfdXNlcl9iYWNrZW5kVSlkamFuZ28uY29udHJpYi5hdXRoLmJh\nY2tlbmRzLk1vZGVsQmFja2VuZFUPX3Nlc3Npb25fZXhwaXJ5SwB1Lg==\n	2013-06-18 18:35:14.293299+00
e13665bea89802d3cf862756eff0a921	YjI2YjZmZDhmYmEyMTY4ZmU4NTI3YWI2YjU1OGIyNjEyY2RhMzkyNjqAAn1xAShVD2RqYW5nb190\naW1lem9uZXECY3B5dHoKX3AKcQMoVQ1FdXJvcGUvTG9uZG9ucQRLAEsAVQNHTVRxBXRScQZVDV9h\ndXRoX3VzZXJfaWRLr1USX2F1dGhfdXNlcl9iYWNrZW5kVTZhcHBzLmNvbW1vbi51dGlscy5iYWNr\nZW5kcy5DYXNlSW5zZW5zaXRpdmVNb2RlbEJhY2tlbmRVD19zZXNzaW9uX2V4cGlyeUsAdS4=\n	2013-05-27 22:57:48.223746+00
019d3a3801b058978a0b013d5485213d	ZGE1Yzk2NWVmNmZkMGEyOWE5M2E1ZjA4OTYwYWIxMzcyNDBiOGUxMDqAAn1xAVUad2l6YXJkX3R1\ndG9yX3NpZ251cF93aXphcmRxAn1xAyhVCnN0ZXBfZmlsZXNxBH1VBHN0ZXBxBVgFAAAAc3RlcDFx\nBlUKZXh0cmFfZGF0YXEHfVUJc3RlcF9kYXRhcQh9dXMu\n	2013-08-02 18:11:36.221173+00
39bad184e9913457078ce1c38fcf4533	ZGE1Yzk2NWVmNmZkMGEyOWE5M2E1ZjA4OTYwYWIxMzcyNDBiOGUxMDqAAn1xAVUad2l6YXJkX3R1\ndG9yX3NpZ251cF93aXphcmRxAn1xAyhVCnN0ZXBfZmlsZXNxBH1VBHN0ZXBxBVgFAAAAc3RlcDFx\nBlUKZXh0cmFfZGF0YXEHfVUJc3RlcF9kYXRhcQh9dXMu\n	2013-08-08 10:14:17.645108+00
7307780f056185e01f459e540b612a0a	OTFkOTA0MGYzYTVjY2U2Y2IxYzc2OWY5Y2ZiODJhYWUzNDEwYjYxMTqAAn1xAShVD2RqYW5nb190\naW1lem9uZWNweXR6Cl9wCnECKFUQQW1lcmljYS9Bbmd1aWxsYXEDSvDE//9LAFUDTE1UcQR0UnEF\nVQ1fYXV0aF91c2VyX2lkigKZAFUSX2F1dGhfdXNlcl9iYWNrZW5kVSlkamFuZ28uY29udHJpYi5h\ndXRoLmJhY2tlbmRzLk1vZGVsQmFja2VuZHUu\n	2013-02-26 17:42:38.069585+00
e51d05ad965324557874d1b4b157888f	ZGE1Yzk2NWVmNmZkMGEyOWE5M2E1ZjA4OTYwYWIxMzcyNDBiOGUxMDqAAn1xAVUad2l6YXJkX3R1\ndG9yX3NpZ251cF93aXphcmRxAn1xAyhVCnN0ZXBfZmlsZXNxBH1VBHN0ZXBxBVgFAAAAc3RlcDFx\nBlUKZXh0cmFfZGF0YXEHfVUJc3RlcF9kYXRhcQh9dXMu\n	2013-08-02 18:52:03.683536+00
fa6d0c18a098a1750b23ad8c42cb0bf9	ZGE1Yzk2NWVmNmZkMGEyOWE5M2E1ZjA4OTYwYWIxMzcyNDBiOGUxMDqAAn1xAVUad2l6YXJkX3R1\ndG9yX3NpZ251cF93aXphcmRxAn1xAyhVCnN0ZXBfZmlsZXNxBH1VBHN0ZXBxBVgFAAAAc3RlcDFx\nBlUKZXh0cmFfZGF0YXEHfVUJc3RlcF9kYXRhcQh9dXMu\n	2013-08-01 08:34:25.022371+00
d4ea5ae3b510d7b7b85bf36a730a586c	ZjY2MDE4YzA2N2NlYWY5NWVhNTA0NGVjYzZkZDQwMGUzYTk2NjUxMzqAAn1xAShVD2RqYW5nb190\naW1lem9uZWNweXR6Cl9wCnECKFUKVVMvRWFzdGVybnEDSrC5//9LAFUDRVNUcQR0UnEFVQ1fYXV0\naF91c2VyX2lkigK/AFUSX2F1dGhfdXNlcl9iYWNrZW5kVSlkamFuZ28uY29udHJpYi5hdXRoLmJh\nY2tlbmRzLk1vZGVsQmFja2VuZHUu\n	2013-03-28 15:25:35.971267+00
824669683d8f66dfb7c1b4a317912d9f	ZWVkOGJlMGUwZmYxYWQ0ZjgxYjAxNjljOTAyMzVmN2JhYmY2ZDQ1NjqAAn1xAShVD2RqYW5nb190\naW1lem9uZWNweXR6Cl9wCnECKFUKVVMvRWFzdGVybnEDSrC5//9LAFUDRVNUcQR0UnEFVRJfYXV0\naF91c2VyX2JhY2tlbmRVKWRqYW5nby5jb250cmliLmF1dGguYmFja2VuZHMuTW9kZWxCYWNrZW5k\nVQ1fYXV0aF91c2VyX2lkigK3AHUu\n	2013-03-16 01:08:05.516115+00
01cceafdbc0a133ead6a2ebb8dbeb01c	ZGE1Yzk2NWVmNmZkMGEyOWE5M2E1ZjA4OTYwYWIxMzcyNDBiOGUxMDqAAn1xAVUad2l6YXJkX3R1\ndG9yX3NpZ251cF93aXphcmRxAn1xAyhVCnN0ZXBfZmlsZXNxBH1VBHN0ZXBxBVgFAAAAc3RlcDFx\nBlUKZXh0cmFfZGF0YXEHfVUJc3RlcF9kYXRhcQh9dXMu\n	2013-08-02 19:33:37.361502+00
47b75c49d65bbb5973cc6cf522ea0b55	YTc2OTFlODRiNTJjMjRmYTdkODEzZDVjZWI4YjA4N2IwZTU5NzhmMjqAAn1xAShVD2RqYW5nb190\naW1lem9uZWNweXR6Cl9wCnECKFUKVVMvRWFzdGVybnEDSrC5//9LAFUDRVNUcQR0UnEFVQ1fYXV0\naF91c2VyX2lkS8NVEl9hdXRoX3VzZXJfYmFja2VuZFUzYWxsYXV0aC5hY2NvdW50LmF1dGhfYmFj\na2VuZHMuQXV0aGVudGljYXRpb25CYWNrZW5kVQ9fc2Vzc2lvbl9leHBpcnlLAHUu\n	2013-05-16 16:23:14.649317+00
a463170ab5d136c25958caf5ea604d84	MzdhM2RhMWMwOWU5MWVkMzk0ZmYwMTJjZTk4ZGU0Nzc1YTE2YzU4YTqAAn1xAShVD19zZXNzaW9u\nX2V4cGlyeXECSwBVEl9hdXRoX3VzZXJfYmFja2VuZHEDVSlkamFuZ28uY29udHJpYi5hdXRoLmJh\nY2tlbmRzLk1vZGVsQmFja2VuZHEEVQ1fYXV0aF91c2VyX2lkcQVL1XUu\n	2013-05-18 18:55:24.420533+00
a79c89d7c542d1eed919337304f28d12	ZjVlODYzMmM4Mjc3MzU3MzU3M2Y2NWRiMWM5OGM4YmQ0MWIxZGFjMzqAAn1xAS4=\n	2013-06-17 19:07:50.965485+00
0e2331e529968d243039f219bd57fe8d	ZGE1Yzk2NWVmNmZkMGEyOWE5M2E1ZjA4OTYwYWIxMzcyNDBiOGUxMDqAAn1xAVUad2l6YXJkX3R1\ndG9yX3NpZ251cF93aXphcmRxAn1xAyhVCnN0ZXBfZmlsZXNxBH1VBHN0ZXBxBVgFAAAAc3RlcDFx\nBlUKZXh0cmFfZGF0YXEHfVUJc3RlcF9kYXRhcQh9dXMu\n	2013-08-02 22:10:04.874007+00
f989dc923f1e50088dc63e9f4ff3d4a4	ZGE1Yzk2NWVmNmZkMGEyOWE5M2E1ZjA4OTYwYWIxMzcyNDBiOGUxMDqAAn1xAVUad2l6YXJkX3R1\ndG9yX3NpZ251cF93aXphcmRxAn1xAyhVCnN0ZXBfZmlsZXNxBH1VBHN0ZXBxBVgFAAAAc3RlcDFx\nBlUKZXh0cmFfZGF0YXEHfVUJc3RlcF9kYXRhcQh9dXMu\n	2013-08-02 22:48:57.531028+00
ec4d9e7cda1846de45b9f1314a989c38	ZGE1Yzk2NWVmNmZkMGEyOWE5M2E1ZjA4OTYwYWIxMzcyNDBiOGUxMDqAAn1xAVUad2l6YXJkX3R1\ndG9yX3NpZ251cF93aXphcmRxAn1xAyhVCnN0ZXBfZmlsZXNxBH1VBHN0ZXBxBVgFAAAAc3RlcDFx\nBlUKZXh0cmFfZGF0YXEHfVUJc3RlcF9kYXRhcQh9dXMu\n	2013-08-02 23:06:51.189041+00
50a3b9700a3f6c1ff29cc6fdffba7859	NDEwMWY1YTZiMTRkZDdjMzNjN2NjMTQzN2JmNzE1NmIzMmE4ZTI0NzqAAn1xAShVD2RqYW5nb190\naW1lem9uZWNweXR6Cl9wCnECKFUKVVMvQ2VudHJhbHEDSqCr//9LAFUDQ1NUcQR0UnEFVRJfYXV0\naF91c2VyX2JhY2tlbmRVKWRqYW5nby5jb250cmliLmF1dGguYmFja2VuZHMuTW9kZWxCYWNrZW5k\nVQ1fYXV0aF91c2VyX2lkigKFAHUu\n	2013-02-21 21:16:49.585902+00
2dc80770d0e87430b3d7693b963afad3	ZjVlODYzMmM4Mjc3MzU3MzU3M2Y2NWRiMWM5OGM4YmQ0MWIxZGFjMzqAAn1xAS4=\n	2012-12-10 05:06:41.748416+00
34daaa4fd8304c9327bcf79a2533c6bd	N2ZjMTRhOWMzZTNjNjUzODE1MTViY2RjZTYyN2YxZmQ4NGMzMDlmNDqAAn1xAShVD19zZXNzaW9u\nX2V4cGlyeXECSwBVEl9hdXRoX3VzZXJfYmFja2VuZHEDVSlkamFuZ28uY29udHJpYi5hdXRoLmJh\nY2tlbmRzLk1vZGVsQmFja2VuZHEEVQ1fYXV0aF91c2VyX2lkcQVLk3Uu\n	2013-02-25 02:34:03.103432+00
26d65b5d5fc3304666632bb9684bcf0d	NGJiNDMyZDU0OWUxOGEzNjM1MTUxMzYwODYwODA1YmU1ZGYzZGVjOTqAAn1xAShVEl9hdXRoX3Vz\nZXJfYmFja2VuZHECVSlkamFuZ28uY29udHJpYi5hdXRoLmJhY2tlbmRzLk1vZGVsQmFja2VuZHED\nVQ1fYXV0aF91c2VyX2lkcQSKAVV1Lg==\n	2012-12-24 20:30:21.695352+00
76f68a4318e716457449ceba6489be69	MWM1ZGZlZDU4NGY3ZGYyOTc4OWQ4OTI3MjYzOWU5MmIzMTU3YTA5YTqAAn1xAVUKdGVzdGNvb2tp\nZXECVQZ3b3JrZWRxA3Mu\n	2012-12-29 10:27:27.519413+00
beacb0dee56f990fab1a6e67330c1cff	MWM1ZGZlZDU4NGY3ZGYyOTc4OWQ4OTI3MjYzOWU5MmIzMTU3YTA5YTqAAn1xAVUKdGVzdGNvb2tp\nZXECVQZ3b3JrZWRxA3Mu\n	2012-12-29 12:16:06.032452+00
4562b385b28a3a286af0c09fc1a3501d	MDRiZTNmMzljZDNkNGI2OWI1NDA4ZjMwMmM2YTUwNjBlNjVhMTAzYTqAAn1xAShVD2RqYW5nb190\naW1lem9uZWNweXR6Cl9wCnECKFUKVVMvRWFzdGVybnEDSrC5//9LAFUDRVNUcQR0UnEFVQ1fYXV0\naF91c2VyX2lkigFZVRJfYXV0aF91c2VyX2JhY2tlbmRVKWRqYW5nby5jb250cmliLmF1dGguYmFj\na2VuZHMuTW9kZWxCYWNrZW5kdS4=\n	2013-02-11 16:02:58.845019+00
175e0e4396cf1582b78c8b19f067022a	NTRhMzM2MjlkZTA1NjkyNjQwYWYxNzMxMTk4ZDBkNGJkNzBhY2JiZTqAAn1xAShVEl9hdXRoX3Vz\nZXJfYmFja2VuZHECVSlkamFuZ28uY29udHJpYi5hdXRoLmJhY2tlbmRzLk1vZGVsQmFja2VuZHED\nVQ1fYXV0aF91c2VyX2lkcQSKAuMAdS4=\n	2013-05-20 20:39:45.72706+00
a0b80af78ba67c6fbb36d040c708bfab	YmMxYTkxNjUyZDg0ODljMTZmMTM3ZDdkYWVmYTI3YTM1YjEzOWRhODqAAn1xAShVEl9hdXRoX3Vz\nZXJfYmFja2VuZHECVSlkamFuZ28uY29udHJpYi5hdXRoLmJhY2tlbmRzLk1vZGVsQmFja2VuZHED\nVQ1fYXV0aF91c2VyX2lkcQRLc3Uu\n	2013-02-26 19:05:35.820967+00
82df69d8131f48a1c13c4e4089430d2f	N2VjMmYyNzU5ZjIwNjgzNTFlNDUwYWUyNzVhNjJhOWU5ZThmMzRjZDqAAn1xAShVD2RqYW5nb190\naW1lem9uZWNweXR6Cl9wCnECKFUJU2luZ2Fwb3JlcQNNRGFLAFUDU01UcQR0UnEFVRJfYXV0aF91\nc2VyX2JhY2tlbmRVKWRqYW5nby5jb250cmliLmF1dGguYmFja2VuZHMuTW9kZWxCYWNrZW5kVQ1f\nYXV0aF91c2VyX2lkigFWdS4=\n	2013-01-01 11:11:37.793507+00
9fc00faad07ddf4b2b237aa4007df677	MjY1MjM4NGQ2ZWY2YWRjZGY1OTJjODg0MmRiOGRhODY2Mzc5Y2I1NzqAAn1xAVUUc29jaWFsYWNj\nb3VudF9zaWdudXBxAn1xAyhVB2FjY291bnRxBGNkamFuZ28uZGIubW9kZWxzLmJhc2UKbW9kZWxf\ndW5waWNrbGUKcQVjYWxsYXV0aC5mYWNlYm9vay5tb2RlbHMKRmFjZWJvb2tBY2NvdW50CnEGXWNk\namFuZ28uZGIubW9kZWxzLmJhc2UKc2ltcGxlX2NsYXNzX2ZhY3RvcnkKcQeHUnEIfXEJKFUHdXNl\ncl9pZHEKTlUEbmFtZXELVQBVCXNvY2lhbF9pZHEMVQg2MTAwMTEyN3ENVQZfc3RhdGVxDmNkamFu\nZ28uZGIubW9kZWxzLmJhc2UKTW9kZWxTdGF0ZQpxDymBcRB9cREoVQZhZGRpbmdxEohVAmRicRNO\ndWJVFHNvY2lhbGFjY291bnRfcHRyX2lkcRROVQpsYXN0X2xvZ2lucRVOVQRsaW5rcRZVAFUCaWRx\nF05VC2RhdGVfam9pbmVkcRhOdWJVBGRhdGFxGX1xGihVCHVzZXJuYW1lcRtVDlRpbURpY2tpbnNv\nblVLcRxVCmZpcnN0X25hbWVxHVUDVGltcR5VCWxhc3RfbmFtZXEfVQlEaWNraW5zb25xIFULZmFj\nZWJvb2tfbWVxIX1xIihoG2gcaB1oHmgfaCBVCHZlcmlmaWVkiFUEbmFtZVUNVGltIERpY2tpbnNv\nblUGbG9jYWxlVQVlbl9HQlUGZ2VuZGVyVQRtYWxlVQVlbWFpbFUWdGltZGlja2luc29uQGdtYWls\nLmNvbXEjVQRsaW5rVSZodHRwOi8vd3d3LmZhY2Vib29rLmNvbS9UaW1EaWNraW5zb25VS1UIdGlt\nZXpvbmVLAFUMdXBkYXRlZF90aW1lVRgyMDEyLTA5LTE5VDIyOjUzOjQ4KzAwMDBVAmlkaA11VRVm\nYWNlYm9va19hY2Nlc3NfdG9rZW5xJFhxAAAAQUFBRUtsSGVQY2lJQkFBSGhpV3dEa2kzWkNXWkNh\nTUszTWk2T1pBaTJVdmN5UGNubHFWYVUzMWoyNTNaQmk4U3VaQWExVkhZZ2pzZTBDclFjNGNjV2E4\nZW01YnFCVWdqWFVFcnV2M0NaQ0xNQVpEWkRxJVUFZW1haWxxJmgjdXVzLg==\n	2013-01-13 01:36:54.005078+00
7c7617cde28a611cc833f34ca01ca142	MDBhNGNkNGQ1YjdhZmM4ZWYwOGFkNDY4YzEyNGNjZTY1M2I4ZDUwNjqAAn1xAShVD2RqYW5nb190\naW1lem9uZWNweXR6Cl9wCnECKFUKVVMvRWFzdGVybnEDSrC5//9LAFUDRVNUcQR0UnEFVQ1fYXV0\naF91c2VyX2lkigFaVRJfYXV0aF91c2VyX2JhY2tlbmRVKWRqYW5nby5jb250cmliLmF1dGguYmFj\na2VuZHMuTW9kZWxCYWNrZW5kdS4=\n	2013-02-11 16:31:05.359786+00
67f2bf7920d4d9516316f712384d240e	ZjVlODYzMmM4Mjc3MzU3MzU3M2Y2NWRiMWM5OGM4YmQ0MWIxZGFjMzqAAn1xAS4=\n	2013-07-31 20:39:14.293308+00
f553c3cad770be919955111da5b9f777	YTVlOTRkMjg4MmU2OGI3YWMxYjA5NjRiNGYxODRlZDVkY2JlNzE2ZDqAAn1xAShVD2RqYW5nb190\naW1lem9uZWNweXR6Cl9wCnECKFUJVVMvQWxhc2thcQNKYHP//0sAVQNDQVRxBHRScQVVDV9hdXRo\nX3VzZXJfaWSKAXFVEl9hdXRoX3VzZXJfYmFja2VuZFUpZGphbmdvLmNvbnRyaWIuYXV0aC5iYWNr\nZW5kcy5Nb2RlbEJhY2tlbmR1Lg==\n	2013-02-19 05:08:48.322278+00
ad4d5f33042e233ce7f9789d887de94f	ZDFjOWU4Y2IwYTM1NmUyYzE0ZGFkZmY5NTlmZmQzYTM2YTQ0YmI3MTqAAn1xAShVD19zZXNzaW9u\nX2V4cGlyeXECSwBVEl9hdXRoX3VzZXJfYmFja2VuZHEDVSlkamFuZ28uY29udHJpYi5hdXRoLmJh\nY2tlbmRzLk1vZGVsQmFja2VuZHEEVQ1fYXV0aF91c2VyX2lkcQVLWHUu\n	2013-03-22 16:49:09.460735+00
16cf031a775ab0a6dfec178c2a87e5eb	MzZiYmQ0MjdkNmNmNGY1ZmNiNjllMTViNmI4NWQzMDMyMWVmZWMyZDqAAn1xAShVD2RqYW5nb190\naW1lem9uZWNweXR6Cl9wCnECKFUKVVMvRWFzdGVybnEDSrC5//9LAFUDRVNUcQR0UnEFVQ1fYXV0\naF91c2VyX2lkigFXVRJfYXV0aF91c2VyX2JhY2tlbmRVKWRqYW5nby5jb250cmliLmF1dGguYmFj\na2VuZHMuTW9kZWxCYWNrZW5kdS4=\n	2013-02-01 16:39:58.179557+00
3f5d0e95b949a9ac069b3669495da27e	MjY1MGE0ZjFkODk0ZGY4YTA3ZjZiMzVhMjgwYTEwZTE5OWIxMjJjZDqAAn1xAShVD19zZXNzaW9u\nX2V4cGlyeXECSwBVEl9hdXRoX3VzZXJfYmFja2VuZHEDVTZhcHBzLmNvbW1vbi51dGlscy5iYWNr\nZW5kcy5DYXNlSW5zZW5zaXRpdmVNb2RlbEJhY2tlbmRxBFUNX2F1dGhfdXNlcl9pZHEFSwF1Lg==\n	2013-02-20 01:59:43.264836+00
bc93f97954b5d949a518465c92796227	ODdjMmJjZGI5MWVhMmZjZDJiOGFkNjJmODk0ZTIwYmE0OThiMjNhMzqAAn1xAShVEl9hdXRoX3Vz\nZXJfYmFja2VuZHECVSlkamFuZ28uY29udHJpYi5hdXRoLmJhY2tlbmRzLk1vZGVsQmFja2VuZHED\nVQ1fYXV0aF91c2VyX2lkcQSKAq8AdS4=\n	2013-03-11 16:40:06.325445+00
8e9b4f96c84a3d3746e8782825919599	YjY4ZTNhMDJhMDg3NWJhZDVkZDIwYjEzYmQwNzA4N2M0Yzk0ZThjMTqAAn1xAShVD19zZXNzaW9u\nX2V4cGlyeXECSwBVEl9hdXRoX3VzZXJfYmFja2VuZHEDVTZhcHBzLmNvbW1vbi51dGlscy5iYWNr\nZW5kcy5DYXNlSW5zZW5zaXRpdmVNb2RlbEJhY2tlbmRxBFUNX2F1dGhfdXNlcl9pZHEFS9t1Lg==\n	2013-05-28 07:15:11.740326+00
c15411c478bab3bd039ae3d8476e57f2	MGNkMWM5MTlkYTE4ZDVjN2JmNjk0MDkwNTRiZjE3MjY0ZGUzM2U2YTqAAn1xAVUKdGVzdGNvb2tp\nZVUGd29ya2VkcQJzLg==\n	2013-05-31 23:02:25.326795+00
1779199790a969e4c02786f380b7999d	YTE0NTkwOWI2ZjU3MjQ1YjY4MGU3ZDdkMzU0ZmQ3MDJjMGQ3OTg3MTqAAn1xAShVEl9hdXRoX3Vz\nZXJfYmFja2VuZHECVSlkamFuZ28uY29udHJpYi5hdXRoLmJhY2tlbmRzLk1vZGVsQmFja2VuZHED\nVQ1fYXV0aF91c2VyX2lkcQSKAtUAdS4=\n	2013-05-16 18:49:27.62372+00
373a35b3e6dc6fe7ea8390e58f53d1f0	ZGE1Yzk2NWVmNmZkMGEyOWE5M2E1ZjA4OTYwYWIxMzcyNDBiOGUxMDqAAn1xAVUad2l6YXJkX3R1\ndG9yX3NpZ251cF93aXphcmRxAn1xAyhVCnN0ZXBfZmlsZXNxBH1VBHN0ZXBxBVgFAAAAc3RlcDFx\nBlUKZXh0cmFfZGF0YXEHfVUJc3RlcF9kYXRhcQh9dXMu\n	2013-08-01 08:37:17.236809+00
7c8517a8d4e421108cd3d6e2a9658fc6	YzZkM2JkODM4NTk5NTk4MmYxZjQ0YjI3YTQ2MzIzMjQ4M2RiMmVhOTqAAn1xAShVEl9hdXRoX3Vz\nZXJfYmFja2VuZHECVSlkamFuZ28uY29udHJpYi5hdXRoLmJhY2tlbmRzLk1vZGVsQmFja2VuZHED\nVQ1fYXV0aF91c2VyX2lkcQSKAu0AdS4=\n	2013-06-06 01:25:37.249333+00
6ce5742929ddb921f35919fd768e34ee	ODM2YzM1MGJhZTQ1N2NkYjRiN2Q4ZWUyZTEwZGM0YjIyMTFiNjM1MTqAAn1xAShVD2RqYW5nb190\naW1lem9uZXECY3B5dHoKX3AKcQMoVQpVUy9FYXN0ZXJucQRKsLn//0sAVQNFU1RxBXRScQZVDV9h\ndXRoX3VzZXJfaWRLWFUSX2F1dGhfdXNlcl9iYWNrZW5kVSlkamFuZ28uY29udHJpYi5hdXRoLmJh\nY2tlbmRzLk1vZGVsQmFja2VuZFUPX3Nlc3Npb25fZXhwaXJ5SwB1Lg==\n	2013-02-08 16:23:25.560114+00
b4d577a84ce1f4f1b1763e6a5e0334ab	OTdmY2NkODQ5NzMxMzlkMjdlYjY4N2ZjN2E2NmEwYjk1MTJlMDE2YzqAAn1xAShVD2RqYW5nb190\naW1lem9uZWNweXR6Cl9wCnECKFUKVVMvQXJpem9uYXEDSpCd//9LAFUDTVNUcQR0UnEFVRJfYXV0\naF91c2VyX2JhY2tlbmRVKWRqYW5nby5jb250cmliLmF1dGguYmFja2VuZHMuTW9kZWxCYWNrZW5k\nVQ1fYXV0aF91c2VyX2lkigLAAHUu\n	2013-03-28 21:31:55.916662+00
4b2fa2616a00a9d933e06673eef4884f	ZGE1Yzk2NWVmNmZkMGEyOWE5M2E1ZjA4OTYwYWIxMzcyNDBiOGUxMDqAAn1xAVUad2l6YXJkX3R1\ndG9yX3NpZ251cF93aXphcmRxAn1xAyhVCnN0ZXBfZmlsZXNxBH1VBHN0ZXBxBVgFAAAAc3RlcDFx\nBlUKZXh0cmFfZGF0YXEHfVUJc3RlcF9kYXRhcQh9dXMu\n	2013-08-03 01:47:43.437851+00
6d391e191d5aa09eaf68e8b12e4d469b	ZGE1Yzk2NWVmNmZkMGEyOWE5M2E1ZjA4OTYwYWIxMzcyNDBiOGUxMDqAAn1xAVUad2l6YXJkX3R1\ndG9yX3NpZ251cF93aXphcmRxAn1xAyhVCnN0ZXBfZmlsZXNxBH1VBHN0ZXBxBVgFAAAAc3RlcDFx\nBlUKZXh0cmFfZGF0YXEHfVUJc3RlcF9kYXRhcQh9dXMu\n	2013-08-08 10:14:18.08426+00
282a10dbdc56c6d804097c54b2350fb1	YTFhYzhhZWEwZjM1NzdjNDQwYzEzYzZjZDUxMGM1NjZjMDYxMjExYTqAAn1xAVUad2l6YXJkX3R1\ndG9yX3NpZ251cF93aXphcmR9cQIoVQpzdGVwX2ZpbGVzcQN9VQRzdGVwcQRYBQAAAHN0ZXAxcQVV\nCmV4dHJhX2RhdGFxBn1VCXN0ZXBfZGF0YXEHfXVzLg==\n	2013-08-03 01:49:21.47219+00
141909aad343810f98f5194c09981020	ZGE1Yzk2NWVmNmZkMGEyOWE5M2E1ZjA4OTYwYWIxMzcyNDBiOGUxMDqAAn1xAVUad2l6YXJkX3R1\ndG9yX3NpZ251cF93aXphcmRxAn1xAyhVCnN0ZXBfZmlsZXNxBH1VBHN0ZXBxBVgFAAAAc3RlcDFx\nBlUKZXh0cmFfZGF0YXEHfVUJc3RlcF9kYXRhcQh9dXMu\n	2013-08-03 02:03:00.014246+00
febf7452d17d3458c05f45e580f0d252	ZGE1Yzk2NWVmNmZkMGEyOWE5M2E1ZjA4OTYwYWIxMzcyNDBiOGUxMDqAAn1xAVUad2l6YXJkX3R1\ndG9yX3NpZ251cF93aXphcmRxAn1xAyhVCnN0ZXBfZmlsZXNxBH1VBHN0ZXBxBVgFAAAAc3RlcDFx\nBlUKZXh0cmFfZGF0YXEHfVUJc3RlcF9kYXRhcQh9dXMu\n	2013-08-12 20:30:40.610594+00
1496f3ff029a0ea41f7e2980e3a1bc8a	ZGE1Yzk2NWVmNmZkMGEyOWE5M2E1ZjA4OTYwYWIxMzcyNDBiOGUxMDqAAn1xAVUad2l6YXJkX3R1\ndG9yX3NpZ251cF93aXphcmRxAn1xAyhVCnN0ZXBfZmlsZXNxBH1VBHN0ZXBxBVgFAAAAc3RlcDFx\nBlUKZXh0cmFfZGF0YXEHfVUJc3RlcF9kYXRhcQh9dXMu\n	2013-08-03 03:21:44.788034+00
c714fae0c83152895f722743eae88684	ZGE1Yzk2NWVmNmZkMGEyOWE5M2E1ZjA4OTYwYWIxMzcyNDBiOGUxMDqAAn1xAVUad2l6YXJkX3R1\ndG9yX3NpZ251cF93aXphcmRxAn1xAyhVCnN0ZXBfZmlsZXNxBH1VBHN0ZXBxBVgFAAAAc3RlcDFx\nBlUKZXh0cmFfZGF0YXEHfVUJc3RlcF9kYXRhcQh9dXMu\n	2013-08-03 03:36:29.595777+00
161ff18db64db59203433463a2d253dd	ZGE1Yzk2NWVmNmZkMGEyOWE5M2E1ZjA4OTYwYWIxMzcyNDBiOGUxMDqAAn1xAVUad2l6YXJkX3R1\ndG9yX3NpZ251cF93aXphcmRxAn1xAyhVCnN0ZXBfZmlsZXNxBH1VBHN0ZXBxBVgFAAAAc3RlcDFx\nBlUKZXh0cmFfZGF0YXEHfVUJc3RlcF9kYXRhcQh9dXMu\n	2013-08-03 04:10:38.948903+00
3a62a1804ecd8d72d5332fad929de053	YTFhYzhhZWEwZjM1NzdjNDQwYzEzYzZjZDUxMGM1NjZjMDYxMjExYTqAAn1xAVUad2l6YXJkX3R1\ndG9yX3NpZ251cF93aXphcmR9cQIoVQpzdGVwX2ZpbGVzcQN9VQRzdGVwcQRYBQAAAHN0ZXAxcQVV\nCmV4dHJhX2RhdGFxBn1VCXN0ZXBfZGF0YXEHfXVzLg==\n	2013-08-03 04:17:12.933024+00
d7b7a0d834905212eef62f4b0aafc368	ZGE1Yzk2NWVmNmZkMGEyOWE5M2E1ZjA4OTYwYWIxMzcyNDBiOGUxMDqAAn1xAVUad2l6YXJkX3R1\ndG9yX3NpZ251cF93aXphcmRxAn1xAyhVCnN0ZXBfZmlsZXNxBH1VBHN0ZXBxBVgFAAAAc3RlcDFx\nBlUKZXh0cmFfZGF0YXEHfVUJc3RlcF9kYXRhcQh9dXMu\n	2013-08-03 04:25:17.853585+00
e0b3f9c07b74b55d951f60051e6325e3	ZGE1Yzk2NWVmNmZkMGEyOWE5M2E1ZjA4OTYwYWIxMzcyNDBiOGUxMDqAAn1xAVUad2l6YXJkX3R1\ndG9yX3NpZ251cF93aXphcmRxAn1xAyhVCnN0ZXBfZmlsZXNxBH1VBHN0ZXBxBVgFAAAAc3RlcDFx\nBlUKZXh0cmFfZGF0YXEHfVUJc3RlcF9kYXRhcQh9dXMu\n	2013-08-03 06:11:42.312493+00
d31792714e90c29bf46f781e5c2a2999	ZGE1Yzk2NWVmNmZkMGEyOWE5M2E1ZjA4OTYwYWIxMzcyNDBiOGUxMDqAAn1xAVUad2l6YXJkX3R1\ndG9yX3NpZ251cF93aXphcmRxAn1xAyhVCnN0ZXBfZmlsZXNxBH1VBHN0ZXBxBVgFAAAAc3RlcDFx\nBlUKZXh0cmFfZGF0YXEHfVUJc3RlcF9kYXRhcQh9dXMu\n	2013-08-03 14:19:06.543745+00
2678cf67fc18a916c7b69f324e3204b9	ZGE1Yzk2NWVmNmZkMGEyOWE5M2E1ZjA4OTYwYWIxMzcyNDBiOGUxMDqAAn1xAVUad2l6YXJkX3R1\ndG9yX3NpZ251cF93aXphcmRxAn1xAyhVCnN0ZXBfZmlsZXNxBH1VBHN0ZXBxBVgFAAAAc3RlcDFx\nBlUKZXh0cmFfZGF0YXEHfVUJc3RlcF9kYXRhcQh9dXMu\n	2013-08-03 15:10:05.814452+00
ba1c93a6b0d03ade2659780cd4b14ec9	ZGE1Yzk2NWVmNmZkMGEyOWE5M2E1ZjA4OTYwYWIxMzcyNDBiOGUxMDqAAn1xAVUad2l6YXJkX3R1\ndG9yX3NpZ251cF93aXphcmRxAn1xAyhVCnN0ZXBfZmlsZXNxBH1VBHN0ZXBxBVgFAAAAc3RlcDFx\nBlUKZXh0cmFfZGF0YXEHfVUJc3RlcF9kYXRhcQh9dXMu\n	2013-08-03 15:10:06.067211+00
868a7129b1f992ec65137a7b729cd6bd	ZGE1Yzk2NWVmNmZkMGEyOWE5M2E1ZjA4OTYwYWIxMzcyNDBiOGUxMDqAAn1xAVUad2l6YXJkX3R1\ndG9yX3NpZ251cF93aXphcmRxAn1xAyhVCnN0ZXBfZmlsZXNxBH1VBHN0ZXBxBVgFAAAAc3RlcDFx\nBlUKZXh0cmFfZGF0YXEHfVUJc3RlcF9kYXRhcQh9dXMu\n	2013-08-08 15:13:45.639778+00
fdc1befeacb044dec063bfff7036e682	YTFhYzhhZWEwZjM1NzdjNDQwYzEzYzZjZDUxMGM1NjZjMDYxMjExYTqAAn1xAVUad2l6YXJkX3R1\ndG9yX3NpZ251cF93aXphcmR9cQIoVQpzdGVwX2ZpbGVzcQN9VQRzdGVwcQRYBQAAAHN0ZXAxcQVV\nCmV4dHJhX2RhdGFxBn1VCXN0ZXBfZGF0YXEHfXVzLg==\n	2013-08-03 15:55:29.158995+00
184475b38c4c572df00ec9e4cd224e64	ZGE1Yzk2NWVmNmZkMGEyOWE5M2E1ZjA4OTYwYWIxMzcyNDBiOGUxMDqAAn1xAVUad2l6YXJkX3R1\ndG9yX3NpZ251cF93aXphcmRxAn1xAyhVCnN0ZXBfZmlsZXNxBH1VBHN0ZXBxBVgFAAAAc3RlcDFx\nBlUKZXh0cmFfZGF0YXEHfVUJc3RlcF9kYXRhcQh9dXMu\n	2013-08-08 20:11:39.16183+00
49f72b24447318af570a7a14185f2ca8	YTFhYzhhZWEwZjM1NzdjNDQwYzEzYzZjZDUxMGM1NjZjMDYxMjExYTqAAn1xAVUad2l6YXJkX3R1\ndG9yX3NpZ251cF93aXphcmR9cQIoVQpzdGVwX2ZpbGVzcQN9VQRzdGVwcQRYBQAAAHN0ZXAxcQVV\nCmV4dHJhX2RhdGFxBn1VCXN0ZXBfZGF0YXEHfXVzLg==\n	2013-08-08 20:12:10.691716+00
1ec5e7570230caf16c4cb7d472f8028e	ZGE1Yzk2NWVmNmZkMGEyOWE5M2E1ZjA4OTYwYWIxMzcyNDBiOGUxMDqAAn1xAVUad2l6YXJkX3R1\ndG9yX3NpZ251cF93aXphcmRxAn1xAyhVCnN0ZXBfZmlsZXNxBH1VBHN0ZXBxBVgFAAAAc3RlcDFx\nBlUKZXh0cmFfZGF0YXEHfVUJc3RlcF9kYXRhcQh9dXMu\n	2013-08-03 17:11:45.814997+00
00139e35dd987b2eb5beb3e2ac7afbc4	ZGE1Yzk2NWVmNmZkMGEyOWE5M2E1ZjA4OTYwYWIxMzcyNDBiOGUxMDqAAn1xAVUad2l6YXJkX3R1\ndG9yX3NpZ251cF93aXphcmRxAn1xAyhVCnN0ZXBfZmlsZXNxBH1VBHN0ZXBxBVgFAAAAc3RlcDFx\nBlUKZXh0cmFfZGF0YXEHfVUJc3RlcF9kYXRhcQh9dXMu\n	2013-08-08 22:16:45.332064+00
9c0fd01bc6793c56e3d42f7f4a267fa2	ZGE1Yzk2NWVmNmZkMGEyOWE5M2E1ZjA4OTYwYWIxMzcyNDBiOGUxMDqAAn1xAVUad2l6YXJkX3R1\ndG9yX3NpZ251cF93aXphcmRxAn1xAyhVCnN0ZXBfZmlsZXNxBH1VBHN0ZXBxBVgFAAAAc3RlcDFx\nBlUKZXh0cmFfZGF0YXEHfVUJc3RlcF9kYXRhcQh9dXMu\n	2013-08-03 17:42:59.129734+00
77fa48d865dbedb0b459bdc70ba5d8e8	ZGE1Yzk2NWVmNmZkMGEyOWE5M2E1ZjA4OTYwYWIxMzcyNDBiOGUxMDqAAn1xAVUad2l6YXJkX3R1\ndG9yX3NpZ251cF93aXphcmRxAn1xAyhVCnN0ZXBfZmlsZXNxBH1VBHN0ZXBxBVgFAAAAc3RlcDFx\nBlUKZXh0cmFfZGF0YXEHfVUJc3RlcF9kYXRhcQh9dXMu\n	2013-08-03 17:42:59.41055+00
c58c11471291a688d163ba1781aa2f5d	ZGE1Yzk2NWVmNmZkMGEyOWE5M2E1ZjA4OTYwYWIxMzcyNDBiOGUxMDqAAn1xAVUad2l6YXJkX3R1\ndG9yX3NpZ251cF93aXphcmRxAn1xAyhVCnN0ZXBfZmlsZXNxBH1VBHN0ZXBxBVgFAAAAc3RlcDFx\nBlUKZXh0cmFfZGF0YXEHfVUJc3RlcF9kYXRhcQh9dXMu\n	2013-08-08 22:45:21.4019+00
d2b800b3a70b453b22116e18ae678e60	ZGE1Yzk2NWVmNmZkMGEyOWE5M2E1ZjA4OTYwYWIxMzcyNDBiOGUxMDqAAn1xAVUad2l6YXJkX3R1\ndG9yX3NpZ251cF93aXphcmRxAn1xAyhVCnN0ZXBfZmlsZXNxBH1VBHN0ZXBxBVgFAAAAc3RlcDFx\nBlUKZXh0cmFfZGF0YXEHfVUJc3RlcF9kYXRhcQh9dXMu\n	2013-08-08 23:18:29.592258+00
00fc2a953a9259a1719ae7faa6029813	ODljNzY3NmY0NGM1YzhiNTdhNzE4YmRhMzlkMTMyNWZlZTU1NDdiNzqAAn1xAShVGndpemFyZF90\ndXRvcl9zaWdudXBfd2l6YXJkfXECKFUKc3RlcF9maWxlc3EDfVUEc3RlcHEETlUKZXh0cmFfZGF0\nYXEFfVUJc3RlcF9kYXRhcQZ9dVUSX2F1dGhfdXNlcl9iYWNrZW5kcQdVKWRqYW5nby5jb250cmli\nLmF1dGguYmFja2VuZHMuTW9kZWxCYWNrZW5kcQhVDV9hdXRoX3VzZXJfaWRxCU0OAXUu\n	2013-08-09 00:00:17.817271+00
f1db9b4fb69a6b5379086757d8cdf141	ZGE1Yzk2NWVmNmZkMGEyOWE5M2E1ZjA4OTYwYWIxMzcyNDBiOGUxMDqAAn1xAVUad2l6YXJkX3R1\ndG9yX3NpZ251cF93aXphcmRxAn1xAyhVCnN0ZXBfZmlsZXNxBH1VBHN0ZXBxBVgFAAAAc3RlcDFx\nBlUKZXh0cmFfZGF0YXEHfVUJc3RlcF9kYXRhcQh9dXMu\n	2013-08-09 01:06:39.418477+00
d2ebb4092ef003c2570abbf8cb0809b6	ZGE1Yzk2NWVmNmZkMGEyOWE5M2E1ZjA4OTYwYWIxMzcyNDBiOGUxMDqAAn1xAVUad2l6YXJkX3R1\ndG9yX3NpZ251cF93aXphcmRxAn1xAyhVCnN0ZXBfZmlsZXNxBH1VBHN0ZXBxBVgFAAAAc3RlcDFx\nBlUKZXh0cmFfZGF0YXEHfVUJc3RlcF9kYXRhcQh9dXMu\n	2013-08-09 03:22:24.191979+00
eacdc7a3be08b5f5be19443d88e3b5c2	YTFhYzhhZWEwZjM1NzdjNDQwYzEzYzZjZDUxMGM1NjZjMDYxMjExYTqAAn1xAVUad2l6YXJkX3R1\ndG9yX3NpZ251cF93aXphcmR9cQIoVQpzdGVwX2ZpbGVzcQN9VQRzdGVwcQRYBQAAAHN0ZXAxcQVV\nCmV4dHJhX2RhdGFxBn1VCXN0ZXBfZGF0YXEHfXVzLg==\n	2013-08-07 01:36:29.361078+00
77aa1d98aecb3a11d6c8480971d20fb8	ODk3MTRmYzViYjY4MWM2MDM3NjhhNDQ1MDljZWY5YjYzYzZkYTkzZjqAAn1xAVUad2l6YXJkX3R1\ndG9yX3NpZ251cF93aXphcmR9cQIoVQpzdGVwX2ZpbGVzfXEDWAUAAABzdGVwMXEEfXNVBHN0ZXBY\nBQAAAHN0ZXAycQVVCmV4dHJhX2RhdGF9VQlzdGVwX2RhdGF9cQZoBH1xByhYCQAAAHBhc3N3b3Jk\nMV1xCFgGAAAAYXNoaXNocQlhWAoAAABmaXJzdF9uYW1lXXEKWAYAAABNYW5pc2hxC2FYCQAAAGxh\nc3RfbmFtZV1xDFgFAAAAS3VtYXJxDWFYIAAAAHR1dG9yX3NpZ251cF93aXphcmQtY3VycmVudF9z\ndGVwXXEOWAUAAABzdGVwMXEPYVgTAAAAY3NyZm1pZGRsZXdhcmV0b2tlbl1xEFggAAAAMHZ6ZTdI\nMmlOMmFnUGxGNzhmZGdjUllXbHRISjl5cWFxEWFYBQAAAGVtYWlsXXESWBMAAABtazM0ODBAY29s\ndW1iaWEuZWR1cRNhdXN1cy4=\n	2013-08-12 20:31:43.563741+00
ba69e3fe6b8aa7c8846eba6d28fe15b6	ZGE1Yzk2NWVmNmZkMGEyOWE5M2E1ZjA4OTYwYWIxMzcyNDBiOGUxMDqAAn1xAVUad2l6YXJkX3R1\ndG9yX3NpZ251cF93aXphcmRxAn1xAyhVCnN0ZXBfZmlsZXNxBH1VBHN0ZXBxBVgFAAAAc3RlcDFx\nBlUKZXh0cmFfZGF0YXEHfVUJc3RlcF9kYXRhcQh9dXMu\n	2013-08-12 20:32:36.081998+00
a1ddb9e49e95cb655c5f5f5b8318c8ae	ZGE1Yzk2NWVmNmZkMGEyOWE5M2E1ZjA4OTYwYWIxMzcyNDBiOGUxMDqAAn1xAVUad2l6YXJkX3R1\ndG9yX3NpZ251cF93aXphcmRxAn1xAyhVCnN0ZXBfZmlsZXNxBH1VBHN0ZXBxBVgFAAAAc3RlcDFx\nBlUKZXh0cmFfZGF0YXEHfVUJc3RlcF9kYXRhcQh9dXMu\n	2013-08-12 20:34:38.501932+00
c75401c89b6eb4105d7f37f4e5f2232c	ZGE1Yzk2NWVmNmZkMGEyOWE5M2E1ZjA4OTYwYWIxMzcyNDBiOGUxMDqAAn1xAVUad2l6YXJkX3R1\ndG9yX3NpZ251cF93aXphcmRxAn1xAyhVCnN0ZXBfZmlsZXNxBH1VBHN0ZXBxBVgFAAAAc3RlcDFx\nBlUKZXh0cmFfZGF0YXEHfVUJc3RlcF9kYXRhcQh9dXMu\n	2013-08-12 20:36:28.89226+00
3077957b9546205d2e99335c7ec9a2a5	YTFhYzhhZWEwZjM1NzdjNDQwYzEzYzZjZDUxMGM1NjZjMDYxMjExYTqAAn1xAVUad2l6YXJkX3R1\ndG9yX3NpZ251cF93aXphcmR9cQIoVQpzdGVwX2ZpbGVzcQN9VQRzdGVwcQRYBQAAAHN0ZXAxcQVV\nCmV4dHJhX2RhdGFxBn1VCXN0ZXBfZGF0YXEHfXVzLg==\n	2013-08-12 20:39:43.883984+00
64454424ab642084634bf6042c57d33f	ZGE1Yzk2NWVmNmZkMGEyOWE5M2E1ZjA4OTYwYWIxMzcyNDBiOGUxMDqAAn1xAVUad2l6YXJkX3R1\ndG9yX3NpZ251cF93aXphcmRxAn1xAyhVCnN0ZXBfZmlsZXNxBH1VBHN0ZXBxBVgFAAAAc3RlcDFx\nBlUKZXh0cmFfZGF0YXEHfVUJc3RlcF9kYXRhcQh9dXMu\n	2013-08-08 16:29:12.388901+00
b32a6b133d47c7ed052dbb7eea0a380c	ZGE1Yzk2NWVmNmZkMGEyOWE5M2E1ZjA4OTYwYWIxMzcyNDBiOGUxMDqAAn1xAVUad2l6YXJkX3R1\ndG9yX3NpZ251cF93aXphcmRxAn1xAyhVCnN0ZXBfZmlsZXNxBH1VBHN0ZXBxBVgFAAAAc3RlcDFx\nBlUKZXh0cmFfZGF0YXEHfVUJc3RlcF9kYXRhcQh9dXMu\n	2013-08-08 21:24:32.825314+00
2899ee1a1b98c3c2d72e3397df613676	ZGE1Yzk2NWVmNmZkMGEyOWE5M2E1ZjA4OTYwYWIxMzcyNDBiOGUxMDqAAn1xAVUad2l6YXJkX3R1\ndG9yX3NpZ251cF93aXphcmRxAn1xAyhVCnN0ZXBfZmlsZXNxBH1VBHN0ZXBxBVgFAAAAc3RlcDFx\nBlUKZXh0cmFfZGF0YXEHfVUJc3RlcF9kYXRhcQh9dXMu\n	2013-08-08 22:18:41.960672+00
ccbef03c0dbcec09052512d8def34dd2	ZGE1Yzk2NWVmNmZkMGEyOWE5M2E1ZjA4OTYwYWIxMzcyNDBiOGUxMDqAAn1xAVUad2l6YXJkX3R1\ndG9yX3NpZ251cF93aXphcmRxAn1xAyhVCnN0ZXBfZmlsZXNxBH1VBHN0ZXBxBVgFAAAAc3RlcDFx\nBlUKZXh0cmFfZGF0YXEHfVUJc3RlcF9kYXRhcQh9dXMu\n	2013-08-12 20:39:49.975325+00
9566c80a15bbf6994c2169318a414689	ZGE1Yzk2NWVmNmZkMGEyOWE5M2E1ZjA4OTYwYWIxMzcyNDBiOGUxMDqAAn1xAVUad2l6YXJkX3R1\ndG9yX3NpZ251cF93aXphcmRxAn1xAyhVCnN0ZXBfZmlsZXNxBH1VBHN0ZXBxBVgFAAAAc3RlcDFx\nBlUKZXh0cmFfZGF0YXEHfVUJc3RlcF9kYXRhcQh9dXMu\n	2013-08-12 20:41:45.952987+00
f65a5d95d393236be79136f73febcee1	ZGE1Yzk2NWVmNmZkMGEyOWE5M2E1ZjA4OTYwYWIxMzcyNDBiOGUxMDqAAn1xAVUad2l6YXJkX3R1\ndG9yX3NpZ251cF93aXphcmRxAn1xAyhVCnN0ZXBfZmlsZXNxBH1VBHN0ZXBxBVgFAAAAc3RlcDFx\nBlUKZXh0cmFfZGF0YXEHfVUJc3RlcF9kYXRhcQh9dXMu\n	2013-08-12 20:43:23.714261+00
76f09c77362277052c81bb331ea9f436	ZGE1Yzk2NWVmNmZkMGEyOWE5M2E1ZjA4OTYwYWIxMzcyNDBiOGUxMDqAAn1xAVUad2l6YXJkX3R1\ndG9yX3NpZ251cF93aXphcmRxAn1xAyhVCnN0ZXBfZmlsZXNxBH1VBHN0ZXBxBVgFAAAAc3RlcDFx\nBlUKZXh0cmFfZGF0YXEHfVUJc3RlcF9kYXRhcQh9dXMu\n	2013-08-12 20:47:18.125281+00
10eb702c79d06a6e04d01639506fd555	ZGE1Yzk2NWVmNmZkMGEyOWE5M2E1ZjA4OTYwYWIxMzcyNDBiOGUxMDqAAn1xAVUad2l6YXJkX3R1\ndG9yX3NpZ251cF93aXphcmRxAn1xAyhVCnN0ZXBfZmlsZXNxBH1VBHN0ZXBxBVgFAAAAc3RlcDFx\nBlUKZXh0cmFfZGF0YXEHfVUJc3RlcF9kYXRhcQh9dXMu\n	2013-08-12 20:50:14.472186+00
14a44fba60d1e941fe64a9726cf5bdc8	ZGE1Yzk2NWVmNmZkMGEyOWE5M2E1ZjA4OTYwYWIxMzcyNDBiOGUxMDqAAn1xAVUad2l6YXJkX3R1\ndG9yX3NpZ251cF93aXphcmRxAn1xAyhVCnN0ZXBfZmlsZXNxBH1VBHN0ZXBxBVgFAAAAc3RlcDFx\nBlUKZXh0cmFfZGF0YXEHfVUJc3RlcF9kYXRhcQh9dXMu\n	2013-08-12 20:53:47.908128+00
208334b96ff5ab05fdf055bc93c949ee	ZGE1Yzk2NWVmNmZkMGEyOWE5M2E1ZjA4OTYwYWIxMzcyNDBiOGUxMDqAAn1xAVUad2l6YXJkX3R1\ndG9yX3NpZ251cF93aXphcmRxAn1xAyhVCnN0ZXBfZmlsZXNxBH1VBHN0ZXBxBVgFAAAAc3RlcDFx\nBlUKZXh0cmFfZGF0YXEHfVUJc3RlcF9kYXRhcQh9dXMu\n	2013-08-12 20:55:16.535715+00
dfef1c5c76d05f3261506f602523a5fd	ZGE1Yzk2NWVmNmZkMGEyOWE5M2E1ZjA4OTYwYWIxMzcyNDBiOGUxMDqAAn1xAVUad2l6YXJkX3R1\ndG9yX3NpZ251cF93aXphcmRxAn1xAyhVCnN0ZXBfZmlsZXNxBH1VBHN0ZXBxBVgFAAAAc3RlcDFx\nBlUKZXh0cmFfZGF0YXEHfVUJc3RlcF9kYXRhcQh9dXMu\n	2013-08-12 20:59:32.428471+00
dc7c6fcadd36dcb4e0ed95ca6bcb7f7e	ZGE1Yzk2NWVmNmZkMGEyOWE5M2E1ZjA4OTYwYWIxMzcyNDBiOGUxMDqAAn1xAVUad2l6YXJkX3R1\ndG9yX3NpZ251cF93aXphcmRxAn1xAyhVCnN0ZXBfZmlsZXNxBH1VBHN0ZXBxBVgFAAAAc3RlcDFx\nBlUKZXh0cmFfZGF0YXEHfVUJc3RlcF9kYXRhcQh9dXMu\n	2013-08-12 21:02:54.563325+00
a099c7e16f112ae259d785b546e7b808	ZGE1Yzk2NWVmNmZkMGEyOWE5M2E1ZjA4OTYwYWIxMzcyNDBiOGUxMDqAAn1xAVUad2l6YXJkX3R1\ndG9yX3NpZ251cF93aXphcmRxAn1xAyhVCnN0ZXBfZmlsZXNxBH1VBHN0ZXBxBVgFAAAAc3RlcDFx\nBlUKZXh0cmFfZGF0YXEHfVUJc3RlcF9kYXRhcQh9dXMu\n	2013-08-12 21:06:58.179291+00
be841c6f36e62ee5c4df858557dc1bde	ZGE1Yzk2NWVmNmZkMGEyOWE5M2E1ZjA4OTYwYWIxMzcyNDBiOGUxMDqAAn1xAVUad2l6YXJkX3R1\ndG9yX3NpZ251cF93aXphcmRxAn1xAyhVCnN0ZXBfZmlsZXNxBH1VBHN0ZXBxBVgFAAAAc3RlcDFx\nBlUKZXh0cmFfZGF0YXEHfVUJc3RlcF9kYXRhcQh9dXMu\n	2013-08-12 21:09:06.37174+00
ce6924854a83c29d530dd4a0c1e162a8	ZGE1Yzk2NWVmNmZkMGEyOWE5M2E1ZjA4OTYwYWIxMzcyNDBiOGUxMDqAAn1xAVUad2l6YXJkX3R1\ndG9yX3NpZ251cF93aXphcmRxAn1xAyhVCnN0ZXBfZmlsZXNxBH1VBHN0ZXBxBVgFAAAAc3RlcDFx\nBlUKZXh0cmFfZGF0YXEHfVUJc3RlcF9kYXRhcQh9dXMu\n	2013-08-12 21:17:28.108179+00
72604dc0f85f817645e922153fb70b88	ZGE1Yzk2NWVmNmZkMGEyOWE5M2E1ZjA4OTYwYWIxMzcyNDBiOGUxMDqAAn1xAVUad2l6YXJkX3R1\ndG9yX3NpZ251cF93aXphcmRxAn1xAyhVCnN0ZXBfZmlsZXNxBH1VBHN0ZXBxBVgFAAAAc3RlcDFx\nBlUKZXh0cmFfZGF0YXEHfVUJc3RlcF9kYXRhcQh9dXMu\n	2013-08-12 21:23:42.769038+00
2082131aa9451ffdfd7f18b93febb8b3	ZGE1Yzk2NWVmNmZkMGEyOWE5M2E1ZjA4OTYwYWIxMzcyNDBiOGUxMDqAAn1xAVUad2l6YXJkX3R1\ndG9yX3NpZ251cF93aXphcmRxAn1xAyhVCnN0ZXBfZmlsZXNxBH1VBHN0ZXBxBVgFAAAAc3RlcDFx\nBlUKZXh0cmFfZGF0YXEHfVUJc3RlcF9kYXRhcQh9dXMu\n	2013-08-12 21:32:43.917181+00
cf1faa95cb23a64f08fb1ee1973808d1	ZGE1Yzk2NWVmNmZkMGEyOWE5M2E1ZjA4OTYwYWIxMzcyNDBiOGUxMDqAAn1xAVUad2l6YXJkX3R1\ndG9yX3NpZ251cF93aXphcmRxAn1xAyhVCnN0ZXBfZmlsZXNxBH1VBHN0ZXBxBVgFAAAAc3RlcDFx\nBlUKZXh0cmFfZGF0YXEHfVUJc3RlcF9kYXRhcQh9dXMu\n	2013-08-12 21:43:07.815371+00
5ee587408acd8aee3b134208689b0cf6	ZGE1Yzk2NWVmNmZkMGEyOWE5M2E1ZjA4OTYwYWIxMzcyNDBiOGUxMDqAAn1xAVUad2l6YXJkX3R1\ndG9yX3NpZ251cF93aXphcmRxAn1xAyhVCnN0ZXBfZmlsZXNxBH1VBHN0ZXBxBVgFAAAAc3RlcDFx\nBlUKZXh0cmFfZGF0YXEHfVUJc3RlcF9kYXRhcQh9dXMu\n	2013-08-12 20:30:50.202549+00
3a53223ad0f172d0e6269cdfbadf70e7	ZGE1Yzk2NWVmNmZkMGEyOWE5M2E1ZjA4OTYwYWIxMzcyNDBiOGUxMDqAAn1xAVUad2l6YXJkX3R1\ndG9yX3NpZ251cF93aXphcmRxAn1xAyhVCnN0ZXBfZmlsZXNxBH1VBHN0ZXBxBVgFAAAAc3RlcDFx\nBlUKZXh0cmFfZGF0YXEHfVUJc3RlcF9kYXRhcQh9dXMu\n	2013-08-08 17:24:09.370647+00
b9138a85ff72f0bf2837210a4e3d3d6c	YTFhYzhhZWEwZjM1NzdjNDQwYzEzYzZjZDUxMGM1NjZjMDYxMjExYTqAAn1xAVUad2l6YXJkX3R1\ndG9yX3NpZ251cF93aXphcmR9cQIoVQpzdGVwX2ZpbGVzcQN9VQRzdGVwcQRYBQAAAHN0ZXAxcQVV\nCmV4dHJhX2RhdGFxBn1VCXN0ZXBfZGF0YXEHfXVzLg==\n	2013-08-08 22:25:41.368695+00
766f281658a113af037998b63a9a374e	ZGE1Yzk2NWVmNmZkMGEyOWE5M2E1ZjA4OTYwYWIxMzcyNDBiOGUxMDqAAn1xAVUad2l6YXJkX3R1\ndG9yX3NpZ251cF93aXphcmRxAn1xAyhVCnN0ZXBfZmlsZXNxBH1VBHN0ZXBxBVgFAAAAc3RlcDFx\nBlUKZXh0cmFfZGF0YXEHfVUJc3RlcF9kYXRhcQh9dXMu\n	2013-08-08 22:26:49.257761+00
935d9d2be5351ecf0e2ef6710ad5c3c3	ZGE1Yzk2NWVmNmZkMGEyOWE5M2E1ZjA4OTYwYWIxMzcyNDBiOGUxMDqAAn1xAVUad2l6YXJkX3R1\ndG9yX3NpZ251cF93aXphcmRxAn1xAyhVCnN0ZXBfZmlsZXNxBH1VBHN0ZXBxBVgFAAAAc3RlcDFx\nBlUKZXh0cmFfZGF0YXEHfVUJc3RlcF9kYXRhcQh9dXMu\n	2013-08-08 23:42:17.768954+00
cd903d4deee838f27297724f4ffba094	YTFhYzhhZWEwZjM1NzdjNDQwYzEzYzZjZDUxMGM1NjZjMDYxMjExYTqAAn1xAVUad2l6YXJkX3R1\ndG9yX3NpZ251cF93aXphcmR9cQIoVQpzdGVwX2ZpbGVzcQN9VQRzdGVwcQRYBQAAAHN0ZXAxcQVV\nCmV4dHJhX2RhdGFxBn1VCXN0ZXBfZGF0YXEHfXVzLg==\n	2013-08-09 01:00:23.216007+00
57906d02c5a65157a3cdfa7cb869c636	ZGE1Yzk2NWVmNmZkMGEyOWE5M2E1ZjA4OTYwYWIxMzcyNDBiOGUxMDqAAn1xAVUad2l6YXJkX3R1\ndG9yX3NpZ251cF93aXphcmRxAn1xAyhVCnN0ZXBfZmlsZXNxBH1VBHN0ZXBxBVgFAAAAc3RlcDFx\nBlUKZXh0cmFfZGF0YXEHfVUJc3RlcF9kYXRhcQh9dXMu\n	2013-08-09 03:15:20.735229+00
1a36be7c387992f00d5ba87ea1b20831	ZGE1Yzk2NWVmNmZkMGEyOWE5M2E1ZjA4OTYwYWIxMzcyNDBiOGUxMDqAAn1xAVUad2l6YXJkX3R1\ndG9yX3NpZ251cF93aXphcmRxAn1xAyhVCnN0ZXBfZmlsZXNxBH1VBHN0ZXBxBVgFAAAAc3RlcDFx\nBlUKZXh0cmFfZGF0YXEHfVUJc3RlcF9kYXRhcQh9dXMu\n	2013-08-09 03:36:21.174715+00
cbe7efc34cf7b44e03aeffac0ed3fef7	YTFhYzhhZWEwZjM1NzdjNDQwYzEzYzZjZDUxMGM1NjZjMDYxMjExYTqAAn1xAVUad2l6YXJkX3R1\ndG9yX3NpZ251cF93aXphcmR9cQIoVQpzdGVwX2ZpbGVzcQN9VQRzdGVwcQRYBQAAAHN0ZXAxcQVV\nCmV4dHJhX2RhdGFxBn1VCXN0ZXBfZGF0YXEHfXVzLg==\n	2013-08-09 04:15:59.456223+00
74d50dc9e103c5cc162c99f2991bb784	YTFhYzhhZWEwZjM1NzdjNDQwYzEzYzZjZDUxMGM1NjZjMDYxMjExYTqAAn1xAVUad2l6YXJkX3R1\ndG9yX3NpZ251cF93aXphcmR9cQIoVQpzdGVwX2ZpbGVzcQN9VQRzdGVwcQRYBQAAAHN0ZXAxcQVV\nCmV4dHJhX2RhdGFxBn1VCXN0ZXBfZGF0YXEHfXVzLg==\n	2013-08-09 04:24:54.737217+00
3119b52e6d81356bb7b3540b606ba3d1	YTFhYzhhZWEwZjM1NzdjNDQwYzEzYzZjZDUxMGM1NjZjMDYxMjExYTqAAn1xAVUad2l6YXJkX3R1\ndG9yX3NpZ251cF93aXphcmR9cQIoVQpzdGVwX2ZpbGVzcQN9VQRzdGVwcQRYBQAAAHN0ZXAxcQVV\nCmV4dHJhX2RhdGFxBn1VCXN0ZXBfZGF0YXEHfXVzLg==\n	2013-08-09 05:11:33.20132+00
41106d6150068944cbc810143fef8fc3	ZGE1Yzk2NWVmNmZkMGEyOWE5M2E1ZjA4OTYwYWIxMzcyNDBiOGUxMDqAAn1xAVUad2l6YXJkX3R1\ndG9yX3NpZ251cF93aXphcmRxAn1xAyhVCnN0ZXBfZmlsZXNxBH1VBHN0ZXBxBVgFAAAAc3RlcDFx\nBlUKZXh0cmFfZGF0YXEHfVUJc3RlcF9kYXRhcQh9dXMu\n	2013-08-09 05:21:03.584637+00
9a5601842506442f161291cf52414d12	ZGE1Yzk2NWVmNmZkMGEyOWE5M2E1ZjA4OTYwYWIxMzcyNDBiOGUxMDqAAn1xAVUad2l6YXJkX3R1\ndG9yX3NpZ251cF93aXphcmRxAn1xAyhVCnN0ZXBfZmlsZXNxBH1VBHN0ZXBxBVgFAAAAc3RlcDFx\nBlUKZXh0cmFfZGF0YXEHfVUJc3RlcF9kYXRhcQh9dXMu\n	2013-08-09 07:16:11.468288+00
37fe141d77d7f98ce50ca804d8365c53	ZGE1Yzk2NWVmNmZkMGEyOWE5M2E1ZjA4OTYwYWIxMzcyNDBiOGUxMDqAAn1xAVUad2l6YXJkX3R1\ndG9yX3NpZ251cF93aXphcmRxAn1xAyhVCnN0ZXBfZmlsZXNxBH1VBHN0ZXBxBVgFAAAAc3RlcDFx\nBlUKZXh0cmFfZGF0YXEHfVUJc3RlcF9kYXRhcQh9dXMu\n	2013-08-09 07:38:34.071561+00
42b296cb77d1251c287e527a00dcf158	Zjg3MTc0OGM4YjZlNzk1ZDkwNTk2YzE5YTJhY2Y1YmMzYTg0YTc2NjqAAn1xAVUad2l6YXJkX3R1\ndG9yX3NpZ251cF93aXphcmR9cQIoVQpzdGVwX2ZpbGVzfXEDWAUAAABzdGVwMXEEfXNVBHN0ZXBY\nBQAAAHN0ZXAycQVVCmV4dHJhX2RhdGF9VQlzdGVwX2RhdGF9cQZoBH1xByhYCQAAAHBhc3N3b3Jk\nMV1xCFgJAAAAcGFwZXJiYWNrcQlhWAoAAABmaXJzdF9uYW1lXXEKWAgAAABWYW5zaHJlZXELYVgJ\nAAAAbGFzdF9uYW1lXXEMWAgAAABCaGFsb3RpYXENYVggAAAAdHV0b3Jfc2lnbnVwX3dpemFyZC1j\ndXJyZW50X3N0ZXBdcQ5YBQAAAHN0ZXAxcQ9hWBMAAABjc3JmbWlkZGxld2FyZXRva2VuXXEQWCAA\nAABmMjd6aWw3dGd1eTltMHRSa1FQR0tGcVVvQlFVQTdvTXERYVgFAAAAZW1haWxdcRJYGgAAAHZh\nbnNocmVlYmhhbG90aWFAZ21haWwuY29tcRNhdXN1cy4=\n	2013-08-09 07:45:35.745188+00
81db47e353de54b8a4251bfc225638aa	ZGE1Yzk2NWVmNmZkMGEyOWE5M2E1ZjA4OTYwYWIxMzcyNDBiOGUxMDqAAn1xAVUad2l6YXJkX3R1\ndG9yX3NpZ251cF93aXphcmRxAn1xAyhVCnN0ZXBfZmlsZXNxBH1VBHN0ZXBxBVgFAAAAc3RlcDFx\nBlUKZXh0cmFfZGF0YXEHfVUJc3RlcF9kYXRhcQh9dXMu\n	2013-08-09 09:12:56.748796+00
89893fb22265049fd161b2e1706529af	ZGE1Yzk2NWVmNmZkMGEyOWE5M2E1ZjA4OTYwYWIxMzcyNDBiOGUxMDqAAn1xAVUad2l6YXJkX3R1\ndG9yX3NpZ251cF93aXphcmRxAn1xAyhVCnN0ZXBfZmlsZXNxBH1VBHN0ZXBxBVgFAAAAc3RlcDFx\nBlUKZXh0cmFfZGF0YXEHfVUJc3RlcF9kYXRhcQh9dXMu\n	2013-08-09 11:47:51.023491+00
d7f9218b8a1c0c0feed9470de5efa005	ZGE1Yzk2NWVmNmZkMGEyOWE5M2E1ZjA4OTYwYWIxMzcyNDBiOGUxMDqAAn1xAVUad2l6YXJkX3R1\ndG9yX3NpZ251cF93aXphcmRxAn1xAyhVCnN0ZXBfZmlsZXNxBH1VBHN0ZXBxBVgFAAAAc3RlcDFx\nBlUKZXh0cmFfZGF0YXEHfVUJc3RlcF9kYXRhcQh9dXMu\n	2013-08-09 12:22:17.063371+00
d448cadc51829b8263c2cb32f85ce0a3	ZGE1Yzk2NWVmNmZkMGEyOWE5M2E1ZjA4OTYwYWIxMzcyNDBiOGUxMDqAAn1xAVUad2l6YXJkX3R1\ndG9yX3NpZ251cF93aXphcmRxAn1xAyhVCnN0ZXBfZmlsZXNxBH1VBHN0ZXBxBVgFAAAAc3RlcDFx\nBlUKZXh0cmFfZGF0YXEHfVUJc3RlcF9kYXRhcQh9dXMu\n	2013-08-09 15:32:00.841177+00
2d25ac71dbe1a973c0bdf5f82eff15e9	ZGE1Yzk2NWVmNmZkMGEyOWE5M2E1ZjA4OTYwYWIxMzcyNDBiOGUxMDqAAn1xAVUad2l6YXJkX3R1\ndG9yX3NpZ251cF93aXphcmRxAn1xAyhVCnN0ZXBfZmlsZXNxBH1VBHN0ZXBxBVgFAAAAc3RlcDFx\nBlUKZXh0cmFfZGF0YXEHfVUJc3RlcF9kYXRhcQh9dXMu\n	2013-08-09 19:07:38.920972+00
f8ad7fd5d871441d0003f96a47e8c0b2	ZGE1Yzk2NWVmNmZkMGEyOWE5M2E1ZjA4OTYwYWIxMzcyNDBiOGUxMDqAAn1xAVUad2l6YXJkX3R1\ndG9yX3NpZ251cF93aXphcmRxAn1xAyhVCnN0ZXBfZmlsZXNxBH1VBHN0ZXBxBVgFAAAAc3RlcDFx\nBlUKZXh0cmFfZGF0YXEHfVUJc3RlcF9kYXRhcQh9dXMu\n	2013-08-09 20:13:48.783376+00
d8b8a8adcd3477b36b00e914935f5358	ZGE1Yzk2NWVmNmZkMGEyOWE5M2E1ZjA4OTYwYWIxMzcyNDBiOGUxMDqAAn1xAVUad2l6YXJkX3R1\ndG9yX3NpZ251cF93aXphcmRxAn1xAyhVCnN0ZXBfZmlsZXNxBH1VBHN0ZXBxBVgFAAAAc3RlcDFx\nBlUKZXh0cmFfZGF0YXEHfVUJc3RlcF9kYXRhcQh9dXMu\n	2013-08-09 20:18:08.672554+00
ef3ed67503c8f4a0406aafefea9c9f91	YTFhYzhhZWEwZjM1NzdjNDQwYzEzYzZjZDUxMGM1NjZjMDYxMjExYTqAAn1xAVUad2l6YXJkX3R1\ndG9yX3NpZ251cF93aXphcmR9cQIoVQpzdGVwX2ZpbGVzcQN9VQRzdGVwcQRYBQAAAHN0ZXAxcQVV\nCmV4dHJhX2RhdGFxBn1VCXN0ZXBfZGF0YXEHfXVzLg==\n	2013-08-09 21:16:18.069358+00
e1127ffbf398b2f605b7a688289dfc28	ZGE1Yzk2NWVmNmZkMGEyOWE5M2E1ZjA4OTYwYWIxMzcyNDBiOGUxMDqAAn1xAVUad2l6YXJkX3R1\ndG9yX3NpZ251cF93aXphcmRxAn1xAyhVCnN0ZXBfZmlsZXNxBH1VBHN0ZXBxBVgFAAAAc3RlcDFx\nBlUKZXh0cmFfZGF0YXEHfVUJc3RlcF9kYXRhcQh9dXMu\n	2013-08-09 21:17:42.111418+00
164f2ea033c7fc46aa7996a77727ff02	OGVhYzA1NzBkMWFiNTYyZTNiOTk3OTFiODY3NGVhNjE3OTIyMjMxMDqAAn1xAShVGndpemFyZF90\ndXRvcl9zaWdudXBfd2l6YXJkfXECKFUKc3RlcF9maWxlc31VBHN0ZXBYBQAAAHN0ZXAxVQpleHRy\nYV9kYXRhfVUJc3RlcF9kYXRhfXVVD19zZXNzaW9uX2V4cGlyeXEDSwBVEl9hdXRoX3VzZXJfYmFj\na2VuZHEEVTNhbGxhdXRoLmFjY291bnQuYXV0aF9iYWNrZW5kcy5BdXRoZW50aWNhdGlvbkJhY2tl\nbmRxBVUNX2F1dGhfdXNlcl9pZHEGS/h1Lg==\n	2013-08-03 19:14:12.235953+00
48cc06bf346043b149a852b6c191218f	ZGE1Yzk2NWVmNmZkMGEyOWE5M2E1ZjA4OTYwYWIxMzcyNDBiOGUxMDqAAn1xAVUad2l6YXJkX3R1\ndG9yX3NpZ251cF93aXphcmRxAn1xAyhVCnN0ZXBfZmlsZXNxBH1VBHN0ZXBxBVgFAAAAc3RlcDFx\nBlUKZXh0cmFfZGF0YXEHfVUJc3RlcF9kYXRhcQh9dXMu\n	2013-08-03 22:20:16.611184+00
dc81683d17fe3667e1ba8b905d8cef10	ZGE1Yzk2NWVmNmZkMGEyOWE5M2E1ZjA4OTYwYWIxMzcyNDBiOGUxMDqAAn1xAVUad2l6YXJkX3R1\ndG9yX3NpZ251cF93aXphcmRxAn1xAyhVCnN0ZXBfZmlsZXNxBH1VBHN0ZXBxBVgFAAAAc3RlcDFx\nBlUKZXh0cmFfZGF0YXEHfVUJc3RlcF9kYXRhcQh9dXMu\n	2013-08-03 23:38:21.420132+00
93a0e4454589598cba76cfb53138e2c6	ZGE1Yzk2NWVmNmZkMGEyOWE5M2E1ZjA4OTYwYWIxMzcyNDBiOGUxMDqAAn1xAVUad2l6YXJkX3R1\ndG9yX3NpZ251cF93aXphcmRxAn1xAyhVCnN0ZXBfZmlsZXNxBH1VBHN0ZXBxBVgFAAAAc3RlcDFx\nBlUKZXh0cmFfZGF0YXEHfVUJc3RlcF9kYXRhcQh9dXMu\n	2013-08-03 23:38:27.259645+00
b82503c8d4b8378a8f830a8b7969f987	ZGE1Yzk2NWVmNmZkMGEyOWE5M2E1ZjA4OTYwYWIxMzcyNDBiOGUxMDqAAn1xAVUad2l6YXJkX3R1\ndG9yX3NpZ251cF93aXphcmRxAn1xAyhVCnN0ZXBfZmlsZXNxBH1VBHN0ZXBxBVgFAAAAc3RlcDFx\nBlUKZXh0cmFfZGF0YXEHfVUJc3RlcF9kYXRhcQh9dXMu\n	2013-08-04 03:04:04.295984+00
6509397431581fe40d819229fed41ff9	ZGE1Yzk2NWVmNmZkMGEyOWE5M2E1ZjA4OTYwYWIxMzcyNDBiOGUxMDqAAn1xAVUad2l6YXJkX3R1\ndG9yX3NpZ251cF93aXphcmRxAn1xAyhVCnN0ZXBfZmlsZXNxBH1VBHN0ZXBxBVgFAAAAc3RlcDFx\nBlUKZXh0cmFfZGF0YXEHfVUJc3RlcF9kYXRhcQh9dXMu\n	2013-08-04 03:04:04.468963+00
d55a2742cb21e12d8ccc0d1c5b7f71fc	ZGE1Yzk2NWVmNmZkMGEyOWE5M2E1ZjA4OTYwYWIxMzcyNDBiOGUxMDqAAn1xAVUad2l6YXJkX3R1\ndG9yX3NpZ251cF93aXphcmRxAn1xAyhVCnN0ZXBfZmlsZXNxBH1VBHN0ZXBxBVgFAAAAc3RlcDFx\nBlUKZXh0cmFfZGF0YXEHfVUJc3RlcF9kYXRhcQh9dXMu\n	2013-08-04 04:06:41.178669+00
fdff1b73d0cb9796a2539f87fc9812a6	ZGE1Yzk2NWVmNmZkMGEyOWE5M2E1ZjA4OTYwYWIxMzcyNDBiOGUxMDqAAn1xAVUad2l6YXJkX3R1\ndG9yX3NpZ251cF93aXphcmRxAn1xAyhVCnN0ZXBfZmlsZXNxBH1VBHN0ZXBxBVgFAAAAc3RlcDFx\nBlUKZXh0cmFfZGF0YXEHfVUJc3RlcF9kYXRhcQh9dXMu\n	2013-08-04 05:38:24.072737+00
481bff249ce17928e61a95788b8f75ae	ZGE1Yzk2NWVmNmZkMGEyOWE5M2E1ZjA4OTYwYWIxMzcyNDBiOGUxMDqAAn1xAVUad2l6YXJkX3R1\ndG9yX3NpZ251cF93aXphcmRxAn1xAyhVCnN0ZXBfZmlsZXNxBH1VBHN0ZXBxBVgFAAAAc3RlcDFx\nBlUKZXh0cmFfZGF0YXEHfVUJc3RlcF9kYXRhcQh9dXMu\n	2013-08-04 05:40:22.668972+00
398730c95189a4a8857417fa1b892498	ZGE1Yzk2NWVmNmZkMGEyOWE5M2E1ZjA4OTYwYWIxMzcyNDBiOGUxMDqAAn1xAVUad2l6YXJkX3R1\ndG9yX3NpZ251cF93aXphcmRxAn1xAyhVCnN0ZXBfZmlsZXNxBH1VBHN0ZXBxBVgFAAAAc3RlcDFx\nBlUKZXh0cmFfZGF0YXEHfVUJc3RlcF9kYXRhcQh9dXMu\n	2013-08-04 09:13:04.598237+00
5717e730091b2edc43e126f84c94ef8b	ZGE1Yzk2NWVmNmZkMGEyOWE5M2E1ZjA4OTYwYWIxMzcyNDBiOGUxMDqAAn1xAVUad2l6YXJkX3R1\ndG9yX3NpZ251cF93aXphcmRxAn1xAyhVCnN0ZXBfZmlsZXNxBH1VBHN0ZXBxBVgFAAAAc3RlcDFx\nBlUKZXh0cmFfZGF0YXEHfVUJc3RlcF9kYXRhcQh9dXMu\n	2013-08-04 09:15:01.529502+00
5e622cf07293c688ea7477a299212ef1	ZGE1Yzk2NWVmNmZkMGEyOWE5M2E1ZjA4OTYwYWIxMzcyNDBiOGUxMDqAAn1xAVUad2l6YXJkX3R1\ndG9yX3NpZ251cF93aXphcmRxAn1xAyhVCnN0ZXBfZmlsZXNxBH1VBHN0ZXBxBVgFAAAAc3RlcDFx\nBlUKZXh0cmFfZGF0YXEHfVUJc3RlcF9kYXRhcQh9dXMu\n	2013-08-04 09:54:33.195813+00
e7c14f7170eb4f06b43656e25f23937d	ZGE1Yzk2NWVmNmZkMGEyOWE5M2E1ZjA4OTYwYWIxMzcyNDBiOGUxMDqAAn1xAVUad2l6YXJkX3R1\ndG9yX3NpZ251cF93aXphcmRxAn1xAyhVCnN0ZXBfZmlsZXNxBH1VBHN0ZXBxBVgFAAAAc3RlcDFx\nBlUKZXh0cmFfZGF0YXEHfVUJc3RlcF9kYXRhcQh9dXMu\n	2013-08-04 10:47:58.148257+00
cea5f6c3a27e163fc2d9da56f05b342a	ZGE1Yzk2NWVmNmZkMGEyOWE5M2E1ZjA4OTYwYWIxMzcyNDBiOGUxMDqAAn1xAVUad2l6YXJkX3R1\ndG9yX3NpZ251cF93aXphcmRxAn1xAyhVCnN0ZXBfZmlsZXNxBH1VBHN0ZXBxBVgFAAAAc3RlcDFx\nBlUKZXh0cmFfZGF0YXEHfVUJc3RlcF9kYXRhcQh9dXMu\n	2013-08-04 11:53:35.202888+00
37c2874f481182b1b22c9f8ac773fdb6	ZGE1Yzk2NWVmNmZkMGEyOWE5M2E1ZjA4OTYwYWIxMzcyNDBiOGUxMDqAAn1xAVUad2l6YXJkX3R1\ndG9yX3NpZ251cF93aXphcmRxAn1xAyhVCnN0ZXBfZmlsZXNxBH1VBHN0ZXBxBVgFAAAAc3RlcDFx\nBlUKZXh0cmFfZGF0YXEHfVUJc3RlcF9kYXRhcQh9dXMu\n	2013-08-04 13:20:40.935453+00
7191c75b352c7a9fd4c744fdac9712fc	ZGE1Yzk2NWVmNmZkMGEyOWE5M2E1ZjA4OTYwYWIxMzcyNDBiOGUxMDqAAn1xAVUad2l6YXJkX3R1\ndG9yX3NpZ251cF93aXphcmRxAn1xAyhVCnN0ZXBfZmlsZXNxBH1VBHN0ZXBxBVgFAAAAc3RlcDFx\nBlUKZXh0cmFfZGF0YXEHfVUJc3RlcF9kYXRhcQh9dXMu\n	2013-08-04 13:28:10.054459+00
d4c40445a1d44cb73556d98cad451dcd	ZGE1Yzk2NWVmNmZkMGEyOWE5M2E1ZjA4OTYwYWIxMzcyNDBiOGUxMDqAAn1xAVUad2l6YXJkX3R1\ndG9yX3NpZ251cF93aXphcmRxAn1xAyhVCnN0ZXBfZmlsZXNxBH1VBHN0ZXBxBVgFAAAAc3RlcDFx\nBlUKZXh0cmFfZGF0YXEHfVUJc3RlcF9kYXRhcQh9dXMu\n	2013-08-04 17:26:11.360003+00
2a8dd6152ec1ecebaf82c8e9dfdff553	ZGE1Yzk2NWVmNmZkMGEyOWE5M2E1ZjA4OTYwYWIxMzcyNDBiOGUxMDqAAn1xAVUad2l6YXJkX3R1\ndG9yX3NpZ251cF93aXphcmRxAn1xAyhVCnN0ZXBfZmlsZXNxBH1VBHN0ZXBxBVgFAAAAc3RlcDFx\nBlUKZXh0cmFfZGF0YXEHfVUJc3RlcF9kYXRhcQh9dXMu\n	2013-08-04 21:02:37.892567+00
e9fe8ab05eaf38fdf8b3fdc380a7ffe6	YTFhYzhhZWEwZjM1NzdjNDQwYzEzYzZjZDUxMGM1NjZjMDYxMjExYTqAAn1xAVUad2l6YXJkX3R1\ndG9yX3NpZ251cF93aXphcmR9cQIoVQpzdGVwX2ZpbGVzcQN9VQRzdGVwcQRYBQAAAHN0ZXAxcQVV\nCmV4dHJhX2RhdGFxBn1VCXN0ZXBfZGF0YXEHfXVzLg==\n	2013-08-04 22:33:29.246237+00
6881481a3343a2d56ac45279bf057915	YTFhYzhhZWEwZjM1NzdjNDQwYzEzYzZjZDUxMGM1NjZjMDYxMjExYTqAAn1xAVUad2l6YXJkX3R1\ndG9yX3NpZ251cF93aXphcmR9cQIoVQpzdGVwX2ZpbGVzcQN9VQRzdGVwcQRYBQAAAHN0ZXAxcQVV\nCmV4dHJhX2RhdGFxBn1VCXN0ZXBfZGF0YXEHfXVzLg==\n	2013-08-04 23:59:54.121251+00
c40bd6b5446279750b148cd96b49cb1d	ZGE1Yzk2NWVmNmZkMGEyOWE5M2E1ZjA4OTYwYWIxMzcyNDBiOGUxMDqAAn1xAVUad2l6YXJkX3R1\ndG9yX3NpZ251cF93aXphcmRxAn1xAyhVCnN0ZXBfZmlsZXNxBH1VBHN0ZXBxBVgFAAAAc3RlcDFx\nBlUKZXh0cmFfZGF0YXEHfVUJc3RlcF9kYXRhcQh9dXMu\n	2013-08-05 00:07:45.511525+00
f06d5ec4bf6d2af80139bb564b5a0050	ZGE1Yzk2NWVmNmZkMGEyOWE5M2E1ZjA4OTYwYWIxMzcyNDBiOGUxMDqAAn1xAVUad2l6YXJkX3R1\ndG9yX3NpZ251cF93aXphcmRxAn1xAyhVCnN0ZXBfZmlsZXNxBH1VBHN0ZXBxBVgFAAAAc3RlcDFx\nBlUKZXh0cmFfZGF0YXEHfVUJc3RlcF9kYXRhcQh9dXMu\n	2013-08-05 00:56:00.937315+00
9f78be6c2cc482c3abfe3e0ea6f5720b	ZGE1Yzk2NWVmNmZkMGEyOWE5M2E1ZjA4OTYwYWIxMzcyNDBiOGUxMDqAAn1xAVUad2l6YXJkX3R1\ndG9yX3NpZ251cF93aXphcmRxAn1xAyhVCnN0ZXBfZmlsZXNxBH1VBHN0ZXBxBVgFAAAAc3RlcDFx\nBlUKZXh0cmFfZGF0YXEHfVUJc3RlcF9kYXRhcQh9dXMu\n	2013-08-05 01:29:15.426353+00
c8a1823b0f58dfb6cd0c571a7e0700fd	ZGE1Yzk2NWVmNmZkMGEyOWE5M2E1ZjA4OTYwYWIxMzcyNDBiOGUxMDqAAn1xAVUad2l6YXJkX3R1\ndG9yX3NpZ251cF93aXphcmRxAn1xAyhVCnN0ZXBfZmlsZXNxBH1VBHN0ZXBxBVgFAAAAc3RlcDFx\nBlUKZXh0cmFfZGF0YXEHfVUJc3RlcF9kYXRhcQh9dXMu\n	2013-08-05 01:29:20.093939+00
55cf0963e7ed0d2a36eee65e06d9e6d0	YTFhYzhhZWEwZjM1NzdjNDQwYzEzYzZjZDUxMGM1NjZjMDYxMjExYTqAAn1xAVUad2l6YXJkX3R1\ndG9yX3NpZ251cF93aXphcmR9cQIoVQpzdGVwX2ZpbGVzcQN9VQRzdGVwcQRYBQAAAHN0ZXAxcQVV\nCmV4dHJhX2RhdGFxBn1VCXN0ZXBfZGF0YXEHfXVzLg==\n	2013-08-06 09:47:22.207861+00
e6974c971bad4897b1cce5c4c26e4d20	ZGE1Yzk2NWVmNmZkMGEyOWE5M2E1ZjA4OTYwYWIxMzcyNDBiOGUxMDqAAn1xAVUad2l6YXJkX3R1\ndG9yX3NpZ251cF93aXphcmRxAn1xAyhVCnN0ZXBfZmlsZXNxBH1VBHN0ZXBxBVgFAAAAc3RlcDFx\nBlUKZXh0cmFfZGF0YXEHfVUJc3RlcF9kYXRhcQh9dXMu\n	2013-08-08 21:55:59.358011+00
baa07aa51309a9849a6682459b5613f3	ZGE1Yzk2NWVmNmZkMGEyOWE5M2E1ZjA4OTYwYWIxMzcyNDBiOGUxMDqAAn1xAVUad2l6YXJkX3R1\ndG9yX3NpZ251cF93aXphcmRxAn1xAyhVCnN0ZXBfZmlsZXNxBH1VBHN0ZXBxBVgFAAAAc3RlcDFx\nBlUKZXh0cmFfZGF0YXEHfVUJc3RlcF9kYXRhcQh9dXMu\n	2013-08-08 22:05:15.05897+00
e98cdffb77091bb6420b6de0285dea24	ZGE1Yzk2NWVmNmZkMGEyOWE5M2E1ZjA4OTYwYWIxMzcyNDBiOGUxMDqAAn1xAVUad2l6YXJkX3R1\ndG9yX3NpZ251cF93aXphcmRxAn1xAyhVCnN0ZXBfZmlsZXNxBH1VBHN0ZXBxBVgFAAAAc3RlcDFx\nBlUKZXh0cmFfZGF0YXEHfVUJc3RlcF9kYXRhcQh9dXMu\n	2013-08-05 02:14:00.378181+00
d11be3ebc2a42e74e4fcac1c1047bfed	ZGE1Yzk2NWVmNmZkMGEyOWE5M2E1ZjA4OTYwYWIxMzcyNDBiOGUxMDqAAn1xAVUad2l6YXJkX3R1\ndG9yX3NpZ251cF93aXphcmRxAn1xAyhVCnN0ZXBfZmlsZXNxBH1VBHN0ZXBxBVgFAAAAc3RlcDFx\nBlUKZXh0cmFfZGF0YXEHfVUJc3RlcF9kYXRhcQh9dXMu\n	2013-08-05 04:30:52.592719+00
abe0ed010bdeecfa214368edb4240013	ZGE1Yzk2NWVmNmZkMGEyOWE5M2E1ZjA4OTYwYWIxMzcyNDBiOGUxMDqAAn1xAVUad2l6YXJkX3R1\ndG9yX3NpZ251cF93aXphcmRxAn1xAyhVCnN0ZXBfZmlsZXNxBH1VBHN0ZXBxBVgFAAAAc3RlcDFx\nBlUKZXh0cmFfZGF0YXEHfVUJc3RlcF9kYXRhcQh9dXMu\n	2013-08-05 05:14:35.214724+00
766f701409d0054596292e7d75e619d1	ZGE1Yzk2NWVmNmZkMGEyOWE5M2E1ZjA4OTYwYWIxMzcyNDBiOGUxMDqAAn1xAVUad2l6YXJkX3R1\ndG9yX3NpZ251cF93aXphcmRxAn1xAyhVCnN0ZXBfZmlsZXNxBH1VBHN0ZXBxBVgFAAAAc3RlcDFx\nBlUKZXh0cmFfZGF0YXEHfVUJc3RlcF9kYXRhcQh9dXMu\n	2013-08-05 06:05:21.495779+00
4a91a521af285543c1d06b9b1726b432	ZGE1Yzk2NWVmNmZkMGEyOWE5M2E1ZjA4OTYwYWIxMzcyNDBiOGUxMDqAAn1xAVUad2l6YXJkX3R1\ndG9yX3NpZ251cF93aXphcmRxAn1xAyhVCnN0ZXBfZmlsZXNxBH1VBHN0ZXBxBVgFAAAAc3RlcDFx\nBlUKZXh0cmFfZGF0YXEHfVUJc3RlcF9kYXRhcQh9dXMu\n	2013-08-05 08:58:31.479486+00
2a2a9183e2a84d00c7bbdcad79db86c9	ZGE1Yzk2NWVmNmZkMGEyOWE5M2E1ZjA4OTYwYWIxMzcyNDBiOGUxMDqAAn1xAVUad2l6YXJkX3R1\ndG9yX3NpZ251cF93aXphcmRxAn1xAyhVCnN0ZXBfZmlsZXNxBH1VBHN0ZXBxBVgFAAAAc3RlcDFx\nBlUKZXh0cmFfZGF0YXEHfVUJc3RlcF9kYXRhcQh9dXMu\n	2013-08-05 08:58:31.890467+00
f2e6d2c827b5f14a8bd8e5616913c036	ZGE1Yzk2NWVmNmZkMGEyOWE5M2E1ZjA4OTYwYWIxMzcyNDBiOGUxMDqAAn1xAVUad2l6YXJkX3R1\ndG9yX3NpZ251cF93aXphcmRxAn1xAyhVCnN0ZXBfZmlsZXNxBH1VBHN0ZXBxBVgFAAAAc3RlcDFx\nBlUKZXh0cmFfZGF0YXEHfVUJc3RlcF9kYXRhcQh9dXMu\n	2013-08-05 09:30:40.095338+00
20b503d11f330587ebeff578d5262410	ZGE1Yzk2NWVmNmZkMGEyOWE5M2E1ZjA4OTYwYWIxMzcyNDBiOGUxMDqAAn1xAVUad2l6YXJkX3R1\ndG9yX3NpZ251cF93aXphcmRxAn1xAyhVCnN0ZXBfZmlsZXNxBH1VBHN0ZXBxBVgFAAAAc3RlcDFx\nBlUKZXh0cmFfZGF0YXEHfVUJc3RlcF9kYXRhcQh9dXMu\n	2013-08-05 13:19:32.676202+00
4f78ae2031d36d436add9c7ebc63b91f	ZGE1Yzk2NWVmNmZkMGEyOWE5M2E1ZjA4OTYwYWIxMzcyNDBiOGUxMDqAAn1xAVUad2l6YXJkX3R1\ndG9yX3NpZ251cF93aXphcmRxAn1xAyhVCnN0ZXBfZmlsZXNxBH1VBHN0ZXBxBVgFAAAAc3RlcDFx\nBlUKZXh0cmFfZGF0YXEHfVUJc3RlcF9kYXRhcQh9dXMu\n	2013-08-05 15:29:27.93967+00
047a6f3e5bbd1871147a0095e5753c59	ZGE1Yzk2NWVmNmZkMGEyOWE5M2E1ZjA4OTYwYWIxMzcyNDBiOGUxMDqAAn1xAVUad2l6YXJkX3R1\ndG9yX3NpZ251cF93aXphcmRxAn1xAyhVCnN0ZXBfZmlsZXNxBH1VBHN0ZXBxBVgFAAAAc3RlcDFx\nBlUKZXh0cmFfZGF0YXEHfVUJc3RlcF9kYXRhcQh9dXMu\n	2013-08-05 18:18:01.081959+00
4b23d5e6527a7b80a73a5671e0b04cfe	ZGE1Yzk2NWVmNmZkMGEyOWE5M2E1ZjA4OTYwYWIxMzcyNDBiOGUxMDqAAn1xAVUad2l6YXJkX3R1\ndG9yX3NpZ251cF93aXphcmRxAn1xAyhVCnN0ZXBfZmlsZXNxBH1VBHN0ZXBxBVgFAAAAc3RlcDFx\nBlUKZXh0cmFfZGF0YXEHfVUJc3RlcF9kYXRhcQh9dXMu\n	2013-08-12 20:31:02.03501+00
78030e6ea1ac8b87b920a2ad1e4a5ff8	ZGE1Yzk2NWVmNmZkMGEyOWE5M2E1ZjA4OTYwYWIxMzcyNDBiOGUxMDqAAn1xAVUad2l6YXJkX3R1\ndG9yX3NpZ251cF93aXphcmRxAn1xAyhVCnN0ZXBfZmlsZXNxBH1VBHN0ZXBxBVgFAAAAc3RlcDFx\nBlUKZXh0cmFfZGF0YXEHfVUJc3RlcF9kYXRhcQh9dXMu\n	2013-08-05 19:33:40.701362+00
f01ada91bac959ccf978b88557729b4f	ZGE1Yzk2NWVmNmZkMGEyOWE5M2E1ZjA4OTYwYWIxMzcyNDBiOGUxMDqAAn1xAVUad2l6YXJkX3R1\ndG9yX3NpZ251cF93aXphcmRxAn1xAyhVCnN0ZXBfZmlsZXNxBH1VBHN0ZXBxBVgFAAAAc3RlcDFx\nBlUKZXh0cmFfZGF0YXEHfVUJc3RlcF9kYXRhcQh9dXMu\n	2013-08-05 19:39:13.241431+00
eb78a1d99e92afb6d173821cba204466	ZGE1Yzk2NWVmNmZkMGEyOWE5M2E1ZjA4OTYwYWIxMzcyNDBiOGUxMDqAAn1xAVUad2l6YXJkX3R1\ndG9yX3NpZ251cF93aXphcmRxAn1xAyhVCnN0ZXBfZmlsZXNxBH1VBHN0ZXBxBVgFAAAAc3RlcDFx\nBlUKZXh0cmFfZGF0YXEHfVUJc3RlcF9kYXRhcQh9dXMu\n	2013-08-05 19:39:42.353435+00
0a10857883d46f571f966b5655fe1d0b	ZGE1Yzk2NWVmNmZkMGEyOWE5M2E1ZjA4OTYwYWIxMzcyNDBiOGUxMDqAAn1xAVUad2l6YXJkX3R1\ndG9yX3NpZ251cF93aXphcmRxAn1xAyhVCnN0ZXBfZmlsZXNxBH1VBHN0ZXBxBVgFAAAAc3RlcDFx\nBlUKZXh0cmFfZGF0YXEHfVUJc3RlcF9kYXRhcQh9dXMu\n	2013-08-05 19:40:40.745452+00
02a337824c9d87116059b21d864e5ece	YTFhYzhhZWEwZjM1NzdjNDQwYzEzYzZjZDUxMGM1NjZjMDYxMjExYTqAAn1xAVUad2l6YXJkX3R1\ndG9yX3NpZ251cF93aXphcmR9cQIoVQpzdGVwX2ZpbGVzcQN9VQRzdGVwcQRYBQAAAHN0ZXAxcQVV\nCmV4dHJhX2RhdGFxBn1VCXN0ZXBfZGF0YXEHfXVzLg==\n	2013-08-13 13:58:35.860334+00
3a19be45f06678667bca4b5ff9a06e2d	YTFhYzhhZWEwZjM1NzdjNDQwYzEzYzZjZDUxMGM1NjZjMDYxMjExYTqAAn1xAVUad2l6YXJkX3R1\ndG9yX3NpZ251cF93aXphcmR9cQIoVQpzdGVwX2ZpbGVzcQN9VQRzdGVwcQRYBQAAAHN0ZXAxcQVV\nCmV4dHJhX2RhdGFxBn1VCXN0ZXBfZGF0YXEHfXVzLg==\n	2013-08-05 20:03:30.304665+00
0c39b9fc9656e52ea2ff265d7a5716b9	ZGE1Yzk2NWVmNmZkMGEyOWE5M2E1ZjA4OTYwYWIxMzcyNDBiOGUxMDqAAn1xAVUad2l6YXJkX3R1\ndG9yX3NpZ251cF93aXphcmRxAn1xAyhVCnN0ZXBfZmlsZXNxBH1VBHN0ZXBxBVgFAAAAc3RlcDFx\nBlUKZXh0cmFfZGF0YXEHfVUJc3RlcF9kYXRhcQh9dXMu\n	2013-08-05 21:03:40.606028+00
78ae0e6ce85f2a69d12757da90755c3b	ZGE1Yzk2NWVmNmZkMGEyOWE5M2E1ZjA4OTYwYWIxMzcyNDBiOGUxMDqAAn1xAVUad2l6YXJkX3R1\ndG9yX3NpZ251cF93aXphcmRxAn1xAyhVCnN0ZXBfZmlsZXNxBH1VBHN0ZXBxBVgFAAAAc3RlcDFx\nBlUKZXh0cmFfZGF0YXEHfVUJc3RlcF9kYXRhcQh9dXMu\n	2013-08-08 18:06:58.270991+00
103b8520d1224ed381b78ae645f87c00	ZGE1Yzk2NWVmNmZkMGEyOWE5M2E1ZjA4OTYwYWIxMzcyNDBiOGUxMDqAAn1xAVUad2l6YXJkX3R1\ndG9yX3NpZ251cF93aXphcmRxAn1xAyhVCnN0ZXBfZmlsZXNxBH1VBHN0ZXBxBVgFAAAAc3RlcDFx\nBlUKZXh0cmFfZGF0YXEHfVUJc3RlcF9kYXRhcQh9dXMu\n	2013-08-05 23:28:34.972569+00
88c598fdfb32e12daefd0d2e9656667f	ZGE1Yzk2NWVmNmZkMGEyOWE5M2E1ZjA4OTYwYWIxMzcyNDBiOGUxMDqAAn1xAVUad2l6YXJkX3R1\ndG9yX3NpZ251cF93aXphcmRxAn1xAyhVCnN0ZXBfZmlsZXNxBH1VBHN0ZXBxBVgFAAAAc3RlcDFx\nBlUKZXh0cmFfZGF0YXEHfVUJc3RlcF9kYXRhcQh9dXMu\n	2013-08-05 23:31:56.032783+00
9ca1dbc300a5cf225b23c2435149758f	ZGE1Yzk2NWVmNmZkMGEyOWE5M2E1ZjA4OTYwYWIxMzcyNDBiOGUxMDqAAn1xAVUad2l6YXJkX3R1\ndG9yX3NpZ251cF93aXphcmRxAn1xAyhVCnN0ZXBfZmlsZXNxBH1VBHN0ZXBxBVgFAAAAc3RlcDFx\nBlUKZXh0cmFfZGF0YXEHfVUJc3RlcF9kYXRhcQh9dXMu\n	2013-08-05 23:31:56.342489+00
df4386e84ba6446f2c97e349799dcb5c	ZGE1Yzk2NWVmNmZkMGEyOWE5M2E1ZjA4OTYwYWIxMzcyNDBiOGUxMDqAAn1xAVUad2l6YXJkX3R1\ndG9yX3NpZ251cF93aXphcmRxAn1xAyhVCnN0ZXBfZmlsZXNxBH1VBHN0ZXBxBVgFAAAAc3RlcDFx\nBlUKZXh0cmFfZGF0YXEHfVUJc3RlcF9kYXRhcQh9dXMu\n	2013-08-05 23:31:56.397515+00
ec89526e8598889014457d03579685be	ZGE1Yzk2NWVmNmZkMGEyOWE5M2E1ZjA4OTYwYWIxMzcyNDBiOGUxMDqAAn1xAVUad2l6YXJkX3R1\ndG9yX3NpZ251cF93aXphcmRxAn1xAyhVCnN0ZXBfZmlsZXNxBH1VBHN0ZXBxBVgFAAAAc3RlcDFx\nBlUKZXh0cmFfZGF0YXEHfVUJc3RlcF9kYXRhcQh9dXMu\n	2013-08-08 22:05:44.81002+00
82049d64275aee8dd68cadc5f16fe7db	ZGE1Yzk2NWVmNmZkMGEyOWE5M2E1ZjA4OTYwYWIxMzcyNDBiOGUxMDqAAn1xAVUad2l6YXJkX3R1\ndG9yX3NpZ251cF93aXphcmRxAn1xAyhVCnN0ZXBfZmlsZXNxBH1VBHN0ZXBxBVgFAAAAc3RlcDFx\nBlUKZXh0cmFfZGF0YXEHfVUJc3RlcF9kYXRhcQh9dXMu\n	2013-08-08 22:37:08.328048+00
9e87a6527be033c1f6c2c56de0e5ca70	MWM1ZGZlZDU4NGY3ZGYyOTc4OWQ4OTI3MjYzOWU5MmIzMTU3YTA5YTqAAn1xAVUKdGVzdGNvb2tp\nZXECVQZ3b3JrZWRxA3Mu\n	2013-08-09 14:52:09.773777+00
35a354e81d5dae51dca92c6d6eab8ac0	YTFhYzhhZWEwZjM1NzdjNDQwYzEzYzZjZDUxMGM1NjZjMDYxMjExYTqAAn1xAVUad2l6YXJkX3R1\ndG9yX3NpZ251cF93aXphcmR9cQIoVQpzdGVwX2ZpbGVzcQN9VQRzdGVwcQRYBQAAAHN0ZXAxcQVV\nCmV4dHJhX2RhdGFxBn1VCXN0ZXBfZGF0YXEHfXVzLg==\n	2013-08-09 19:46:32.034425+00
f3b14a766bfff151c823dd17b9b04160	MWM1ZGZlZDU4NGY3ZGYyOTc4OWQ4OTI3MjYzOWU5MmIzMTU3YTA5YTqAAn1xAVUKdGVzdGNvb2tp\nZXECVQZ3b3JrZWRxA3Mu\n	2013-08-11 07:00:35.542418+00
78ac36d240feaaec75f834531a356bdc	ZGE1Yzk2NWVmNmZkMGEyOWE5M2E1ZjA4OTYwYWIxMzcyNDBiOGUxMDqAAn1xAVUad2l6YXJkX3R1\ndG9yX3NpZ251cF93aXphcmRxAn1xAyhVCnN0ZXBfZmlsZXNxBH1VBHN0ZXBxBVgFAAAAc3RlcDFx\nBlUKZXh0cmFfZGF0YXEHfVUJc3RlcF9kYXRhcQh9dXMu\n	2013-08-05 23:31:56.85197+00
4af08679f93eab661e6d95e71d9b0a9c	ZGE1Yzk2NWVmNmZkMGEyOWE5M2E1ZjA4OTYwYWIxMzcyNDBiOGUxMDqAAn1xAVUad2l6YXJkX3R1\ndG9yX3NpZ251cF93aXphcmRxAn1xAyhVCnN0ZXBfZmlsZXNxBH1VBHN0ZXBxBVgFAAAAc3RlcDFx\nBlUKZXh0cmFfZGF0YXEHfVUJc3RlcF9kYXRhcQh9dXMu\n	2013-08-05 23:31:57.262689+00
93ee46d91c66ffe4783946eb880029e5	ZGE1Yzk2NWVmNmZkMGEyOWE5M2E1ZjA4OTYwYWIxMzcyNDBiOGUxMDqAAn1xAVUad2l6YXJkX3R1\ndG9yX3NpZ251cF93aXphcmRxAn1xAyhVCnN0ZXBfZmlsZXNxBH1VBHN0ZXBxBVgFAAAAc3RlcDFx\nBlUKZXh0cmFfZGF0YXEHfVUJc3RlcF9kYXRhcQh9dXMu\n	2013-08-05 23:31:57.44443+00
fedccec7cb8f0c0ece5e7a53f6eac842	ZGE1Yzk2NWVmNmZkMGEyOWE5M2E1ZjA4OTYwYWIxMzcyNDBiOGUxMDqAAn1xAVUad2l6YXJkX3R1\ndG9yX3NpZ251cF93aXphcmRxAn1xAyhVCnN0ZXBfZmlsZXNxBH1VBHN0ZXBxBVgFAAAAc3RlcDFx\nBlUKZXh0cmFfZGF0YXEHfVUJc3RlcF9kYXRhcQh9dXMu\n	2013-08-05 23:31:57.530743+00
8976dec2c0751285d72add9a705b72ff	ZGE1Yzk2NWVmNmZkMGEyOWE5M2E1ZjA4OTYwYWIxMzcyNDBiOGUxMDqAAn1xAVUad2l6YXJkX3R1\ndG9yX3NpZ251cF93aXphcmRxAn1xAyhVCnN0ZXBfZmlsZXNxBH1VBHN0ZXBxBVgFAAAAc3RlcDFx\nBlUKZXh0cmFfZGF0YXEHfVUJc3RlcF9kYXRhcQh9dXMu\n	2013-08-05 23:31:57.686082+00
d3a25f6f80b9bc4dd4385017a402a026	ZGE1Yzk2NWVmNmZkMGEyOWE5M2E1ZjA4OTYwYWIxMzcyNDBiOGUxMDqAAn1xAVUad2l6YXJkX3R1\ndG9yX3NpZ251cF93aXphcmRxAn1xAyhVCnN0ZXBfZmlsZXNxBH1VBHN0ZXBxBVgFAAAAc3RlcDFx\nBlUKZXh0cmFfZGF0YXEHfVUJc3RlcF9kYXRhcQh9dXMu\n	2013-08-05 23:32:01.151218+00
89f414b71404339346cd63c89a5da468	ZGE1Yzk2NWVmNmZkMGEyOWE5M2E1ZjA4OTYwYWIxMzcyNDBiOGUxMDqAAn1xAVUad2l6YXJkX3R1\ndG9yX3NpZ251cF93aXphcmRxAn1xAyhVCnN0ZXBfZmlsZXNxBH1VBHN0ZXBxBVgFAAAAc3RlcDFx\nBlUKZXh0cmFfZGF0YXEHfVUJc3RlcF9kYXRhcQh9dXMu\n	2013-08-05 23:32:01.667205+00
5ceb14848ceb31805cdd23acba44fd58	ZGE1Yzk2NWVmNmZkMGEyOWE5M2E1ZjA4OTYwYWIxMzcyNDBiOGUxMDqAAn1xAVUad2l6YXJkX3R1\ndG9yX3NpZ251cF93aXphcmRxAn1xAyhVCnN0ZXBfZmlsZXNxBH1VBHN0ZXBxBVgFAAAAc3RlcDFx\nBlUKZXh0cmFfZGF0YXEHfVUJc3RlcF9kYXRhcQh9dXMu\n	2013-08-05 23:32:05.004699+00
23853cdd8427441aac31d5164d7f541d	ZGE1Yzk2NWVmNmZkMGEyOWE5M2E1ZjA4OTYwYWIxMzcyNDBiOGUxMDqAAn1xAVUad2l6YXJkX3R1\ndG9yX3NpZ251cF93aXphcmRxAn1xAyhVCnN0ZXBfZmlsZXNxBH1VBHN0ZXBxBVgFAAAAc3RlcDFx\nBlUKZXh0cmFfZGF0YXEHfVUJc3RlcF9kYXRhcQh9dXMu\n	2013-08-05 23:37:45.304951+00
dfbe7bbd8b2e438509c6ab28f638a9c0	ZGE1Yzk2NWVmNmZkMGEyOWE5M2E1ZjA4OTYwYWIxMzcyNDBiOGUxMDqAAn1xAVUad2l6YXJkX3R1\ndG9yX3NpZ251cF93aXphcmRxAn1xAyhVCnN0ZXBfZmlsZXNxBH1VBHN0ZXBxBVgFAAAAc3RlcDFx\nBlUKZXh0cmFfZGF0YXEHfVUJc3RlcF9kYXRhcQh9dXMu\n	2013-08-05 23:39:23.172707+00
456f6e8407230c07b4f07fecb872f1dd	ZGE1Yzk2NWVmNmZkMGEyOWE5M2E1ZjA4OTYwYWIxMzcyNDBiOGUxMDqAAn1xAVUad2l6YXJkX3R1\ndG9yX3NpZ251cF93aXphcmRxAn1xAyhVCnN0ZXBfZmlsZXNxBH1VBHN0ZXBxBVgFAAAAc3RlcDFx\nBlUKZXh0cmFfZGF0YXEHfVUJc3RlcF9kYXRhcQh9dXMu\n	2013-08-05 23:59:56.81477+00
5ab2b0791800ca1a59453e1e7312020d	ZGE1Yzk2NWVmNmZkMGEyOWE5M2E1ZjA4OTYwYWIxMzcyNDBiOGUxMDqAAn1xAVUad2l6YXJkX3R1\ndG9yX3NpZ251cF93aXphcmRxAn1xAyhVCnN0ZXBfZmlsZXNxBH1VBHN0ZXBxBVgFAAAAc3RlcDFx\nBlUKZXh0cmFfZGF0YXEHfVUJc3RlcF9kYXRhcQh9dXMu\n	2013-08-08 15:13:38.963324+00
e8837defd72aa739eb5a647ef1ba3115	ZGE1Yzk2NWVmNmZkMGEyOWE5M2E1ZjA4OTYwYWIxMzcyNDBiOGUxMDqAAn1xAVUad2l6YXJkX3R1\ndG9yX3NpZ251cF93aXphcmRxAn1xAyhVCnN0ZXBfZmlsZXNxBH1VBHN0ZXBxBVgFAAAAc3RlcDFx\nBlUKZXh0cmFfZGF0YXEHfVUJc3RlcF9kYXRhcQh9dXMu\n	2013-08-08 22:00:00.607486+00
df4d02618f15a09e31632b70080c2f4a	ZGE1Yzk2NWVmNmZkMGEyOWE5M2E1ZjA4OTYwYWIxMzcyNDBiOGUxMDqAAn1xAVUad2l6YXJkX3R1\ndG9yX3NpZ251cF93aXphcmRxAn1xAyhVCnN0ZXBfZmlsZXNxBH1VBHN0ZXBxBVgFAAAAc3RlcDFx\nBlUKZXh0cmFfZGF0YXEHfVUJc3RlcF9kYXRhcQh9dXMu\n	2013-08-06 00:46:18.350358+00
9c7386683c003d04331525fc788525e2	ZGE1Yzk2NWVmNmZkMGEyOWE5M2E1ZjA4OTYwYWIxMzcyNDBiOGUxMDqAAn1xAVUad2l6YXJkX3R1\ndG9yX3NpZ251cF93aXphcmRxAn1xAyhVCnN0ZXBfZmlsZXNxBH1VBHN0ZXBxBVgFAAAAc3RlcDFx\nBlUKZXh0cmFfZGF0YXEHfVUJc3RlcF9kYXRhcQh9dXMu\n	2013-08-06 01:09:14.873021+00
e140dc07daff0ad54bc224a5f4ebf485	ZGE1Yzk2NWVmNmZkMGEyOWE5M2E1ZjA4OTYwYWIxMzcyNDBiOGUxMDqAAn1xAVUad2l6YXJkX3R1\ndG9yX3NpZ251cF93aXphcmRxAn1xAyhVCnN0ZXBfZmlsZXNxBH1VBHN0ZXBxBVgFAAAAc3RlcDFx\nBlUKZXh0cmFfZGF0YXEHfVUJc3RlcF9kYXRhcQh9dXMu\n	2013-08-06 03:02:13.732943+00
0db4a9e5bef119c1ac2d16661d1bd3a4	ZGE1Yzk2NWVmNmZkMGEyOWE5M2E1ZjA4OTYwYWIxMzcyNDBiOGUxMDqAAn1xAVUad2l6YXJkX3R1\ndG9yX3NpZ251cF93aXphcmRxAn1xAyhVCnN0ZXBfZmlsZXNxBH1VBHN0ZXBxBVgFAAAAc3RlcDFx\nBlUKZXh0cmFfZGF0YXEHfVUJc3RlcF9kYXRhcQh9dXMu\n	2013-08-06 03:06:10.366254+00
6e8c2894b35acbc5e3860e816d54abe1	ZGE1Yzk2NWVmNmZkMGEyOWE5M2E1ZjA4OTYwYWIxMzcyNDBiOGUxMDqAAn1xAVUad2l6YXJkX3R1\ndG9yX3NpZ251cF93aXphcmRxAn1xAyhVCnN0ZXBfZmlsZXNxBH1VBHN0ZXBxBVgFAAAAc3RlcDFx\nBlUKZXh0cmFfZGF0YXEHfVUJc3RlcF9kYXRhcQh9dXMu\n	2013-08-06 03:36:25.316944+00
1d8259f2641e730721aa61c8264ec6e4	ZGE1Yzk2NWVmNmZkMGEyOWE5M2E1ZjA4OTYwYWIxMzcyNDBiOGUxMDqAAn1xAVUad2l6YXJkX3R1\ndG9yX3NpZ251cF93aXphcmRxAn1xAyhVCnN0ZXBfZmlsZXNxBH1VBHN0ZXBxBVgFAAAAc3RlcDFx\nBlUKZXh0cmFfZGF0YXEHfVUJc3RlcF9kYXRhcQh9dXMu\n	2013-08-06 03:56:14.483484+00
4ff941441a2b3c75e6ba8a74ceb700a1	ZGE1Yzk2NWVmNmZkMGEyOWE5M2E1ZjA4OTYwYWIxMzcyNDBiOGUxMDqAAn1xAVUad2l6YXJkX3R1\ndG9yX3NpZ251cF93aXphcmRxAn1xAyhVCnN0ZXBfZmlsZXNxBH1VBHN0ZXBxBVgFAAAAc3RlcDFx\nBlUKZXh0cmFfZGF0YXEHfVUJc3RlcF9kYXRhcQh9dXMu\n	2013-08-06 04:38:14.961008+00
cc2565543772e04e47c046352892b4f8	YTFhYzhhZWEwZjM1NzdjNDQwYzEzYzZjZDUxMGM1NjZjMDYxMjExYTqAAn1xAVUad2l6YXJkX3R1\ndG9yX3NpZ251cF93aXphcmR9cQIoVQpzdGVwX2ZpbGVzcQN9VQRzdGVwcQRYBQAAAHN0ZXAxcQVV\nCmV4dHJhX2RhdGFxBn1VCXN0ZXBfZGF0YXEHfXVzLg==\n	2013-08-06 09:12:36.013919+00
774aa36607548640af051a3a0825cf35	ZGE1Yzk2NWVmNmZkMGEyOWE5M2E1ZjA4OTYwYWIxMzcyNDBiOGUxMDqAAn1xAVUad2l6YXJkX3R1\ndG9yX3NpZ251cF93aXphcmRxAn1xAyhVCnN0ZXBfZmlsZXNxBH1VBHN0ZXBxBVgFAAAAc3RlcDFx\nBlUKZXh0cmFfZGF0YXEHfVUJc3RlcF9kYXRhcQh9dXMu\n	2013-08-06 09:44:26.328454+00
a7633a20eaaaf7c021f42da340f32edd	ZGE1Yzk2NWVmNmZkMGEyOWE5M2E1ZjA4OTYwYWIxMzcyNDBiOGUxMDqAAn1xAVUad2l6YXJkX3R1\ndG9yX3NpZ251cF93aXphcmRxAn1xAyhVCnN0ZXBfZmlsZXNxBH1VBHN0ZXBxBVgFAAAAc3RlcDFx\nBlUKZXh0cmFfZGF0YXEHfVUJc3RlcF9kYXRhcQh9dXMu\n	2013-08-06 10:17:12.142407+00
24ad4588fbd5f61d5f942f96a7525392	ZGE1Yzk2NWVmNmZkMGEyOWE5M2E1ZjA4OTYwYWIxMzcyNDBiOGUxMDqAAn1xAVUad2l6YXJkX3R1\ndG9yX3NpZ251cF93aXphcmRxAn1xAyhVCnN0ZXBfZmlsZXNxBH1VBHN0ZXBxBVgFAAAAc3RlcDFx\nBlUKZXh0cmFfZGF0YXEHfVUJc3RlcF9kYXRhcQh9dXMu\n	2013-08-06 11:52:05.548129+00
6d4602f0a58a6feeeaa36b910d0437bf	ZGE1Yzk2NWVmNmZkMGEyOWE5M2E1ZjA4OTYwYWIxMzcyNDBiOGUxMDqAAn1xAVUad2l6YXJkX3R1\ndG9yX3NpZ251cF93aXphcmRxAn1xAyhVCnN0ZXBfZmlsZXNxBH1VBHN0ZXBxBVgFAAAAc3RlcDFx\nBlUKZXh0cmFfZGF0YXEHfVUJc3RlcF9kYXRhcQh9dXMu\n	2013-08-06 11:52:09.986653+00
30815d5cb190dc7902a455136f8bb602	ZGE1Yzk2NWVmNmZkMGEyOWE5M2E1ZjA4OTYwYWIxMzcyNDBiOGUxMDqAAn1xAVUad2l6YXJkX3R1\ndG9yX3NpZ251cF93aXphcmRxAn1xAyhVCnN0ZXBfZmlsZXNxBH1VBHN0ZXBxBVgFAAAAc3RlcDFx\nBlUKZXh0cmFfZGF0YXEHfVUJc3RlcF9kYXRhcQh9dXMu\n	2013-08-06 12:00:16.252327+00
4acdbaad927825f01a469ccf65faa72a	ZGE1Yzk2NWVmNmZkMGEyOWE5M2E1ZjA4OTYwYWIxMzcyNDBiOGUxMDqAAn1xAVUad2l6YXJkX3R1\ndG9yX3NpZ251cF93aXphcmRxAn1xAyhVCnN0ZXBfZmlsZXNxBH1VBHN0ZXBxBVgFAAAAc3RlcDFx\nBlUKZXh0cmFfZGF0YXEHfVUJc3RlcF9kYXRhcQh9dXMu\n	2013-08-06 12:04:26.339164+00
d541edfcbc0c5b7d3c5d760ca8703b82	ZGE1Yzk2NWVmNmZkMGEyOWE5M2E1ZjA4OTYwYWIxMzcyNDBiOGUxMDqAAn1xAVUad2l6YXJkX3R1\ndG9yX3NpZ251cF93aXphcmRxAn1xAyhVCnN0ZXBfZmlsZXNxBH1VBHN0ZXBxBVgFAAAAc3RlcDFx\nBlUKZXh0cmFfZGF0YXEHfVUJc3RlcF9kYXRhcQh9dXMu\n	2013-08-06 22:33:49.152061+00
2e5467ea91a19a57c3d68373f20cb6fa	ZGE1Yzk2NWVmNmZkMGEyOWE5M2E1ZjA4OTYwYWIxMzcyNDBiOGUxMDqAAn1xAVUad2l6YXJkX3R1\ndG9yX3NpZ251cF93aXphcmRxAn1xAyhVCnN0ZXBfZmlsZXNxBH1VBHN0ZXBxBVgFAAAAc3RlcDFx\nBlUKZXh0cmFfZGF0YXEHfVUJc3RlcF9kYXRhcQh9dXMu\n	2013-08-06 22:55:05.403501+00
e9c2d3c5e703a170cebc8e675c3f06c2	YTFhYzhhZWEwZjM1NzdjNDQwYzEzYzZjZDUxMGM1NjZjMDYxMjExYTqAAn1xAVUad2l6YXJkX3R1\ndG9yX3NpZ251cF93aXphcmR9cQIoVQpzdGVwX2ZpbGVzcQN9VQRzdGVwcQRYBQAAAHN0ZXAxcQVV\nCmV4dHJhX2RhdGFxBn1VCXN0ZXBfZGF0YXEHfXVzLg==\n	2013-08-13 02:24:42.950663+00
cc26e986cf5dd5ed6922a92f318a7ef9	ZGE1Yzk2NWVmNmZkMGEyOWE5M2E1ZjA4OTYwYWIxMzcyNDBiOGUxMDqAAn1xAVUad2l6YXJkX3R1\ndG9yX3NpZ251cF93aXphcmRxAn1xAyhVCnN0ZXBfZmlsZXNxBH1VBHN0ZXBxBVgFAAAAc3RlcDFx\nBlUKZXh0cmFfZGF0YXEHfVUJc3RlcF9kYXRhcQh9dXMu\n	2013-08-06 13:39:27.115375+00
42d4aa48c2a130df66699f3b689aeefc	ZGE1Yzk2NWVmNmZkMGEyOWE5M2E1ZjA4OTYwYWIxMzcyNDBiOGUxMDqAAn1xAVUad2l6YXJkX3R1\ndG9yX3NpZ251cF93aXphcmRxAn1xAyhVCnN0ZXBfZmlsZXNxBH1VBHN0ZXBxBVgFAAAAc3RlcDFx\nBlUKZXh0cmFfZGF0YXEHfVUJc3RlcF9kYXRhcQh9dXMu\n	2013-08-06 14:30:37.420384+00
7abe861f1a41a9b211ebc3353b670646	ZGE1Yzk2NWVmNmZkMGEyOWE5M2E1ZjA4OTYwYWIxMzcyNDBiOGUxMDqAAn1xAVUad2l6YXJkX3R1\ndG9yX3NpZ251cF93aXphcmRxAn1xAyhVCnN0ZXBfZmlsZXNxBH1VBHN0ZXBxBVgFAAAAc3RlcDFx\nBlUKZXh0cmFfZGF0YXEHfVUJc3RlcF9kYXRhcQh9dXMu\n	2013-08-06 14:30:55.362411+00
b0f3c472c73d331c5714445a7d7ec8f8	YTFhYzhhZWEwZjM1NzdjNDQwYzEzYzZjZDUxMGM1NjZjMDYxMjExYTqAAn1xAVUad2l6YXJkX3R1\ndG9yX3NpZ251cF93aXphcmR9cQIoVQpzdGVwX2ZpbGVzcQN9VQRzdGVwcQRYBQAAAHN0ZXAxcQVV\nCmV4dHJhX2RhdGFxBn1VCXN0ZXBfZGF0YXEHfXVzLg==\n	2013-08-13 22:22:52.159269+00
b9121c13cd0f69bdaa9aad0b0b7915d6	ZGE1Yzk2NWVmNmZkMGEyOWE5M2E1ZjA4OTYwYWIxMzcyNDBiOGUxMDqAAn1xAVUad2l6YXJkX3R1\ndG9yX3NpZ251cF93aXphcmRxAn1xAyhVCnN0ZXBfZmlsZXNxBH1VBHN0ZXBxBVgFAAAAc3RlcDFx\nBlUKZXh0cmFfZGF0YXEHfVUJc3RlcF9kYXRhcQh9dXMu\n	2013-08-06 14:58:40.047624+00
6d37f749fd57a2a97082bf39fe5e811e	YTFhYzhhZWEwZjM1NzdjNDQwYzEzYzZjZDUxMGM1NjZjMDYxMjExYTqAAn1xAVUad2l6YXJkX3R1\ndG9yX3NpZ251cF93aXphcmR9cQIoVQpzdGVwX2ZpbGVzcQN9VQRzdGVwcQRYBQAAAHN0ZXAxcQVV\nCmV4dHJhX2RhdGFxBn1VCXN0ZXBfZGF0YXEHfXVzLg==\n	2013-08-08 15:13:51.977245+00
ef18d089fc81137fc088b66bd6bb816b	ZGE1Yzk2NWVmNmZkMGEyOWE5M2E1ZjA4OTYwYWIxMzcyNDBiOGUxMDqAAn1xAVUad2l6YXJkX3R1\ndG9yX3NpZ251cF93aXphcmRxAn1xAyhVCnN0ZXBfZmlsZXNxBH1VBHN0ZXBxBVgFAAAAc3RlcDFx\nBlUKZXh0cmFfZGF0YXEHfVUJc3RlcF9kYXRhcQh9dXMu\n	2013-08-06 15:37:27.590442+00
2a78378f58121ee62946a3ca3177e076	ZGE1Yzk2NWVmNmZkMGEyOWE5M2E1ZjA4OTYwYWIxMzcyNDBiOGUxMDqAAn1xAVUad2l6YXJkX3R1\ndG9yX3NpZ251cF93aXphcmRxAn1xAyhVCnN0ZXBfZmlsZXNxBH1VBHN0ZXBxBVgFAAAAc3RlcDFx\nBlUKZXh0cmFfZGF0YXEHfVUJc3RlcF9kYXRhcQh9dXMu\n	2013-08-06 17:58:31.144785+00
281c8ce7088b653e34772624822a834c	ZGE1Yzk2NWVmNmZkMGEyOWE5M2E1ZjA4OTYwYWIxMzcyNDBiOGUxMDqAAn1xAVUad2l6YXJkX3R1\ndG9yX3NpZ251cF93aXphcmRxAn1xAyhVCnN0ZXBfZmlsZXNxBH1VBHN0ZXBxBVgFAAAAc3RlcDFx\nBlUKZXh0cmFfZGF0YXEHfVUJc3RlcF9kYXRhcQh9dXMu\n	2013-08-06 18:00:29.62065+00
dbe659066530582352b624159b67fee2	ZGE1Yzk2NWVmNmZkMGEyOWE5M2E1ZjA4OTYwYWIxMzcyNDBiOGUxMDqAAn1xAVUad2l6YXJkX3R1\ndG9yX3NpZ251cF93aXphcmRxAn1xAyhVCnN0ZXBfZmlsZXNxBH1VBHN0ZXBxBVgFAAAAc3RlcDFx\nBlUKZXh0cmFfZGF0YXEHfVUJc3RlcF9kYXRhcQh9dXMu\n	2013-08-08 22:39:09.997564+00
45d97bd7b12feba3ee7805603a2b87e2	ZGE1Yzk2NWVmNmZkMGEyOWE5M2E1ZjA4OTYwYWIxMzcyNDBiOGUxMDqAAn1xAVUad2l6YXJkX3R1\ndG9yX3NpZ251cF93aXphcmRxAn1xAyhVCnN0ZXBfZmlsZXNxBH1VBHN0ZXBxBVgFAAAAc3RlcDFx\nBlUKZXh0cmFfZGF0YXEHfVUJc3RlcF9kYXRhcQh9dXMu\n	2013-08-06 18:39:04.470554+00
4ff092832c1145d7dff2c9edf3906e5b	ZGE1Yzk2NWVmNmZkMGEyOWE5M2E1ZjA4OTYwYWIxMzcyNDBiOGUxMDqAAn1xAVUad2l6YXJkX3R1\ndG9yX3NpZ251cF93aXphcmRxAn1xAyhVCnN0ZXBfZmlsZXNxBH1VBHN0ZXBxBVgFAAAAc3RlcDFx\nBlUKZXh0cmFfZGF0YXEHfVUJc3RlcF9kYXRhcQh9dXMu\n	2013-08-06 19:19:06.219042+00
9bb92e8562f73f015e87159a4a85cfc4	ZGE1Yzk2NWVmNmZkMGEyOWE5M2E1ZjA4OTYwYWIxMzcyNDBiOGUxMDqAAn1xAVUad2l6YXJkX3R1\ndG9yX3NpZ251cF93aXphcmRxAn1xAyhVCnN0ZXBfZmlsZXNxBH1VBHN0ZXBxBVgFAAAAc3RlcDFx\nBlUKZXh0cmFfZGF0YXEHfVUJc3RlcF9kYXRhcQh9dXMu\n	2013-08-08 23:02:18.317734+00
ee9914907162124600f0ea53588c733e	ZGE1Yzk2NWVmNmZkMGEyOWE5M2E1ZjA4OTYwYWIxMzcyNDBiOGUxMDqAAn1xAVUad2l6YXJkX3R1\ndG9yX3NpZ251cF93aXphcmRxAn1xAyhVCnN0ZXBfZmlsZXNxBH1VBHN0ZXBxBVgFAAAAc3RlcDFx\nBlUKZXh0cmFfZGF0YXEHfVUJc3RlcF9kYXRhcQh9dXMu\n	2013-08-06 20:20:39.604979+00
ba10427fb7c48e584a82e4eb8221ed7a	ZGE1Yzk2NWVmNmZkMGEyOWE5M2E1ZjA4OTYwYWIxMzcyNDBiOGUxMDqAAn1xAVUad2l6YXJkX3R1\ndG9yX3NpZ251cF93aXphcmRxAn1xAyhVCnN0ZXBfZmlsZXNxBH1VBHN0ZXBxBVgFAAAAc3RlcDFx\nBlUKZXh0cmFfZGF0YXEHfVUJc3RlcF9kYXRhcQh9dXMu\n	2013-08-06 21:02:51.265485+00
5752555dd4998534ea7c26d99a03add4	ZGE1Yzk2NWVmNmZkMGEyOWE5M2E1ZjA4OTYwYWIxMzcyNDBiOGUxMDqAAn1xAVUad2l6YXJkX3R1\ndG9yX3NpZ251cF93aXphcmRxAn1xAyhVCnN0ZXBfZmlsZXNxBH1VBHN0ZXBxBVgFAAAAc3RlcDFx\nBlUKZXh0cmFfZGF0YXEHfVUJc3RlcF9kYXRhcQh9dXMu\n	2013-08-06 21:06:23.358052+00
2b2b879b654923ac7a093c8029e4877d	ZGE1Yzk2NWVmNmZkMGEyOWE5M2E1ZjA4OTYwYWIxMzcyNDBiOGUxMDqAAn1xAVUad2l6YXJkX3R1\ndG9yX3NpZ251cF93aXphcmRxAn1xAyhVCnN0ZXBfZmlsZXNxBH1VBHN0ZXBxBVgFAAAAc3RlcDFx\nBlUKZXh0cmFfZGF0YXEHfVUJc3RlcF9kYXRhcQh9dXMu\n	2013-08-06 21:15:48.786299+00
1cd2fed9843da121eeead38dc38ccaf9	ZGE1Yzk2NWVmNmZkMGEyOWE5M2E1ZjA4OTYwYWIxMzcyNDBiOGUxMDqAAn1xAVUad2l6YXJkX3R1\ndG9yX3NpZ251cF93aXphcmRxAn1xAyhVCnN0ZXBfZmlsZXNxBH1VBHN0ZXBxBVgFAAAAc3RlcDFx\nBlUKZXh0cmFfZGF0YXEHfVUJc3RlcF9kYXRhcQh9dXMu\n	2013-08-06 21:16:46.803202+00
96c78170a673062623fe1d9dd6f9a9f2	YTFhYzhhZWEwZjM1NzdjNDQwYzEzYzZjZDUxMGM1NjZjMDYxMjExYTqAAn1xAVUad2l6YXJkX3R1\ndG9yX3NpZ251cF93aXphcmR9cQIoVQpzdGVwX2ZpbGVzcQN9VQRzdGVwcQRYBQAAAHN0ZXAxcQVV\nCmV4dHJhX2RhdGFxBn1VCXN0ZXBfZGF0YXEHfXVzLg==\n	2013-08-06 21:23:12.3272+00
cfd63251e379327563b265f0de018ce1	YTFhYzhhZWEwZjM1NzdjNDQwYzEzYzZjZDUxMGM1NjZjMDYxMjExYTqAAn1xAVUad2l6YXJkX3R1\ndG9yX3NpZ251cF93aXphcmR9cQIoVQpzdGVwX2ZpbGVzcQN9VQRzdGVwcQRYBQAAAHN0ZXAxcQVV\nCmV4dHJhX2RhdGFxBn1VCXN0ZXBfZGF0YXEHfXVzLg==\n	2013-08-06 21:26:02.016135+00
ed1c8b8b8f4d83d352b86c1f9fe64c6f	ZGE1Yzk2NWVmNmZkMGEyOWE5M2E1ZjA4OTYwYWIxMzcyNDBiOGUxMDqAAn1xAVUad2l6YXJkX3R1\ndG9yX3NpZ251cF93aXphcmRxAn1xAyhVCnN0ZXBfZmlsZXNxBH1VBHN0ZXBxBVgFAAAAc3RlcDFx\nBlUKZXh0cmFfZGF0YXEHfVUJc3RlcF9kYXRhcQh9dXMu\n	2013-08-06 21:27:50.46153+00
4f8d2e0cb65b0e37cace0bc860eb582f	YTFhYzhhZWEwZjM1NzdjNDQwYzEzYzZjZDUxMGM1NjZjMDYxMjExYTqAAn1xAVUad2l6YXJkX3R1\ndG9yX3NpZ251cF93aXphcmR9cQIoVQpzdGVwX2ZpbGVzcQN9VQRzdGVwcQRYBQAAAHN0ZXAxcQVV\nCmV4dHJhX2RhdGFxBn1VCXN0ZXBfZGF0YXEHfXVzLg==\n	2013-08-06 21:28:06.902047+00
777cd09a0ed71b4cf4f9efcaeb04a077	ZGE1Yzk2NWVmNmZkMGEyOWE5M2E1ZjA4OTYwYWIxMzcyNDBiOGUxMDqAAn1xAVUad2l6YXJkX3R1\ndG9yX3NpZ251cF93aXphcmRxAn1xAyhVCnN0ZXBfZmlsZXNxBH1VBHN0ZXBxBVgFAAAAc3RlcDFx\nBlUKZXh0cmFfZGF0YXEHfVUJc3RlcF9kYXRhcQh9dXMu\n	2013-08-06 21:28:22.141373+00
9f6a1523f868c7217008adf05f4cd7a1	ZGE1Yzk2NWVmNmZkMGEyOWE5M2E1ZjA4OTYwYWIxMzcyNDBiOGUxMDqAAn1xAVUad2l6YXJkX3R1\ndG9yX3NpZ251cF93aXphcmRxAn1xAyhVCnN0ZXBfZmlsZXNxBH1VBHN0ZXBxBVgFAAAAc3RlcDFx\nBlUKZXh0cmFfZGF0YXEHfVUJc3RlcF9kYXRhcQh9dXMu\n	2013-08-06 21:28:22.594816+00
c926816819deacfb01241d20e1a416b6	YTFhYzhhZWEwZjM1NzdjNDQwYzEzYzZjZDUxMGM1NjZjMDYxMjExYTqAAn1xAVUad2l6YXJkX3R1\ndG9yX3NpZ251cF93aXphcmR9cQIoVQpzdGVwX2ZpbGVzcQN9VQRzdGVwcQRYBQAAAHN0ZXAxcQVV\nCmV4dHJhX2RhdGFxBn1VCXN0ZXBfZGF0YXEHfXVzLg==\n	2013-08-06 21:39:46.098127+00
2fee8fa50f4e8a31ac7cc3c466226cd6	ZGE1Yzk2NWVmNmZkMGEyOWE5M2E1ZjA4OTYwYWIxMzcyNDBiOGUxMDqAAn1xAVUad2l6YXJkX3R1\ndG9yX3NpZ251cF93aXphcmRxAn1xAyhVCnN0ZXBfZmlsZXNxBH1VBHN0ZXBxBVgFAAAAc3RlcDFx\nBlUKZXh0cmFfZGF0YXEHfVUJc3RlcF9kYXRhcQh9dXMu\n	2013-08-06 22:17:16.486716+00
d700445eaa474c88bd71c1e04522bc21	ZGE1Yzk2NWVmNmZkMGEyOWE5M2E1ZjA4OTYwYWIxMzcyNDBiOGUxMDqAAn1xAVUad2l6YXJkX3R1\ndG9yX3NpZ251cF93aXphcmRxAn1xAyhVCnN0ZXBfZmlsZXNxBH1VBHN0ZXBxBVgFAAAAc3RlcDFx\nBlUKZXh0cmFfZGF0YXEHfVUJc3RlcF9kYXRhcQh9dXMu\n	2013-08-07 23:44:30.742064+00
6298987c162b2d71cd519fbe2e01765b	YTFhYzhhZWEwZjM1NzdjNDQwYzEzYzZjZDUxMGM1NjZjMDYxMjExYTqAAn1xAVUad2l6YXJkX3R1\ndG9yX3NpZ251cF93aXphcmR9cQIoVQpzdGVwX2ZpbGVzcQN9VQRzdGVwcQRYBQAAAHN0ZXAxcQVV\nCmV4dHJhX2RhdGFxBn1VCXN0ZXBfZGF0YXEHfXVzLg==\n	2013-08-06 23:10:08.317431+00
1b50cf27531503b2b1c913858dbbce7a	ZGE1Yzk2NWVmNmZkMGEyOWE5M2E1ZjA4OTYwYWIxMzcyNDBiOGUxMDqAAn1xAVUad2l6YXJkX3R1\ndG9yX3NpZ251cF93aXphcmRxAn1xAyhVCnN0ZXBfZmlsZXNxBH1VBHN0ZXBxBVgFAAAAc3RlcDFx\nBlUKZXh0cmFfZGF0YXEHfVUJc3RlcF9kYXRhcQh9dXMu\n	2013-08-06 23:16:12.958526+00
693db10e57470ab0809e850c62303ded	ZGE1Yzk2NWVmNmZkMGEyOWE5M2E1ZjA4OTYwYWIxMzcyNDBiOGUxMDqAAn1xAVUad2l6YXJkX3R1\ndG9yX3NpZ251cF93aXphcmRxAn1xAyhVCnN0ZXBfZmlsZXNxBH1VBHN0ZXBxBVgFAAAAc3RlcDFx\nBlUKZXh0cmFfZGF0YXEHfVUJc3RlcF9kYXRhcQh9dXMu\n	2013-08-06 23:17:19.367231+00
24b034fbc6993c47cd7b23f09689f089	ZGE1Yzk2NWVmNmZkMGEyOWE5M2E1ZjA4OTYwYWIxMzcyNDBiOGUxMDqAAn1xAVUad2l6YXJkX3R1\ndG9yX3NpZ251cF93aXphcmRxAn1xAyhVCnN0ZXBfZmlsZXNxBH1VBHN0ZXBxBVgFAAAAc3RlcDFx\nBlUKZXh0cmFfZGF0YXEHfVUJc3RlcF9kYXRhcQh9dXMu\n	2013-08-06 23:27:55.857138+00
a5560be3d527bc9bade9e2e7a9c517b7	ZGE1Yzk2NWVmNmZkMGEyOWE5M2E1ZjA4OTYwYWIxMzcyNDBiOGUxMDqAAn1xAVUad2l6YXJkX3R1\ndG9yX3NpZ251cF93aXphcmRxAn1xAyhVCnN0ZXBfZmlsZXNxBH1VBHN0ZXBxBVgFAAAAc3RlcDFx\nBlUKZXh0cmFfZGF0YXEHfVUJc3RlcF9kYXRhcQh9dXMu\n	2013-08-08 15:13:42.001256+00
918e8b2d07bdd12bb25a1c7d5dd1d9eb	YTFhYzhhZWEwZjM1NzdjNDQwYzEzYzZjZDUxMGM1NjZjMDYxMjExYTqAAn1xAVUad2l6YXJkX3R1\ndG9yX3NpZ251cF93aXphcmR9cQIoVQpzdGVwX2ZpbGVzcQN9VQRzdGVwcQRYBQAAAHN0ZXAxcQVV\nCmV4dHJhX2RhdGFxBn1VCXN0ZXBfZGF0YXEHfXVzLg==\n	2013-08-06 23:38:46.578905+00
8b30ffb029da92191731f8389c8ca7c2	ZGE1Yzk2NWVmNmZkMGEyOWE5M2E1ZjA4OTYwYWIxMzcyNDBiOGUxMDqAAn1xAVUad2l6YXJkX3R1\ndG9yX3NpZ251cF93aXphcmRxAn1xAyhVCnN0ZXBfZmlsZXNxBH1VBHN0ZXBxBVgFAAAAc3RlcDFx\nBlUKZXh0cmFfZGF0YXEHfVUJc3RlcF9kYXRhcQh9dXMu\n	2013-08-07 00:10:43.858414+00
fc2b17ece36f2ce04d0667ee9a3ed295	ZGE1Yzk2NWVmNmZkMGEyOWE5M2E1ZjA4OTYwYWIxMzcyNDBiOGUxMDqAAn1xAVUad2l6YXJkX3R1\ndG9yX3NpZ251cF93aXphcmRxAn1xAyhVCnN0ZXBfZmlsZXNxBH1VBHN0ZXBxBVgFAAAAc3RlcDFx\nBlUKZXh0cmFfZGF0YXEHfVUJc3RlcF9kYXRhcQh9dXMu\n	2013-08-07 00:20:24.686786+00
08a2f47b273e3cc8597a7f973c0aee71	ZGE1Yzk2NWVmNmZkMGEyOWE5M2E1ZjA4OTYwYWIxMzcyNDBiOGUxMDqAAn1xAVUad2l6YXJkX3R1\ndG9yX3NpZ251cF93aXphcmRxAn1xAyhVCnN0ZXBfZmlsZXNxBH1VBHN0ZXBxBVgFAAAAc3RlcDFx\nBlUKZXh0cmFfZGF0YXEHfVUJc3RlcF9kYXRhcQh9dXMu\n	2013-08-07 00:33:06.616392+00
2f305e1222ec2a27e1b920224f8b3b23	YTFhYzhhZWEwZjM1NzdjNDQwYzEzYzZjZDUxMGM1NjZjMDYxMjExYTqAAn1xAVUad2l6YXJkX3R1\ndG9yX3NpZ251cF93aXphcmR9cQIoVQpzdGVwX2ZpbGVzcQN9VQRzdGVwcQRYBQAAAHN0ZXAxcQVV\nCmV4dHJhX2RhdGFxBn1VCXN0ZXBfZGF0YXEHfXVzLg==\n	2013-08-07 00:34:12.203574+00
0a84370758f39fe9b1d1cd893fc4d4e4	ZGE1Yzk2NWVmNmZkMGEyOWE5M2E1ZjA4OTYwYWIxMzcyNDBiOGUxMDqAAn1xAVUad2l6YXJkX3R1\ndG9yX3NpZ251cF93aXphcmRxAn1xAyhVCnN0ZXBfZmlsZXNxBH1VBHN0ZXBxBVgFAAAAc3RlcDFx\nBlUKZXh0cmFfZGF0YXEHfVUJc3RlcF9kYXRhcQh9dXMu\n	2013-08-07 00:37:41.908257+00
e2159011f27d6b614818020c9b35492a	ZGE1Yzk2NWVmNmZkMGEyOWE5M2E1ZjA4OTYwYWIxMzcyNDBiOGUxMDqAAn1xAVUad2l6YXJkX3R1\ndG9yX3NpZ251cF93aXphcmRxAn1xAyhVCnN0ZXBfZmlsZXNxBH1VBHN0ZXBxBVgFAAAAc3RlcDFx\nBlUKZXh0cmFfZGF0YXEHfVUJc3RlcF9kYXRhcQh9dXMu\n	2013-08-07 00:47:45.605891+00
01fe8df6c8bee59fd3abe5fdee460256	ZGE1Yzk2NWVmNmZkMGEyOWE5M2E1ZjA4OTYwYWIxMzcyNDBiOGUxMDqAAn1xAVUad2l6YXJkX3R1\ndG9yX3NpZ251cF93aXphcmRxAn1xAyhVCnN0ZXBfZmlsZXNxBH1VBHN0ZXBxBVgFAAAAc3RlcDFx\nBlUKZXh0cmFfZGF0YXEHfVUJc3RlcF9kYXRhcQh9dXMu\n	2013-08-07 00:47:50.98564+00
c3f72c50649862c200fcf25115e15f8c	ZGE1Yzk2NWVmNmZkMGEyOWE5M2E1ZjA4OTYwYWIxMzcyNDBiOGUxMDqAAn1xAVUad2l6YXJkX3R1\ndG9yX3NpZ251cF93aXphcmRxAn1xAyhVCnN0ZXBfZmlsZXNxBH1VBHN0ZXBxBVgFAAAAc3RlcDFx\nBlUKZXh0cmFfZGF0YXEHfVUJc3RlcF9kYXRhcQh9dXMu\n	2013-08-07 00:57:28.929336+00
9acd828cfbf9e7d46c0e47cf531bd22d	ZGE1Yzk2NWVmNmZkMGEyOWE5M2E1ZjA4OTYwYWIxMzcyNDBiOGUxMDqAAn1xAVUad2l6YXJkX3R1\ndG9yX3NpZ251cF93aXphcmRxAn1xAyhVCnN0ZXBfZmlsZXNxBH1VBHN0ZXBxBVgFAAAAc3RlcDFx\nBlUKZXh0cmFfZGF0YXEHfVUJc3RlcF9kYXRhcQh9dXMu\n	2013-08-07 00:59:27.754663+00
e0e30245bbcc9cca939121d24aed91ea	YTFhYzhhZWEwZjM1NzdjNDQwYzEzYzZjZDUxMGM1NjZjMDYxMjExYTqAAn1xAVUad2l6YXJkX3R1\ndG9yX3NpZ251cF93aXphcmR9cQIoVQpzdGVwX2ZpbGVzcQN9VQRzdGVwcQRYBQAAAHN0ZXAxcQVV\nCmV4dHJhX2RhdGFxBn1VCXN0ZXBfZGF0YXEHfXVzLg==\n	2013-08-07 01:41:57.891466+00
7f4eab75000cd9c88a234e2e2a4b93af	ZGE1Yzk2NWVmNmZkMGEyOWE5M2E1ZjA4OTYwYWIxMzcyNDBiOGUxMDqAAn1xAVUad2l6YXJkX3R1\ndG9yX3NpZ251cF93aXphcmRxAn1xAyhVCnN0ZXBfZmlsZXNxBH1VBHN0ZXBxBVgFAAAAc3RlcDFx\nBlUKZXh0cmFfZGF0YXEHfVUJc3RlcF9kYXRhcQh9dXMu\n	2013-08-07 03:11:20.723935+00
0f9985750e318ef62a176a514c07e3a9	ZGE1Yzk2NWVmNmZkMGEyOWE5M2E1ZjA4OTYwYWIxMzcyNDBiOGUxMDqAAn1xAVUad2l6YXJkX3R1\ndG9yX3NpZ251cF93aXphcmRxAn1xAyhVCnN0ZXBfZmlsZXNxBH1VBHN0ZXBxBVgFAAAAc3RlcDFx\nBlUKZXh0cmFfZGF0YXEHfVUJc3RlcF9kYXRhcQh9dXMu\n	2013-08-07 04:04:59.039404+00
150517f0d690ceee6a7d4b986aeb7a28	ZGE1Yzk2NWVmNmZkMGEyOWE5M2E1ZjA4OTYwYWIxMzcyNDBiOGUxMDqAAn1xAVUad2l6YXJkX3R1\ndG9yX3NpZ251cF93aXphcmRxAn1xAyhVCnN0ZXBfZmlsZXNxBH1VBHN0ZXBxBVgFAAAAc3RlcDFx\nBlUKZXh0cmFfZGF0YXEHfVUJc3RlcF9kYXRhcQh9dXMu\n	2013-08-07 04:24:25.240438+00
fb91819607fd0e90286d2932aab4502c	YTFhYzhhZWEwZjM1NzdjNDQwYzEzYzZjZDUxMGM1NjZjMDYxMjExYTqAAn1xAVUad2l6YXJkX3R1\ndG9yX3NpZ251cF93aXphcmR9cQIoVQpzdGVwX2ZpbGVzcQN9VQRzdGVwcQRYBQAAAHN0ZXAxcQVV\nCmV4dHJhX2RhdGFxBn1VCXN0ZXBfZGF0YXEHfXVzLg==\n	2013-08-07 04:34:49.966387+00
3f2ca7f81a5d97073d820e4d89228f03	ZGE1Yzk2NWVmNmZkMGEyOWE5M2E1ZjA4OTYwYWIxMzcyNDBiOGUxMDqAAn1xAVUad2l6YXJkX3R1\ndG9yX3NpZ251cF93aXphcmRxAn1xAyhVCnN0ZXBfZmlsZXNxBH1VBHN0ZXBxBVgFAAAAc3RlcDFx\nBlUKZXh0cmFfZGF0YXEHfVUJc3RlcF9kYXRhcQh9dXMu\n	2013-08-07 04:42:08.068977+00
8feebd05e4bf09b4ff6f7ee367c7b47f	ZGE1Yzk2NWVmNmZkMGEyOWE5M2E1ZjA4OTYwYWIxMzcyNDBiOGUxMDqAAn1xAVUad2l6YXJkX3R1\ndG9yX3NpZ251cF93aXphcmRxAn1xAyhVCnN0ZXBfZmlsZXNxBH1VBHN0ZXBxBVgFAAAAc3RlcDFx\nBlUKZXh0cmFfZGF0YXEHfVUJc3RlcF9kYXRhcQh9dXMu\n	2013-08-07 04:43:15.25695+00
173107158b31dde6040b84a7be1e3641	ZGE1Yzk2NWVmNmZkMGEyOWE5M2E1ZjA4OTYwYWIxMzcyNDBiOGUxMDqAAn1xAVUad2l6YXJkX3R1\ndG9yX3NpZ251cF93aXphcmRxAn1xAyhVCnN0ZXBfZmlsZXNxBH1VBHN0ZXBxBVgFAAAAc3RlcDFx\nBlUKZXh0cmFfZGF0YXEHfVUJc3RlcF9kYXRhcQh9dXMu\n	2013-08-07 04:43:45.025688+00
d581062b517437981280ec8808d1d8f9	YTFhYzhhZWEwZjM1NzdjNDQwYzEzYzZjZDUxMGM1NjZjMDYxMjExYTqAAn1xAVUad2l6YXJkX3R1\ndG9yX3NpZ251cF93aXphcmR9cQIoVQpzdGVwX2ZpbGVzcQN9VQRzdGVwcQRYBQAAAHN0ZXAxcQVV\nCmV4dHJhX2RhdGFxBn1VCXN0ZXBfZGF0YXEHfXVzLg==\n	2013-08-07 06:55:58.11765+00
bea55e8fe1b38d1c6e835fb6b44d5187	ZGE1Yzk2NWVmNmZkMGEyOWE5M2E1ZjA4OTYwYWIxMzcyNDBiOGUxMDqAAn1xAVUad2l6YXJkX3R1\ndG9yX3NpZ251cF93aXphcmRxAn1xAyhVCnN0ZXBfZmlsZXNxBH1VBHN0ZXBxBVgFAAAAc3RlcDFx\nBlUKZXh0cmFfZGF0YXEHfVUJc3RlcF9kYXRhcQh9dXMu\n	2013-08-07 07:47:05.456605+00
8babe0ca7e2b64c729cd178738530cca	YTFhYzhhZWEwZjM1NzdjNDQwYzEzYzZjZDUxMGM1NjZjMDYxMjExYTqAAn1xAVUad2l6YXJkX3R1\ndG9yX3NpZ251cF93aXphcmR9cQIoVQpzdGVwX2ZpbGVzcQN9VQRzdGVwcQRYBQAAAHN0ZXAxcQVV\nCmV4dHJhX2RhdGFxBn1VCXN0ZXBfZGF0YXEHfXVzLg==\n	2013-08-07 07:56:42.245261+00
863a34250edcab6371ce1901106430fa	ZGE1Yzk2NWVmNmZkMGEyOWE5M2E1ZjA4OTYwYWIxMzcyNDBiOGUxMDqAAn1xAVUad2l6YXJkX3R1\ndG9yX3NpZ251cF93aXphcmRxAn1xAyhVCnN0ZXBfZmlsZXNxBH1VBHN0ZXBxBVgFAAAAc3RlcDFx\nBlUKZXh0cmFfZGF0YXEHfVUJc3RlcF9kYXRhcQh9dXMu\n	2013-08-07 08:25:08.765525+00
e8e82ebdaa2812841ed5345f56b25f3c	ZGE1Yzk2NWVmNmZkMGEyOWE5M2E1ZjA4OTYwYWIxMzcyNDBiOGUxMDqAAn1xAVUad2l6YXJkX3R1\ndG9yX3NpZ251cF93aXphcmRxAn1xAyhVCnN0ZXBfZmlsZXNxBH1VBHN0ZXBxBVgFAAAAc3RlcDFx\nBlUKZXh0cmFfZGF0YXEHfVUJc3RlcF9kYXRhcQh9dXMu\n	2013-08-07 08:31:01.190236+00
fdab76e39b5749682464de8a643d55e3	ZGE1Yzk2NWVmNmZkMGEyOWE5M2E1ZjA4OTYwYWIxMzcyNDBiOGUxMDqAAn1xAVUad2l6YXJkX3R1\ndG9yX3NpZ251cF93aXphcmRxAn1xAyhVCnN0ZXBfZmlsZXNxBH1VBHN0ZXBxBVgFAAAAc3RlcDFx\nBlUKZXh0cmFfZGF0YXEHfVUJc3RlcF9kYXRhcQh9dXMu\n	2013-08-07 08:33:08.34335+00
bff7bbe6dfbdcb31dd73661ebce9cb89	ZGE1Yzk2NWVmNmZkMGEyOWE5M2E1ZjA4OTYwYWIxMzcyNDBiOGUxMDqAAn1xAVUad2l6YXJkX3R1\ndG9yX3NpZ251cF93aXphcmRxAn1xAyhVCnN0ZXBfZmlsZXNxBH1VBHN0ZXBxBVgFAAAAc3RlcDFx\nBlUKZXh0cmFfZGF0YXEHfVUJc3RlcF9kYXRhcQh9dXMu\n	2013-08-07 08:33:16.00912+00
bea82325ad34c1a23b65c7d32f503966	ZGE1Yzk2NWVmNmZkMGEyOWE5M2E1ZjA4OTYwYWIxMzcyNDBiOGUxMDqAAn1xAVUad2l6YXJkX3R1\ndG9yX3NpZ251cF93aXphcmRxAn1xAyhVCnN0ZXBfZmlsZXNxBH1VBHN0ZXBxBVgFAAAAc3RlcDFx\nBlUKZXh0cmFfZGF0YXEHfVUJc3RlcF9kYXRhcQh9dXMu\n	2013-08-07 09:40:44.630123+00
ba911dfd9ac8849eddb976c0701926ed	ZGE1Yzk2NWVmNmZkMGEyOWE5M2E1ZjA4OTYwYWIxMzcyNDBiOGUxMDqAAn1xAVUad2l6YXJkX3R1\ndG9yX3NpZ251cF93aXphcmRxAn1xAyhVCnN0ZXBfZmlsZXNxBH1VBHN0ZXBxBVgFAAAAc3RlcDFx\nBlUKZXh0cmFfZGF0YXEHfVUJc3RlcF9kYXRhcQh9dXMu\n	2013-08-07 09:40:45.208275+00
8fae0796e2f94502c575b9180a3ee929	ZGE1Yzk2NWVmNmZkMGEyOWE5M2E1ZjA4OTYwYWIxMzcyNDBiOGUxMDqAAn1xAVUad2l6YXJkX3R1\ndG9yX3NpZ251cF93aXphcmRxAn1xAyhVCnN0ZXBfZmlsZXNxBH1VBHN0ZXBxBVgFAAAAc3RlcDFx\nBlUKZXh0cmFfZGF0YXEHfVUJc3RlcF9kYXRhcQh9dXMu\n	2013-08-12 20:31:09.871087+00
faaeb810a34e0d58c134fdc21532e923	ZGE1Yzk2NWVmNmZkMGEyOWE5M2E1ZjA4OTYwYWIxMzcyNDBiOGUxMDqAAn1xAVUad2l6YXJkX3R1\ndG9yX3NpZ251cF93aXphcmRxAn1xAyhVCnN0ZXBfZmlsZXNxBH1VBHN0ZXBxBVgFAAAAc3RlcDFx\nBlUKZXh0cmFfZGF0YXEHfVUJc3RlcF9kYXRhcQh9dXMu\n	2013-08-07 10:45:37.716569+00
76fb7e6c0978ce5abf976bf190552bd3	ZGE1Yzk2NWVmNmZkMGEyOWE5M2E1ZjA4OTYwYWIxMzcyNDBiOGUxMDqAAn1xAVUad2l6YXJkX3R1\ndG9yX3NpZ251cF93aXphcmRxAn1xAyhVCnN0ZXBfZmlsZXNxBH1VBHN0ZXBxBVgFAAAAc3RlcDFx\nBlUKZXh0cmFfZGF0YXEHfVUJc3RlcF9kYXRhcQh9dXMu\n	2013-08-12 20:34:42.637347+00
34d6ac145d398705ed09e040de882ac5	ZmMxZWMyNDk4MGEzYmIzMzY4ODliYzQ0MWU5ODUwYTJlNzlkZmFmZDqAAn1xAVUad2l6YXJkX3R1\ndG9yX3NpZ251cF93aXphcmR9cQIoVQpzdGVwX2ZpbGVzfXEDKFgFAAAAc3RlcDRxBH1YBQAAAHN0\nZXAzcQV9WAUAAABzdGVwMnEGfVgFAAAAc3RlcDFxB311VQRzdGVwWAUAAABzdGVwNXEIVQpleHRy\nYV9kYXRhfVUJc3RlcF9kYXRhfXEJKGgEfXEKKFgFAAAAYWJvdXRxC11xDFiYAQAASSBoYXZlIGEg\nUGhEIGluIG1hdGhlbWF0aWNzIGZyb20gVGhlIFVuaXZlcnNpdHkgb2YgTWljaGlnYW4sIGhhdmUg\ndGF1Z2h0IHVuZGVyZ3JhZHVhdGUgYW5kIGdyYWR1YXRlIG1hdGhlbWF0aWNzIGFuZCBlbmdpbmVl\ncmluZyBjb3Vyc2VzIGF0IFNVTlkgQ29sbGVnZSBhdCBQdXJjaGFzZSwgUGFjZSBVbml2ZXJzaXR5\nLCBGb3JkaGFtIFVuaXZlcnNpdHksIFBvbHl0ZWNobmljIFVuaXZlcnNpdHkgYW5kIElvbmEgQ29s\nbGVnZS4gIEkgb2ZmZXIgaW5kaXZpZHVhbCB0dXRvcmluZyB0aHJvdWdob3V0IFdlc3RjaGVzdGVy\nIGFuZCBGYWlyZmllbGQgY291bnRpZXMgdG8gaGlnaCBzY2hvb2wgYW5kIGNvbGxlZ2Ugc3R1ZGVu\ndHMgZm9yIGFsbCB1bmRlcmdyYWR1YXRlIG1hdGhlbWF0aWNzIGFuZCBwaHlzaWNzIGNvdXJzZXMu\ncQ1hWA0AAAB0dXRvcmluZ190eXBlcQ5dcQ9YAQAAADBhWCAAAAB0dXRvcl9zaWdudXBfd2l6YXJk\nLWN1cnJlbnRfc3RlcHEQXXERWAUAAABzdGVwNHESYVgIAAAAY3VycmVuY3lxE11xFFgBAAAAM2FY\nEwAAAGNzcmZtaWRkbGV3YXJldG9rZW5xFV1xFlggAAAAWGxMa1NrYUpuU3RQVDRZeUlSTzVwbjNM\nY2FSQm41Q1NxF2FYDgAAAHByaWNlX3Blcl9ob3VycRhdcRlYAwAAADE1MHEaYXVoBX1xGyhYIAAA\nAHR1dG9yX3NpZ251cF93aXphcmQtY3VycmVudF9zdGVwXXEcWAUAAABzdGVwM3EdYVgTAAAAY3Ny\nZm1pZGRsZXdhcmV0b2tlbl1xHlggAAAAWGxMa1NrYUpuU3RQVDRZeUlSTzVwbjNMY2FSQm41Q1Nx\nH2FYBgAAAGdlbnJlc11xIChYAwAAADMwNnEhWAMAAAAzMDRxIlgDAAAAMzA3cSNYAwAAADMwOHEk\nWAMAAAAzMDlxJVgDAAAAMzExcSZYAwAAADMxMHEnWAMAAAAzMTJxKFgDAAAAMzEzcSlYAwAAADMx\nNHEqWAMAAAAzMTVxK1gDAAAAMjk2cSxYAwAAADI5N3EtWAMAAAAyOThxLlgDAAAAMzAwcS9YAwAA\nADMwMnEwWAMAAAAxNzZxMVgDAAAAMTc3cTJYAwAAADE3OHEzWAMAAAAxNzlxNFgDAAAAMTgwcTVY\nAwAAADE4MXE2WAMAAAAxODNxN1gDAAAAMTIzcThYAgAAADk4cTlYAgAAADkwcTpYAgAAADkxcTtY\nAgAAADkzcTxYAgAAADc3cT1ldWgGfXE+KFgGAAAAZ2VuZGVyXXE/WAEAAAAwYVgNAAAAcHJvZmls\nZV9pbWFnZV1xQFgAAAAAYVgHAAAAemlwY29kZV1xQVgFAAAAMTA1NjdxQmFYIAAAAHR1dG9yX3Np\nZ251cF93aXphcmQtY3VycmVudF9zdGVwXXFDWAUAAABzdGVwMnFEYVgNAAAAZGF0ZV9vZl9iaXJ0\naF1xRVgJAAAAMTk0Ny04LTE0cUZhWAQAAABmaWxlXXFHWAAAAABhWAcAAABjb3VudHJ5XXFIWAIA\nAABVU3FJYVgIAAAAdGltZXpvbmVdcUpYCQAAAFVTL0FsYXNrYXFLYVgTAAAAY3NyZm1pZGRsZXdh\ncmV0b2tlbl1xTFggAAAAWGxMa1NrYUpuU3RQVDRZeUlSTzVwbjNMY2FSQm41Q1NxTWF1aAd9cU4o\nWAkAAABwYXNzd29yZDFdcU9YCAAAAGIwUTNQeEFpcVBhWAoAAABmaXJzdF9uYW1lXXFRWAYAAABT\naWRuZXlxUmFYCQAAAGxhc3RfbmFtZV1xU1gHAAAASGFudGxlcnFUYVggAAAAdHV0b3Jfc2lnbnVw\nX3dpemFyZC1jdXJyZW50X3N0ZXBdcVVYBQAAAHN0ZXAxcVZhWBMAAABjc3JmbWlkZGxld2FyZXRv\na2VuXXFXWCAAAABYbExrU2thSm5TdFBUNFl5SVJPNXBuM0xjYVJCbjVDU3FYYVgFAAAAZW1haWxd\ncVlYGQAAAHR1dG9yQHdlc3RjaGVzdGVybWF0aC5jb21xWmF1dXVzLg==\n	2013-08-07 10:50:31.447277+00
c47240e89081ba4f5df13d8db31c4c33	ZGE1Yzk2NWVmNmZkMGEyOWE5M2E1ZjA4OTYwYWIxMzcyNDBiOGUxMDqAAn1xAVUad2l6YXJkX3R1\ndG9yX3NpZ251cF93aXphcmRxAn1xAyhVCnN0ZXBfZmlsZXNxBH1VBHN0ZXBxBVgFAAAAc3RlcDFx\nBlUKZXh0cmFfZGF0YXEHfVUJc3RlcF9kYXRhcQh9dXMu\n	2013-08-07 10:52:45.09125+00
4a3c884f3acb77cff0c32fada8181e7d	ZGE1Yzk2NWVmNmZkMGEyOWE5M2E1ZjA4OTYwYWIxMzcyNDBiOGUxMDqAAn1xAVUad2l6YXJkX3R1\ndG9yX3NpZ251cF93aXphcmRxAn1xAyhVCnN0ZXBfZmlsZXNxBH1VBHN0ZXBxBVgFAAAAc3RlcDFx\nBlUKZXh0cmFfZGF0YXEHfVUJc3RlcF9kYXRhcQh9dXMu\n	2013-08-07 14:32:34.036603+00
d37b8ad228af30184018303ec39682b7	ZGE1Yzk2NWVmNmZkMGEyOWE5M2E1ZjA4OTYwYWIxMzcyNDBiOGUxMDqAAn1xAVUad2l6YXJkX3R1\ndG9yX3NpZ251cF93aXphcmRxAn1xAyhVCnN0ZXBfZmlsZXNxBH1VBHN0ZXBxBVgFAAAAc3RlcDFx\nBlUKZXh0cmFfZGF0YXEHfVUJc3RlcF9kYXRhcQh9dXMu\n	2013-08-07 15:26:21.966074+00
48cd62f77688a6e51f16a52e3df68607	ZGE1Yzk2NWVmNmZkMGEyOWE5M2E1ZjA4OTYwYWIxMzcyNDBiOGUxMDqAAn1xAVUad2l6YXJkX3R1\ndG9yX3NpZ251cF93aXphcmRxAn1xAyhVCnN0ZXBfZmlsZXNxBH1VBHN0ZXBxBVgFAAAAc3RlcDFx\nBlUKZXh0cmFfZGF0YXEHfVUJc3RlcF9kYXRhcQh9dXMu\n	2013-08-07 16:24:43.148239+00
75543769a50efe372091c93c6b2fe74d	YTFhYzhhZWEwZjM1NzdjNDQwYzEzYzZjZDUxMGM1NjZjMDYxMjExYTqAAn1xAVUad2l6YXJkX3R1\ndG9yX3NpZ251cF93aXphcmR9cQIoVQpzdGVwX2ZpbGVzcQN9VQRzdGVwcQRYBQAAAHN0ZXAxcQVV\nCmV4dHJhX2RhdGFxBn1VCXN0ZXBfZGF0YXEHfXVzLg==\n	2013-08-07 17:00:37.272605+00
71282dbbcc1f7028d03799cce86f0f77	ZGE1Yzk2NWVmNmZkMGEyOWE5M2E1ZjA4OTYwYWIxMzcyNDBiOGUxMDqAAn1xAVUad2l6YXJkX3R1\ndG9yX3NpZ251cF93aXphcmRxAn1xAyhVCnN0ZXBfZmlsZXNxBH1VBHN0ZXBxBVgFAAAAc3RlcDFx\nBlUKZXh0cmFfZGF0YXEHfVUJc3RlcF9kYXRhcQh9dXMu\n	2013-08-07 18:08:36.234432+00
1b703559e31b8b7971670f5c077159b9	ZGE1Yzk2NWVmNmZkMGEyOWE5M2E1ZjA4OTYwYWIxMzcyNDBiOGUxMDqAAn1xAVUad2l6YXJkX3R1\ndG9yX3NpZ251cF93aXphcmRxAn1xAyhVCnN0ZXBfZmlsZXNxBH1VBHN0ZXBxBVgFAAAAc3RlcDFx\nBlUKZXh0cmFfZGF0YXEHfVUJc3RlcF9kYXRhcQh9dXMu\n	2013-08-07 19:04:22.934141+00
03b76e912f559e9eb71d796f18103779	ZGE1Yzk2NWVmNmZkMGEyOWE5M2E1ZjA4OTYwYWIxMzcyNDBiOGUxMDqAAn1xAVUad2l6YXJkX3R1\ndG9yX3NpZ251cF93aXphcmRxAn1xAyhVCnN0ZXBfZmlsZXNxBH1VBHN0ZXBxBVgFAAAAc3RlcDFx\nBlUKZXh0cmFfZGF0YXEHfVUJc3RlcF9kYXRhcQh9dXMu\n	2013-08-07 19:47:02.946177+00
00b03230d1003b1f9d0561152a17dcaf	YTFhYzhhZWEwZjM1NzdjNDQwYzEzYzZjZDUxMGM1NjZjMDYxMjExYTqAAn1xAVUad2l6YXJkX3R1\ndG9yX3NpZ251cF93aXphcmR9cQIoVQpzdGVwX2ZpbGVzcQN9VQRzdGVwcQRYBQAAAHN0ZXAxcQVV\nCmV4dHJhX2RhdGFxBn1VCXN0ZXBfZGF0YXEHfXVzLg==\n	2013-08-07 19:48:32.149376+00
928e887cacfb77777c1f4fbd96f8a6dc	ZGE1Yzk2NWVmNmZkMGEyOWE5M2E1ZjA4OTYwYWIxMzcyNDBiOGUxMDqAAn1xAVUad2l6YXJkX3R1\ndG9yX3NpZ251cF93aXphcmRxAn1xAyhVCnN0ZXBfZmlsZXNxBH1VBHN0ZXBxBVgFAAAAc3RlcDFx\nBlUKZXh0cmFfZGF0YXEHfVUJc3RlcF9kYXRhcQh9dXMu\n	2013-08-07 20:52:31.92686+00
413d5ba2c2e9537f5da9384bb3a77363	ZGE1Yzk2NWVmNmZkMGEyOWE5M2E1ZjA4OTYwYWIxMzcyNDBiOGUxMDqAAn1xAVUad2l6YXJkX3R1\ndG9yX3NpZ251cF93aXphcmRxAn1xAyhVCnN0ZXBfZmlsZXNxBH1VBHN0ZXBxBVgFAAAAc3RlcDFx\nBlUKZXh0cmFfZGF0YXEHfVUJc3RlcF9kYXRhcQh9dXMu\n	2013-08-07 20:58:29.029106+00
cd69a4a8c66efed51f0a682acf197ee2	ZGE1Yzk2NWVmNmZkMGEyOWE5M2E1ZjA4OTYwYWIxMzcyNDBiOGUxMDqAAn1xAVUad2l6YXJkX3R1\ndG9yX3NpZ251cF93aXphcmRxAn1xAyhVCnN0ZXBfZmlsZXNxBH1VBHN0ZXBxBVgFAAAAc3RlcDFx\nBlUKZXh0cmFfZGF0YXEHfVUJc3RlcF9kYXRhcQh9dXMu\n	2013-08-07 21:28:37.26639+00
9af724dd7f3649c61fcddedbaf989e49	ZGE1Yzk2NWVmNmZkMGEyOWE5M2E1ZjA4OTYwYWIxMzcyNDBiOGUxMDqAAn1xAVUad2l6YXJkX3R1\ndG9yX3NpZ251cF93aXphcmRxAn1xAyhVCnN0ZXBfZmlsZXNxBH1VBHN0ZXBxBVgFAAAAc3RlcDFx\nBlUKZXh0cmFfZGF0YXEHfVUJc3RlcF9kYXRhcQh9dXMu\n	2013-08-07 22:23:56.815559+00
6d5c4d90ea413d16c238dd4b348cf1ab	ZGE1Yzk2NWVmNmZkMGEyOWE5M2E1ZjA4OTYwYWIxMzcyNDBiOGUxMDqAAn1xAVUad2l6YXJkX3R1\ndG9yX3NpZ251cF93aXphcmRxAn1xAyhVCnN0ZXBfZmlsZXNxBH1VBHN0ZXBxBVgFAAAAc3RlcDFx\nBlUKZXh0cmFfZGF0YXEHfVUJc3RlcF9kYXRhcQh9dXMu\n	2013-08-07 23:01:36.210498+00
e4a3fe12477d067c3865183b6e383828	ZGE1Yzk2NWVmNmZkMGEyOWE5M2E1ZjA4OTYwYWIxMzcyNDBiOGUxMDqAAn1xAVUad2l6YXJkX3R1\ndG9yX3NpZ251cF93aXphcmRxAn1xAyhVCnN0ZXBfZmlsZXNxBH1VBHN0ZXBxBVgFAAAAc3RlcDFx\nBlUKZXh0cmFfZGF0YXEHfVUJc3RlcF9kYXRhcQh9dXMu\n	2013-08-08 15:13:44.708664+00
4929561af0e475183d0a0fca8f903d3b	YTZjOTNhZjg0NGViZjU0YTBlY2E5Y2E1MzUxNzc4YzQyYzJhZWI1MjqAAn1xAVUad2l6YXJkX3R1\ndG9yX3NpZ251cF93aXphcmR9cQIoVQpzdGVwX2ZpbGVzfXEDWAUAAABzdGVwMXEEfXNVBHN0ZXBY\nBQAAAHN0ZXAycQVVCmV4dHJhX2RhdGF9VQlzdGVwX2RhdGF9cQZoBH1xByhYCQAAAHBhc3N3b3Jk\nMV1xCFgJAAAAY3Jvc3N3b3JkcQlhWAoAAABmaXJzdF9uYW1lXXEKWAUAAABNZWRoYXELYVgJAAAA\nbGFzdF9uYW1lXXEMWAYAAABVcHBhbGFxDWFYIAAAAHR1dG9yX3NpZ251cF93aXphcmQtY3VycmVu\ndF9zdGVwXXEOWAUAAABzdGVwMXEPYVgTAAAAY3NyZm1pZGRsZXdhcmV0b2tlbl1xEFggAAAAWVM1\nMkJicUFheUNuaW50cFVJc0xYcUR6RjRpQXhsQmlxEWFYBQAAAGVtYWlsXXESWBYAAABtZWRoYS51\ncHBhbGFAZ21haWwuY29tcRNhdXN1cy4=\n	2013-08-08 22:07:32.31035+00
7629619e9e0e8acf23baa75d26c6a0ec	ZGE1Yzk2NWVmNmZkMGEyOWE5M2E1ZjA4OTYwYWIxMzcyNDBiOGUxMDqAAn1xAVUad2l6YXJkX3R1\ndG9yX3NpZ251cF93aXphcmRxAn1xAyhVCnN0ZXBfZmlsZXNxBH1VBHN0ZXBxBVgFAAAAc3RlcDFx\nBlUKZXh0cmFfZGF0YXEHfVUJc3RlcF9kYXRhcQh9dXMu\n	2013-08-08 22:42:23.718208+00
892fe73f0b28d67474557f76f9886715	YTFhYzhhZWEwZjM1NzdjNDQwYzEzYzZjZDUxMGM1NjZjMDYxMjExYTqAAn1xAVUad2l6YXJkX3R1\ndG9yX3NpZ251cF93aXphcmR9cQIoVQpzdGVwX2ZpbGVzcQN9VQRzdGVwcQRYBQAAAHN0ZXAxcQVV\nCmV4dHJhX2RhdGFxBn1VCXN0ZXBfZGF0YXEHfXVzLg==\n	2013-08-08 23:25:22.358328+00
6a4e4b66d15c99e4ea4e6d12b372c1c7	ZGE1Yzk2NWVmNmZkMGEyOWE5M2E1ZjA4OTYwYWIxMzcyNDBiOGUxMDqAAn1xAVUad2l6YXJkX3R1\ndG9yX3NpZ251cF93aXphcmRxAn1xAyhVCnN0ZXBfZmlsZXNxBH1VBHN0ZXBxBVgFAAAAc3RlcDFx\nBlUKZXh0cmFfZGF0YXEHfVUJc3RlcF9kYXRhcQh9dXMu\n	2013-08-08 23:59:08.458975+00
7f44419bd950113abc083c381a31eeda	YTFhYzhhZWEwZjM1NzdjNDQwYzEzYzZjZDUxMGM1NjZjMDYxMjExYTqAAn1xAVUad2l6YXJkX3R1\ndG9yX3NpZ251cF93aXphcmR9cQIoVQpzdGVwX2ZpbGVzcQN9VQRzdGVwcQRYBQAAAHN0ZXAxcQVV\nCmV4dHJhX2RhdGFxBn1VCXN0ZXBfZGF0YXEHfXVzLg==\n	2013-08-09 00:13:04.963493+00
7fc59941140e32b98d3cbcfcea7eef51	ZGE1Yzk2NWVmNmZkMGEyOWE5M2E1ZjA4OTYwYWIxMzcyNDBiOGUxMDqAAn1xAVUad2l6YXJkX3R1\ndG9yX3NpZ251cF93aXphcmRxAn1xAyhVCnN0ZXBfZmlsZXNxBH1VBHN0ZXBxBVgFAAAAc3RlcDFx\nBlUKZXh0cmFfZGF0YXEHfVUJc3RlcF9kYXRhcQh9dXMu\n	2013-08-09 21:18:06.14837+00
814031decbd8d6eb8a15475832a9a9f2	ZGE1Yzk2NWVmNmZkMGEyOWE5M2E1ZjA4OTYwYWIxMzcyNDBiOGUxMDqAAn1xAVUad2l6YXJkX3R1\ndG9yX3NpZ251cF93aXphcmRxAn1xAyhVCnN0ZXBfZmlsZXNxBH1VBHN0ZXBxBVgFAAAAc3RlcDFx\nBlUKZXh0cmFfZGF0YXEHfVUJc3RlcF9kYXRhcQh9dXMu\n	2013-08-12 20:37:07.111705+00
eaefc10636fec1ec4a5acfdf7882f615	ZGE1Yzk2NWVmNmZkMGEyOWE5M2E1ZjA4OTYwYWIxMzcyNDBiOGUxMDqAAn1xAVUad2l6YXJkX3R1\ndG9yX3NpZ251cF93aXphcmRxAn1xAyhVCnN0ZXBfZmlsZXNxBH1VBHN0ZXBxBVgFAAAAc3RlcDFx\nBlUKZXh0cmFfZGF0YXEHfVUJc3RlcF9kYXRhcQh9dXMu\n	2013-08-12 20:38:05.288397+00
aaf44e2719e02ed11564956a55760101	ZGE1Yzk2NWVmNmZkMGEyOWE5M2E1ZjA4OTYwYWIxMzcyNDBiOGUxMDqAAn1xAVUad2l6YXJkX3R1\ndG9yX3NpZ251cF93aXphcmRxAn1xAyhVCnN0ZXBfZmlsZXNxBH1VBHN0ZXBxBVgFAAAAc3RlcDFx\nBlUKZXh0cmFfZGF0YXEHfVUJc3RlcF9kYXRhcQh9dXMu\n	2013-08-12 20:39:50.209946+00
11dfcf4260f65687b69b966875198f8b	ZGE1Yzk2NWVmNmZkMGEyOWE5M2E1ZjA4OTYwYWIxMzcyNDBiOGUxMDqAAn1xAVUad2l6YXJkX3R1\ndG9yX3NpZ251cF93aXphcmRxAn1xAyhVCnN0ZXBfZmlsZXNxBH1VBHN0ZXBxBVgFAAAAc3RlcDFx\nBlUKZXh0cmFfZGF0YXEHfVUJc3RlcF9kYXRhcQh9dXMu\n	2013-08-12 20:41:52.683525+00
eddde72017eef09658889c109c4c0a85	ZGE1Yzk2NWVmNmZkMGEyOWE5M2E1ZjA4OTYwYWIxMzcyNDBiOGUxMDqAAn1xAVUad2l6YXJkX3R1\ndG9yX3NpZ251cF93aXphcmRxAn1xAyhVCnN0ZXBfZmlsZXNxBH1VBHN0ZXBxBVgFAAAAc3RlcDFx\nBlUKZXh0cmFfZGF0YXEHfVUJc3RlcF9kYXRhcQh9dXMu\n	2013-08-12 20:44:25.885875+00
551b6a356227f2841616b1b0e568cd2a	YTFhYzhhZWEwZjM1NzdjNDQwYzEzYzZjZDUxMGM1NjZjMDYxMjExYTqAAn1xAVUad2l6YXJkX3R1\ndG9yX3NpZ251cF93aXphcmR9cQIoVQpzdGVwX2ZpbGVzcQN9VQRzdGVwcQRYBQAAAHN0ZXAxcQVV\nCmV4dHJhX2RhdGFxBn1VCXN0ZXBfZGF0YXEHfXVzLg==\n	2013-08-12 20:45:52.993828+00
f0f10b2f616227cdab58021043f66473	YTFhYzhhZWEwZjM1NzdjNDQwYzEzYzZjZDUxMGM1NjZjMDYxMjExYTqAAn1xAVUad2l6YXJkX3R1\ndG9yX3NpZ251cF93aXphcmR9cQIoVQpzdGVwX2ZpbGVzcQN9VQRzdGVwcQRYBQAAAHN0ZXAxcQVV\nCmV4dHJhX2RhdGFxBn1VCXN0ZXBfZGF0YXEHfXVzLg==\n	2013-08-12 20:50:07.767896+00
1234a0b74d18231edd3455456ae25fbf	ZGE1Yzk2NWVmNmZkMGEyOWE5M2E1ZjA4OTYwYWIxMzcyNDBiOGUxMDqAAn1xAVUad2l6YXJkX3R1\ndG9yX3NpZ251cF93aXphcmRxAn1xAyhVCnN0ZXBfZmlsZXNxBH1VBHN0ZXBxBVgFAAAAc3RlcDFx\nBlUKZXh0cmFfZGF0YXEHfVUJc3RlcF9kYXRhcQh9dXMu\n	2013-08-12 20:50:55.303768+00
f7fd53f76fd1e8f97f7b37f0dc369996	YTFhYzhhZWEwZjM1NzdjNDQwYzEzYzZjZDUxMGM1NjZjMDYxMjExYTqAAn1xAVUad2l6YXJkX3R1\ndG9yX3NpZ251cF93aXphcmR9cQIoVQpzdGVwX2ZpbGVzcQN9VQRzdGVwcQRYBQAAAHN0ZXAxcQVV\nCmV4dHJhX2RhdGFxBn1VCXN0ZXBfZGF0YXEHfXVzLg==\n	2013-08-12 20:54:47.582813+00
a5ec0a106b24d9cbc43f4fc5d838abdb	ZGE1Yzk2NWVmNmZkMGEyOWE5M2E1ZjA4OTYwYWIxMzcyNDBiOGUxMDqAAn1xAVUad2l6YXJkX3R1\ndG9yX3NpZ251cF93aXphcmRxAn1xAyhVCnN0ZXBfZmlsZXNxBH1VBHN0ZXBxBVgFAAAAc3RlcDFx\nBlUKZXh0cmFfZGF0YXEHfVUJc3RlcF9kYXRhcQh9dXMu\n	2013-08-12 20:55:36.20917+00
143b57f637dd47b6f2898f94769622f2	ZGE1Yzk2NWVmNmZkMGEyOWE5M2E1ZjA4OTYwYWIxMzcyNDBiOGUxMDqAAn1xAVUad2l6YXJkX3R1\ndG9yX3NpZ251cF93aXphcmRxAn1xAyhVCnN0ZXBfZmlsZXNxBH1VBHN0ZXBxBVgFAAAAc3RlcDFx\nBlUKZXh0cmFfZGF0YXEHfVUJc3RlcF9kYXRhcQh9dXMu\n	2013-08-12 21:00:52.628947+00
326e8210727e7ffa90024b10dfd182cd	ZGE1Yzk2NWVmNmZkMGEyOWE5M2E1ZjA4OTYwYWIxMzcyNDBiOGUxMDqAAn1xAVUad2l6YXJkX3R1\ndG9yX3NpZ251cF93aXphcmRxAn1xAyhVCnN0ZXBfZmlsZXNxBH1VBHN0ZXBxBVgFAAAAc3RlcDFx\nBlUKZXh0cmFfZGF0YXEHfVUJc3RlcF9kYXRhcQh9dXMu\n	2013-08-12 21:03:05.313006+00
92d8a914db3aa6e0db46587a700600b0	ZGE1Yzk2NWVmNmZkMGEyOWE5M2E1ZjA4OTYwYWIxMzcyNDBiOGUxMDqAAn1xAVUad2l6YXJkX3R1\ndG9yX3NpZ251cF93aXphcmRxAn1xAyhVCnN0ZXBfZmlsZXNxBH1VBHN0ZXBxBVgFAAAAc3RlcDFx\nBlUKZXh0cmFfZGF0YXEHfVUJc3RlcF9kYXRhcQh9dXMu\n	2013-08-12 21:10:02.420913+00
30c2c2cdc4794dd738648be9d1d6a53e	ZGE1Yzk2NWVmNmZkMGEyOWE5M2E1ZjA4OTYwYWIxMzcyNDBiOGUxMDqAAn1xAVUad2l6YXJkX3R1\ndG9yX3NpZ251cF93aXphcmRxAn1xAyhVCnN0ZXBfZmlsZXNxBH1VBHN0ZXBxBVgFAAAAc3RlcDFx\nBlUKZXh0cmFfZGF0YXEHfVUJc3RlcF9kYXRhcQh9dXMu\n	2013-08-12 21:11:35.518322+00
8d9f1508f4fba5a0d3365aa104c225df	ZGE1Yzk2NWVmNmZkMGEyOWE5M2E1ZjA4OTYwYWIxMzcyNDBiOGUxMDqAAn1xAVUad2l6YXJkX3R1\ndG9yX3NpZ251cF93aXphcmRxAn1xAyhVCnN0ZXBfZmlsZXNxBH1VBHN0ZXBxBVgFAAAAc3RlcDFx\nBlUKZXh0cmFfZGF0YXEHfVUJc3RlcF9kYXRhcQh9dXMu\n	2013-08-12 21:18:11.776208+00
e1ed99c689d66d7dc2963a29407e07b1	ZGE1Yzk2NWVmNmZkMGEyOWE5M2E1ZjA4OTYwYWIxMzcyNDBiOGUxMDqAAn1xAVUad2l6YXJkX3R1\ndG9yX3NpZ251cF93aXphcmRxAn1xAyhVCnN0ZXBfZmlsZXNxBH1VBHN0ZXBxBVgFAAAAc3RlcDFx\nBlUKZXh0cmFfZGF0YXEHfVUJc3RlcF9kYXRhcQh9dXMu\n	2013-08-12 21:25:46.073564+00
5d5fb733d5c2ec531e5340cb80bd480b	MjhmZjUyMjE3NThhOTlmY2IwNTUxMzkxODVmZTMyMzcxNDZiMDJlNzqAAn1xAVUad2l6YXJkX3R1\ndG9yX3NpZ251cF93aXphcmR9cQIoVQpzdGVwX2ZpbGVzfXEDKFgFAAAAc3RlcDVxBH1YBQAAAHN0\nZXA0cQV9WAUAAABzdGVwM3EGfVgFAAAAc3RlcDJxB31YBQAAAHN0ZXAxcQh9dVUEc3RlcFgFAAAA\nc3RlcDFxCVUKZXh0cmFfZGF0YX1VCXN0ZXBfZGF0YX1xCihoBH1xCyhYCQAAAGZyb20taG91cnEM\nXXENWAIAAAAtMXEOYVgJAAAAdG8tbWludXRlcQ9dcRBYAgAAAC0xcRFhWAkAAABhZ3JlZW1lbnRx\nEl1xE1gCAAAAb25xFGFYIAAAAHR1dG9yX3NpZ251cF93aXphcmQtY3VycmVudF9zdGVwcRVdcRZY\nBQAAAHN0ZXA1cRdhWAcAAAB0by1ob3VycRhdcRlYAgAAAC0xcRphWAcAAAB3ZWVrZGF5cRtdcRxY\nAgAAAC0xcR1hWAsAAABmcm9tLW1pbnV0ZXEeXXEfWAIAAAAtMXEgYVgTAAAAY3NyZm1pZGRsZXdh\ncmV0b2tlbnEhXXEiKFggAAAAZHdFTDNWNnliUDhKTXZnbWtRNE4yaXpUa1ppSmJ6VHNxI1ggAAAA\nZHdFTDNWNnliUDhKTXZnbWtRNE4yaXpUa1ppSmJ6VHNxJGVYDAAAAGF2YWlsYWJpbGl0eXElXXEm\nWAsBAAB7IjExMDU5ODA1Ijp7IndlZWtkYXkiOiI1IiwiYmVnaW5faG91ciI6NywiYmVnaW5fbWlu\ndXRlIjowLCJlbmRfaG91ciI6MTksImVuZF9taW51dGUiOjQ1fSwiNTAyNTY0NjUiOnsid2Vla2Rh\neSI6IjYiLCJiZWdpbl9ob3VyIjo3LCJiZWdpbl9taW51dGUiOjAsImVuZF9ob3VyIjoyMCwiZW5k\nX21pbnV0ZSI6MH0sIjUyODk1NzI5Ijp7IndlZWtkYXkiOiI0IiwiYmVnaW5faG91ciI6NywiYmVn\naW5fbWludXRlIjowLCJlbmRfaG91ciI6MjIsImVuZF9taW51dGUiOjE1fX1xJ2F1aAV9cSgoWAUA\nAABhYm91dF1xKVhDAgAASSBhbSBjdXJyZW50bHkgYSBmcmVzaG1hbiBhdCBDb2x1bWJpYSBVbml2\nZXJzaXR5LiBJIHBsYW4gb24gc3R1ZHlpbmcgT3BlcmF0aW9ucyBSZXNlYXJjaCwgYW5kIEkgd291\nbGQgbGlrZSB0byBlbnRlciB0aGUgd29ybGQgb2YgZmluYW5jZS4gTmV2ZXJ0aGVsZXNzLCBvbmUg\nb2YgbXkgaG9iYmllcyBpcyB0dXRvcmluZy0tc29tZXRoaW5nIHRoYXQgSSBoYXZlIGRvbmUgZm9y\nIG11Y2ggb2YgbXkgbGlmZS4NCkkgYW0gYSBuYXRpb25hbCBBUCBTY2hvbGFyIGFuZCBhIHBlcmZl\nY3Qgc2NvcmVyIG9uIHRoZSBBQ1QgKDM2LzM2KS4gT24gbXkgZmlyc3QgYW5kIG9ubHkgdHJ5IHdo\nZW4gSSB3YXMgMTUsIEkgc2NvcmVkIGEgMjM2MC8yNDAwIG9uIG15IFNBVC4gT24gU0FUIElJcywg\nSSBzY29yZWQgODAwIG9uIE1hdGggSUksIFVTIEhpc3RvcnksIEJpb2xvZ3ktTSwgYW5kIGEgNzkw\nIG9uIFBoeXNpY3MuIEkgY2FuIGFsc28gdHV0b3IgZm9yIHRoZSBQU0FULiBJIGFtIGEgTmF0aW9u\nYWwgTWVyaXQgU2Nob2xhci4NCkkgdHJ1bHkgZW5qb3kgdHV0b3JpbmcgYW5kIHdvdWxkIGxvdmUg\ndGhlIG9wcG9ydHVuaXR5IHRvIGhlbHAucSphWA0AAAB0dXRvcmluZ190eXBlXXErWAEAAAAxYVgg\nAAAAdHV0b3Jfc2lnbnVwX3dpemFyZC1jdXJyZW50X3N0ZXBdcSxYBQAAAHN0ZXA0cS1hWAgAAABj\ndXJyZW5jeV1xLlgBAAAAM2FYEwAAAGNzcmZtaWRkbGV3YXJldG9rZW5dcS9YIAAAAGR3RUwzVjZ5\nYlA4Sk12Z21rUTROMml6VGtaaUpielRzcTBhWA4AAABwcmljZV9wZXJfaG91cl1xMVgCAAAAMjVx\nMmF1aAZ9cTMoWCAAAAB0dXRvcl9zaWdudXBfd2l6YXJkLWN1cnJlbnRfc3RlcF1xNFgFAAAAc3Rl\ncDNxNWFYEwAAAGNzcmZtaWRkbGV3YXJldG9rZW5dcTZYIAAAAGR3RUwzVjZ5YlA4Sk12Z21rUTRO\nMml6VGtaaUpielRzcTdhWAYAAABnZW5yZXNdcTgoWAMAAAA1NzNxOVgCAAAAMzVxOlgCAAAAMjlx\nO1gCAAAAMzBxPFgCAAAAMzZxPVgCAAAAMzJxPlgCAAAAMzRxP1gCAAAAMzFxQFgCAAAAMzdxQVgC\nAAAANDBxQlgCAAAANDFxQ1gCAAAANDNxRFgCAAAAMzlxRVgCAAAAMzhxRlgDAAAAMzYzcUdYAwAA\nADM2MnFIWAMAAAAzNjRxSVgDAAAAMzY1cUpYAwAAADM2NnFLWAMAAAAzNjdxTFgDAAAAMzY4cU1Y\nAwAAADM2OXFOWAMAAAAzNzZxT1gDAAAAMzgycVBYAwAAADM4M3FRWAMAAAAzMDNxUlgDAAAAMzA0\ncVNYAwAAADMwNXFUWAMAAAAzMDdxVVgDAAAAMzA4cVZYAwAAADMwOXFXWAMAAAAyOThxWFgDAAAA\nMzAycVlYAwAAADE2N3FaWAMAAAAxOTNxW1gDAAAAMTk0cVxYAwAAADE3N3FdWAMAAAA1MjFxXlgD\nAAAANTI2cV9YAwAAADUyN3FgWAMAAAA1MjVxYVgCAAAANTBxYlgCAAAANTFxY1gCAAAANTJxZFgC\nAAAANTNxZVgDAAAAMTIzcWZYAwAAADEyNHFnWAMAAAAxMjVxaFgCAAAAOThxaVgCAAAAOTlxalgD\nAAAAMTAwcWtYAgAAADkwcWxYAgAAADkxcW1YAgAAADkzcW5YAgAAADk1cW9YAgAAADc3cXBYAgAA\nADc4cXFYAgAAADc5cXJldWgHfXFzKFgGAAAAZ2VuZGVyXXF0WAEAAAAwYVgNAAAAcHJvZmlsZV9p\nbWFnZV1xdVgAAAAAYVgHAAAAemlwY29kZV1xdlgFAAAAMzk1NDBxd2FYIAAAAHR1dG9yX3NpZ251\ncF93aXphcmQtY3VycmVudF9zdGVwXXF4WAUAAABzdGVwMnF5YVgNAAAAZGF0ZV9vZl9iaXJ0aF1x\nelgIAAAAMTk5Ni02LTRxe2FYBAAAAGZpbGVdcXxYAAAAAGFYBwAAAGNvdW50cnldcX1YAgAAAFVT\ncX5hWAgAAAB0aW1lem9uZV1xf1gKAAAAVVMvQ2VudHJhbHGAYVgTAAAAY3NyZm1pZGRsZXdhcmV0\nb2tlbl1xgVggAAAAZHdFTDNWNnliUDhKTXZnbWtRNE4yaXpUa1ppSmJ6VHNxgmF1aAh9cYMoWAkA\nAABwYXNzd29yZDFxhF1xhVgIAAAAYnVsbGRvZ3NxhmFYCgAAAGZpcnN0X25hbWVxh11xiFgFAAAA\nQW5raXRxiWFYCQAAAGxhc3RfbmFtZXGKXXGLWAQAAABTaGFocYxhWCAAAAB0dXRvcl9zaWdudXBf\nd2l6YXJkLWN1cnJlbnRfc3RlcHGNXXGOWAUAAABzdGVwMXGPYVgTAAAAY3NyZm1pZGRsZXdhcmV0\nb2tlbnGQXXGRWCAAAABkd0VMM1Y2eWJQOEpNdmdta1E0TjJpelRrWmlKYnpUc3GSYVgFAAAAZW1h\naWxxk11xlFgVAAAAYW5raXRzaGFoOTZAeWFob28uY29tcZVhdXV1cy4=\n	2013-08-12 21:41:58.525739+00
b94ef6e42a1fd9a520b90ae21c03fbff	ZGE1Yzk2NWVmNmZkMGEyOWE5M2E1ZjA4OTYwYWIxMzcyNDBiOGUxMDqAAn1xAVUad2l6YXJkX3R1\ndG9yX3NpZ251cF93aXphcmRxAn1xAyhVCnN0ZXBfZmlsZXNxBH1VBHN0ZXBxBVgFAAAAc3RlcDFx\nBlUKZXh0cmFfZGF0YXEHfVUJc3RlcF9kYXRhcQh9dXMu\n	2013-08-12 21:43:33.304071+00
893a56422ed3d778a7aab14bbbd40908	ZGE1Yzk2NWVmNmZkMGEyOWE5M2E1ZjA4OTYwYWIxMzcyNDBiOGUxMDqAAn1xAVUad2l6YXJkX3R1\ndG9yX3NpZ251cF93aXphcmRxAn1xAyhVCnN0ZXBfZmlsZXNxBH1VBHN0ZXBxBVgFAAAAc3RlcDFx\nBlUKZXh0cmFfZGF0YXEHfVUJc3RlcF9kYXRhcQh9dXMu\n	2013-08-12 21:49:30.333857+00
d9df371874a86f3bb0a1afd8c2609b92	ZGE1Yzk2NWVmNmZkMGEyOWE5M2E1ZjA4OTYwYWIxMzcyNDBiOGUxMDqAAn1xAVUad2l6YXJkX3R1\ndG9yX3NpZ251cF93aXphcmRxAn1xAyhVCnN0ZXBfZmlsZXNxBH1VBHN0ZXBxBVgFAAAAc3RlcDFx\nBlUKZXh0cmFfZGF0YXEHfVUJc3RlcF9kYXRhcQh9dXMu\n	2013-08-12 21:52:35.53717+00
55a02ac3d0bfb53a29386414b0b6df40	NTVmMGE2NzYwMWNkM2Y3YWNkMjk2MzI1ZWZjMDQ5NjY2ZmFjYTU2NDqAAn1xAVUad2l6YXJkX3R1\ndG9yX3NpZ251cF93aXphcmR9cQIoVQpzdGVwX2ZpbGVzfXEDKFgFAAAAc3RlcDRxBH1YBQAAAHN0\nZXAzcQV9WAUAAABzdGVwMnEGfVgFAAAAc3RlcDFxB311VQRzdGVwWAUAAABzdGVwNXEIVQpleHRy\nYV9kYXRhfVUJc3RlcF9kYXRhfXEJKGgEfXEKKFgFAAAAYWJvdXRdcQtY8QEAAEN1cnJlbnRseSBh\nIFNvcGhvbW9yZSBhdCBFbW9yeSdzIENvbGxlZ2Ugb2YgQXJ0cyAmIFNjaWVuY2VzLiBNYWpvcmlu\nZyBpbiBQb2xpdGljYWwgU2NpZW5jZSB3aXRoIGEgbWlub3IgaW4gU3VzdGFpbmFiaWxpdHkuIFBy\nZXZpb3VzIGV4cGVyaWVuY2UgdHV0b3JpbmcgdGhyb3VnaG91dCBoaWdoIHNjaG9vbCwgaW5jbHVk\naW5nIEFQIGNsYXNzZXMsIFNBVC9BQ1QsIGFuZCBwcm9vZnJlYWRpbmcgY29sbGVnZSBhZG1pc3Np\nb25zIGVzc2F5cy4gQ3VycmVudGx5IGEgdHV0b3IgYXQgRW1vcnkncyB3cml0aW5nIGhlbHAgY2Vu\ndGVyLSBvbmUgb2YgbXkgc3Ryb25nZXN0IHNraWxscy4gQWxzbyBpbnZvbHZlZCBpbiBwdWJsaWMg\ncG9saWN5LCBjYXJlZXIgY291bnNlbGluZywgYW5kIHN1c3RhaW5hYmlsaXR5LyBlbnZpcm9ubWVu\ndGFsIHNjaWVuY2Ugb24gY2FtcHVzIGdyb3Vwcy4gUGxlYXNlIGNvbnRhY3QgZm9yIG1vcmUgaW5m\nb3JtYXRpb24gb24gc2tpbGxzL2JhY2tncm91bmQucQxhWA0AAAB0dXRvcmluZ190eXBlXXENKFgB\nAAAAMFgBAAAAMWVYIAAAAHR1dG9yX3NpZ251cF93aXphcmQtY3VycmVudF9zdGVwXXEOWAUAAABz\ndGVwNHEPYVgIAAAAY3VycmVuY3ldcRBYAQAAADNhWBMAAABjc3JmbWlkZGxld2FyZXRva2VuXXER\nWCAAAAB1dTdldW9oRDE0azVDVndqaWwxbnlYMkFZdklvYkJPbnESYVgOAAAAcHJpY2VfcGVyX2hv\ndXJdcRNYBQAAADE4LjAwcRRhdWgFfXEVKFggAAAAdHV0b3Jfc2lnbnVwX3dpemFyZC1jdXJyZW50\nX3N0ZXBdcRZYBQAAAHN0ZXAzcRdhWBMAAABjc3JmbWlkZGxld2FyZXRva2VuXXEYWCAAAAB1dTdl\ndW9oRDE0azVDVndqaWwxbnlYMkFZdklvYkJPbnEZYVgGAAAAZ2VucmVzXXEaKFgDAAAANDY3cRtY\nAwAAADQ2OHEcWAMAAAA0NzFxHVgDAAAANDcycR5YAwAAADM3NnEfWAMAAAAzNzhxIFgDAAAAMzc3\ncSFYAwAAADM3NHEiWAMAAAAzNzVxI1gDAAAAMzgycSRYAwAAADM4M3ElWAMAAAAyNzFxJlgDAAAA\nMjc5cSdYAwAAADI5NnEoWAMAAAAyOThxKVgDAAAAMjk5cSpYAwAAADMwMHErWAMAAAAzMDJxLFgD\nAAAANTM0cS1YAwAAADU0MXEuWAMAAAAxNjdxL1gDAAAANTIzcTBYAwAAADUyNHExWAMAAAA1MTNx\nMlgDAAAANTE1cTNYAwAAADUxNnE0WAMAAAA1MTRxNVgCAAAANTBxNlgCAAAANTJxN1gCAAAANTNx\nOFgDAAAAMTI0cTlYAwAAADEyNXE6WAIAAAA5OXE7WAMAAAAxMDBxPFgCAAAAODhxPVgCAAAAODlx\nPlgCAAAANzhxP1gCAAAANzlxQFgDAAAANTYycUFYAwAAADU2MXFCWAMAAAA1NjZxQ1gDAAAANTY3\ncURYAwAAADU2NXFFZXVoBn1xRihYBgAAAGdlbmRlcl1xR1gBAAAAMWFYDQAAAHByb2ZpbGVfaW1h\nZ2VdcUhYAAAAAGFYBwAAAHppcGNvZGVdcUlYBQAAADMwMzA3cUphWCAAAAB0dXRvcl9zaWdudXBf\nd2l6YXJkLWN1cnJlbnRfc3RlcF1xS1gFAAAAc3RlcDJxTGFYDQAAAGRhdGVfb2ZfYmlydGhdcU1Y\nCAAAADE5OTQtNS0zcU5hWAQAAABmaWxlXXFPWAAAAABhWAcAAABjb3VudHJ5XXFQWAIAAABVU3FR\nYVgIAAAAdGltZXpvbmVdcVJYCQAAAFVTL0FsYXNrYXFTYVgTAAAAY3NyZm1pZGRsZXdhcmV0b2tl\nbl1xVFggAAAAdXU3ZXVvaEQxNGs1Q1Z3amlsMW55WDJBWXZJb2JCT25xVWF1aAd9cVYoWAkAAABw\nYXNzd29yZDFdcVdYCAAAAExpbGxpYW4xcVhhWAoAAABmaXJzdF9uYW1lXXFZWAcAAABMaWxsaWFu\ncVphWAkAAABsYXN0X25hbWVdcVtYAwAAAEZveXFcYVggAAAAdHV0b3Jfc2lnbnVwX3dpemFyZC1j\ndXJyZW50X3N0ZXBdcV1YBQAAAHN0ZXAxcV5hWBMAAABjc3JmbWlkZGxld2FyZXRva2VuXXFfWCAA\nAAB1dTdldW9oRDE0azVDVndqaWwxbnlYMkFZdklvYkJPbnFgYVgFAAAAZW1haWxdcWFYDwAAAGxt\nZm95QGVtb3J5LmVkdXFiYXV1dXMu\n	2013-08-12 21:53:22.296017+00
22ea19141220bb208bbea7b3da585bc4	YTFhYzhhZWEwZjM1NzdjNDQwYzEzYzZjZDUxMGM1NjZjMDYxMjExYTqAAn1xAVUad2l6YXJkX3R1\ndG9yX3NpZ251cF93aXphcmR9cQIoVQpzdGVwX2ZpbGVzcQN9VQRzdGVwcQRYBQAAAHN0ZXAxcQVV\nCmV4dHJhX2RhdGFxBn1VCXN0ZXBfZGF0YXEHfXVzLg==\n	2013-08-13 03:59:15.990375+00
4154f8298668a0510624a5b12d28f067	ZTVmNDUyYTE4MDdlZTU4NGJiYzczYmU1M2IyZTVhYzBmYTg0NmU4ZDqAAn1xAShVGndpemFyZF90\ndXRvcl9zaWdudXBfd2l6YXJkfXECKFUKc3RlcF9maWxlc31VBHN0ZXBYBQAAAHN0ZXAxVQpleHRy\nYV9kYXRhfVUJc3RlcF9kYXRhfXVVD19zZXNzaW9uX2V4cGlyeXEDSwBVEl9hdXRoX3VzZXJfYmFj\na2VuZHEEVSlkamFuZ28uY29udHJpYi5hdXRoLmJhY2tlbmRzLk1vZGVsQmFja2VuZHEFVQ1fYXV0\naF91c2VyX2lkcQZLQ3Uu\n	2013-08-09 21:27:06.70775+00
a475dc18045b5ad09387f8d8ca80618a	ZGE1Yzk2NWVmNmZkMGEyOWE5M2E1ZjA4OTYwYWIxMzcyNDBiOGUxMDqAAn1xAVUad2l6YXJkX3R1\ndG9yX3NpZ251cF93aXphcmRxAn1xAyhVCnN0ZXBfZmlsZXNxBH1VBHN0ZXBxBVgFAAAAc3RlcDFx\nBlUKZXh0cmFfZGF0YXEHfVUJc3RlcF9kYXRhcQh9dXMu\n	2013-08-09 21:30:42.598819+00
5370a5a59959e911d720f0afc6db3a76	ZGE1Yzk2NWVmNmZkMGEyOWE5M2E1ZjA4OTYwYWIxMzcyNDBiOGUxMDqAAn1xAVUad2l6YXJkX3R1\ndG9yX3NpZ251cF93aXphcmRxAn1xAyhVCnN0ZXBfZmlsZXNxBH1VBHN0ZXBxBVgFAAAAc3RlcDFx\nBlUKZXh0cmFfZGF0YXEHfVUJc3RlcF9kYXRhcQh9dXMu\n	2013-08-09 21:44:47.722785+00
763d6899b839a03b2bc10b01ceb91eaf	ZGE1Yzk2NWVmNmZkMGEyOWE5M2E1ZjA4OTYwYWIxMzcyNDBiOGUxMDqAAn1xAVUad2l6YXJkX3R1\ndG9yX3NpZ251cF93aXphcmRxAn1xAyhVCnN0ZXBfZmlsZXNxBH1VBHN0ZXBxBVgFAAAAc3RlcDFx\nBlUKZXh0cmFfZGF0YXEHfVUJc3RlcF9kYXRhcQh9dXMu\n	2013-08-09 21:44:48.06906+00
f6dba7457246c9cc8248ce92ea40ab13	ZGE1Yzk2NWVmNmZkMGEyOWE5M2E1ZjA4OTYwYWIxMzcyNDBiOGUxMDqAAn1xAVUad2l6YXJkX3R1\ndG9yX3NpZ251cF93aXphcmRxAn1xAyhVCnN0ZXBfZmlsZXNxBH1VBHN0ZXBxBVgFAAAAc3RlcDFx\nBlUKZXh0cmFfZGF0YXEHfVUJc3RlcF9kYXRhcQh9dXMu\n	2013-08-09 22:32:07.628972+00
df2ce38a57db525df01f9d4eee3e6f21	ZGE1Yzk2NWVmNmZkMGEyOWE5M2E1ZjA4OTYwYWIxMzcyNDBiOGUxMDqAAn1xAVUad2l6YXJkX3R1\ndG9yX3NpZ251cF93aXphcmRxAn1xAyhVCnN0ZXBfZmlsZXNxBH1VBHN0ZXBxBVgFAAAAc3RlcDFx\nBlUKZXh0cmFfZGF0YXEHfVUJc3RlcF9kYXRhcQh9dXMu\n	2013-08-09 23:04:05.718886+00
ec46ea91f967c1336e442d8d37f8715f	ZGE1Yzk2NWVmNmZkMGEyOWE5M2E1ZjA4OTYwYWIxMzcyNDBiOGUxMDqAAn1xAVUad2l6YXJkX3R1\ndG9yX3NpZ251cF93aXphcmRxAn1xAyhVCnN0ZXBfZmlsZXNxBH1VBHN0ZXBxBVgFAAAAc3RlcDFx\nBlUKZXh0cmFfZGF0YXEHfVUJc3RlcF9kYXRhcQh9dXMu\n	2013-08-10 00:02:09.323908+00
58ca4d0d48dcbce545d93684309892e0	ZGE1Yzk2NWVmNmZkMGEyOWE5M2E1ZjA4OTYwYWIxMzcyNDBiOGUxMDqAAn1xAVUad2l6YXJkX3R1\ndG9yX3NpZ251cF93aXphcmRxAn1xAyhVCnN0ZXBfZmlsZXNxBH1VBHN0ZXBxBVgFAAAAc3RlcDFx\nBlUKZXh0cmFfZGF0YXEHfVUJc3RlcF9kYXRhcQh9dXMu\n	2013-08-10 00:09:43.296715+00
d243841868a5d40ea35a02fb06fbd7ff	ZGE1Yzk2NWVmNmZkMGEyOWE5M2E1ZjA4OTYwYWIxMzcyNDBiOGUxMDqAAn1xAVUad2l6YXJkX3R1\ndG9yX3NpZ251cF93aXphcmRxAn1xAyhVCnN0ZXBfZmlsZXNxBH1VBHN0ZXBxBVgFAAAAc3RlcDFx\nBlUKZXh0cmFfZGF0YXEHfVUJc3RlcF9kYXRhcQh9dXMu\n	2013-08-10 00:10:20.594297+00
2938ad318c08c223e9de1443f768eb7d	YTFhYzhhZWEwZjM1NzdjNDQwYzEzYzZjZDUxMGM1NjZjMDYxMjExYTqAAn1xAVUad2l6YXJkX3R1\ndG9yX3NpZ251cF93aXphcmR9cQIoVQpzdGVwX2ZpbGVzcQN9VQRzdGVwcQRYBQAAAHN0ZXAxcQVV\nCmV4dHJhX2RhdGFxBn1VCXN0ZXBfZGF0YXEHfXVzLg==\n	2013-08-12 20:32:05.809273+00
3e18df12fb315e2d87151c6a6262818b	ZGE1Yzk2NWVmNmZkMGEyOWE5M2E1ZjA4OTYwYWIxMzcyNDBiOGUxMDqAAn1xAVUad2l6YXJkX3R1\ndG9yX3NpZ251cF93aXphcmRxAn1xAyhVCnN0ZXBfZmlsZXNxBH1VBHN0ZXBxBVgFAAAAc3RlcDFx\nBlUKZXh0cmFfZGF0YXEHfVUJc3RlcF9kYXRhcQh9dXMu\n	2013-08-12 20:32:54.416812+00
f6d46ff48871f5d8a8963511684b2af4	YTFhYzhhZWEwZjM1NzdjNDQwYzEzYzZjZDUxMGM1NjZjMDYxMjExYTqAAn1xAVUad2l6YXJkX3R1\ndG9yX3NpZ251cF93aXphcmR9cQIoVQpzdGVwX2ZpbGVzcQN9VQRzdGVwcQRYBQAAAHN0ZXAxcQVV\nCmV4dHJhX2RhdGFxBn1VCXN0ZXBfZGF0YXEHfXVzLg==\n	2013-08-12 20:37:08.522127+00
349cbb58aacdf745c794c36a3fb676ae	ZGE1Yzk2NWVmNmZkMGEyOWE5M2E1ZjA4OTYwYWIxMzcyNDBiOGUxMDqAAn1xAVUad2l6YXJkX3R1\ndG9yX3NpZ251cF93aXphcmRxAn1xAyhVCnN0ZXBfZmlsZXNxBH1VBHN0ZXBxBVgFAAAAc3RlcDFx\nBlUKZXh0cmFfZGF0YXEHfVUJc3RlcF9kYXRhcQh9dXMu\n	2013-08-12 20:38:21.163949+00
07d4fcec3da92e9762326710f1e27e53	ZGE1Yzk2NWVmNmZkMGEyOWE5M2E1ZjA4OTYwYWIxMzcyNDBiOGUxMDqAAn1xAVUad2l6YXJkX3R1\ndG9yX3NpZ251cF93aXphcmRxAn1xAyhVCnN0ZXBfZmlsZXNxBH1VBHN0ZXBxBVgFAAAAc3RlcDFx\nBlUKZXh0cmFfZGF0YXEHfVUJc3RlcF9kYXRhcQh9dXMu\n	2013-08-12 20:40:01.40299+00
46d4294d588b3fffe6089a3fce7e8aa1	ZGE1Yzk2NWVmNmZkMGEyOWE5M2E1ZjA4OTYwYWIxMzcyNDBiOGUxMDqAAn1xAVUad2l6YXJkX3R1\ndG9yX3NpZ251cF93aXphcmRxAn1xAyhVCnN0ZXBfZmlsZXNxBH1VBHN0ZXBxBVgFAAAAc3RlcDFx\nBlUKZXh0cmFfZGF0YXEHfVUJc3RlcF9kYXRhcQh9dXMu\n	2013-08-12 20:42:17.128229+00
3b420d25a7ddd47e08b08601312f42ba	ZmFhNmUzMmFhZTBiNmVjMzY0MWFmZGQ4MTUzMGMyYTdiMDA5MmRmMjqAAn1xAVUad2l6YXJkX3R1\ndG9yX3NpZ251cF93aXphcmR9cQIoVQpzdGVwX2ZpbGVzfXEDKFgFAAAAc3RlcDJxBH1YBQAAAHN0\nZXAxcQV9dVUEc3RlcFgFAAAAc3RlcDNxBlUKZXh0cmFfZGF0YX1VCXN0ZXBfZGF0YX1xByhoBH1x\nCChYBgAAAGdlbmRlcnEJXXEKWAEAAAAxYVgNAAAAcHJvZmlsZV9pbWFnZXELXXEMWAAAAABhWAcA\nAAB6aXBjb2RlcQ1dcQ5YBQAAADEwMDI1cQ9hWCAAAAB0dXRvcl9zaWdudXBfd2l6YXJkLWN1cnJl\nbnRfc3RlcHEQXXERWAUAAABzdGVwMnESYVgNAAAAZGF0ZV9vZl9iaXJ0aHETXXEUWAkAAAAxOTky\nLTktMTdxFWFYBAAAAGZpbGVxFl1xF1gAAAAAYVgHAAAAY291bnRyeXEYXXEZWAIAAABVU3EaYVgI\nAAAAdGltZXpvbmVxG11xHFgKAAAAVVMvRWFzdGVybnEdYVgTAAAAY3NyZm1pZGRsZXdhcmV0b2tl\nbnEeXXEfWCAAAABsNnhQdk9JdzBzV2VYbExKRmlQV1BzSXVnOTBoWFhTeHEgYXVoBX1xIShYCQAA\nAHBhc3N3b3JkMV1xIlgRAAAAcGxlYXNlbG92ZXJha2hpMTdxI2FYCgAAAGZpcnN0X25hbWVdcSRY\nBQAAAFJha2hpcSVhWAkAAABsYXN0X25hbWVdcSZYBwAAAEFncmF3YWxxJ2FYIAAAAHR1dG9yX3Np\nZ251cF93aXphcmQtY3VycmVudF9zdGVwXXEoWAUAAABzdGVwMXEpYVgTAAAAY3NyZm1pZGRsZXdh\ncmV0b2tlbl1xKlggAAAAbDZ4UHZPSXcwc1dlWGxMSkZpUFdQc0l1ZzkwaFhYU3hxK2FYBQAAAGVt\nYWlsXXEsWBkAAAByYWtoaWFncmF3YWwuMTdAZ21haWwuY29tcS1hdXV1cy4=\n	2013-08-12 20:46:27.08726+00
4049283a2b7a03bc6699b3dc29dc868e	YTFhYzhhZWEwZjM1NzdjNDQwYzEzYzZjZDUxMGM1NjZjMDYxMjExYTqAAn1xAVUad2l6YXJkX3R1\ndG9yX3NpZ251cF93aXphcmR9cQIoVQpzdGVwX2ZpbGVzcQN9VQRzdGVwcQRYBQAAAHN0ZXAxcQVV\nCmV4dHJhX2RhdGFxBn1VCXN0ZXBfZGF0YXEHfXVzLg==\n	2013-08-13 23:15:22.516835+00
d209725b2a019d64abf307f42bc5f91d	ZGE1Yzk2NWVmNmZkMGEyOWE5M2E1ZjA4OTYwYWIxMzcyNDBiOGUxMDqAAn1xAVUad2l6YXJkX3R1\ndG9yX3NpZ251cF93aXphcmRxAn1xAyhVCnN0ZXBfZmlsZXNxBH1VBHN0ZXBxBVgFAAAAc3RlcDFx\nBlUKZXh0cmFfZGF0YXEHfVUJc3RlcF9kYXRhcQh9dXMu\n	2013-08-10 00:36:55.112708+00
33be6110b50189e4206ba8dbd1fc750e	ZGE1Yzk2NWVmNmZkMGEyOWE5M2E1ZjA4OTYwYWIxMzcyNDBiOGUxMDqAAn1xAVUad2l6YXJkX3R1\ndG9yX3NpZ251cF93aXphcmRxAn1xAyhVCnN0ZXBfZmlsZXNxBH1VBHN0ZXBxBVgFAAAAc3RlcDFx\nBlUKZXh0cmFfZGF0YXEHfVUJc3RlcF9kYXRhcQh9dXMu\n	2013-08-12 20:31:21.771767+00
cc49f71b36403945384b3df4b41d29d1	ZGE1Yzk2NWVmNmZkMGEyOWE5M2E1ZjA4OTYwYWIxMzcyNDBiOGUxMDqAAn1xAVUad2l6YXJkX3R1\ndG9yX3NpZ251cF93aXphcmRxAn1xAyhVCnN0ZXBfZmlsZXNxBH1VBHN0ZXBxBVgFAAAAc3RlcDFx\nBlUKZXh0cmFfZGF0YXEHfVUJc3RlcF9kYXRhcQh9dXMu\n	2013-08-10 02:13:22.241241+00
ec8a43d7ecdc3c2f33c2bf315039065a	ZGE1Yzk2NWVmNmZkMGEyOWE5M2E1ZjA4OTYwYWIxMzcyNDBiOGUxMDqAAn1xAVUad2l6YXJkX3R1\ndG9yX3NpZ251cF93aXphcmRxAn1xAyhVCnN0ZXBfZmlsZXNxBH1VBHN0ZXBxBVgFAAAAc3RlcDFx\nBlUKZXh0cmFfZGF0YXEHfVUJc3RlcF9kYXRhcQh9dXMu\n	2013-08-12 20:32:54.419712+00
bd9d77c570c2764c2226c2afcbf1fc9f	ZGE1Yzk2NWVmNmZkMGEyOWE5M2E1ZjA4OTYwYWIxMzcyNDBiOGUxMDqAAn1xAVUad2l6YXJkX3R1\ndG9yX3NpZ251cF93aXphcmRxAn1xAyhVCnN0ZXBfZmlsZXNxBH1VBHN0ZXBxBVgFAAAAc3RlcDFx\nBlUKZXh0cmFfZGF0YXEHfVUJc3RlcF9kYXRhcQh9dXMu\n	2013-08-12 20:35:18.410335+00
51bb3acd5d24a96068f898fff9f00e68	YTFhYzhhZWEwZjM1NzdjNDQwYzEzYzZjZDUxMGM1NjZjMDYxMjExYTqAAn1xAVUad2l6YXJkX3R1\ndG9yX3NpZ251cF93aXphcmR9cQIoVQpzdGVwX2ZpbGVzcQN9VQRzdGVwcQRYBQAAAHN0ZXAxcQVV\nCmV4dHJhX2RhdGFxBn1VCXN0ZXBfZGF0YXEHfXVzLg==\n	2013-08-10 02:57:25.45561+00
544910262b53a697ed0e583d554fa4e2	ZGE1Yzk2NWVmNmZkMGEyOWE5M2E1ZjA4OTYwYWIxMzcyNDBiOGUxMDqAAn1xAVUad2l6YXJkX3R1\ndG9yX3NpZ251cF93aXphcmRxAn1xAyhVCnN0ZXBfZmlsZXNxBH1VBHN0ZXBxBVgFAAAAc3RlcDFx\nBlUKZXh0cmFfZGF0YXEHfVUJc3RlcF9kYXRhcQh9dXMu\n	2013-08-10 02:59:50.684931+00
66bcfa45cd122ccaaf1a5936a330c31b	ZGE1Yzk2NWVmNmZkMGEyOWE5M2E1ZjA4OTYwYWIxMzcyNDBiOGUxMDqAAn1xAVUad2l6YXJkX3R1\ndG9yX3NpZ251cF93aXphcmRxAn1xAyhVCnN0ZXBfZmlsZXNxBH1VBHN0ZXBxBVgFAAAAc3RlcDFx\nBlUKZXh0cmFfZGF0YXEHfVUJc3RlcF9kYXRhcQh9dXMu\n	2013-08-10 03:05:13.141172+00
62615522513b6b37c6ea8adb456587b4	ZGE1Yzk2NWVmNmZkMGEyOWE5M2E1ZjA4OTYwYWIxMzcyNDBiOGUxMDqAAn1xAVUad2l6YXJkX3R1\ndG9yX3NpZ251cF93aXphcmRxAn1xAyhVCnN0ZXBfZmlsZXNxBH1VBHN0ZXBxBVgFAAAAc3RlcDFx\nBlUKZXh0cmFfZGF0YXEHfVUJc3RlcF9kYXRhcQh9dXMu\n	2013-08-10 04:02:57.940447+00
6999d6c1e27a68f7afcaf7799c821981	ZGE1Yzk2NWVmNmZkMGEyOWE5M2E1ZjA4OTYwYWIxMzcyNDBiOGUxMDqAAn1xAVUad2l6YXJkX3R1\ndG9yX3NpZ251cF93aXphcmRxAn1xAyhVCnN0ZXBfZmlsZXNxBH1VBHN0ZXBxBVgFAAAAc3RlcDFx\nBlUKZXh0cmFfZGF0YXEHfVUJc3RlcF9kYXRhcQh9dXMu\n	2013-08-10 04:03:12.567109+00
4de770944d047079bb9f04befe75823b	ZGE1Yzk2NWVmNmZkMGEyOWE5M2E1ZjA4OTYwYWIxMzcyNDBiOGUxMDqAAn1xAVUad2l6YXJkX3R1\ndG9yX3NpZ251cF93aXphcmRxAn1xAyhVCnN0ZXBfZmlsZXNxBH1VBHN0ZXBxBVgFAAAAc3RlcDFx\nBlUKZXh0cmFfZGF0YXEHfVUJc3RlcF9kYXRhcQh9dXMu\n	2013-08-10 04:04:16.315797+00
432db7ac6213182a38e9f300e65a0694	ZGE1Yzk2NWVmNmZkMGEyOWE5M2E1ZjA4OTYwYWIxMzcyNDBiOGUxMDqAAn1xAVUad2l6YXJkX3R1\ndG9yX3NpZ251cF93aXphcmRxAn1xAyhVCnN0ZXBfZmlsZXNxBH1VBHN0ZXBxBVgFAAAAc3RlcDFx\nBlUKZXh0cmFfZGF0YXEHfVUJc3RlcF9kYXRhcQh9dXMu\n	2013-08-10 04:04:19.039429+00
21e413607cef598bb1c49a420cfc98db	ZGE1Yzk2NWVmNmZkMGEyOWE5M2E1ZjA4OTYwYWIxMzcyNDBiOGUxMDqAAn1xAVUad2l6YXJkX3R1\ndG9yX3NpZ251cF93aXphcmRxAn1xAyhVCnN0ZXBfZmlsZXNxBH1VBHN0ZXBxBVgFAAAAc3RlcDFx\nBlUKZXh0cmFfZGF0YXEHfVUJc3RlcF9kYXRhcQh9dXMu\n	2013-08-10 04:34:13.438877+00
f9d73bd6086c464ebff7dfb66aebcad6	ZGE1Yzk2NWVmNmZkMGEyOWE5M2E1ZjA4OTYwYWIxMzcyNDBiOGUxMDqAAn1xAVUad2l6YXJkX3R1\ndG9yX3NpZ251cF93aXphcmRxAn1xAyhVCnN0ZXBfZmlsZXNxBH1VBHN0ZXBxBVgFAAAAc3RlcDFx\nBlUKZXh0cmFfZGF0YXEHfVUJc3RlcF9kYXRhcQh9dXMu\n	2013-08-10 04:34:13.58686+00
aac1089962c20e87bf755f788775a653	ZGE1Yzk2NWVmNmZkMGEyOWE5M2E1ZjA4OTYwYWIxMzcyNDBiOGUxMDqAAn1xAVUad2l6YXJkX3R1\ndG9yX3NpZ251cF93aXphcmRxAn1xAyhVCnN0ZXBfZmlsZXNxBH1VBHN0ZXBxBVgFAAAAc3RlcDFx\nBlUKZXh0cmFfZGF0YXEHfVUJc3RlcF9kYXRhcQh9dXMu\n	2013-08-10 05:18:02.923367+00
6daae9141502ff99e30384bd81abf5ae	ZGE1Yzk2NWVmNmZkMGEyOWE5M2E1ZjA4OTYwYWIxMzcyNDBiOGUxMDqAAn1xAVUad2l6YXJkX3R1\ndG9yX3NpZ251cF93aXphcmRxAn1xAyhVCnN0ZXBfZmlsZXNxBH1VBHN0ZXBxBVgFAAAAc3RlcDFx\nBlUKZXh0cmFfZGF0YXEHfVUJc3RlcF9kYXRhcQh9dXMu\n	2013-08-10 06:42:57.160369+00
0b8788cfee2248f5975e59ed633b3694	ZGE1Yzk2NWVmNmZkMGEyOWE5M2E1ZjA4OTYwYWIxMzcyNDBiOGUxMDqAAn1xAVUad2l6YXJkX3R1\ndG9yX3NpZ251cF93aXphcmRxAn1xAyhVCnN0ZXBfZmlsZXNxBH1VBHN0ZXBxBVgFAAAAc3RlcDFx\nBlUKZXh0cmFfZGF0YXEHfVUJc3RlcF9kYXRhcQh9dXMu\n	2013-08-10 06:44:11.42561+00
ffdb4ce7b19c35667e81271bcb1afebb	ZGE1Yzk2NWVmNmZkMGEyOWE5M2E1ZjA4OTYwYWIxMzcyNDBiOGUxMDqAAn1xAVUad2l6YXJkX3R1\ndG9yX3NpZ251cF93aXphcmRxAn1xAyhVCnN0ZXBfZmlsZXNxBH1VBHN0ZXBxBVgFAAAAc3RlcDFx\nBlUKZXh0cmFfZGF0YXEHfVUJc3RlcF9kYXRhcQh9dXMu\n	2013-08-10 06:46:14.067928+00
af25a086672e754f3db74435c1014855	ZGE1Yzk2NWVmNmZkMGEyOWE5M2E1ZjA4OTYwYWIxMzcyNDBiOGUxMDqAAn1xAVUad2l6YXJkX3R1\ndG9yX3NpZ251cF93aXphcmRxAn1xAyhVCnN0ZXBfZmlsZXNxBH1VBHN0ZXBxBVgFAAAAc3RlcDFx\nBlUKZXh0cmFfZGF0YXEHfVUJc3RlcF9kYXRhcQh9dXMu\n	2013-08-10 06:52:24.945863+00
13a25863d8ca2fca89ed000a0725ba98	ZGE1Yzk2NWVmNmZkMGEyOWE5M2E1ZjA4OTYwYWIxMzcyNDBiOGUxMDqAAn1xAVUad2l6YXJkX3R1\ndG9yX3NpZ251cF93aXphcmRxAn1xAyhVCnN0ZXBfZmlsZXNxBH1VBHN0ZXBxBVgFAAAAc3RlcDFx\nBlUKZXh0cmFfZGF0YXEHfVUJc3RlcF9kYXRhcQh9dXMu\n	2013-08-10 06:52:25.878321+00
54a0886ccd6d354d0e8ba608bf729bb3	ZGE1Yzk2NWVmNmZkMGEyOWE5M2E1ZjA4OTYwYWIxMzcyNDBiOGUxMDqAAn1xAVUad2l6YXJkX3R1\ndG9yX3NpZ251cF93aXphcmRxAn1xAyhVCnN0ZXBfZmlsZXNxBH1VBHN0ZXBxBVgFAAAAc3RlcDFx\nBlUKZXh0cmFfZGF0YXEHfVUJc3RlcF9kYXRhcQh9dXMu\n	2013-08-10 06:52:26.132967+00
076c0bc060192d2207c051d24ec31fa5	ZGE1Yzk2NWVmNmZkMGEyOWE5M2E1ZjA4OTYwYWIxMzcyNDBiOGUxMDqAAn1xAVUad2l6YXJkX3R1\ndG9yX3NpZ251cF93aXphcmRxAn1xAyhVCnN0ZXBfZmlsZXNxBH1VBHN0ZXBxBVgFAAAAc3RlcDFx\nBlUKZXh0cmFfZGF0YXEHfVUJc3RlcF9kYXRhcQh9dXMu\n	2013-08-10 07:49:30.454706+00
5ecdf21410a2816e1dd4b6c299a53e92	ZGE1Yzk2NWVmNmZkMGEyOWE5M2E1ZjA4OTYwYWIxMzcyNDBiOGUxMDqAAn1xAVUad2l6YXJkX3R1\ndG9yX3NpZ251cF93aXphcmRxAn1xAyhVCnN0ZXBfZmlsZXNxBH1VBHN0ZXBxBVgFAAAAc3RlcDFx\nBlUKZXh0cmFfZGF0YXEHfVUJc3RlcF9kYXRhcQh9dXMu\n	2013-08-10 07:58:02.441661+00
c22042dde44654898bb22b3438babf24	ZGE1Yzk2NWVmNmZkMGEyOWE5M2E1ZjA4OTYwYWIxMzcyNDBiOGUxMDqAAn1xAVUad2l6YXJkX3R1\ndG9yX3NpZ251cF93aXphcmRxAn1xAyhVCnN0ZXBfZmlsZXNxBH1VBHN0ZXBxBVgFAAAAc3RlcDFx\nBlUKZXh0cmFfZGF0YXEHfVUJc3RlcF9kYXRhcQh9dXMu\n	2013-08-10 09:11:05.034262+00
07ae02e886c2ddcbfd17513228eaf284	ZGE1Yzk2NWVmNmZkMGEyOWE5M2E1ZjA4OTYwYWIxMzcyNDBiOGUxMDqAAn1xAVUad2l6YXJkX3R1\ndG9yX3NpZ251cF93aXphcmRxAn1xAyhVCnN0ZXBfZmlsZXNxBH1VBHN0ZXBxBVgFAAAAc3RlcDFx\nBlUKZXh0cmFfZGF0YXEHfVUJc3RlcF9kYXRhcQh9dXMu\n	2013-08-10 10:52:53.456228+00
b2e4406093ad6c60542bf1ebe4bb6bde	ZGE1Yzk2NWVmNmZkMGEyOWE5M2E1ZjA4OTYwYWIxMzcyNDBiOGUxMDqAAn1xAVUad2l6YXJkX3R1\ndG9yX3NpZ251cF93aXphcmRxAn1xAyhVCnN0ZXBfZmlsZXNxBH1VBHN0ZXBxBVgFAAAAc3RlcDFx\nBlUKZXh0cmFfZGF0YXEHfVUJc3RlcF9kYXRhcQh9dXMu\n	2013-08-10 11:32:02.688531+00
9dc170b98d7aea830b3fb0c38490a187	ZGE1Yzk2NWVmNmZkMGEyOWE5M2E1ZjA4OTYwYWIxMzcyNDBiOGUxMDqAAn1xAVUad2l6YXJkX3R1\ndG9yX3NpZ251cF93aXphcmRxAn1xAyhVCnN0ZXBfZmlsZXNxBH1VBHN0ZXBxBVgFAAAAc3RlcDFx\nBlUKZXh0cmFfZGF0YXEHfVUJc3RlcF9kYXRhcQh9dXMu\n	2013-08-10 11:34:06.406249+00
7333f08ac038dc344c24e88cf64427dd	ZGE1Yzk2NWVmNmZkMGEyOWE5M2E1ZjA4OTYwYWIxMzcyNDBiOGUxMDqAAn1xAVUad2l6YXJkX3R1\ndG9yX3NpZ251cF93aXphcmRxAn1xAyhVCnN0ZXBfZmlsZXNxBH1VBHN0ZXBxBVgFAAAAc3RlcDFx\nBlUKZXh0cmFfZGF0YXEHfVUJc3RlcF9kYXRhcQh9dXMu\n	2013-08-10 11:37:10.409564+00
57eaa9a2062d652a03c9772abcf8102c	YTFhYzhhZWEwZjM1NzdjNDQwYzEzYzZjZDUxMGM1NjZjMDYxMjExYTqAAn1xAVUad2l6YXJkX3R1\ndG9yX3NpZ251cF93aXphcmR9cQIoVQpzdGVwX2ZpbGVzcQN9VQRzdGVwcQRYBQAAAHN0ZXAxcQVV\nCmV4dHJhX2RhdGFxBn1VCXN0ZXBfZGF0YXEHfXVzLg==\n	2013-08-12 11:47:49.986807+00
bbad33c8673e9427589daa3c9f30c348	ZGE1Yzk2NWVmNmZkMGEyOWE5M2E1ZjA4OTYwYWIxMzcyNDBiOGUxMDqAAn1xAVUad2l6YXJkX3R1\ndG9yX3NpZ251cF93aXphcmRxAn1xAyhVCnN0ZXBfZmlsZXNxBH1VBHN0ZXBxBVgFAAAAc3RlcDFx\nBlUKZXh0cmFfZGF0YXEHfVUJc3RlcF9kYXRhcQh9dXMu\n	2013-08-10 11:42:56.392938+00
5230632f991298aeb77ba236bff2fe22	ZGE1Yzk2NWVmNmZkMGEyOWE5M2E1ZjA4OTYwYWIxMzcyNDBiOGUxMDqAAn1xAVUad2l6YXJkX3R1\ndG9yX3NpZ251cF93aXphcmRxAn1xAyhVCnN0ZXBfZmlsZXNxBH1VBHN0ZXBxBVgFAAAAc3RlcDFx\nBlUKZXh0cmFfZGF0YXEHfVUJc3RlcF9kYXRhcQh9dXMu\n	2013-08-10 11:51:56.52154+00
3a0e243978d54c1523cd990cb668eb94	ZGE1Yzk2NWVmNmZkMGEyOWE5M2E1ZjA4OTYwYWIxMzcyNDBiOGUxMDqAAn1xAVUad2l6YXJkX3R1\ndG9yX3NpZ251cF93aXphcmRxAn1xAyhVCnN0ZXBfZmlsZXNxBH1VBHN0ZXBxBVgFAAAAc3RlcDFx\nBlUKZXh0cmFfZGF0YXEHfVUJc3RlcF9kYXRhcQh9dXMu\n	2013-08-10 14:33:36.82845+00
3784b1a129ebb20a3f945d2f8b4f80c7	ZGE1Yzk2NWVmNmZkMGEyOWE5M2E1ZjA4OTYwYWIxMzcyNDBiOGUxMDqAAn1xAVUad2l6YXJkX3R1\ndG9yX3NpZ251cF93aXphcmRxAn1xAyhVCnN0ZXBfZmlsZXNxBH1VBHN0ZXBxBVgFAAAAc3RlcDFx\nBlUKZXh0cmFfZGF0YXEHfVUJc3RlcF9kYXRhcQh9dXMu\n	2013-08-12 20:31:24.299582+00
116b54220c7fe4f3e948cebcd4e79791	ZGE1Yzk2NWVmNmZkMGEyOWE5M2E1ZjA4OTYwYWIxMzcyNDBiOGUxMDqAAn1xAVUad2l6YXJkX3R1\ndG9yX3NpZ251cF93aXphcmRxAn1xAyhVCnN0ZXBfZmlsZXNxBH1VBHN0ZXBxBVgFAAAAc3RlcDFx\nBlUKZXh0cmFfZGF0YXEHfVUJc3RlcF9kYXRhcQh9dXMu\n	2013-08-10 16:22:47.034126+00
0d96dd40224ee5ccc11be5d322838b5d	ZGE1Yzk2NWVmNmZkMGEyOWE5M2E1ZjA4OTYwYWIxMzcyNDBiOGUxMDqAAn1xAVUad2l6YXJkX3R1\ndG9yX3NpZ251cF93aXphcmRxAn1xAyhVCnN0ZXBfZmlsZXNxBH1VBHN0ZXBxBVgFAAAAc3RlcDFx\nBlUKZXh0cmFfZGF0YXEHfVUJc3RlcF9kYXRhcQh9dXMu\n	2013-08-10 17:39:45.351971+00
a5369c5e5835a36d60747b5a38161b62	ZGE1Yzk2NWVmNmZkMGEyOWE5M2E1ZjA4OTYwYWIxMzcyNDBiOGUxMDqAAn1xAVUad2l6YXJkX3R1\ndG9yX3NpZ251cF93aXphcmRxAn1xAyhVCnN0ZXBfZmlsZXNxBH1VBHN0ZXBxBVgFAAAAc3RlcDFx\nBlUKZXh0cmFfZGF0YXEHfVUJc3RlcF9kYXRhcQh9dXMu\n	2013-08-10 17:51:49.965597+00
905a9d7aadd0a927aca6ffef8baaeea3	ZGE1Yzk2NWVmNmZkMGEyOWE5M2E1ZjA4OTYwYWIxMzcyNDBiOGUxMDqAAn1xAVUad2l6YXJkX3R1\ndG9yX3NpZ251cF93aXphcmRxAn1xAyhVCnN0ZXBfZmlsZXNxBH1VBHN0ZXBxBVgFAAAAc3RlcDFx\nBlUKZXh0cmFfZGF0YXEHfVUJc3RlcF9kYXRhcQh9dXMu\n	2013-08-10 18:30:11.089879+00
d8fea297f4f34a2733718c1c4b4895a5	ZGE1Yzk2NWVmNmZkMGEyOWE5M2E1ZjA4OTYwYWIxMzcyNDBiOGUxMDqAAn1xAVUad2l6YXJkX3R1\ndG9yX3NpZ251cF93aXphcmRxAn1xAyhVCnN0ZXBfZmlsZXNxBH1VBHN0ZXBxBVgFAAAAc3RlcDFx\nBlUKZXh0cmFfZGF0YXEHfVUJc3RlcF9kYXRhcQh9dXMu\n	2013-08-10 20:22:06.033561+00
1e1da93c59da1016d97ec8fa753502f7	ZGE1Yzk2NWVmNmZkMGEyOWE5M2E1ZjA4OTYwYWIxMzcyNDBiOGUxMDqAAn1xAVUad2l6YXJkX3R1\ndG9yX3NpZ251cF93aXphcmRxAn1xAyhVCnN0ZXBfZmlsZXNxBH1VBHN0ZXBxBVgFAAAAc3RlcDFx\nBlUKZXh0cmFfZGF0YXEHfVUJc3RlcF9kYXRhcQh9dXMu\n	2013-08-10 20:35:02.387785+00
66321eb5b7c689e4e78909320f3807dd	ZGE1Yzk2NWVmNmZkMGEyOWE5M2E1ZjA4OTYwYWIxMzcyNDBiOGUxMDqAAn1xAVUad2l6YXJkX3R1\ndG9yX3NpZ251cF93aXphcmRxAn1xAyhVCnN0ZXBfZmlsZXNxBH1VBHN0ZXBxBVgFAAAAc3RlcDFx\nBlUKZXh0cmFfZGF0YXEHfVUJc3RlcF9kYXRhcQh9dXMu\n	2013-08-10 22:44:07.542448+00
6a78e87913ccb91f8351618fbd1a66c8	ZGE1Yzk2NWVmNmZkMGEyOWE5M2E1ZjA4OTYwYWIxMzcyNDBiOGUxMDqAAn1xAVUad2l6YXJkX3R1\ndG9yX3NpZ251cF93aXphcmRxAn1xAyhVCnN0ZXBfZmlsZXNxBH1VBHN0ZXBxBVgFAAAAc3RlcDFx\nBlUKZXh0cmFfZGF0YXEHfVUJc3RlcF9kYXRhcQh9dXMu\n	2013-08-10 23:58:00.011243+00
d6cfc65b6289cf1c34d0f1efdc5698e0	ZGE1Yzk2NWVmNmZkMGEyOWE5M2E1ZjA4OTYwYWIxMzcyNDBiOGUxMDqAAn1xAVUad2l6YXJkX3R1\ndG9yX3NpZ251cF93aXphcmRxAn1xAyhVCnN0ZXBfZmlsZXNxBH1VBHN0ZXBxBVgFAAAAc3RlcDFx\nBlUKZXh0cmFfZGF0YXEHfVUJc3RlcF9kYXRhcQh9dXMu\n	2013-08-11 00:07:38.133165+00
ea4310f688b07d774330c75ba3cc61a3	ZGE1Yzk2NWVmNmZkMGEyOWE5M2E1ZjA4OTYwYWIxMzcyNDBiOGUxMDqAAn1xAVUad2l6YXJkX3R1\ndG9yX3NpZ251cF93aXphcmRxAn1xAyhVCnN0ZXBfZmlsZXNxBH1VBHN0ZXBxBVgFAAAAc3RlcDFx\nBlUKZXh0cmFfZGF0YXEHfVUJc3RlcF9kYXRhcQh9dXMu\n	2013-08-11 00:24:09.990565+00
0bf4f61f2f86b96240c559d4f5c146b9	ZGE1Yzk2NWVmNmZkMGEyOWE5M2E1ZjA4OTYwYWIxMzcyNDBiOGUxMDqAAn1xAVUad2l6YXJkX3R1\ndG9yX3NpZ251cF93aXphcmRxAn1xAyhVCnN0ZXBfZmlsZXNxBH1VBHN0ZXBxBVgFAAAAc3RlcDFx\nBlUKZXh0cmFfZGF0YXEHfVUJc3RlcF9kYXRhcQh9dXMu\n	2013-08-11 00:37:38.72335+00
3f34f56cd6a906a22282dc5367074e0a	ZGE1Yzk2NWVmNmZkMGEyOWE5M2E1ZjA4OTYwYWIxMzcyNDBiOGUxMDqAAn1xAVUad2l6YXJkX3R1\ndG9yX3NpZ251cF93aXphcmRxAn1xAyhVCnN0ZXBfZmlsZXNxBH1VBHN0ZXBxBVgFAAAAc3RlcDFx\nBlUKZXh0cmFfZGF0YXEHfVUJc3RlcF9kYXRhcQh9dXMu\n	2013-08-11 02:03:33.963586+00
a16c6615cc466ad9e78f0f0ab7b74f5f	ZGE1Yzk2NWVmNmZkMGEyOWE5M2E1ZjA4OTYwYWIxMzcyNDBiOGUxMDqAAn1xAVUad2l6YXJkX3R1\ndG9yX3NpZ251cF93aXphcmRxAn1xAyhVCnN0ZXBfZmlsZXNxBH1VBHN0ZXBxBVgFAAAAc3RlcDFx\nBlUKZXh0cmFfZGF0YXEHfVUJc3RlcF9kYXRhcQh9dXMu\n	2013-08-11 02:11:52.800214+00
5e3d699bf675db24c160fd122cc165f4	ZGE1Yzk2NWVmNmZkMGEyOWE5M2E1ZjA4OTYwYWIxMzcyNDBiOGUxMDqAAn1xAVUad2l6YXJkX3R1\ndG9yX3NpZ251cF93aXphcmRxAn1xAyhVCnN0ZXBfZmlsZXNxBH1VBHN0ZXBxBVgFAAAAc3RlcDFx\nBlUKZXh0cmFfZGF0YXEHfVUJc3RlcF9kYXRhcQh9dXMu\n	2013-08-11 03:10:28.195707+00
1d881dc96d172d76598c58e63f48e04f	ZGE1Yzk2NWVmNmZkMGEyOWE5M2E1ZjA4OTYwYWIxMzcyNDBiOGUxMDqAAn1xAVUad2l6YXJkX3R1\ndG9yX3NpZ251cF93aXphcmRxAn1xAyhVCnN0ZXBfZmlsZXNxBH1VBHN0ZXBxBVgFAAAAc3RlcDFx\nBlUKZXh0cmFfZGF0YXEHfVUJc3RlcF9kYXRhcQh9dXMu\n	2013-08-11 04:14:49.534399+00
e4202c3e97dd038ad268198f884dbffb	ZGE1Yzk2NWVmNmZkMGEyOWE5M2E1ZjA4OTYwYWIxMzcyNDBiOGUxMDqAAn1xAVUad2l6YXJkX3R1\ndG9yX3NpZ251cF93aXphcmRxAn1xAyhVCnN0ZXBfZmlsZXNxBH1VBHN0ZXBxBVgFAAAAc3RlcDFx\nBlUKZXh0cmFfZGF0YXEHfVUJc3RlcF9kYXRhcQh9dXMu\n	2013-08-11 04:31:26.354832+00
7bc162b913987a260de8f2b9753ef522	ZGE1Yzk2NWVmNmZkMGEyOWE5M2E1ZjA4OTYwYWIxMzcyNDBiOGUxMDqAAn1xAVUad2l6YXJkX3R1\ndG9yX3NpZ251cF93aXphcmRxAn1xAyhVCnN0ZXBfZmlsZXNxBH1VBHN0ZXBxBVgFAAAAc3RlcDFx\nBlUKZXh0cmFfZGF0YXEHfVUJc3RlcF9kYXRhcQh9dXMu\n	2013-08-11 06:16:03.591289+00
76efad60877b4b272909b7bd04299c61	ZGE1Yzk2NWVmNmZkMGEyOWE5M2E1ZjA4OTYwYWIxMzcyNDBiOGUxMDqAAn1xAVUad2l6YXJkX3R1\ndG9yX3NpZ251cF93aXphcmRxAn1xAyhVCnN0ZXBfZmlsZXNxBH1VBHN0ZXBxBVgFAAAAc3RlcDFx\nBlUKZXh0cmFfZGF0YXEHfVUJc3RlcF9kYXRhcQh9dXMu\n	2013-08-12 20:33:04.325055+00
6e351289aae6f5d4c62de925b32ce16c	ZGE1Yzk2NWVmNmZkMGEyOWE5M2E1ZjA4OTYwYWIxMzcyNDBiOGUxMDqAAn1xAVUad2l6YXJkX3R1\ndG9yX3NpZ251cF93aXphcmRxAn1xAyhVCnN0ZXBfZmlsZXNxBH1VBHN0ZXBxBVgFAAAAc3RlcDFx\nBlUKZXh0cmFfZGF0YXEHfVUJc3RlcF9kYXRhcQh9dXMu\n	2013-08-11 08:05:14.881214+00
37d862f91123e6a5b5b27f7090a1d43e	ZGE1Yzk2NWVmNmZkMGEyOWE5M2E1ZjA4OTYwYWIxMzcyNDBiOGUxMDqAAn1xAVUad2l6YXJkX3R1\ndG9yX3NpZ251cF93aXphcmRxAn1xAyhVCnN0ZXBfZmlsZXNxBH1VBHN0ZXBxBVgFAAAAc3RlcDFx\nBlUKZXh0cmFfZGF0YXEHfVUJc3RlcF9kYXRhcQh9dXMu\n	2013-08-11 08:14:04.398926+00
58544f7f3d3546907fcc79e472eb0499	ZGE1Yzk2NWVmNmZkMGEyOWE5M2E1ZjA4OTYwYWIxMzcyNDBiOGUxMDqAAn1xAVUad2l6YXJkX3R1\ndG9yX3NpZ251cF93aXphcmRxAn1xAyhVCnN0ZXBfZmlsZXNxBH1VBHN0ZXBxBVgFAAAAc3RlcDFx\nBlUKZXh0cmFfZGF0YXEHfVUJc3RlcF9kYXRhcQh9dXMu\n	2013-08-11 14:21:57.59483+00
9023e9b374fb0fc7778565d8a116bc50	ZGE1Yzk2NWVmNmZkMGEyOWE5M2E1ZjA4OTYwYWIxMzcyNDBiOGUxMDqAAn1xAVUad2l6YXJkX3R1\ndG9yX3NpZ251cF93aXphcmRxAn1xAyhVCnN0ZXBfZmlsZXNxBH1VBHN0ZXBxBVgFAAAAc3RlcDFx\nBlUKZXh0cmFfZGF0YXEHfVUJc3RlcF9kYXRhcQh9dXMu\n	2013-08-11 15:44:16.577587+00
4a018392f72f345fd18918e63468e3d3	ZGE1Yzk2NWVmNmZkMGEyOWE5M2E1ZjA4OTYwYWIxMzcyNDBiOGUxMDqAAn1xAVUad2l6YXJkX3R1\ndG9yX3NpZ251cF93aXphcmRxAn1xAyhVCnN0ZXBfZmlsZXNxBH1VBHN0ZXBxBVgFAAAAc3RlcDFx\nBlUKZXh0cmFfZGF0YXEHfVUJc3RlcF9kYXRhcQh9dXMu\n	2013-08-11 15:49:43.137235+00
68805e3d4f3d1b0ec55fc6c47f06beac	YTFhYzhhZWEwZjM1NzdjNDQwYzEzYzZjZDUxMGM1NjZjMDYxMjExYTqAAn1xAVUad2l6YXJkX3R1\ndG9yX3NpZ251cF93aXphcmR9cQIoVQpzdGVwX2ZpbGVzcQN9VQRzdGVwcQRYBQAAAHN0ZXAxcQVV\nCmV4dHJhX2RhdGFxBn1VCXN0ZXBfZGF0YXEHfXVzLg==\n	2013-08-12 20:35:18.71078+00
83a4f8b9334befb4cc3d61295dbe5910	ZGE1Yzk2NWVmNmZkMGEyOWE5M2E1ZjA4OTYwYWIxMzcyNDBiOGUxMDqAAn1xAVUad2l6YXJkX3R1\ndG9yX3NpZ251cF93aXphcmRxAn1xAyhVCnN0ZXBfZmlsZXNxBH1VBHN0ZXBxBVgFAAAAc3RlcDFx\nBlUKZXh0cmFfZGF0YXEHfVUJc3RlcF9kYXRhcQh9dXMu\n	2013-08-12 20:37:12.248175+00
fa6c351ae0ccf8df4f7a2ce6d4302974	ZGE1Yzk2NWVmNmZkMGEyOWE5M2E1ZjA4OTYwYWIxMzcyNDBiOGUxMDqAAn1xAVUad2l6YXJkX3R1\ndG9yX3NpZ251cF93aXphcmRxAn1xAyhVCnN0ZXBfZmlsZXNxBH1VBHN0ZXBxBVgFAAAAc3RlcDFx\nBlUKZXh0cmFfZGF0YXEHfVUJc3RlcF9kYXRhcQh9dXMu\n	2013-08-12 20:31:25.524058+00
d108f123fec98894ffb67382796bf139	ZGE1Yzk2NWVmNmZkMGEyOWE5M2E1ZjA4OTYwYWIxMzcyNDBiOGUxMDqAAn1xAVUad2l6YXJkX3R1\ndG9yX3NpZ251cF93aXphcmRxAn1xAyhVCnN0ZXBfZmlsZXNxBH1VBHN0ZXBxBVgFAAAAc3RlcDFx\nBlUKZXh0cmFfZGF0YXEHfVUJc3RlcF9kYXRhcQh9dXMu\n	2013-08-11 16:03:10.66683+00
db2e0934bd9cb717650addd648a68b3d	ZGE1Yzk2NWVmNmZkMGEyOWE5M2E1ZjA4OTYwYWIxMzcyNDBiOGUxMDqAAn1xAVUad2l6YXJkX3R1\ndG9yX3NpZ251cF93aXphcmRxAn1xAyhVCnN0ZXBfZmlsZXNxBH1VBHN0ZXBxBVgFAAAAc3RlcDFx\nBlUKZXh0cmFfZGF0YXEHfVUJc3RlcF9kYXRhcQh9dXMu\n	2013-08-12 20:33:05.185254+00
490f3f60e3282a598564290c01eaa248	ZGE1Yzk2NWVmNmZkMGEyOWE5M2E1ZjA4OTYwYWIxMzcyNDBiOGUxMDqAAn1xAVUad2l6YXJkX3R1\ndG9yX3NpZ251cF93aXphcmRxAn1xAyhVCnN0ZXBfZmlsZXNxBH1VBHN0ZXBxBVgFAAAAc3RlcDFx\nBlUKZXh0cmFfZGF0YXEHfVUJc3RlcF9kYXRhcQh9dXMu\n	2013-08-12 20:35:27.514893+00
bf7f695e0686100e5466807065eeabeb	ZGE1Yzk2NWVmNmZkMGEyOWE5M2E1ZjA4OTYwYWIxMzcyNDBiOGUxMDqAAn1xAVUad2l6YXJkX3R1\ndG9yX3NpZ251cF93aXphcmRxAn1xAyhVCnN0ZXBfZmlsZXNxBH1VBHN0ZXBxBVgFAAAAc3RlcDFx\nBlUKZXh0cmFfZGF0YXEHfVUJc3RlcF9kYXRhcQh9dXMu\n	2013-08-12 20:38:44.615071+00
91c7df589b63b509af179961e7a6bd9a	ZGE1Yzk2NWVmNmZkMGEyOWE5M2E1ZjA4OTYwYWIxMzcyNDBiOGUxMDqAAn1xAVUad2l6YXJkX3R1\ndG9yX3NpZ251cF93aXphcmRxAn1xAyhVCnN0ZXBfZmlsZXNxBH1VBHN0ZXBxBVgFAAAAc3RlcDFx\nBlUKZXh0cmFfZGF0YXEHfVUJc3RlcF9kYXRhcQh9dXMu\n	2013-08-12 20:42:20.461234+00
896a9e2fddc44786e925fe22385f1097	YzJmZDljOGNjODhhZjRlY2EyNjZkYzMzYTRiZjllMWFkOGUyYTk3ZTqAAn1xAVUad2l6YXJkX3R1\ndG9yX3NpZ251cF93aXphcmR9cQIoVQpzdGVwX2ZpbGVzfXEDWAUAAABzdGVwMXEEfXNVBHN0ZXBY\nBQAAAHN0ZXAycQVVCmV4dHJhX2RhdGF9VQlzdGVwX2RhdGF9cQZoBH1xByhYCQAAAHBhc3N3b3Jk\nMXEIXXEJWAsAAABlbnRodXNpYXNtMnEKYVgKAAAAZmlyc3RfbmFtZXELXXEMWAUAAABDaHJpc3EN\nYVgJAAAAbGFzdF9uYW1lcQ5dcQ9YAgAAAExpcRBhWCAAAAB0dXRvcl9zaWdudXBfd2l6YXJkLWN1\ncnJlbnRfc3RlcHERXXESWAUAAABzdGVwMXETYVgTAAAAY3NyZm1pZGRsZXdhcmV0b2tlbnEUXXEV\nWCAAAABUbmZ2aVRFRlJoSVk4amJndFR2TmlSZWZwWm9NR1NtSXEWYVgFAAAAZW1haWxxF11xGFgT\nAAAAaGwyNzI5QGNvbHVtYmlhLmVkdXEZYXVzdXMu\n	2013-08-12 20:42:26.553703+00
2aebefb0b48665876292b996d06fe077	ZTc3OTQwZjgwMTcyYjIyMjVkYzJhMzZkZjc5ZDdmYzE1YThlZjVmMDqAAn1xAShVGndpemFyZF90\ndXRvcl9zaWdudXBfd2l6YXJkfXECKFUKc3RlcF9maWxlc31VBHN0ZXBYBQAAAHN0ZXAxVQpleHRy\nYV9kYXRhfVUJc3RlcF9kYXRhfXVVD19zZXNzaW9uX2V4cGlyeXEDSwBVEl9hdXRoX3VzZXJfYmFj\na2VuZHEEVSlkamFuZ28uY29udHJpYi5hdXRoLmJhY2tlbmRzLk1vZGVsQmFja2VuZHEFVQ1fYXV0\naF91c2VyX2lkcQZNDwF1Lg==\n	2013-08-11 20:03:48.701821+00
6be72df5b95817dd08845248d3f87af5	ZGE1Yzk2NWVmNmZkMGEyOWE5M2E1ZjA4OTYwYWIxMzcyNDBiOGUxMDqAAn1xAVUad2l6YXJkX3R1\ndG9yX3NpZ251cF93aXphcmRxAn1xAyhVCnN0ZXBfZmlsZXNxBH1VBHN0ZXBxBVgFAAAAc3RlcDFx\nBlUKZXh0cmFfZGF0YXEHfVUJc3RlcF9kYXRhcQh9dXMu\n	2013-08-12 20:45:47.77709+00
82d77a0cb447cd25db08245a7e171b50	ZGE1Yzk2NWVmNmZkMGEyOWE5M2E1ZjA4OTYwYWIxMzcyNDBiOGUxMDqAAn1xAVUad2l6YXJkX3R1\ndG9yX3NpZ251cF93aXphcmRxAn1xAyhVCnN0ZXBfZmlsZXNxBH1VBHN0ZXBxBVgFAAAAc3RlcDFx\nBlUKZXh0cmFfZGF0YXEHfVUJc3RlcF9kYXRhcQh9dXMu\n	2013-08-12 20:47:48.322774+00
565b336b5fd0e87ed86c4735d3b66429	ZGE1Yzk2NWVmNmZkMGEyOWE5M2E1ZjA4OTYwYWIxMzcyNDBiOGUxMDqAAn1xAVUad2l6YXJkX3R1\ndG9yX3NpZ251cF93aXphcmRxAn1xAyhVCnN0ZXBfZmlsZXNxBH1VBHN0ZXBxBVgFAAAAc3RlcDFx\nBlUKZXh0cmFfZGF0YXEHfVUJc3RlcF9kYXRhcQh9dXMu\n	2013-08-12 20:51:10.898173+00
f51c19fb7861e832dbfd3c15c2738cf0	ZGE1Yzk2NWVmNmZkMGEyOWE5M2E1ZjA4OTYwYWIxMzcyNDBiOGUxMDqAAn1xAVUad2l6YXJkX3R1\ndG9yX3NpZ251cF93aXphcmRxAn1xAyhVCnN0ZXBfZmlsZXNxBH1VBHN0ZXBxBVgFAAAAc3RlcDFx\nBlUKZXh0cmFfZGF0YXEHfVUJc3RlcF9kYXRhcQh9dXMu\n	2013-08-12 20:58:29.600497+00
71b1daa37811b27126e4cbedf4d54012	ZGE1Yzk2NWVmNmZkMGEyOWE5M2E1ZjA4OTYwYWIxMzcyNDBiOGUxMDqAAn1xAVUad2l6YXJkX3R1\ndG9yX3NpZ251cF93aXphcmRxAn1xAyhVCnN0ZXBfZmlsZXNxBH1VBHN0ZXBxBVgFAAAAc3RlcDFx\nBlUKZXh0cmFfZGF0YXEHfVUJc3RlcF9kYXRhcQh9dXMu\n	2013-08-12 21:02:24.046625+00
839ee2227870875b9300af61a703a19a	ZGE1Yzk2NWVmNmZkMGEyOWE5M2E1ZjA4OTYwYWIxMzcyNDBiOGUxMDqAAn1xAVUad2l6YXJkX3R1\ndG9yX3NpZ251cF93aXphcmRxAn1xAyhVCnN0ZXBfZmlsZXNxBH1VBHN0ZXBxBVgFAAAAc3RlcDFx\nBlUKZXh0cmFfZGF0YXEHfVUJc3RlcF9kYXRhcQh9dXMu\n	2013-08-12 21:04:02.563008+00
248b118a489754f597ce0511077bc661	ZGE1Yzk2NWVmNmZkMGEyOWE5M2E1ZjA4OTYwYWIxMzcyNDBiOGUxMDqAAn1xAVUad2l6YXJkX3R1\ndG9yX3NpZ251cF93aXphcmRxAn1xAyhVCnN0ZXBfZmlsZXNxBH1VBHN0ZXBxBVgFAAAAc3RlcDFx\nBlUKZXh0cmFfZGF0YXEHfVUJc3RlcF9kYXRhcQh9dXMu\n	2013-08-12 21:08:03.660991+00
930574ddcb4f5125c40f645e8f0eab76	ZGE1Yzk2NWVmNmZkMGEyOWE5M2E1ZjA4OTYwYWIxMzcyNDBiOGUxMDqAAn1xAVUad2l6YXJkX3R1\ndG9yX3NpZ251cF93aXphcmRxAn1xAyhVCnN0ZXBfZmlsZXNxBH1VBHN0ZXBxBVgFAAAAc3RlcDFx\nBlUKZXh0cmFfZGF0YXEHfVUJc3RlcF9kYXRhcQh9dXMu\n	2013-08-12 21:10:22.761412+00
d49351c90b7795f57518e5f62b145dfc	YTFhYzhhZWEwZjM1NzdjNDQwYzEzYzZjZDUxMGM1NjZjMDYxMjExYTqAAn1xAVUad2l6YXJkX3R1\ndG9yX3NpZ251cF93aXphcmR9cQIoVQpzdGVwX2ZpbGVzcQN9VQRzdGVwcQRYBQAAAHN0ZXAxcQVV\nCmV4dHJhX2RhdGFxBn1VCXN0ZXBfZGF0YXEHfXVzLg==\n	2013-08-12 21:21:08.523485+00
aab7cbf0f9d9a11f678a62c4df44bc0d	ZGE1Yzk2NWVmNmZkMGEyOWE5M2E1ZjA4OTYwYWIxMzcyNDBiOGUxMDqAAn1xAVUad2l6YXJkX3R1\ndG9yX3NpZ251cF93aXphcmRxAn1xAyhVCnN0ZXBfZmlsZXNxBH1VBHN0ZXBxBVgFAAAAc3RlcDFx\nBlUKZXh0cmFfZGF0YXEHfVUJc3RlcF9kYXRhcQh9dXMu\n	2013-08-12 21:27:32.191815+00
00b1a765ff9b6515bc1ac726c3a06f05	YTFhYzhhZWEwZjM1NzdjNDQwYzEzYzZjZDUxMGM1NjZjMDYxMjExYTqAAn1xAVUad2l6YXJkX3R1\ndG9yX3NpZ251cF93aXphcmR9cQIoVQpzdGVwX2ZpbGVzcQN9VQRzdGVwcQRYBQAAAHN0ZXAxcQVV\nCmV4dHJhX2RhdGFxBn1VCXN0ZXBfZGF0YXEHfXVzLg==\n	2013-08-12 21:41:43.911729+00
c698ed967f805bf29d4804211b4f2346	ZGE1Yzk2NWVmNmZkMGEyOWE5M2E1ZjA4OTYwYWIxMzcyNDBiOGUxMDqAAn1xAVUad2l6YXJkX3R1\ndG9yX3NpZ251cF93aXphcmRxAn1xAyhVCnN0ZXBfZmlsZXNxBH1VBHN0ZXBxBVgFAAAAc3RlcDFx\nBlUKZXh0cmFfZGF0YXEHfVUJc3RlcF9kYXRhcQh9dXMu\n	2013-08-12 21:50:26.410313+00
c1e4e5b3dfd198d606cb412b956a2a4d	ZGE1Yzk2NWVmNmZkMGEyOWE5M2E1ZjA4OTYwYWIxMzcyNDBiOGUxMDqAAn1xAVUad2l6YXJkX3R1\ndG9yX3NpZ251cF93aXphcmRxAn1xAyhVCnN0ZXBfZmlsZXNxBH1VBHN0ZXBxBVgFAAAAc3RlcDFx\nBlUKZXh0cmFfZGF0YXEHfVUJc3RlcF9kYXRhcQh9dXMu\n	2013-08-12 21:53:59.533445+00
2ce35af1b23e253a4acfc2e5cc82e862	ZGE1Yzk2NWVmNmZkMGEyOWE5M2E1ZjA4OTYwYWIxMzcyNDBiOGUxMDqAAn1xAVUad2l6YXJkX3R1\ndG9yX3NpZ251cF93aXphcmRxAn1xAyhVCnN0ZXBfZmlsZXNxBH1VBHN0ZXBxBVgFAAAAc3RlcDFx\nBlUKZXh0cmFfZGF0YXEHfVUJc3RlcF9kYXRhcQh9dXMu\n	2013-08-12 21:54:14.792488+00
3eea28182f8e6cde522808a018cc53f9	YTFhYzhhZWEwZjM1NzdjNDQwYzEzYzZjZDUxMGM1NjZjMDYxMjExYTqAAn1xAVUad2l6YXJkX3R1\ndG9yX3NpZ251cF93aXphcmR9cQIoVQpzdGVwX2ZpbGVzcQN9VQRzdGVwcQRYBQAAAHN0ZXAxcQVV\nCmV4dHJhX2RhdGFxBn1VCXN0ZXBfZGF0YXEHfXVzLg==\n	2013-08-12 22:09:02.934401+00
9b5205f1efa8f4a9f8ede5b70947e9f0	YTFhYzhhZWEwZjM1NzdjNDQwYzEzYzZjZDUxMGM1NjZjMDYxMjExYTqAAn1xAVUad2l6YXJkX3R1\ndG9yX3NpZ251cF93aXphcmR9cQIoVQpzdGVwX2ZpbGVzcQN9VQRzdGVwcQRYBQAAAHN0ZXAxcQVV\nCmV4dHJhX2RhdGFxBn1VCXN0ZXBfZGF0YXEHfXVzLg==\n	2013-08-13 17:29:35.992013+00
3c8134c40ed8b4b0fd401df5ae8c33d5	NmMxYTkzYzc0ZDUxNmRlOGNmNDExNmY5OThlODI5MTgzNGI3NDcyYTqAAn1xAShVGndpemFyZF90\ndXRvcl9zaWdudXBfd2l6YXJkfXECKFUKc3RlcF9maWxlc31VBHN0ZXBYBQAAAHN0ZXAxVQpleHRy\nYV9kYXRhfVUJc3RlcF9kYXRhfXVVD2RqYW5nb190aW1lem9uZXEDY3B5dHoKX3AKcQQoVQlVUy9B\nbGFza2FxBUpgc///SwBVA0NBVHEGdFJxB1UNX2F1dGhfdXNlcl9pZE0XAVUSX2F1dGhfdXNlcl9i\nYWNrZW5kVSlkamFuZ28uY29udHJpYi5hdXRoLmJhY2tlbmRzLk1vZGVsQmFja2VuZFUPX3Nlc3Np\nb25fZXhwaXJ5SwB1Lg==\n	2013-08-13 20:00:44.351731+00
a8c1a7bf86280387666746a806538e90	ZGE1Yzk2NWVmNmZkMGEyOWE5M2E1ZjA4OTYwYWIxMzcyNDBiOGUxMDqAAn1xAVUad2l6YXJkX3R1\ndG9yX3NpZ251cF93aXphcmRxAn1xAyhVCnN0ZXBfZmlsZXNxBH1VBHN0ZXBxBVgFAAAAc3RlcDFx\nBlUKZXh0cmFfZGF0YXEHfVUJc3RlcF9kYXRhcQh9dXMu\n	2013-08-12 20:31:25.730452+00
1a320bffe469191acaa8efcc7be74745	ZGE1Yzk2NWVmNmZkMGEyOWE5M2E1ZjA4OTYwYWIxMzcyNDBiOGUxMDqAAn1xAVUad2l6YXJkX3R1\ndG9yX3NpZ251cF93aXphcmRxAn1xAyhVCnN0ZXBfZmlsZXNxBH1VBHN0ZXBxBVgFAAAAc3RlcDFx\nBlUKZXh0cmFfZGF0YXEHfVUJc3RlcF9kYXRhcQh9dXMu\n	2013-08-12 20:33:47.839176+00
bc0b44c23141d4611b34233289f15464	ZGE1Yzk2NWVmNmZkMGEyOWE5M2E1ZjA4OTYwYWIxMzcyNDBiOGUxMDqAAn1xAVUad2l6YXJkX3R1\ndG9yX3NpZ251cF93aXphcmRxAn1xAyhVCnN0ZXBfZmlsZXNxBH1VBHN0ZXBxBVgFAAAAc3RlcDFx\nBlUKZXh0cmFfZGF0YXEHfVUJc3RlcF9kYXRhcQh9dXMu\n	2013-08-12 20:35:29.745978+00
3cd730e6de06629de3ba15fa2d57f4f1	ZGE1Yzk2NWVmNmZkMGEyOWE5M2E1ZjA4OTYwYWIxMzcyNDBiOGUxMDqAAn1xAVUad2l6YXJkX3R1\ndG9yX3NpZ251cF93aXphcmRxAn1xAyhVCnN0ZXBfZmlsZXNxBH1VBHN0ZXBxBVgFAAAAc3RlcDFx\nBlUKZXh0cmFfZGF0YXEHfVUJc3RlcF9kYXRhcQh9dXMu\n	2013-08-12 20:37:35.106361+00
3b6d69fde3eeb1a8c2759e611819656d	ZGE1Yzk2NWVmNmZkMGEyOWE5M2E1ZjA4OTYwYWIxMzcyNDBiOGUxMDqAAn1xAVUad2l6YXJkX3R1\ndG9yX3NpZ251cF93aXphcmRxAn1xAyhVCnN0ZXBfZmlsZXNxBH1VBHN0ZXBxBVgFAAAAc3RlcDFx\nBlUKZXh0cmFfZGF0YXEHfVUJc3RlcF9kYXRhcQh9dXMu\n	2013-08-12 20:38:46.798768+00
8aa2ff63c1b6964ec8e157bc48129f75	ZGE1Yzk2NWVmNmZkMGEyOWE5M2E1ZjA4OTYwYWIxMzcyNDBiOGUxMDqAAn1xAVUad2l6YXJkX3R1\ndG9yX3NpZ251cF93aXphcmRxAn1xAyhVCnN0ZXBfZmlsZXNxBH1VBHN0ZXBxBVgFAAAAc3RlcDFx\nBlUKZXh0cmFfZGF0YXEHfVUJc3RlcF9kYXRhcQh9dXMu\n	2013-08-11 16:57:38.266702+00
c7806df13038fa7625a69d09f1519ad9	ZGE1Yzk2NWVmNmZkMGEyOWE5M2E1ZjA4OTYwYWIxMzcyNDBiOGUxMDqAAn1xAVUad2l6YXJkX3R1\ndG9yX3NpZ251cF93aXphcmRxAn1xAyhVCnN0ZXBfZmlsZXNxBH1VBHN0ZXBxBVgFAAAAc3RlcDFx\nBlUKZXh0cmFfZGF0YXEHfVUJc3RlcF9kYXRhcQh9dXMu\n	2013-08-12 20:42:41.798973+00
dfb588e59256186ce9719b39e1c1cbc2	ZGE1Yzk2NWVmNmZkMGEyOWE5M2E1ZjA4OTYwYWIxMzcyNDBiOGUxMDqAAn1xAVUad2l6YXJkX3R1\ndG9yX3NpZ251cF93aXphcmRxAn1xAyhVCnN0ZXBfZmlsZXNxBH1VBHN0ZXBxBVgFAAAAc3RlcDFx\nBlUKZXh0cmFfZGF0YXEHfVUJc3RlcF9kYXRhcQh9dXMu\n	2013-08-11 21:41:15.179942+00
8a0b85ce72c876a37f8cbe11cedc2ac5	ZGE1Yzk2NWVmNmZkMGEyOWE5M2E1ZjA4OTYwYWIxMzcyNDBiOGUxMDqAAn1xAVUad2l6YXJkX3R1\ndG9yX3NpZ251cF93aXphcmRxAn1xAyhVCnN0ZXBfZmlsZXNxBH1VBHN0ZXBxBVgFAAAAc3RlcDFx\nBlUKZXh0cmFfZGF0YXEHfVUJc3RlcF9kYXRhcQh9dXMu\n	2013-08-12 20:45:50.02149+00
ba2e2e832579aed0eef8e6891fd2af47	ZGE1Yzk2NWVmNmZkMGEyOWE5M2E1ZjA4OTYwYWIxMzcyNDBiOGUxMDqAAn1xAVUad2l6YXJkX3R1\ndG9yX3NpZ251cF93aXphcmRxAn1xAyhVCnN0ZXBfZmlsZXNxBH1VBHN0ZXBxBVgFAAAAc3RlcDFx\nBlUKZXh0cmFfZGF0YXEHfVUJc3RlcF9kYXRhcQh9dXMu\n	2013-08-12 20:48:13.234378+00
5cc33f7e34886183e9b0823592620b97	ZGE1Yzk2NWVmNmZkMGEyOWE5M2E1ZjA4OTYwYWIxMzcyNDBiOGUxMDqAAn1xAVUad2l6YXJkX3R1\ndG9yX3NpZ251cF93aXphcmRxAn1xAyhVCnN0ZXBfZmlsZXNxBH1VBHN0ZXBxBVgFAAAAc3RlcDFx\nBlUKZXh0cmFfZGF0YXEHfVUJc3RlcF9kYXRhcQh9dXMu\n	2013-08-12 20:52:48.449097+00
a3bd17095a471e827f5b846c74133a2e	ZGE1Yzk2NWVmNmZkMGEyOWE5M2E1ZjA4OTYwYWIxMzcyNDBiOGUxMDqAAn1xAVUad2l6YXJkX3R1\ndG9yX3NpZ251cF93aXphcmRxAn1xAyhVCnN0ZXBfZmlsZXNxBH1VBHN0ZXBxBVgFAAAAc3RlcDFx\nBlUKZXh0cmFfZGF0YXEHfVUJc3RlcF9kYXRhcQh9dXMu\n	2013-08-12 20:54:44.044548+00
8ebc5022e4935d45decce4e95d732a99	ZGE1Yzk2NWVmNmZkMGEyOWE5M2E1ZjA4OTYwYWIxMzcyNDBiOGUxMDqAAn1xAVUad2l6YXJkX3R1\ndG9yX3NpZ251cF93aXphcmRxAn1xAyhVCnN0ZXBfZmlsZXNxBH1VBHN0ZXBxBVgFAAAAc3RlcDFx\nBlUKZXh0cmFfZGF0YXEHfVUJc3RlcF9kYXRhcQh9dXMu\n	2013-08-12 21:02:31.175546+00
64fd40166ecf41fddf19e4ca99f52344	ZGE1Yzk2NWVmNmZkMGEyOWE5M2E1ZjA4OTYwYWIxMzcyNDBiOGUxMDqAAn1xAVUad2l6YXJkX3R1\ndG9yX3NpZ251cF93aXphcmRxAn1xAyhVCnN0ZXBfZmlsZXNxBH1VBHN0ZXBxBVgFAAAAc3RlcDFx\nBlUKZXh0cmFfZGF0YXEHfVUJc3RlcF9kYXRhcQh9dXMu\n	2013-08-12 21:13:22.781999+00
32f535ea03d4e1a34849c1f5f2a2612b	YTFhYzhhZWEwZjM1NzdjNDQwYzEzYzZjZDUxMGM1NjZjMDYxMjExYTqAAn1xAVUad2l6YXJkX3R1\ndG9yX3NpZ251cF93aXphcmR9cQIoVQpzdGVwX2ZpbGVzcQN9VQRzdGVwcQRYBQAAAHN0ZXAxcQVV\nCmV4dHJhX2RhdGFxBn1VCXN0ZXBfZGF0YXEHfXVzLg==\n	2013-08-12 21:16:13.470995+00
46773413107553781e59581ea618df20	ZGE1Yzk2NWVmNmZkMGEyOWE5M2E1ZjA4OTYwYWIxMzcyNDBiOGUxMDqAAn1xAVUad2l6YXJkX3R1\ndG9yX3NpZ251cF93aXphcmRxAn1xAyhVCnN0ZXBfZmlsZXNxBH1VBHN0ZXBxBVgFAAAAc3RlcDFx\nBlUKZXh0cmFfZGF0YXEHfVUJc3RlcF9kYXRhcQh9dXMu\n	2013-08-12 21:21:22.409375+00
3999e66f8578ad6da767d36dd48c2e22	ZGE1Yzk2NWVmNmZkMGEyOWE5M2E1ZjA4OTYwYWIxMzcyNDBiOGUxMDqAAn1xAVUad2l6YXJkX3R1\ndG9yX3NpZ251cF93aXphcmRxAn1xAyhVCnN0ZXBfZmlsZXNxBH1VBHN0ZXBxBVgFAAAAc3RlcDFx\nBlUKZXh0cmFfZGF0YXEHfVUJc3RlcF9kYXRhcQh9dXMu\n	2013-08-12 21:30:16.697949+00
e5ccbdaf9dec7445eb5b19ce7d76741b	ZGE1Yzk2NWVmNmZkMGEyOWE5M2E1ZjA4OTYwYWIxMzcyNDBiOGUxMDqAAn1xAVUad2l6YXJkX3R1\ndG9yX3NpZ251cF93aXphcmRxAn1xAyhVCnN0ZXBfZmlsZXNxBH1VBHN0ZXBxBVgFAAAAc3RlcDFx\nBlUKZXh0cmFfZGF0YXEHfVUJc3RlcF9kYXRhcQh9dXMu\n	2013-08-12 21:41:39.143526+00
b468c1a09434ae8bb08c8c621b3c924d	ZGE1Yzk2NWVmNmZkMGEyOWE5M2E1ZjA4OTYwYWIxMzcyNDBiOGUxMDqAAn1xAVUad2l6YXJkX3R1\ndG9yX3NpZ251cF93aXphcmRxAn1xAyhVCnN0ZXBfZmlsZXNxBH1VBHN0ZXBxBVgFAAAAc3RlcDFx\nBlUKZXh0cmFfZGF0YXEHfVUJc3RlcF9kYXRhcQh9dXMu\n	2013-08-12 21:45:10.119518+00
b573a1ec11e99b615d86295f30f613de	ZGE1Yzk2NWVmNmZkMGEyOWE5M2E1ZjA4OTYwYWIxMzcyNDBiOGUxMDqAAn1xAVUad2l6YXJkX3R1\ndG9yX3NpZ251cF93aXphcmRxAn1xAyhVCnN0ZXBfZmlsZXNxBH1VBHN0ZXBxBVgFAAAAc3RlcDFx\nBlUKZXh0cmFfZGF0YXEHfVUJc3RlcF9kYXRhcQh9dXMu\n	2013-08-12 21:48:04.162844+00
a3b6cac8ac895c3a11e5073c54ae9068	ZGE1Yzk2NWVmNmZkMGEyOWE5M2E1ZjA4OTYwYWIxMzcyNDBiOGUxMDqAAn1xAVUad2l6YXJkX3R1\ndG9yX3NpZ251cF93aXphcmRxAn1xAyhVCnN0ZXBfZmlsZXNxBH1VBHN0ZXBxBVgFAAAAc3RlcDFx\nBlUKZXh0cmFfZGF0YXEHfVUJc3RlcF9kYXRhcQh9dXMu\n	2013-08-12 21:54:01.483507+00
b6b8f8edb0622848c351ef7d45f56c23	YTFhYzhhZWEwZjM1NzdjNDQwYzEzYzZjZDUxMGM1NjZjMDYxMjExYTqAAn1xAVUad2l6YXJkX3R1\ndG9yX3NpZ251cF93aXphcmR9cQIoVQpzdGVwX2ZpbGVzcQN9VQRzdGVwcQRYBQAAAHN0ZXAxcQVV\nCmV4dHJhX2RhdGFxBn1VCXN0ZXBfZGF0YXEHfXVzLg==\n	2013-08-12 21:55:15.686557+00
af54dfeaeae51411815be64992d46635	ZGE1Yzk2NWVmNmZkMGEyOWE5M2E1ZjA4OTYwYWIxMzcyNDBiOGUxMDqAAn1xAVUad2l6YXJkX3R1\ndG9yX3NpZ251cF93aXphcmRxAn1xAyhVCnN0ZXBfZmlsZXNxBH1VBHN0ZXBxBVgFAAAAc3RlcDFx\nBlUKZXh0cmFfZGF0YXEHfVUJc3RlcF9kYXRhcQh9dXMu\n	2013-08-12 21:56:10.002657+00
8e214355cb4fe2e939a268d5a2df5756	ZGE1Yzk2NWVmNmZkMGEyOWE5M2E1ZjA4OTYwYWIxMzcyNDBiOGUxMDqAAn1xAVUad2l6YXJkX3R1\ndG9yX3NpZ251cF93aXphcmRxAn1xAyhVCnN0ZXBfZmlsZXNxBH1VBHN0ZXBxBVgFAAAAc3RlcDFx\nBlUKZXh0cmFfZGF0YXEHfVUJc3RlcF9kYXRhcQh9dXMu\n	2013-08-12 21:56:18.11871+00
bd62e6a47ffb25d586db16f22cb2cd1a	ZGE1Yzk2NWVmNmZkMGEyOWE5M2E1ZjA4OTYwYWIxMzcyNDBiOGUxMDqAAn1xAVUad2l6YXJkX3R1\ndG9yX3NpZ251cF93aXphcmRxAn1xAyhVCnN0ZXBfZmlsZXNxBH1VBHN0ZXBxBVgFAAAAc3RlcDFx\nBlUKZXh0cmFfZGF0YXEHfVUJc3RlcF9kYXRhcQh9dXMu\n	2013-08-12 21:57:29.733569+00
f1755a585f960123db27e6344361a61d	YTFhYzhhZWEwZjM1NzdjNDQwYzEzYzZjZDUxMGM1NjZjMDYxMjExYTqAAn1xAVUad2l6YXJkX3R1\ndG9yX3NpZ251cF93aXphcmR9cQIoVQpzdGVwX2ZpbGVzcQN9VQRzdGVwcQRYBQAAAHN0ZXAxcQVV\nCmV4dHJhX2RhdGFxBn1VCXN0ZXBfZGF0YXEHfXVzLg==\n	2013-08-12 22:07:48.185197+00
c5b1e218d683369b9d733917610b9779	ZGE1Yzk2NWVmNmZkMGEyOWE5M2E1ZjA4OTYwYWIxMzcyNDBiOGUxMDqAAn1xAVUad2l6YXJkX3R1\ndG9yX3NpZ251cF93aXphcmRxAn1xAyhVCnN0ZXBfZmlsZXNxBH1VBHN0ZXBxBVgFAAAAc3RlcDFx\nBlUKZXh0cmFfZGF0YXEHfVUJc3RlcF9kYXRhcQh9dXMu\n	2013-08-12 20:31:35.735672+00
78db96afe43a80ce3e4d073a1de05c55	ZGE1Yzk2NWVmNmZkMGEyOWE5M2E1ZjA4OTYwYWIxMzcyNDBiOGUxMDqAAn1xAVUad2l6YXJkX3R1\ndG9yX3NpZ251cF93aXphcmRxAn1xAyhVCnN0ZXBfZmlsZXNxBH1VBHN0ZXBxBVgFAAAAc3RlcDFx\nBlUKZXh0cmFfZGF0YXEHfVUJc3RlcF9kYXRhcQh9dXMu\n	2013-08-12 20:33:48.306749+00
e9d1c4e155594aa3293fe8a0626aafff	ZGE1Yzk2NWVmNmZkMGEyOWE5M2E1ZjA4OTYwYWIxMzcyNDBiOGUxMDqAAn1xAVUad2l6YXJkX3R1\ndG9yX3NpZ251cF93aXphcmRxAn1xAyhVCnN0ZXBfZmlsZXNxBH1VBHN0ZXBxBVgFAAAAc3RlcDFx\nBlUKZXh0cmFfZGF0YXEHfVUJc3RlcF9kYXRhcQh9dXMu\n	2013-08-12 20:36:04.807295+00
e8ed9bf68ded116bcc5d2ee34e044969	MWNlMGFiNjg0YmMwNzk4NTU0YzZhNThkMjI2YTZiYWIwZGM0ZGM0ZTqAAn1xAShVGndpemFyZF90\ndXRvcl9zaWdudXBfd2l6YXJkfXECKFUKc3RlcF9maWxlc31xA1gFAAAAc3RlcDFxBH1zVQRzdGVw\nWAUAAABzdGVwMlUKZXh0cmFfZGF0YX1VCXN0ZXBfZGF0YX1xBWgEfXEGKFgJAAAAcGFzc3dvcmQx\nXXEHWAcAAAB0ZXN0MTIzcQhhWAoAAABmaXJzdF9uYW1lXXEJWAUAAABBYXJvbnEKYVgJAAAAbGFz\ndF9uYW1lXXELWAUAAABMYW5keXEMYVggAAAAdHV0b3Jfc2lnbnVwX3dpemFyZC1jdXJyZW50X3N0\nZXBdcQ1YBQAAAHN0ZXAxcQ5hWBMAAABjc3JmbWlkZGxld2FyZXRva2VuXXEPWCAAAABnNWJNWTN5\nMlA3ZnlHZFA5VUkyaGpmYU1VMXpOS1BwWnEQYVgFAAAAZW1haWxdcRFYDwAAAGFhcm9uQHdpc2Rv\nbS5seXESYXVzdVUPX3Nlc3Npb25fZXhwaXJ5cRNLAFUSX2F1dGhfdXNlcl9iYWNrZW5kcRRVKWRq\nYW5nby5jb250cmliLmF1dGguYmFja2VuZHMuTW9kZWxCYWNrZW5kcRVVDV9hdXRoX3VzZXJfaWRx\nFk0PAXUu\n	2013-08-11 16:37:26.287771+00
6c1482bf0cdee5165a32c12993feaf99	ZGE1Yzk2NWVmNmZkMGEyOWE5M2E1ZjA4OTYwYWIxMzcyNDBiOGUxMDqAAn1xAVUad2l6YXJkX3R1\ndG9yX3NpZ251cF93aXphcmRxAn1xAyhVCnN0ZXBfZmlsZXNxBH1VBHN0ZXBxBVgFAAAAc3RlcDFx\nBlUKZXh0cmFfZGF0YXEHfVUJc3RlcF9kYXRhcQh9dXMu\n	2013-08-11 16:39:12.329192+00
a6bc499a8dadd72f92dc5a7173f28eee	ZGE1Yzk2NWVmNmZkMGEyOWE5M2E1ZjA4OTYwYWIxMzcyNDBiOGUxMDqAAn1xAVUad2l6YXJkX3R1\ndG9yX3NpZ251cF93aXphcmRxAn1xAyhVCnN0ZXBfZmlsZXNxBH1VBHN0ZXBxBVgFAAAAc3RlcDFx\nBlUKZXh0cmFfZGF0YXEHfVUJc3RlcF9kYXRhcQh9dXMu\n	2013-08-12 20:37:59.786615+00
75022867e9a01a572bba8eff03e2b826	ZGE1Yzk2NWVmNmZkMGEyOWE5M2E1ZjA4OTYwYWIxMzcyNDBiOGUxMDqAAn1xAVUad2l6YXJkX3R1\ndG9yX3NpZ251cF93aXphcmRxAn1xAyhVCnN0ZXBfZmlsZXNxBH1VBHN0ZXBxBVgFAAAAc3RlcDFx\nBlUKZXh0cmFfZGF0YXEHfVUJc3RlcF9kYXRhcQh9dXMu\n	2013-08-12 20:39:26.117985+00
abebc3f165471e53bbff2e07873ec7d7	ZGE1Yzk2NWVmNmZkMGEyOWE5M2E1ZjA4OTYwYWIxMzcyNDBiOGUxMDqAAn1xAVUad2l6YXJkX3R1\ndG9yX3NpZ251cF93aXphcmRxAn1xAyhVCnN0ZXBfZmlsZXNxBH1VBHN0ZXBxBVgFAAAAc3RlcDFx\nBlUKZXh0cmFfZGF0YXEHfVUJc3RlcF9kYXRhcQh9dXMu\n	2013-08-12 20:41:30.384236+00
c89b613258aa34881fb489961cd7e0da	ZGE1Yzk2NWVmNmZkMGEyOWE5M2E1ZjA4OTYwYWIxMzcyNDBiOGUxMDqAAn1xAVUad2l6YXJkX3R1\ndG9yX3NpZ251cF93aXphcmRxAn1xAyhVCnN0ZXBfZmlsZXNxBH1VBHN0ZXBxBVgFAAAAc3RlcDFx\nBlUKZXh0cmFfZGF0YXEHfVUJc3RlcF9kYXRhcQh9dXMu\n	2013-08-12 20:42:54.04199+00
d9d67bd619e963b003eed836c60cf933	ZGE1Yzk2NWVmNmZkMGEyOWE5M2E1ZjA4OTYwYWIxMzcyNDBiOGUxMDqAAn1xAVUad2l6YXJkX3R1\ndG9yX3NpZ251cF93aXphcmRxAn1xAyhVCnN0ZXBfZmlsZXNxBH1VBHN0ZXBxBVgFAAAAc3RlcDFx\nBlUKZXh0cmFfZGF0YXEHfVUJc3RlcF9kYXRhcQh9dXMu\n	2013-08-12 20:46:08.627704+00
6327eda2a871678d9af785f302f36e17	ZGE1Yzk2NWVmNmZkMGEyOWE5M2E1ZjA4OTYwYWIxMzcyNDBiOGUxMDqAAn1xAVUad2l6YXJkX3R1\ndG9yX3NpZ251cF93aXphcmRxAn1xAyhVCnN0ZXBfZmlsZXNxBH1VBHN0ZXBxBVgFAAAAc3RlcDFx\nBlUKZXh0cmFfZGF0YXEHfVUJc3RlcF9kYXRhcQh9dXMu\n	2013-08-12 20:49:55.492333+00
bf9cd0daa712cfe40dcb9b40f1ba8c3f	ZGE1Yzk2NWVmNmZkMGEyOWE5M2E1ZjA4OTYwYWIxMzcyNDBiOGUxMDqAAn1xAVUad2l6YXJkX3R1\ndG9yX3NpZ251cF93aXphcmRxAn1xAyhVCnN0ZXBfZmlsZXNxBH1VBHN0ZXBxBVgFAAAAc3RlcDFx\nBlUKZXh0cmFfZGF0YXEHfVUJc3RlcF9kYXRhcQh9dXMu\n	2013-08-12 20:53:39.116252+00
ca85d297050a1e56ec4d082c03d9ffa8	ZGE1Yzk2NWVmNmZkMGEyOWE5M2E1ZjA4OTYwYWIxMzcyNDBiOGUxMDqAAn1xAVUad2l6YXJkX3R1\ndG9yX3NpZ251cF93aXphcmRxAn1xAyhVCnN0ZXBfZmlsZXNxBH1VBHN0ZXBxBVgFAAAAc3RlcDFx\nBlUKZXh0cmFfZGF0YXEHfVUJc3RlcF9kYXRhcQh9dXMu\n	2013-08-12 20:58:53.737989+00
06b34fc0a380c998c40f92fafcf84279	YTFhYzhhZWEwZjM1NzdjNDQwYzEzYzZjZDUxMGM1NjZjMDYxMjExYTqAAn1xAVUad2l6YXJkX3R1\ndG9yX3NpZ251cF93aXphcmR9cQIoVQpzdGVwX2ZpbGVzcQN9VQRzdGVwcQRYBQAAAHN0ZXAxcQVV\nCmV4dHJhX2RhdGFxBn1VCXN0ZXBfZGF0YXEHfXVzLg==\n	2013-08-12 21:03:41.490765+00
edb847a0227f0af8392fe67b98f8c40a	MWU5OWYyNjVmMDdkYmI5MGFmZTY2YWJhYzdiY2Q5ZWVkZGI1MTljODqAAn1xAShVGndpemFyZF90\ndXRvcl9zaWdudXBfd2l6YXJkfXECKFUKc3RlcF9maWxlc3EDfVUEc3RlcHEETlUKZXh0cmFfZGF0\nYXEFfVUJc3RlcF9kYXRhcQZ9dVUSX2F1dGhfdXNlcl9iYWNrZW5kcQdVKWRqYW5nby5jb250cmli\nLmF1dGguYmFja2VuZHMuTW9kZWxCYWNrZW5kcQhVDV9hdXRoX3VzZXJfaWRxCU0RAXUu\n	2013-08-12 21:09:01.46927+00
88b855808ec2cbf0ac174901fd9d22c0	ZGE1Yzk2NWVmNmZkMGEyOWE5M2E1ZjA4OTYwYWIxMzcyNDBiOGUxMDqAAn1xAVUad2l6YXJkX3R1\ndG9yX3NpZ251cF93aXphcmRxAn1xAyhVCnN0ZXBfZmlsZXNxBH1VBHN0ZXBxBVgFAAAAc3RlcDFx\nBlUKZXh0cmFfZGF0YXEHfVUJc3RlcF9kYXRhcQh9dXMu\n	2013-08-12 21:11:12.716316+00
380ce8ffdd9e437d3feb54e0e27bc596	ZGE1Yzk2NWVmNmZkMGEyOWE5M2E1ZjA4OTYwYWIxMzcyNDBiOGUxMDqAAn1xAVUad2l6YXJkX3R1\ndG9yX3NpZ251cF93aXphcmRxAn1xAyhVCnN0ZXBfZmlsZXNxBH1VBHN0ZXBxBVgFAAAAc3RlcDFx\nBlUKZXh0cmFfZGF0YXEHfVUJc3RlcF9kYXRhcQh9dXMu\n	2013-08-12 21:15:21.050021+00
92be0096c2224cb7e7ed3e663930f553	OTM3NTQ1YmM0NjAyOGI1ZjgzMjZiZWIzNzczN2MxNWRiMWU4ZDcwZDqAAn1xAVUad2l6YXJkX3R1\ndG9yX3NpZ251cF93aXphcmR9cQIoVQpzdGVwX2ZpbGVzfXEDKFgFAAAAc3RlcDJxBH1YBQAAAHN0\nZXAxcQV9dVUEc3RlcFgFAAAAc3RlcDNxBlUKZXh0cmFfZGF0YX1VCXN0ZXBfZGF0YX1xByhoBH1x\nCChYBgAAAGdlbmRlcnEJXXEKWAEAAAAxYVgNAAAAcHJvZmlsZV9pbWFnZXELXXEMWAAAAABhWAcA\nAAB6aXBjb2RlcQ1dcQ5YBQAAADEwMDI3cQ9hWCAAAAB0dXRvcl9zaWdudXBfd2l6YXJkLWN1cnJl\nbnRfc3RlcHEQXXERWAUAAABzdGVwMnESYVgNAAAAZGF0ZV9vZl9iaXJ0aHETXXEUWAgAAAAxOTk0\nLTUtNHEVYVgEAAAAZmlsZXEWXXEXWAAAAABhWAcAAABjb3VudHJ5cRhdcRlYAgAAAFVTcRphWAgA\nAAB0aW1lem9uZXEbXXEcWAkAAABVUy9BbGFza2FxHWFYEwAAAGNzcmZtaWRkbGV3YXJldG9rZW5x\nHl1xH1ggAAAAV1FNMEJRNVM4cU1CWkZXazBRcjRIbExyZjE0MDNEcUdxIGF1aAV9cSEoWAkAAABw\nYXNzd29yZDFdcSJYDAAAAGJlcmxpb3oxMjM0NXEjYVgKAAAAZmlyc3RfbmFtZV1xJFgGAAAASXNh\nYmVscSVhWAkAAABsYXN0X25hbWVdcSZYCAAAAFJvYmluc29ucSdhWCAAAAB0dXRvcl9zaWdudXBf\nd2l6YXJkLWN1cnJlbnRfc3RlcF1xKFgFAAAAc3RlcDFxKWFYEwAAAGNzcmZtaWRkbGV3YXJldG9r\nZW5dcSpYIAAAAFdRTTBCUTVTOHFNQlpGV2swUXI0SGxMcmYxNDAzRHFHcSthWAUAAABlbWFpbF1x\nLFgUAAAAaXNyMjEwNEBjb2x1bWJpYS5lZHVxLWF1dXVzLg==\n	2013-08-12 21:34:06.1264+00
ce595710931ba6b76239ddcd9e3779cc	ZGE1Yzk2NWVmNmZkMGEyOWE5M2E1ZjA4OTYwYWIxMzcyNDBiOGUxMDqAAn1xAVUad2l6YXJkX3R1\ndG9yX3NpZ251cF93aXphcmRxAn1xAyhVCnN0ZXBfZmlsZXNxBH1VBHN0ZXBxBVgFAAAAc3RlcDFx\nBlUKZXh0cmFfZGF0YXEHfVUJc3RlcF9kYXRhcQh9dXMu\n	2013-08-12 21:45:18.647618+00
f8a1b29c8f57388fe4ce6a8f33507de8	ZGE1Yzk2NWVmNmZkMGEyOWE5M2E1ZjA4OTYwYWIxMzcyNDBiOGUxMDqAAn1xAVUad2l6YXJkX3R1\ndG9yX3NpZ251cF93aXphcmRxAn1xAyhVCnN0ZXBfZmlsZXNxBH1VBHN0ZXBxBVgFAAAAc3RlcDFx\nBlUKZXh0cmFfZGF0YXEHfVUJc3RlcF9kYXRhcQh9dXMu\n	2013-08-12 21:48:56.145461+00
ff412506531de6bb9a7af40dbfee0efd	ZGE1Yzk2NWVmNmZkMGEyOWE5M2E1ZjA4OTYwYWIxMzcyNDBiOGUxMDqAAn1xAVUad2l6YXJkX3R1\ndG9yX3NpZ251cF93aXphcmRxAn1xAyhVCnN0ZXBfZmlsZXNxBH1VBHN0ZXBxBVgFAAAAc3RlcDFx\nBlUKZXh0cmFfZGF0YXEHfVUJc3RlcF9kYXRhcQh9dXMu\n	2013-08-12 21:52:10.361185+00
0cb1e3b37a10d3f064104ffa69be28a8	ZGE1Yzk2NWVmNmZkMGEyOWE5M2E1ZjA4OTYwYWIxMzcyNDBiOGUxMDqAAn1xAVUad2l6YXJkX3R1\ndG9yX3NpZ251cF93aXphcmRxAn1xAyhVCnN0ZXBfZmlsZXNxBH1VBHN0ZXBxBVgFAAAAc3RlcDFx\nBlUKZXh0cmFfZGF0YXEHfVUJc3RlcF9kYXRhcQh9dXMu\n	2013-08-12 21:54:43.638246+00
d71eb27e7218d5426903ad29725487db	ZGE1Yzk2NWVmNmZkMGEyOWE5M2E1ZjA4OTYwYWIxMzcyNDBiOGUxMDqAAn1xAVUad2l6YXJkX3R1\ndG9yX3NpZ251cF93aXphcmRxAn1xAyhVCnN0ZXBfZmlsZXNxBH1VBHN0ZXBxBVgFAAAAc3RlcDFx\nBlUKZXh0cmFfZGF0YXEHfVUJc3RlcF9kYXRhcQh9dXMu\n	2013-08-12 21:55:49.648556+00
6c631947b03f8e91cc702dad8aa19d69	ZGE1Yzk2NWVmNmZkMGEyOWE5M2E1ZjA4OTYwYWIxMzcyNDBiOGUxMDqAAn1xAVUad2l6YXJkX3R1\ndG9yX3NpZ251cF93aXphcmRxAn1xAyhVCnN0ZXBfZmlsZXNxBH1VBHN0ZXBxBVgFAAAAc3RlcDFx\nBlUKZXh0cmFfZGF0YXEHfVUJc3RlcF9kYXRhcQh9dXMu\n	2013-08-12 20:31:53.35908+00
29b8c8b0ec7734a26f5446429d272cdd	ZGE1Yzk2NWVmNmZkMGEyOWE5M2E1ZjA4OTYwYWIxMzcyNDBiOGUxMDqAAn1xAVUad2l6YXJkX3R1\ndG9yX3NpZ251cF93aXphcmRxAn1xAyhVCnN0ZXBfZmlsZXNxBH1VBHN0ZXBxBVgFAAAAc3RlcDFx\nBlUKZXh0cmFfZGF0YXEHfVUJc3RlcF9kYXRhcQh9dXMu\n	2013-08-12 20:34:18.096778+00
72085a313d992db9942df6c530f52262	ZGE1Yzk2NWVmNmZkMGEyOWE5M2E1ZjA4OTYwYWIxMzcyNDBiOGUxMDqAAn1xAVUad2l6YXJkX3R1\ndG9yX3NpZ251cF93aXphcmRxAn1xAyhVCnN0ZXBfZmlsZXNxBH1VBHN0ZXBxBVgFAAAAc3RlcDFx\nBlUKZXh0cmFfZGF0YXEHfVUJc3RlcF9kYXRhcQh9dXMu\n	2013-08-11 17:04:35.86464+00
b22ca3e59d79f75c07fd3e5d6d2dbf5d	ZGE1Yzk2NWVmNmZkMGEyOWE5M2E1ZjA4OTYwYWIxMzcyNDBiOGUxMDqAAn1xAVUad2l6YXJkX3R1\ndG9yX3NpZ251cF93aXphcmRxAn1xAyhVCnN0ZXBfZmlsZXNxBH1VBHN0ZXBxBVgFAAAAc3RlcDFx\nBlUKZXh0cmFfZGF0YXEHfVUJc3RlcF9kYXRhcQh9dXMu\n	2013-08-12 20:36:05.896111+00
8260993dcf70b95b95a10e2260b5292c	ODI1MjQ5ZWZlZTFmOWJlYzAwMmNiNmU0NGUyMDQ4YWI1MTk4MGU0YjqAAn1xAShVGndpemFyZF90\ndXRvcl9zaWdudXBfd2l6YXJkfXECKFUKc3RlcF9maWxlc3EDfVUEc3RlcHEEWAUAAABzdGVwMXEF\nVQpleHRyYV9kYXRhcQZ9VQlzdGVwX2RhdGFxB311VRJfYXV0aF91c2VyX2JhY2tlbmRVKWRqYW5n\nby5jb250cmliLmF1dGguYmFja2VuZHMuTW9kZWxCYWNrZW5kVQ1fYXV0aF91c2VyX2lkTQ8BdS4=\n	2013-08-11 17:26:19.823914+00
d0bee16aaaa493e461a8a5ef5bc6ab1f	ZGE1Yzk2NWVmNmZkMGEyOWE5M2E1ZjA4OTYwYWIxMzcyNDBiOGUxMDqAAn1xAVUad2l6YXJkX3R1\ndG9yX3NpZ251cF93aXphcmRxAn1xAyhVCnN0ZXBfZmlsZXNxBH1VBHN0ZXBxBVgFAAAAc3RlcDFx\nBlUKZXh0cmFfZGF0YXEHfVUJc3RlcF9kYXRhcQh9dXMu\n	2013-08-12 20:38:00.968443+00
7e51fc564211ef6d75721aa074b5207b	ZGE1Yzk2NWVmNmZkMGEyOWE5M2E1ZjA4OTYwYWIxMzcyNDBiOGUxMDqAAn1xAVUad2l6YXJkX3R1\ndG9yX3NpZ251cF93aXphcmRxAn1xAyhVCnN0ZXBfZmlsZXNxBH1VBHN0ZXBxBVgFAAAAc3RlcDFx\nBlUKZXh0cmFfZGF0YXEHfVUJc3RlcF9kYXRhcQh9dXMu\n	2013-08-11 20:57:57.722269+00
44d2259cfdacce055a7026a6220642e9	ZGE1Yzk2NWVmNmZkMGEyOWE5M2E1ZjA4OTYwYWIxMzcyNDBiOGUxMDqAAn1xAVUad2l6YXJkX3R1\ndG9yX3NpZ251cF93aXphcmRxAn1xAyhVCnN0ZXBfZmlsZXNxBH1VBHN0ZXBxBVgFAAAAc3RlcDFx\nBlUKZXh0cmFfZGF0YXEHfVUJc3RlcF9kYXRhcQh9dXMu\n	2013-08-11 22:55:49.875751+00
172682ab9b8d912dbe6689575c915634	ZGE1Yzk2NWVmNmZkMGEyOWE5M2E1ZjA4OTYwYWIxMzcyNDBiOGUxMDqAAn1xAVUad2l6YXJkX3R1\ndG9yX3NpZ251cF93aXphcmRxAn1xAyhVCnN0ZXBfZmlsZXNxBH1VBHN0ZXBxBVgFAAAAc3RlcDFx\nBlUKZXh0cmFfZGF0YXEHfVUJc3RlcF9kYXRhcQh9dXMu\n	2013-08-12 01:37:11.526534+00
fecb69814d81e17aceba47d82560df7d	YTFhYzhhZWEwZjM1NzdjNDQwYzEzYzZjZDUxMGM1NjZjMDYxMjExYTqAAn1xAVUad2l6YXJkX3R1\ndG9yX3NpZ251cF93aXphcmR9cQIoVQpzdGVwX2ZpbGVzcQN9VQRzdGVwcQRYBQAAAHN0ZXAxcQVV\nCmV4dHJhX2RhdGFxBn1VCXN0ZXBfZGF0YXEHfXVzLg==\n	2013-08-12 02:53:28.261778+00
08963d5d6185d2d508931f216d08e026	ZGE1Yzk2NWVmNmZkMGEyOWE5M2E1ZjA4OTYwYWIxMzcyNDBiOGUxMDqAAn1xAVUad2l6YXJkX3R1\ndG9yX3NpZ251cF93aXphcmRxAn1xAyhVCnN0ZXBfZmlsZXNxBH1VBHN0ZXBxBVgFAAAAc3RlcDFx\nBlUKZXh0cmFfZGF0YXEHfVUJc3RlcF9kYXRhcQh9dXMu\n	2013-08-12 02:57:11.348476+00
871007e2412bc2f90ad1e1bfb2f71dd9	ZGE1Yzk2NWVmNmZkMGEyOWE5M2E1ZjA4OTYwYWIxMzcyNDBiOGUxMDqAAn1xAVUad2l6YXJkX3R1\ndG9yX3NpZ251cF93aXphcmRxAn1xAyhVCnN0ZXBfZmlsZXNxBH1VBHN0ZXBxBVgFAAAAc3RlcDFx\nBlUKZXh0cmFfZGF0YXEHfVUJc3RlcF9kYXRhcQh9dXMu\n	2013-08-12 03:36:17.13355+00
c6ba6fc34e0acb93ec48f17651c3cc7d	ZGE1Yzk2NWVmNmZkMGEyOWE5M2E1ZjA4OTYwYWIxMzcyNDBiOGUxMDqAAn1xAVUad2l6YXJkX3R1\ndG9yX3NpZ251cF93aXphcmRxAn1xAyhVCnN0ZXBfZmlsZXNxBH1VBHN0ZXBxBVgFAAAAc3RlcDFx\nBlUKZXh0cmFfZGF0YXEHfVUJc3RlcF9kYXRhcQh9dXMu\n	2013-08-12 05:47:40.759648+00
a7c750f70c697a3585b1fc331ea42733	ZGE1Yzk2NWVmNmZkMGEyOWE5M2E1ZjA4OTYwYWIxMzcyNDBiOGUxMDqAAn1xAVUad2l6YXJkX3R1\ndG9yX3NpZ251cF93aXphcmRxAn1xAyhVCnN0ZXBfZmlsZXNxBH1VBHN0ZXBxBVgFAAAAc3RlcDFx\nBlUKZXh0cmFfZGF0YXEHfVUJc3RlcF9kYXRhcQh9dXMu\n	2013-08-12 05:50:58.888466+00
53ca344e9523d759515820705403ea9c	ZGE1Yzk2NWVmNmZkMGEyOWE5M2E1ZjA4OTYwYWIxMzcyNDBiOGUxMDqAAn1xAVUad2l6YXJkX3R1\ndG9yX3NpZ251cF93aXphcmRxAn1xAyhVCnN0ZXBfZmlsZXNxBH1VBHN0ZXBxBVgFAAAAc3RlcDFx\nBlUKZXh0cmFfZGF0YXEHfVUJc3RlcF9kYXRhcQh9dXMu\n	2013-08-12 07:39:01.374009+00
23e6f5a9ec2091c7b0dcb325883f4d5d	ZGE1Yzk2NWVmNmZkMGEyOWE5M2E1ZjA4OTYwYWIxMzcyNDBiOGUxMDqAAn1xAVUad2l6YXJkX3R1\ndG9yX3NpZ251cF93aXphcmRxAn1xAyhVCnN0ZXBfZmlsZXNxBH1VBHN0ZXBxBVgFAAAAc3RlcDFx\nBlUKZXh0cmFfZGF0YXEHfVUJc3RlcF9kYXRhcQh9dXMu\n	2013-08-12 08:22:22.042344+00
7da94df5b8ab8496e88756fb0d976245	ZGE1Yzk2NWVmNmZkMGEyOWE5M2E1ZjA4OTYwYWIxMzcyNDBiOGUxMDqAAn1xAVUad2l6YXJkX3R1\ndG9yX3NpZ251cF93aXphcmRxAn1xAyhVCnN0ZXBfZmlsZXNxBH1VBHN0ZXBxBVgFAAAAc3RlcDFx\nBlUKZXh0cmFfZGF0YXEHfVUJc3RlcF9kYXRhcQh9dXMu\n	2013-08-12 13:10:11.920354+00
d4f0c340c5b4c564e0a7cc821ce13578	YTFhYzhhZWEwZjM1NzdjNDQwYzEzYzZjZDUxMGM1NjZjMDYxMjExYTqAAn1xAVUad2l6YXJkX3R1\ndG9yX3NpZ251cF93aXphcmR9cQIoVQpzdGVwX2ZpbGVzcQN9VQRzdGVwcQRYBQAAAHN0ZXAxcQVV\nCmV4dHJhX2RhdGFxBn1VCXN0ZXBfZGF0YXEHfXVzLg==\n	2013-08-12 13:31:14.584355+00
7ad87ea2df15d62f121193fbfb9151a3	ZGE1Yzk2NWVmNmZkMGEyOWE5M2E1ZjA4OTYwYWIxMzcyNDBiOGUxMDqAAn1xAVUad2l6YXJkX3R1\ndG9yX3NpZ251cF93aXphcmRxAn1xAyhVCnN0ZXBfZmlsZXNxBH1VBHN0ZXBxBVgFAAAAc3RlcDFx\nBlUKZXh0cmFfZGF0YXEHfVUJc3RlcF9kYXRhcQh9dXMu\n	2013-08-12 14:15:58.477717+00
f6ae327991f8657bcc6a279cb94afcb1	ZGE1Yzk2NWVmNmZkMGEyOWE5M2E1ZjA4OTYwYWIxMzcyNDBiOGUxMDqAAn1xAVUad2l6YXJkX3R1\ndG9yX3NpZ251cF93aXphcmRxAn1xAyhVCnN0ZXBfZmlsZXNxBH1VBHN0ZXBxBVgFAAAAc3RlcDFx\nBlUKZXh0cmFfZGF0YXEHfVUJc3RlcF9kYXRhcQh9dXMu\n	2013-08-12 14:35:11.400618+00
6f5dac1de701691d57702e024b85cd24	ZGE1Yzk2NWVmNmZkMGEyOWE5M2E1ZjA4OTYwYWIxMzcyNDBiOGUxMDqAAn1xAVUad2l6YXJkX3R1\ndG9yX3NpZ251cF93aXphcmRxAn1xAyhVCnN0ZXBfZmlsZXNxBH1VBHN0ZXBxBVgFAAAAc3RlcDFx\nBlUKZXh0cmFfZGF0YXEHfVUJc3RlcF9kYXRhcQh9dXMu\n	2013-08-12 14:35:14.316702+00
881576706e0d54af1ccee85aec5b3154	YTVjN2FjMDVkMzI4NmU2ZTFjZDdjOTU4OTI1ZmViY2VlN2FiMzI2MDqAAn1xAVUad2l6YXJkX3R1\ndG9yX3NpZ251cF93aXphcmR9cQIoVQpzdGVwX2ZpbGVzfXEDWAUAAABzdGVwMXEEfXNVBHN0ZXBY\nBQAAAHN0ZXAycQVVCmV4dHJhX2RhdGF9VQlzdGVwX2RhdGF9cQZoBH1xByhYCQAAAHBhc3N3b3Jk\nMXEIXXEJWAYAAABmeTYzNjdxCmFYCgAAAGZpcnN0X25hbWVxC11xDFgEAAAAYWxvbnENYVgJAAAA\nbGFzdF9uYW1lcQ5dcQ9YBgAAAHNsb3RreXEQYVggAAAAdHV0b3Jfc2lnbnVwX3dpemFyZC1jdXJy\nZW50X3N0ZXBxEV1xElgFAAAAc3RlcDFxE2FYEwAAAGNzcmZtaWRkbGV3YXJldG9rZW5xFF1xFVgg\nAAAAYUhzd21vNGtkUDdJTjhMWHZFOWhJOTdoSzBvY2ZCbXNxFmFYBQAAAGVtYWlscRddcRhYEgAA\nAGFsb24rMjlAd2l6b2t1LmNvbXEZYXVzdXMu\n	2013-08-12 14:50:51.421794+00
4184dc415b3d8acf3a839d3be75f7bb7	YTFhYzhhZWEwZjM1NzdjNDQwYzEzYzZjZDUxMGM1NjZjMDYxMjExYTqAAn1xAVUad2l6YXJkX3R1\ndG9yX3NpZ251cF93aXphcmR9cQIoVQpzdGVwX2ZpbGVzcQN9VQRzdGVwcQRYBQAAAHN0ZXAxcQVV\nCmV4dHJhX2RhdGFxBn1VCXN0ZXBfZGF0YXEHfXVzLg==\n	2013-08-12 14:51:43.785435+00
24117e6185417d78c685cb56259e9793	ZGE1Yzk2NWVmNmZkMGEyOWE5M2E1ZjA4OTYwYWIxMzcyNDBiOGUxMDqAAn1xAVUad2l6YXJkX3R1\ndG9yX3NpZ251cF93aXphcmRxAn1xAyhVCnN0ZXBfZmlsZXNxBH1VBHN0ZXBxBVgFAAAAc3RlcDFx\nBlUKZXh0cmFfZGF0YXEHfVUJc3RlcF9kYXRhcQh9dXMu\n	2013-08-12 15:35:59.051129+00
0e25164216a4988d9c2812f3ba0f3911	ZGE1Yzk2NWVmNmZkMGEyOWE5M2E1ZjA4OTYwYWIxMzcyNDBiOGUxMDqAAn1xAVUad2l6YXJkX3R1\ndG9yX3NpZ251cF93aXphcmRxAn1xAyhVCnN0ZXBfZmlsZXNxBH1VBHN0ZXBxBVgFAAAAc3RlcDFx\nBlUKZXh0cmFfZGF0YXEHfVUJc3RlcF9kYXRhcQh9dXMu\n	2013-08-12 16:03:14.731291+00
202a24281df618a1b4bc66ffa2d43997	ZGE1Yzk2NWVmNmZkMGEyOWE5M2E1ZjA4OTYwYWIxMzcyNDBiOGUxMDqAAn1xAVUad2l6YXJkX3R1\ndG9yX3NpZ251cF93aXphcmRxAn1xAyhVCnN0ZXBfZmlsZXNxBH1VBHN0ZXBxBVgFAAAAc3RlcDFx\nBlUKZXh0cmFfZGF0YXEHfVUJc3RlcF9kYXRhcQh9dXMu\n	2013-08-12 16:23:58.639112+00
cc486b8682a5da647f6e12431836043f	YTY2M2NhOTBhOTlhYjBjMjIzZDc0OTdmMWIzNmMyYzQyYzFmZGQ1ZjqAAn1xAVUad2l6YXJkX3R1\ndG9yX3NpZ251cF93aXphcmR9cQIoVQpzdGVwX2ZpbGVzfXEDKFgFAAAAc3RlcDRxBH1YBQAAAHN0\nZXAzcQV9WAUAAABzdGVwMnEGfVgFAAAAc3RlcDFxB311VQRzdGVwWAUAAABzdGVwNXEIVQpleHRy\nYV9kYXRhfVUJc3RlcF9kYXRhfXEJKGgEfXEKKFgFAAAAYWJvdXRdcQtYoAEAAEknbSBhIE1hc3Rl\ncnMgc3R1ZGVudCBpbiB0aGUgbWF0aCBlZHVjYXRpb24gcHJvZ3JhbSBhdCBUZWFjaGVycyBDb2xs\nZWdlLCBDb2x1bWJpYSBVbml2ZXJzaXR5LiBNeSBmb2N1cyBhcmVhIGlzIGhpZ2ggc2Nob29sIG1h\ndGgsIGFuZCBJIGxpa2UgcmVsYXRpbmcgaXQgdG8gc3R1ZmYgaGFwcGVuaW5nIGluIHBlb3BsZSdz\nIGxpdmVzLiBJIGFtIHJlYWxseSBnb29kIG9uZS1vbi1vbmUuIE9uZSBvZiBteSBzdHVkZW50cyBy\nYWlzZWQgaGlzIHNjb3JlIGZyb20gYSA1NSB0byBhbiA4MiBpbiBhIG1hdHRlciBvZiB3ZWVrcyBp\nbiBUcmlnb25vbWV0cnkuIEkgZm9jdXMgb24gYSBjb25jZXB0dWFsIHVuZGVyc3RhbmRpbmcgYmVm\nb3JlIGhlbHBpbmcgc3R1ZGVudHMgcHJhY3RpY2UgaXQgdG8gZGV2ZWxvcCBwcm9jZWR1cmFsIGZs\ndWVuY3kucQxhWA0AAAB0dXRvcmluZ190eXBlXXENKFgBAAAAMFgBAAAAMWVYIAAAAHR1dG9yX3Np\nZ251cF93aXphcmQtY3VycmVudF9zdGVwXXEOWAUAAABzdGVwNHEPYVgIAAAAY3VycmVuY3ldcRBY\nAQAAADNhWBMAAABjc3JmbWlkZGxld2FyZXRva2VuXXERWCAAAABQalVlQmFsTGZtdFY0RUt4WUtv\nVmdoRkNBSDc1R3hSSHESYVgOAAAAcHJpY2VfcGVyX2hvdXJdcRNYAwAAADEwMHEUYXVoBX1xFShY\nIAAAAHR1dG9yX3NpZ251cF93aXphcmQtY3VycmVudF9zdGVwXXEWWAUAAABzdGVwM3EXYVgTAAAA\nY3NyZm1pZGRsZXdhcmV0b2tlbl1xGFggAAAAUGpVZUJhbExmbXRWNEVLeFlLb1ZnaEZDQUg3NUd4\nUkhxGWFYBgAAAGdlbnJlc11xGihYAwAAADMwNnEbWAMAAAAzMDNxHFgDAAAAMzA0cR1YAwAAADMw\nN3EeWAMAAAAzMDhxH1gDAAAAMzA5cSBYAwAAADI5N3EhWAMAAAAyOThxIlgDAAAAMzAycSNldWgG\nfXEkKFgGAAAAZ2VuZGVyXXElWAEAAAAxYVgNAAAAcHJvZmlsZV9pbWFnZV1xJlgAAAAAYVgHAAAA\nemlwY29kZV1xJ1gFAAAAMTAwMjdxKGFYIAAAAHR1dG9yX3NpZ251cF93aXphcmQtY3VycmVudF9z\ndGVwXXEpWAUAAABzdGVwMnEqYVgNAAAAZGF0ZV9vZl9iaXJ0aF1xK1gJAAAAMTk4OC0zLTI0cSxh\nWAQAAABmaWxlXXEtWAAAAABhWAcAAABjb3VudHJ5XXEuWAIAAABVU3EvYVgIAAAAdGltZXpvbmVd\ncTBYCQAAAFVTL0FsYXNrYXExYVgTAAAAY3NyZm1pZGRsZXdhcmV0b2tlbl1xMlggAAAAUGpVZUJh\nbExmbXRWNEVLeFlLb1ZnaEZDQUg3NUd4UkhxM2F1aAd9cTQoWAkAAABwYXNzd29yZDFdcTVYCQAA\nAGF0dCFjdXMyNHE2YVgKAAAAZmlyc3RfbmFtZV1xN1gJAAAAQXJ1bmRoYXRpcThhWAkAAABsYXN0\nX25hbWVdcTlYBwAAAFZlbGFtdXJxOmFYIAAAAHR1dG9yX3NpZ251cF93aXphcmQtY3VycmVudF9z\ndGVwXXE7WAUAAABzdGVwMXE8YVgTAAAAY3NyZm1pZGRsZXdhcmV0b2tlbl1xPVggAAAAUGpVZUJh\nbExmbXRWNEVLeFlLb1ZnaEZDQUg3NUd4UkhxPmFYBQAAAGVtYWlsXXE/WBcAAABhYXYyMTE2QHRj\nLmNvbHVtYmlhLmVkdXFAYXV1dXMu\n	2013-08-12 22:03:23.748685+00
95b9d997715c0bcd3998b719bbbd189b	YTFhYzhhZWEwZjM1NzdjNDQwYzEzYzZjZDUxMGM1NjZjMDYxMjExYTqAAn1xAVUad2l6YXJkX3R1\ndG9yX3NpZ251cF93aXphcmR9cQIoVQpzdGVwX2ZpbGVzcQN9VQRzdGVwcQRYBQAAAHN0ZXAxcQVV\nCmV4dHJhX2RhdGFxBn1VCXN0ZXBfZGF0YXEHfXVzLg==\n	2013-08-12 21:59:14.729646+00
20ed5c8c7aac8be07ad7fd618729089c	ZGE1Yzk2NWVmNmZkMGEyOWE5M2E1ZjA4OTYwYWIxMzcyNDBiOGUxMDqAAn1xAVUad2l6YXJkX3R1\ndG9yX3NpZ251cF93aXphcmRxAn1xAyhVCnN0ZXBfZmlsZXNxBH1VBHN0ZXBxBVgFAAAAc3RlcDFx\nBlUKZXh0cmFfZGF0YXEHfVUJc3RlcF9kYXRhcQh9dXMu\n	2013-08-12 22:01:38.562032+00
e0279df4d1a8250e5e7633c75765552a	ZGE1Yzk2NWVmNmZkMGEyOWE5M2E1ZjA4OTYwYWIxMzcyNDBiOGUxMDqAAn1xAVUad2l6YXJkX3R1\ndG9yX3NpZ251cF93aXphcmRxAn1xAyhVCnN0ZXBfZmlsZXNxBH1VBHN0ZXBxBVgFAAAAc3RlcDFx\nBlUKZXh0cmFfZGF0YXEHfVUJc3RlcF9kYXRhcQh9dXMu\n	2013-08-12 22:01:51.320466+00
b9624654fb725848e78fb68c78256eef	YTFhYzhhZWEwZjM1NzdjNDQwYzEzYzZjZDUxMGM1NjZjMDYxMjExYTqAAn1xAVUad2l6YXJkX3R1\ndG9yX3NpZ251cF93aXphcmR9cQIoVQpzdGVwX2ZpbGVzcQN9VQRzdGVwcQRYBQAAAHN0ZXAxcQVV\nCmV4dHJhX2RhdGFxBn1VCXN0ZXBfZGF0YXEHfXVzLg==\n	2013-08-12 22:05:13.682046+00
42fcfb410d19173fb2254289d6cd628a	ZGE1Yzk2NWVmNmZkMGEyOWE5M2E1ZjA4OTYwYWIxMzcyNDBiOGUxMDqAAn1xAVUad2l6YXJkX3R1\ndG9yX3NpZ251cF93aXphcmRxAn1xAyhVCnN0ZXBfZmlsZXNxBH1VBHN0ZXBxBVgFAAAAc3RlcDFx\nBlUKZXh0cmFfZGF0YXEHfVUJc3RlcF9kYXRhcQh9dXMu\n	2013-08-12 22:05:43.337035+00
3d02e0afbc5cd5b82fd3d37ad3c1e31c	ZGE1Yzk2NWVmNmZkMGEyOWE5M2E1ZjA4OTYwYWIxMzcyNDBiOGUxMDqAAn1xAVUad2l6YXJkX3R1\ndG9yX3NpZ251cF93aXphcmRxAn1xAyhVCnN0ZXBfZmlsZXNxBH1VBHN0ZXBxBVgFAAAAc3RlcDFx\nBlUKZXh0cmFfZGF0YXEHfVUJc3RlcF9kYXRhcQh9dXMu\n	2013-08-12 22:06:13.416511+00
d466352ae478bbce653130a7ea797d12	ZGE1Yzk2NWVmNmZkMGEyOWE5M2E1ZjA4OTYwYWIxMzcyNDBiOGUxMDqAAn1xAVUad2l6YXJkX3R1\ndG9yX3NpZ251cF93aXphcmRxAn1xAyhVCnN0ZXBfZmlsZXNxBH1VBHN0ZXBxBVgFAAAAc3RlcDFx\nBlUKZXh0cmFfZGF0YXEHfVUJc3RlcF9kYXRhcQh9dXMu\n	2013-08-12 22:09:55.712295+00
b732fb67ae52a377acfa5098f6364a05	ZGE1Yzk2NWVmNmZkMGEyOWE5M2E1ZjA4OTYwYWIxMzcyNDBiOGUxMDqAAn1xAVUad2l6YXJkX3R1\ndG9yX3NpZ251cF93aXphcmRxAn1xAyhVCnN0ZXBfZmlsZXNxBH1VBHN0ZXBxBVgFAAAAc3RlcDFx\nBlUKZXh0cmFfZGF0YXEHfVUJc3RlcF9kYXRhcQh9dXMu\n	2013-08-12 22:10:46.697022+00
54570237855611b1ffdfe4faa75f4f5d	ZGE1Yzk2NWVmNmZkMGEyOWE5M2E1ZjA4OTYwYWIxMzcyNDBiOGUxMDqAAn1xAVUad2l6YXJkX3R1\ndG9yX3NpZ251cF93aXphcmRxAn1xAyhVCnN0ZXBfZmlsZXNxBH1VBHN0ZXBxBVgFAAAAc3RlcDFx\nBlUKZXh0cmFfZGF0YXEHfVUJc3RlcF9kYXRhcQh9dXMu\n	2013-08-12 22:11:00.15149+00
3daa812508574fe24a7cbd1f9f6aec10	ZGE1Yzk2NWVmNmZkMGEyOWE5M2E1ZjA4OTYwYWIxMzcyNDBiOGUxMDqAAn1xAVUad2l6YXJkX3R1\ndG9yX3NpZ251cF93aXphcmRxAn1xAyhVCnN0ZXBfZmlsZXNxBH1VBHN0ZXBxBVgFAAAAc3RlcDFx\nBlUKZXh0cmFfZGF0YXEHfVUJc3RlcF9kYXRhcQh9dXMu\n	2013-08-12 22:12:18.281182+00
b7b52e5cc57064527bc9cb2192b034c0	OTRjYjhiM2Q1ZTViYjc5MWE3OTE2OGM2MmI5NjQ0YjI4NTY2NmNmNjqAAn1xAShVGndpemFyZF90\ndXRvcl9zaWdudXBfd2l6YXJkfXECKFUKc3RlcF9maWxlc31VBHN0ZXBYBQAAAHN0ZXAxcQNVCmV4\ndHJhX2RhdGF9VQlzdGVwX2RhdGF9dVUSX2F1dGhfdXNlcl9iYWNrZW5kVSlkamFuZ28uY29udHJp\nYi5hdXRoLmJhY2tlbmRzLk1vZGVsQmFja2VuZFUNX2F1dGhfdXNlcl9pZE0UAXUu\n	2013-08-12 22:12:24.883963+00
1e9f1d3d4911559ea3c5cd6c3b2fa6f5	ZGE1Yzk2NWVmNmZkMGEyOWE5M2E1ZjA4OTYwYWIxMzcyNDBiOGUxMDqAAn1xAVUad2l6YXJkX3R1\ndG9yX3NpZ251cF93aXphcmRxAn1xAyhVCnN0ZXBfZmlsZXNxBH1VBHN0ZXBxBVgFAAAAc3RlcDFx\nBlUKZXh0cmFfZGF0YXEHfVUJc3RlcF9kYXRhcQh9dXMu\n	2013-08-12 22:17:32.198497+00
2029297a45115aac6356c5747f593c0d	ZGE1Yzk2NWVmNmZkMGEyOWE5M2E1ZjA4OTYwYWIxMzcyNDBiOGUxMDqAAn1xAVUad2l6YXJkX3R1\ndG9yX3NpZ251cF93aXphcmRxAn1xAyhVCnN0ZXBfZmlsZXNxBH1VBHN0ZXBxBVgFAAAAc3RlcDFx\nBlUKZXh0cmFfZGF0YXEHfVUJc3RlcF9kYXRhcQh9dXMu\n	2013-08-12 22:18:06.684864+00
bf34e7e1524c5c9b9689035ebb03a3f8	ZGE1Yzk2NWVmNmZkMGEyOWE5M2E1ZjA4OTYwYWIxMzcyNDBiOGUxMDqAAn1xAVUad2l6YXJkX3R1\ndG9yX3NpZ251cF93aXphcmRxAn1xAyhVCnN0ZXBfZmlsZXNxBH1VBHN0ZXBxBVgFAAAAc3RlcDFx\nBlUKZXh0cmFfZGF0YXEHfVUJc3RlcF9kYXRhcQh9dXMu\n	2013-08-12 22:21:07.346748+00
c4adbf05a9b6a1337375a43a859c67d9	ZGE1Yzk2NWVmNmZkMGEyOWE5M2E1ZjA4OTYwYWIxMzcyNDBiOGUxMDqAAn1xAVUad2l6YXJkX3R1\ndG9yX3NpZ251cF93aXphcmRxAn1xAyhVCnN0ZXBfZmlsZXNxBH1VBHN0ZXBxBVgFAAAAc3RlcDFx\nBlUKZXh0cmFfZGF0YXEHfVUJc3RlcF9kYXRhcQh9dXMu\n	2013-08-12 22:21:37.423642+00
943e5b2ac55b1908a494dcca0ee72aae	ZGE1Yzk2NWVmNmZkMGEyOWE5M2E1ZjA4OTYwYWIxMzcyNDBiOGUxMDqAAn1xAVUad2l6YXJkX3R1\ndG9yX3NpZ251cF93aXphcmRxAn1xAyhVCnN0ZXBfZmlsZXNxBH1VBHN0ZXBxBVgFAAAAc3RlcDFx\nBlUKZXh0cmFfZGF0YXEHfVUJc3RlcF9kYXRhcQh9dXMu\n	2013-08-12 22:25:32.031814+00
37780d96778753a79f65062cb31bab57	ZGE1Yzk2NWVmNmZkMGEyOWE5M2E1ZjA4OTYwYWIxMzcyNDBiOGUxMDqAAn1xAVUad2l6YXJkX3R1\ndG9yX3NpZ251cF93aXphcmRxAn1xAyhVCnN0ZXBfZmlsZXNxBH1VBHN0ZXBxBVgFAAAAc3RlcDFx\nBlUKZXh0cmFfZGF0YXEHfVUJc3RlcF9kYXRhcQh9dXMu\n	2013-08-12 22:27:29.000792+00
2aea0f6d2f42c1c06af621f0187fdc97	ZGE1Yzk2NWVmNmZkMGEyOWE5M2E1ZjA4OTYwYWIxMzcyNDBiOGUxMDqAAn1xAVUad2l6YXJkX3R1\ndG9yX3NpZ251cF93aXphcmRxAn1xAyhVCnN0ZXBfZmlsZXNxBH1VBHN0ZXBxBVgFAAAAc3RlcDFx\nBlUKZXh0cmFfZGF0YXEHfVUJc3RlcF9kYXRhcQh9dXMu\n	2013-08-12 22:27:38.704095+00
cd5dd21e8071f6e2bd5f7eaef5224ad2	ZGE1Yzk2NWVmNmZkMGEyOWE5M2E1ZjA4OTYwYWIxMzcyNDBiOGUxMDqAAn1xAVUad2l6YXJkX3R1\ndG9yX3NpZ251cF93aXphcmRxAn1xAyhVCnN0ZXBfZmlsZXNxBH1VBHN0ZXBxBVgFAAAAc3RlcDFx\nBlUKZXh0cmFfZGF0YXEHfVUJc3RlcF9kYXRhcQh9dXMu\n	2013-08-12 22:31:28.584801+00
24ac04ba1b7ca2ff9584a613d9ebf84e	ZGE1Yzk2NWVmNmZkMGEyOWE5M2E1ZjA4OTYwYWIxMzcyNDBiOGUxMDqAAn1xAVUad2l6YXJkX3R1\ndG9yX3NpZ251cF93aXphcmRxAn1xAyhVCnN0ZXBfZmlsZXNxBH1VBHN0ZXBxBVgFAAAAc3RlcDFx\nBlUKZXh0cmFfZGF0YXEHfVUJc3RlcF9kYXRhcQh9dXMu\n	2013-08-12 22:35:07.414868+00
c31c698288bf9888407b0585ca8d6799	ZGE1Yzk2NWVmNmZkMGEyOWE5M2E1ZjA4OTYwYWIxMzcyNDBiOGUxMDqAAn1xAVUad2l6YXJkX3R1\ndG9yX3NpZ251cF93aXphcmRxAn1xAyhVCnN0ZXBfZmlsZXNxBH1VBHN0ZXBxBVgFAAAAc3RlcDFx\nBlUKZXh0cmFfZGF0YXEHfVUJc3RlcF9kYXRhcQh9dXMu\n	2013-08-12 22:42:34.252441+00
6580c6a5118bf21db518855f8766bf85	ZGE1Yzk2NWVmNmZkMGEyOWE5M2E1ZjA4OTYwYWIxMzcyNDBiOGUxMDqAAn1xAVUad2l6YXJkX3R1\ndG9yX3NpZ251cF93aXphcmRxAn1xAyhVCnN0ZXBfZmlsZXNxBH1VBHN0ZXBxBVgFAAAAc3RlcDFx\nBlUKZXh0cmFfZGF0YXEHfVUJc3RlcF9kYXRhcQh9dXMu\n	2013-08-12 22:45:51.807895+00
2705bc46c008248a941768633dadc784	ZGE1Yzk2NWVmNmZkMGEyOWE5M2E1ZjA4OTYwYWIxMzcyNDBiOGUxMDqAAn1xAVUad2l6YXJkX3R1\ndG9yX3NpZ251cF93aXphcmRxAn1xAyhVCnN0ZXBfZmlsZXNxBH1VBHN0ZXBxBVgFAAAAc3RlcDFx\nBlUKZXh0cmFfZGF0YXEHfVUJc3RlcF9kYXRhcQh9dXMu\n	2013-08-12 22:46:23.988325+00
ecdddc74deba43d77d73d4e4f2378f51	ZGE1Yzk2NWVmNmZkMGEyOWE5M2E1ZjA4OTYwYWIxMzcyNDBiOGUxMDqAAn1xAVUad2l6YXJkX3R1\ndG9yX3NpZ251cF93aXphcmRxAn1xAyhVCnN0ZXBfZmlsZXNxBH1VBHN0ZXBxBVgFAAAAc3RlcDFx\nBlUKZXh0cmFfZGF0YXEHfVUJc3RlcF9kYXRhcQh9dXMu\n	2013-08-12 22:48:30.431824+00
d5b91d5e30b404de28e73709602a6f84	ZGE1Yzk2NWVmNmZkMGEyOWE5M2E1ZjA4OTYwYWIxMzcyNDBiOGUxMDqAAn1xAVUad2l6YXJkX3R1\ndG9yX3NpZ251cF93aXphcmRxAn1xAyhVCnN0ZXBfZmlsZXNxBH1VBHN0ZXBxBVgFAAAAc3RlcDFx\nBlUKZXh0cmFfZGF0YXEHfVUJc3RlcF9kYXRhcQh9dXMu\n	2013-08-12 23:40:16.708944+00
bc133741c0610c43ca0e9c851407cb29	ZGE1Yzk2NWVmNmZkMGEyOWE5M2E1ZjA4OTYwYWIxMzcyNDBiOGUxMDqAAn1xAVUad2l6YXJkX3R1\ndG9yX3NpZ251cF93aXphcmRxAn1xAyhVCnN0ZXBfZmlsZXNxBH1VBHN0ZXBxBVgFAAAAc3RlcDFx\nBlUKZXh0cmFfZGF0YXEHfVUJc3RlcF9kYXRhcQh9dXMu\n	2013-08-12 23:46:30.865254+00
53dfbcfab0ae3790135003c440f2f34f	ZGE1Yzk2NWVmNmZkMGEyOWE5M2E1ZjA4OTYwYWIxMzcyNDBiOGUxMDqAAn1xAVUad2l6YXJkX3R1\ndG9yX3NpZ251cF93aXphcmRxAn1xAyhVCnN0ZXBfZmlsZXNxBH1VBHN0ZXBxBVgFAAAAc3RlcDFx\nBlUKZXh0cmFfZGF0YXEHfVUJc3RlcF9kYXRhcQh9dXMu\n	2013-08-12 23:53:43.643703+00
31f665cec38f8a1ccf8854088aeff1e7	ZGE1Yzk2NWVmNmZkMGEyOWE5M2E1ZjA4OTYwYWIxMzcyNDBiOGUxMDqAAn1xAVUad2l6YXJkX3R1\ndG9yX3NpZ251cF93aXphcmRxAn1xAyhVCnN0ZXBfZmlsZXNxBH1VBHN0ZXBxBVgFAAAAc3RlcDFx\nBlUKZXh0cmFfZGF0YXEHfVUJc3RlcF9kYXRhcQh9dXMu\n	2013-08-12 22:50:33.197788+00
1ef8c32d1a66f34246f3d7df2b30cb3d	ZGE1Yzk2NWVmNmZkMGEyOWE5M2E1ZjA4OTYwYWIxMzcyNDBiOGUxMDqAAn1xAVUad2l6YXJkX3R1\ndG9yX3NpZ251cF93aXphcmRxAn1xAyhVCnN0ZXBfZmlsZXNxBH1VBHN0ZXBxBVgFAAAAc3RlcDFx\nBlUKZXh0cmFfZGF0YXEHfVUJc3RlcF9kYXRhcQh9dXMu\n	2013-08-12 22:54:49.641587+00
19c38e24310cce29e6506a103e01c490	ZGE1Yzk2NWVmNmZkMGEyOWE5M2E1ZjA4OTYwYWIxMzcyNDBiOGUxMDqAAn1xAVUad2l6YXJkX3R1\ndG9yX3NpZ251cF93aXphcmRxAn1xAyhVCnN0ZXBfZmlsZXNxBH1VBHN0ZXBxBVgFAAAAc3RlcDFx\nBlUKZXh0cmFfZGF0YXEHfVUJc3RlcF9kYXRhcQh9dXMu\n	2013-08-12 23:41:37.465835+00
cd827e5372e3dea3a7ccfd873424a96b	ZGE1Yzk2NWVmNmZkMGEyOWE5M2E1ZjA4OTYwYWIxMzcyNDBiOGUxMDqAAn1xAVUad2l6YXJkX3R1\ndG9yX3NpZ251cF93aXphcmRxAn1xAyhVCnN0ZXBfZmlsZXNxBH1VBHN0ZXBxBVgFAAAAc3RlcDFx\nBlUKZXh0cmFfZGF0YXEHfVUJc3RlcF9kYXRhcQh9dXMu\n	2013-08-12 23:46:41.107937+00
66cffaeb584400b75034dd70470cf357	ZGE1Yzk2NWVmNmZkMGEyOWE5M2E1ZjA4OTYwYWIxMzcyNDBiOGUxMDqAAn1xAVUad2l6YXJkX3R1\ndG9yX3NpZ251cF93aXphcmRxAn1xAyhVCnN0ZXBfZmlsZXNxBH1VBHN0ZXBxBVgFAAAAc3RlcDFx\nBlUKZXh0cmFfZGF0YXEHfVUJc3RlcF9kYXRhcQh9dXMu\n	2013-08-12 23:53:44.505326+00
4a9d6d2ed7e65e699767005064797607	ZGE1Yzk2NWVmNmZkMGEyOWE5M2E1ZjA4OTYwYWIxMzcyNDBiOGUxMDqAAn1xAVUad2l6YXJkX3R1\ndG9yX3NpZ251cF93aXphcmRxAn1xAyhVCnN0ZXBfZmlsZXNxBH1VBHN0ZXBxBVgFAAAAc3RlcDFx\nBlUKZXh0cmFfZGF0YXEHfVUJc3RlcF9kYXRhcQh9dXMu\n	2013-08-12 23:53:44.520923+00
e36acf10c9e85149683974d69044d04e	ZGE1Yzk2NWVmNmZkMGEyOWE5M2E1ZjA4OTYwYWIxMzcyNDBiOGUxMDqAAn1xAVUad2l6YXJkX3R1\ndG9yX3NpZ251cF93aXphcmRxAn1xAyhVCnN0ZXBfZmlsZXNxBH1VBHN0ZXBxBVgFAAAAc3RlcDFx\nBlUKZXh0cmFfZGF0YXEHfVUJc3RlcF9kYXRhcQh9dXMu\n	2013-08-12 23:56:33.113646+00
ad731ac4e0eb1711587a8d0ecb897d74	ZGE1Yzk2NWVmNmZkMGEyOWE5M2E1ZjA4OTYwYWIxMzcyNDBiOGUxMDqAAn1xAVUad2l6YXJkX3R1\ndG9yX3NpZ251cF93aXphcmRxAn1xAyhVCnN0ZXBfZmlsZXNxBH1VBHN0ZXBxBVgFAAAAc3RlcDFx\nBlUKZXh0cmFfZGF0YXEHfVUJc3RlcF9kYXRhcQh9dXMu\n	2013-08-13 00:02:34.786294+00
806ef31a962e18d1e841879d9d298f05	ZGE1Yzk2NWVmNmZkMGEyOWE5M2E1ZjA4OTYwYWIxMzcyNDBiOGUxMDqAAn1xAVUad2l6YXJkX3R1\ndG9yX3NpZ251cF93aXphcmRxAn1xAyhVCnN0ZXBfZmlsZXNxBH1VBHN0ZXBxBVgFAAAAc3RlcDFx\nBlUKZXh0cmFfZGF0YXEHfVUJc3RlcF9kYXRhcQh9dXMu\n	2013-08-13 00:05:05.694834+00
23e345cef359d9b3f3d7e15a97cb73b5	ZGE1Yzk2NWVmNmZkMGEyOWE5M2E1ZjA4OTYwYWIxMzcyNDBiOGUxMDqAAn1xAVUad2l6YXJkX3R1\ndG9yX3NpZ251cF93aXphcmRxAn1xAyhVCnN0ZXBfZmlsZXNxBH1VBHN0ZXBxBVgFAAAAc3RlcDFx\nBlUKZXh0cmFfZGF0YXEHfVUJc3RlcF9kYXRhcQh9dXMu\n	2013-08-13 00:07:06.959781+00
8e3d51ee633dc9d603349fcf2d0c5f56	ZGE1Yzk2NWVmNmZkMGEyOWE5M2E1ZjA4OTYwYWIxMzcyNDBiOGUxMDqAAn1xAVUad2l6YXJkX3R1\ndG9yX3NpZ251cF93aXphcmRxAn1xAyhVCnN0ZXBfZmlsZXNxBH1VBHN0ZXBxBVgFAAAAc3RlcDFx\nBlUKZXh0cmFfZGF0YXEHfVUJc3RlcF9kYXRhcQh9dXMu\n	2013-08-13 00:07:19.321931+00
8c8350eb05f7d2391b3cd7e20b352537	ZGE1Yzk2NWVmNmZkMGEyOWE5M2E1ZjA4OTYwYWIxMzcyNDBiOGUxMDqAAn1xAVUad2l6YXJkX3R1\ndG9yX3NpZ251cF93aXphcmRxAn1xAyhVCnN0ZXBfZmlsZXNxBH1VBHN0ZXBxBVgFAAAAc3RlcDFx\nBlUKZXh0cmFfZGF0YXEHfVUJc3RlcF9kYXRhcQh9dXMu\n	2013-08-13 00:08:57.143032+00
0546698e9cfe31bacabb95ca145b66cb	ZGE1Yzk2NWVmNmZkMGEyOWE5M2E1ZjA4OTYwYWIxMzcyNDBiOGUxMDqAAn1xAVUad2l6YXJkX3R1\ndG9yX3NpZ251cF93aXphcmRxAn1xAyhVCnN0ZXBfZmlsZXNxBH1VBHN0ZXBxBVgFAAAAc3RlcDFx\nBlUKZXh0cmFfZGF0YXEHfVUJc3RlcF9kYXRhcQh9dXMu\n	2013-08-13 00:11:47.725162+00
9fef644fce2c64fc99f13e40241952b9	ZGE1Yzk2NWVmNmZkMGEyOWE5M2E1ZjA4OTYwYWIxMzcyNDBiOGUxMDqAAn1xAVUad2l6YXJkX3R1\ndG9yX3NpZ251cF93aXphcmRxAn1xAyhVCnN0ZXBfZmlsZXNxBH1VBHN0ZXBxBVgFAAAAc3RlcDFx\nBlUKZXh0cmFfZGF0YXEHfVUJc3RlcF9kYXRhcQh9dXMu\n	2013-08-13 00:16:45.601305+00
cb5d7b7d8a3ecfbdba7c082e38747682	ZGE1Yzk2NWVmNmZkMGEyOWE5M2E1ZjA4OTYwYWIxMzcyNDBiOGUxMDqAAn1xAVUad2l6YXJkX3R1\ndG9yX3NpZ251cF93aXphcmRxAn1xAyhVCnN0ZXBfZmlsZXNxBH1VBHN0ZXBxBVgFAAAAc3RlcDFx\nBlUKZXh0cmFfZGF0YXEHfVUJc3RlcF9kYXRhcQh9dXMu\n	2013-08-13 00:18:52.429863+00
b1617911a2b32012ff470de2f9d9d260	YTFhYzhhZWEwZjM1NzdjNDQwYzEzYzZjZDUxMGM1NjZjMDYxMjExYTqAAn1xAVUad2l6YXJkX3R1\ndG9yX3NpZ251cF93aXphcmR9cQIoVQpzdGVwX2ZpbGVzcQN9VQRzdGVwcQRYBQAAAHN0ZXAxcQVV\nCmV4dHJhX2RhdGFxBn1VCXN0ZXBfZGF0YXEHfXVzLg==\n	2013-08-13 00:18:58.775377+00
c3d20bd9f0035c0b027388c712faf9bd	ZGE1Yzk2NWVmNmZkMGEyOWE5M2E1ZjA4OTYwYWIxMzcyNDBiOGUxMDqAAn1xAVUad2l6YXJkX3R1\ndG9yX3NpZ251cF93aXphcmRxAn1xAyhVCnN0ZXBfZmlsZXNxBH1VBHN0ZXBxBVgFAAAAc3RlcDFx\nBlUKZXh0cmFfZGF0YXEHfVUJc3RlcF9kYXRhcQh9dXMu\n	2013-08-13 00:20:47.771919+00
627aa4d4742e6cdfe81711ed22aa4cc3	ZGE1Yzk2NWVmNmZkMGEyOWE5M2E1ZjA4OTYwYWIxMzcyNDBiOGUxMDqAAn1xAVUad2l6YXJkX3R1\ndG9yX3NpZ251cF93aXphcmRxAn1xAyhVCnN0ZXBfZmlsZXNxBH1VBHN0ZXBxBVgFAAAAc3RlcDFx\nBlUKZXh0cmFfZGF0YXEHfVUJc3RlcF9kYXRhcQh9dXMu\n	2013-08-13 00:21:18.974364+00
2a2a90ba1080035cf024ad6edb45098b	NjkyMzE5MWYyZGQwM2RhZTQ2ZmY5MDE0ZjI3ZTMzZTBlNDE4NzE2ZDqAAn1xAVUad2l6YXJkX3R1\ndG9yX3NpZ251cF93aXphcmR9cQIoVQpzdGVwX2ZpbGVzfXEDWAUAAABzdGVwMXEEfXNVBHN0ZXBY\nBQAAAHN0ZXAycQVVCmV4dHJhX2RhdGF9VQlzdGVwX2RhdGF9cQZoBH1xByhYCQAAAHBhc3N3b3Jk\nMXEIXXEJWAgAAABjb25tYXkxN3EKYVgKAAAAZmlyc3RfbmFtZXELXXEMWAcAAABDb25uaWUgcQ1h\nWAkAAABsYXN0X25hbWVxDl1xD1gEAAAATG9uZ3EQYVggAAAAdHV0b3Jfc2lnbnVwX3dpemFyZC1j\ndXJyZW50X3N0ZXBxEV1xElgFAAAAc3RlcDFxE2FYEwAAAGNzcmZtaWRkbGV3YXJldG9rZW5xFF1x\nFVggAAAAcnVHamFnTnVKOVdiWk1ENjZRSlVWalA3VVcxcjk1eEJxFmFYBQAAAGVtYWlscRddcRhY\nEwAAAGNsMzA4NkBjb2x1bWJpYS5lZHVxGWF1c3VzLg==\n	2013-08-13 00:22:33.462253+00
b463a774db216d19d5e97c148843c241	ZGE1Yzk2NWVmNmZkMGEyOWE5M2E1ZjA4OTYwYWIxMzcyNDBiOGUxMDqAAn1xAVUad2l6YXJkX3R1\ndG9yX3NpZ251cF93aXphcmRxAn1xAyhVCnN0ZXBfZmlsZXNxBH1VBHN0ZXBxBVgFAAAAc3RlcDFx\nBlUKZXh0cmFfZGF0YXEHfVUJc3RlcF9kYXRhcQh9dXMu\n	2013-08-13 00:23:47.205262+00
b92103bab0c88de60bdd7b883fc7e78c	ZGE1Yzk2NWVmNmZkMGEyOWE5M2E1ZjA4OTYwYWIxMzcyNDBiOGUxMDqAAn1xAVUad2l6YXJkX3R1\ndG9yX3NpZ251cF93aXphcmRxAn1xAyhVCnN0ZXBfZmlsZXNxBH1VBHN0ZXBxBVgFAAAAc3RlcDFx\nBlUKZXh0cmFfZGF0YXEHfVUJc3RlcF9kYXRhcQh9dXMu\n	2013-08-13 00:25:03.971299+00
d2d116882f4397d05db9d10b76eb41ae	ZGE1Yzk2NWVmNmZkMGEyOWE5M2E1ZjA4OTYwYWIxMzcyNDBiOGUxMDqAAn1xAVUad2l6YXJkX3R1\ndG9yX3NpZ251cF93aXphcmRxAn1xAyhVCnN0ZXBfZmlsZXNxBH1VBHN0ZXBxBVgFAAAAc3RlcDFx\nBlUKZXh0cmFfZGF0YXEHfVUJc3RlcF9kYXRhcQh9dXMu\n	2013-08-13 00:27:56.544329+00
1274ef965c90e642d994eb53ba993559	ZGE1Yzk2NWVmNmZkMGEyOWE5M2E1ZjA4OTYwYWIxMzcyNDBiOGUxMDqAAn1xAVUad2l6YXJkX3R1\ndG9yX3NpZ251cF93aXphcmRxAn1xAyhVCnN0ZXBfZmlsZXNxBH1VBHN0ZXBxBVgFAAAAc3RlcDFx\nBlUKZXh0cmFfZGF0YXEHfVUJc3RlcF9kYXRhcQh9dXMu\n	2013-08-13 00:31:17.687505+00
102c2a3c27215834d4162d2adef727ab	YTFhYzhhZWEwZjM1NzdjNDQwYzEzYzZjZDUxMGM1NjZjMDYxMjExYTqAAn1xAVUad2l6YXJkX3R1\ndG9yX3NpZ251cF93aXphcmR9cQIoVQpzdGVwX2ZpbGVzcQN9VQRzdGVwcQRYBQAAAHN0ZXAxcQVV\nCmV4dHJhX2RhdGFxBn1VCXN0ZXBfZGF0YXEHfXVzLg==\n	2013-08-13 00:40:01.778593+00
db0b7998f364d59db2487339482dab03	ZGE1Yzk2NWVmNmZkMGEyOWE5M2E1ZjA4OTYwYWIxMzcyNDBiOGUxMDqAAn1xAVUad2l6YXJkX3R1\ndG9yX3NpZ251cF93aXphcmRxAn1xAyhVCnN0ZXBfZmlsZXNxBH1VBHN0ZXBxBVgFAAAAc3RlcDFx\nBlUKZXh0cmFfZGF0YXEHfVUJc3RlcF9kYXRhcQh9dXMu\n	2013-08-13 00:49:54.55456+00
17aa29f7adfde1f32be09c43ba9e83f1	YTFhYzhhZWEwZjM1NzdjNDQwYzEzYzZjZDUxMGM1NjZjMDYxMjExYTqAAn1xAVUad2l6YXJkX3R1\ndG9yX3NpZ251cF93aXphcmR9cQIoVQpzdGVwX2ZpbGVzcQN9VQRzdGVwcQRYBQAAAHN0ZXAxcQVV\nCmV4dHJhX2RhdGFxBn1VCXN0ZXBfZGF0YXEHfXVzLg==\n	2013-08-13 00:55:26.202595+00
04e90ee3f297b3331adf1c5a825f1455	YTFhYzhhZWEwZjM1NzdjNDQwYzEzYzZjZDUxMGM1NjZjMDYxMjExYTqAAn1xAVUad2l6YXJkX3R1\ndG9yX3NpZ251cF93aXphcmR9cQIoVQpzdGVwX2ZpbGVzcQN9VQRzdGVwcQRYBQAAAHN0ZXAxcQVV\nCmV4dHJhX2RhdGFxBn1VCXN0ZXBfZGF0YXEHfXVzLg==\n	2013-08-13 14:15:11.450487+00
3bbff6535305a55d2b9bf53bb8ba0247	ZGE1Yzk2NWVmNmZkMGEyOWE5M2E1ZjA4OTYwYWIxMzcyNDBiOGUxMDqAAn1xAVUad2l6YXJkX3R1\ndG9yX3NpZ251cF93aXphcmRxAn1xAyhVCnN0ZXBfZmlsZXNxBH1VBHN0ZXBxBVgFAAAAc3RlcDFx\nBlUKZXh0cmFfZGF0YXEHfVUJc3RlcF9kYXRhcQh9dXMu\n	2013-08-12 22:52:08.29628+00
0f0da28632ae89888011b0854d1bb5eb	ZGE1Yzk2NWVmNmZkMGEyOWE5M2E1ZjA4OTYwYWIxMzcyNDBiOGUxMDqAAn1xAVUad2l6YXJkX3R1\ndG9yX3NpZ251cF93aXphcmRxAn1xAyhVCnN0ZXBfZmlsZXNxBH1VBHN0ZXBxBVgFAAAAc3RlcDFx\nBlUKZXh0cmFfZGF0YXEHfVUJc3RlcF9kYXRhcQh9dXMu\n	2013-08-12 22:54:14.234716+00
7e65f98e02bbb1ad51642555bf821ce9	ZGE1Yzk2NWVmNmZkMGEyOWE5M2E1ZjA4OTYwYWIxMzcyNDBiOGUxMDqAAn1xAVUad2l6YXJkX3R1\ndG9yX3NpZ251cF93aXphcmRxAn1xAyhVCnN0ZXBfZmlsZXNxBH1VBHN0ZXBxBVgFAAAAc3RlcDFx\nBlUKZXh0cmFfZGF0YXEHfVUJc3RlcF9kYXRhcQh9dXMu\n	2013-08-12 22:56:50.961778+00
32cadecccd0b57f7d5346ad4c70eef3b	ZGE1Yzk2NWVmNmZkMGEyOWE5M2E1ZjA4OTYwYWIxMzcyNDBiOGUxMDqAAn1xAVUad2l6YXJkX3R1\ndG9yX3NpZ251cF93aXphcmRxAn1xAyhVCnN0ZXBfZmlsZXNxBH1VBHN0ZXBxBVgFAAAAc3RlcDFx\nBlUKZXh0cmFfZGF0YXEHfVUJc3RlcF9kYXRhcQh9dXMu\n	2013-08-12 23:00:21.411152+00
74265c86fcdc8399c32ee74e73204762	ZGE1Yzk2NWVmNmZkMGEyOWE5M2E1ZjA4OTYwYWIxMzcyNDBiOGUxMDqAAn1xAVUad2l6YXJkX3R1\ndG9yX3NpZ251cF93aXphcmRxAn1xAyhVCnN0ZXBfZmlsZXNxBH1VBHN0ZXBxBVgFAAAAc3RlcDFx\nBlUKZXh0cmFfZGF0YXEHfVUJc3RlcF9kYXRhcQh9dXMu\n	2013-08-12 23:01:20.312462+00
e307939b3840a2be125c0b7393c36dfb	YTFhYzhhZWEwZjM1NzdjNDQwYzEzYzZjZDUxMGM1NjZjMDYxMjExYTqAAn1xAVUad2l6YXJkX3R1\ndG9yX3NpZ251cF93aXphcmR9cQIoVQpzdGVwX2ZpbGVzcQN9VQRzdGVwcQRYBQAAAHN0ZXAxcQVV\nCmV4dHJhX2RhdGFxBn1VCXN0ZXBfZGF0YXEHfXVzLg==\n	2013-08-12 23:04:01.721605+00
270471b98ccf12aad63e4bcca0534c81	ZGE1Yzk2NWVmNmZkMGEyOWE5M2E1ZjA4OTYwYWIxMzcyNDBiOGUxMDqAAn1xAVUad2l6YXJkX3R1\ndG9yX3NpZ251cF93aXphcmRxAn1xAyhVCnN0ZXBfZmlsZXNxBH1VBHN0ZXBxBVgFAAAAc3RlcDFx\nBlUKZXh0cmFfZGF0YXEHfVUJc3RlcF9kYXRhcQh9dXMu\n	2013-08-12 23:04:05.63568+00
5ada55c5d9c4dc046f4cf3f1b839436c	ZGE1Yzk2NWVmNmZkMGEyOWE5M2E1ZjA4OTYwYWIxMzcyNDBiOGUxMDqAAn1xAVUad2l6YXJkX3R1\ndG9yX3NpZ251cF93aXphcmRxAn1xAyhVCnN0ZXBfZmlsZXNxBH1VBHN0ZXBxBVgFAAAAc3RlcDFx\nBlUKZXh0cmFfZGF0YXEHfVUJc3RlcF9kYXRhcQh9dXMu\n	2013-08-12 23:05:02.834719+00
37c0e4de0da90f7e420b8734654a93b8	NDEyYmY0MGM5ZTZmMWFjNzlmYzc1YWU1ZjYxNjE0NjI5M2NkMzgzODqAAn1xAVUad2l6YXJkX3R1\ndG9yX3NpZ251cF93aXphcmR9cQIoVQpzdGVwX2ZpbGVzfXEDKFgFAAAAc3RlcDNxBH1YBQAAAHN0\nZXAycQV9WAUAAABzdGVwMXEGfXVVBHN0ZXBYBQAAAHN0ZXA0cQdVCmV4dHJhX2RhdGF9VQlzdGVw\nX2RhdGF9cQgoaAR9cQkoWCAAAAB0dXRvcl9zaWdudXBfd2l6YXJkLWN1cnJlbnRfc3RlcHEKXXEL\nWAUAAABzdGVwM3EMYVgTAAAAY3NyZm1pZGRsZXdhcmV0b2tlbnENXXEOWCAAAABGQk84VkhtdHFz\nenNYWFNJSjZOS3NLdUxDbG81ZnVSQXEPYVgGAAAAZ2VucmVzcRBdcREoWAMAAAA1NzNxElgDAAAA\nNTc0cRNYAgAAADM1cRRYAwAAADUyN3EVWAMAAAA1MTJxFlgDAAAANTY4cRdYAwAAADU3MHEYZXVo\nBX1xGShYBgAAAGdlbmRlcl1xGlgBAAAAMWFYDQAAAHByb2ZpbGVfaW1hZ2VdcRtYAAAAAGFYBwAA\nAHppcGNvZGVdcRxYBQAAADEwMDI0cR1hWCAAAAB0dXRvcl9zaWdudXBfd2l6YXJkLWN1cnJlbnRf\nc3RlcF1xHlgFAAAAc3RlcDJxH2FYDQAAAGRhdGVfb2ZfYmlydGhdcSBYCQAAADE5OTEtMS0yNnEh\nYVgEAAAAZmlsZV1xIlgAAAAAYVgHAAAAY291bnRyeV1xI1gCAAAAVVNxJGFYCAAAAHRpbWV6b25l\nXXElWAkAAABVUy9BbGFza2FxJmFYEwAAAGNzcmZtaWRkbGV3YXJldG9rZW5dcSdYIAAAAEZCTzhW\nSG10cXN6c1hYU0lKNk5Lc0t1TENsbzVmdVJBcShhdWgGfXEpKFgJAAAAcGFzc3dvcmQxXXEqWAcA\nAAB0dXRvcjI2cSthWAoAAABmaXJzdF9uYW1lXXEsWAUAAABLYXRpZXEtYVgJAAAAbGFzdF9uYW1l\nXXEuWAoAAABLcmVtbml0emVycS9hWCAAAAB0dXRvcl9zaWdudXBfd2l6YXJkLWN1cnJlbnRfc3Rl\ncF1xMFgFAAAAc3RlcDFxMWFYEwAAAGNzcmZtaWRkbGV3YXJldG9rZW5dcTJYIAAAAEZCTzhWSG10\ncXN6c1hYU0lKNk5Lc0t1TENsbzVmdVJBcTNhWAUAAABlbWFpbF1xNFgRAAAAa2JrMzRAY29ybmVs\nbC5lZHVxNWF1dXVzLg==\n	2013-08-12 23:09:05.496848+00
5ada6efc163b725b4c364dc074f2a405	MjcwZTIzZTM0YzhjMzFmNTMyYWQ0NGVmYzcyYzJhNGZkNmVmMDdlMzqAAn1xAVUad2l6YXJkX3R1\ndG9yX3NpZ251cF93aXphcmR9cQIoVQpzdGVwX2ZpbGVzfXEDWAUAAABzdGVwMXEEfXNVBHN0ZXBY\nBQAAAHN0ZXAycQVVCmV4dHJhX2RhdGF9VQlzdGVwX2RhdGF9cQZoBH1xByhYCQAAAHBhc3N3b3Jk\nMV1xCFgNAAAAcGVwZXByZG9nMzA2NnEJYVgKAAAAZmlyc3RfbmFtZV1xClgDAAAARGFucQthWAkA\nAABsYXN0X25hbWVdcQxYDgAAAE1vcmdhbi1SdXNzZWxscQ1hWCAAAAB0dXRvcl9zaWdudXBfd2l6\nYXJkLWN1cnJlbnRfc3RlcF1xDlgFAAAAc3RlcDFxD2FYEwAAAGNzcmZtaWRkbGV3YXJldG9rZW5d\ncRBYIAAAAFRJa2pwTTBYVllTRWcyRXJMMHZ1Q1hPaWZ6Qk45QUVwcRFhWAUAAABlbWFpbF1xElgQ\nAAAAbW9yZ2FucnVAdXNjLmVkdXETYXVzdXMu\n	2013-08-12 23:15:13.522306+00
ccc1c8bfdd768ae22ab4e0f461345040	ZGE1Yzk2NWVmNmZkMGEyOWE5M2E1ZjA4OTYwYWIxMzcyNDBiOGUxMDqAAn1xAVUad2l6YXJkX3R1\ndG9yX3NpZ251cF93aXphcmRxAn1xAyhVCnN0ZXBfZmlsZXNxBH1VBHN0ZXBxBVgFAAAAc3RlcDFx\nBlUKZXh0cmFfZGF0YXEHfVUJc3RlcF9kYXRhcQh9dXMu\n	2013-08-12 23:15:55.740869+00
06b7cbcb6b958d13b05b27cd78249428	ZGE1Yzk2NWVmNmZkMGEyOWE5M2E1ZjA4OTYwYWIxMzcyNDBiOGUxMDqAAn1xAVUad2l6YXJkX3R1\ndG9yX3NpZ251cF93aXphcmRxAn1xAyhVCnN0ZXBfZmlsZXNxBH1VBHN0ZXBxBVgFAAAAc3RlcDFx\nBlUKZXh0cmFfZGF0YXEHfVUJc3RlcF9kYXRhcQh9dXMu\n	2013-08-12 23:21:33.155718+00
365460cc1a99172063dc28168e07ef43	ZGE1Yzk2NWVmNmZkMGEyOWE5M2E1ZjA4OTYwYWIxMzcyNDBiOGUxMDqAAn1xAVUad2l6YXJkX3R1\ndG9yX3NpZ251cF93aXphcmRxAn1xAyhVCnN0ZXBfZmlsZXNxBH1VBHN0ZXBxBVgFAAAAc3RlcDFx\nBlUKZXh0cmFfZGF0YXEHfVUJc3RlcF9kYXRhcQh9dXMu\n	2013-08-12 23:23:36.762704+00
a7e4dd7b709e84b5edeaaa8344675630	ZGE1Yzk2NWVmNmZkMGEyOWE5M2E1ZjA4OTYwYWIxMzcyNDBiOGUxMDqAAn1xAVUad2l6YXJkX3R1\ndG9yX3NpZ251cF93aXphcmRxAn1xAyhVCnN0ZXBfZmlsZXNxBH1VBHN0ZXBxBVgFAAAAc3RlcDFx\nBlUKZXh0cmFfZGF0YXEHfVUJc3RlcF9kYXRhcQh9dXMu\n	2013-08-12 23:24:02.267678+00
a3a5891f57f8bbd041c5621722cfec4e	ZGE1Yzk2NWVmNmZkMGEyOWE5M2E1ZjA4OTYwYWIxMzcyNDBiOGUxMDqAAn1xAVUad2l6YXJkX3R1\ndG9yX3NpZ251cF93aXphcmRxAn1xAyhVCnN0ZXBfZmlsZXNxBH1VBHN0ZXBxBVgFAAAAc3RlcDFx\nBlUKZXh0cmFfZGF0YXEHfVUJc3RlcF9kYXRhcQh9dXMu\n	2013-08-12 23:27:09.878392+00
1fd0213fe65166e919d2efbb03254502	ZGE1Yzk2NWVmNmZkMGEyOWE5M2E1ZjA4OTYwYWIxMzcyNDBiOGUxMDqAAn1xAVUad2l6YXJkX3R1\ndG9yX3NpZ251cF93aXphcmRxAn1xAyhVCnN0ZXBfZmlsZXNxBH1VBHN0ZXBxBVgFAAAAc3RlcDFx\nBlUKZXh0cmFfZGF0YXEHfVUJc3RlcF9kYXRhcQh9dXMu\n	2013-08-12 23:28:51.688268+00
434bcfbdd596cebdd3d040cc1d3c7220	ZGE1Yzk2NWVmNmZkMGEyOWE5M2E1ZjA4OTYwYWIxMzcyNDBiOGUxMDqAAn1xAVUad2l6YXJkX3R1\ndG9yX3NpZ251cF93aXphcmRxAn1xAyhVCnN0ZXBfZmlsZXNxBH1VBHN0ZXBxBVgFAAAAc3RlcDFx\nBlUKZXh0cmFfZGF0YXEHfVUJc3RlcF9kYXRhcQh9dXMu\n	2013-08-12 23:29:59.456657+00
935a7b27ace3678bbb9e0d29ef327ab0	ZGE1Yzk2NWVmNmZkMGEyOWE5M2E1ZjA4OTYwYWIxMzcyNDBiOGUxMDqAAn1xAVUad2l6YXJkX3R1\ndG9yX3NpZ251cF93aXphcmRxAn1xAyhVCnN0ZXBfZmlsZXNxBH1VBHN0ZXBxBVgFAAAAc3RlcDFx\nBlUKZXh0cmFfZGF0YXEHfVUJc3RlcF9kYXRhcQh9dXMu\n	2013-08-12 23:31:14.182313+00
88b45284143cba7486b7d5a6691a15e0	ZGE1Yzk2NWVmNmZkMGEyOWE5M2E1ZjA4OTYwYWIxMzcyNDBiOGUxMDqAAn1xAVUad2l6YXJkX3R1\ndG9yX3NpZ251cF93aXphcmRxAn1xAyhVCnN0ZXBfZmlsZXNxBH1VBHN0ZXBxBVgFAAAAc3RlcDFx\nBlUKZXh0cmFfZGF0YXEHfVUJc3RlcF9kYXRhcQh9dXMu\n	2013-08-12 23:34:07.551228+00
321645da7c563cf97e55bac0bc53813c	ZGE1Yzk2NWVmNmZkMGEyOWE5M2E1ZjA4OTYwYWIxMzcyNDBiOGUxMDqAAn1xAVUad2l6YXJkX3R1\ndG9yX3NpZ251cF93aXphcmRxAn1xAyhVCnN0ZXBfZmlsZXNxBH1VBHN0ZXBxBVgFAAAAc3RlcDFx\nBlUKZXh0cmFfZGF0YXEHfVUJc3RlcF9kYXRhcQh9dXMu\n	2013-08-12 23:36:00.351753+00
b60bf2670cc50320c10b78dc3b73e4a2	ZGE1Yzk2NWVmNmZkMGEyOWE5M2E1ZjA4OTYwYWIxMzcyNDBiOGUxMDqAAn1xAVUad2l6YXJkX3R1\ndG9yX3NpZ251cF93aXphcmRxAn1xAyhVCnN0ZXBfZmlsZXNxBH1VBHN0ZXBxBVgFAAAAc3RlcDFx\nBlUKZXh0cmFfZGF0YXEHfVUJc3RlcF9kYXRhcQh9dXMu\n	2013-08-12 23:36:40.560155+00
4be00d34ea4bea93c07c54c90dad001e	ZGE1Yzk2NWVmNmZkMGEyOWE5M2E1ZjA4OTYwYWIxMzcyNDBiOGUxMDqAAn1xAVUad2l6YXJkX3R1\ndG9yX3NpZ251cF93aXphcmRxAn1xAyhVCnN0ZXBfZmlsZXNxBH1VBHN0ZXBxBVgFAAAAc3RlcDFx\nBlUKZXh0cmFfZGF0YXEHfVUJc3RlcF9kYXRhcQh9dXMu\n	2013-08-12 23:36:48.095264+00
6a2528fa157b5c67136173e0043aa03c	ZGE1Yzk2NWVmNmZkMGEyOWE5M2E1ZjA4OTYwYWIxMzcyNDBiOGUxMDqAAn1xAVUad2l6YXJkX3R1\ndG9yX3NpZ251cF93aXphcmRxAn1xAyhVCnN0ZXBfZmlsZXNxBH1VBHN0ZXBxBVgFAAAAc3RlcDFx\nBlUKZXh0cmFfZGF0YXEHfVUJc3RlcF9kYXRhcQh9dXMu\n	2013-08-12 23:38:11.671257+00
9927437c5d36202eacb44be4f10460dd	ZGE1Yzk2NWVmNmZkMGEyOWE5M2E1ZjA4OTYwYWIxMzcyNDBiOGUxMDqAAn1xAVUad2l6YXJkX3R1\ndG9yX3NpZ251cF93aXphcmRxAn1xAyhVCnN0ZXBfZmlsZXNxBH1VBHN0ZXBxBVgFAAAAc3RlcDFx\nBlUKZXh0cmFfZGF0YXEHfVUJc3RlcF9kYXRhcQh9dXMu\n	2013-08-13 00:56:17.722862+00
1b8812e6b5003935e550bf7350d4b794	YTFhYzhhZWEwZjM1NzdjNDQwYzEzYzZjZDUxMGM1NjZjMDYxMjExYTqAAn1xAVUad2l6YXJkX3R1\ndG9yX3NpZ251cF93aXphcmR9cQIoVQpzdGVwX2ZpbGVzcQN9VQRzdGVwcQRYBQAAAHN0ZXAxcQVV\nCmV4dHJhX2RhdGFxBn1VCXN0ZXBfZGF0YXEHfXVzLg==\n	2013-08-13 00:56:23.086095+00
2731ba4d1840e04543c1ae8190e67dc8	ZGE1Yzk2NWVmNmZkMGEyOWE5M2E1ZjA4OTYwYWIxMzcyNDBiOGUxMDqAAn1xAVUad2l6YXJkX3R1\ndG9yX3NpZ251cF93aXphcmRxAn1xAyhVCnN0ZXBfZmlsZXNxBH1VBHN0ZXBxBVgFAAAAc3RlcDFx\nBlUKZXh0cmFfZGF0YXEHfVUJc3RlcF9kYXRhcQh9dXMu\n	2013-08-13 00:59:12.018521+00
9f0f197af3fb539aeba9cada23e6a512	ZGE1Yzk2NWVmNmZkMGEyOWE5M2E1ZjA4OTYwYWIxMzcyNDBiOGUxMDqAAn1xAVUad2l6YXJkX3R1\ndG9yX3NpZ251cF93aXphcmRxAn1xAyhVCnN0ZXBfZmlsZXNxBH1VBHN0ZXBxBVgFAAAAc3RlcDFx\nBlUKZXh0cmFfZGF0YXEHfVUJc3RlcF9kYXRhcQh9dXMu\n	2013-08-13 01:02:44.056341+00
520bf5aae51806b6e0cfb60b3fa91c82	ZGE1Yzk2NWVmNmZkMGEyOWE5M2E1ZjA4OTYwYWIxMzcyNDBiOGUxMDqAAn1xAVUad2l6YXJkX3R1\ndG9yX3NpZ251cF93aXphcmRxAn1xAyhVCnN0ZXBfZmlsZXNxBH1VBHN0ZXBxBVgFAAAAc3RlcDFx\nBlUKZXh0cmFfZGF0YXEHfVUJc3RlcF9kYXRhcQh9dXMu\n	2013-08-13 01:05:10.663865+00
62b3515e467a3a8c30aa96700baafd52	ZGE1Yzk2NWVmNmZkMGEyOWE5M2E1ZjA4OTYwYWIxMzcyNDBiOGUxMDqAAn1xAVUad2l6YXJkX3R1\ndG9yX3NpZ251cF93aXphcmRxAn1xAyhVCnN0ZXBfZmlsZXNxBH1VBHN0ZXBxBVgFAAAAc3RlcDFx\nBlUKZXh0cmFfZGF0YXEHfVUJc3RlcF9kYXRhcQh9dXMu\n	2013-08-13 01:10:19.940958+00
eed4e91057587b30d25c89d4488d1832	YTFhYzhhZWEwZjM1NzdjNDQwYzEzYzZjZDUxMGM1NjZjMDYxMjExYTqAAn1xAVUad2l6YXJkX3R1\ndG9yX3NpZ251cF93aXphcmR9cQIoVQpzdGVwX2ZpbGVzcQN9VQRzdGVwcQRYBQAAAHN0ZXAxcQVV\nCmV4dHJhX2RhdGFxBn1VCXN0ZXBfZGF0YXEHfXVzLg==\n	2013-08-13 01:15:01.864897+00
5f62208c516e7b48d58cdd4dd84efee3	YTFhYzhhZWEwZjM1NzdjNDQwYzEzYzZjZDUxMGM1NjZjMDYxMjExYTqAAn1xAVUad2l6YXJkX3R1\ndG9yX3NpZ251cF93aXphcmR9cQIoVQpzdGVwX2ZpbGVzcQN9VQRzdGVwcQRYBQAAAHN0ZXAxcQVV\nCmV4dHJhX2RhdGFxBn1VCXN0ZXBfZGF0YXEHfXVzLg==\n	2013-08-13 01:21:18.354632+00
75d4686c9c0588865d768fa3ce15fd85	ZGE1Yzk2NWVmNmZkMGEyOWE5M2E1ZjA4OTYwYWIxMzcyNDBiOGUxMDqAAn1xAVUad2l6YXJkX3R1\ndG9yX3NpZ251cF93aXphcmRxAn1xAyhVCnN0ZXBfZmlsZXNxBH1VBHN0ZXBxBVgFAAAAc3RlcDFx\nBlUKZXh0cmFfZGF0YXEHfVUJc3RlcF9kYXRhcQh9dXMu\n	2013-08-13 01:23:46.860205+00
e00da29eab03ae012685d1194c262ab6	ZGE1Yzk2NWVmNmZkMGEyOWE5M2E1ZjA4OTYwYWIxMzcyNDBiOGUxMDqAAn1xAVUad2l6YXJkX3R1\ndG9yX3NpZ251cF93aXphcmRxAn1xAyhVCnN0ZXBfZmlsZXNxBH1VBHN0ZXBxBVgFAAAAc3RlcDFx\nBlUKZXh0cmFfZGF0YXEHfVUJc3RlcF9kYXRhcQh9dXMu\n	2013-08-13 01:44:19.19143+00
3207bdec5483a791883f195e5361ef0f	ZGE1Yzk2NWVmNmZkMGEyOWE5M2E1ZjA4OTYwYWIxMzcyNDBiOGUxMDqAAn1xAVUad2l6YXJkX3R1\ndG9yX3NpZ251cF93aXphcmRxAn1xAyhVCnN0ZXBfZmlsZXNxBH1VBHN0ZXBxBVgFAAAAc3RlcDFx\nBlUKZXh0cmFfZGF0YXEHfVUJc3RlcF9kYXRhcQh9dXMu\n	2013-08-13 01:48:40.367479+00
01e0086abbd3032f88f3fc1637ce4c9b	OTc2M2MyM2Q3NmUwNTk0YjA3ZGM2MjQ3N2YwY2Q1M2I3ZjQxZjdkMDqAAn1xAVUad2l6YXJkX3R1\ndG9yX3NpZ251cF93aXphcmR9cQIoVQpzdGVwX2ZpbGVzfXEDKFgFAAAAc3RlcDNxBH1YBQAAAHN0\nZXAycQV9WAUAAABzdGVwMXEGfXVVBHN0ZXBYBQAAAHN0ZXA0cQdVCmV4dHJhX2RhdGF9VQlzdGVw\nX2RhdGF9cQgoaAR9cQkoWCAAAAB0dXRvcl9zaWdudXBfd2l6YXJkLWN1cnJlbnRfc3RlcHEKXXEL\nWAUAAABzdGVwM3EMYVgTAAAAY3NyZm1pZGRsZXdhcmV0b2tlbnENXXEOWCAAAABtS3BEcEFSRGdx\nbENkak85NHljajlyTUNtS0t2NENsY3EPYVgGAAAAZ2VucmVzcRBdcREoWAIAAAAzNXESWAIAAAAy\nOHETWAIAAAAzMHEUWAIAAAAzNnEVWAIAAAAzMXEWWAIAAAAzN3EXWAIAAAA0MHEYWAIAAAA0MXEZ\nWAIAAAAzOXEaWAMAAAA0MDhxG1gDAAAANDY3cRxYAwAAADQ2OHEdWAMAAAA0NzFxHlgDAAAANDcy\ncR9YAwAAADQxN3EgWAMAAAAzNjNxIVgDAAAAMzYycSJYAwAAADM2NHEjWAMAAAAzNjVxJFgDAAAA\nMzY2cSVYAwAAADM2OHEmWAMAAAAzNjlxJ1gDAAAAMzc2cShYAwAAADM3OHEpWAMAAAAzNzdxKlgD\nAAAAMzgxcStYAwAAADM3NHEsWAMAAAAzNzVxLVgDAAAAMzgycS5YAwAAADM4M3EvWAMAAAAyNzlx\nMFgDAAAAMjc4cTFYAwAAADI4MHEyWAMAAAAzMDNxM1gDAAAAMzA0cTRYAwAAADMwN3E1WAMAAAAz\nMDhxNlgDAAAAMzA5cTdYAwAAADMxM3E4WAMAAAAzMDJxOVgDAAAAMTY2cTpYAwAAADE2N3E7WAMA\nAAAxOTNxPFgDAAAAMTk0cT1YAwAAADE1N3E+WAMAAAA1MjNxP1gDAAAANTI0cUBYAwAAADUyNnFB\nWAMAAAA1MjdxQlgDAAAANTI1cUNYAgAAADUwcURYAgAAADUxcUVYAgAAADUycUZYAgAAADUzcUdY\nAwAAADEyM3FIWAMAAAAxMjRxSVgDAAAAMTI1cUpYAgAAADkxcUtYAwAAADU2OXFMWAMAAAA1NjFx\nTVgDAAAANTY4cU5ldWgFfXFPKFgGAAAAZ2VuZGVyXXFQWAEAAAAxYVgNAAAAcHJvZmlsZV9pbWFn\nZV1xUVgAAAAAYVgHAAAAemlwY29kZV1xUlgFAAAAMTAwMjdxU2FYIAAAAHR1dG9yX3NpZ251cF93\naXphcmQtY3VycmVudF9zdGVwXXFUWAUAAABzdGVwMnFVYVgNAAAAZGF0ZV9vZl9iaXJ0aF1xVlgJ\nAAAAMTk5NC0xMS0xcVdhWAQAAABmaWxlXXFYWAAAAABhWAcAAABjb3VudHJ5XXFZWAIAAABVU3Fa\nYVgIAAAAdGltZXpvbmVdcVtYCgAAAFVTL0Vhc3Rlcm5xXGFYEwAAAGNzcmZtaWRkbGV3YXJldG9r\nZW5dcV1YIAAAAG1LcERwQVJEZ3FsQ2RqTzk0eWNqOXJNQ21LS3Y0Q2xjcV5hdWgGfXFfKFgJAAAA\ncGFzc3dvcmQxXXFgWAkAAABjYWZmaW83MDhxYWFYCgAAAGZpcnN0X25hbWVdcWJYBAAAAFRvbHVx\nY2FYCQAAAGxhc3RfbmFtZV1xZFgIAAAAT2Jpa3VubGVxZWFYIAAAAHR1dG9yX3NpZ251cF93aXph\ncmQtY3VycmVudF9zdGVwXXFmWAUAAABzdGVwMXFnYVgTAAAAY3NyZm1pZGRsZXdhcmV0b2tlbl1x\naFggAAAAbUtwRHBBUkRncWxDZGpPOTR5Y2o5ck1DbUtLdjRDbGNxaWFYBQAAAGVtYWlsXXFqWBQA\nAAB0am8yMTE3QGNvbHVtYmlhLmVkdXFrYXV1dXMu\n	2013-08-13 01:50:21.560025+00
7fc205d76cfbe2eda1fac17f9789b983	ZGE1Yzk2NWVmNmZkMGEyOWE5M2E1ZjA4OTYwYWIxMzcyNDBiOGUxMDqAAn1xAVUad2l6YXJkX3R1\ndG9yX3NpZ251cF93aXphcmRxAn1xAyhVCnN0ZXBfZmlsZXNxBH1VBHN0ZXBxBVgFAAAAc3RlcDFx\nBlUKZXh0cmFfZGF0YXEHfVUJc3RlcF9kYXRhcQh9dXMu\n	2013-08-13 02:05:20.571804+00
7912af69a89b7fec9e4712bd3b55d284	ZGE1Yzk2NWVmNmZkMGEyOWE5M2E1ZjA4OTYwYWIxMzcyNDBiOGUxMDqAAn1xAVUad2l6YXJkX3R1\ndG9yX3NpZ251cF93aXphcmRxAn1xAyhVCnN0ZXBfZmlsZXNxBH1VBHN0ZXBxBVgFAAAAc3RlcDFx\nBlUKZXh0cmFfZGF0YXEHfVUJc3RlcF9kYXRhcQh9dXMu\n	2013-08-13 02:07:24.329503+00
ad33f0765f1c11b37e8702a934dd089d	ZGE1Yzk2NWVmNmZkMGEyOWE5M2E1ZjA4OTYwYWIxMzcyNDBiOGUxMDqAAn1xAVUad2l6YXJkX3R1\ndG9yX3NpZ251cF93aXphcmRxAn1xAyhVCnN0ZXBfZmlsZXNxBH1VBHN0ZXBxBVgFAAAAc3RlcDFx\nBlUKZXh0cmFfZGF0YXEHfVUJc3RlcF9kYXRhcQh9dXMu\n	2013-08-13 02:09:21.693752+00
6ac9d659bbf85e5d97b207d49a95d743	ZGE1Yzk2NWVmNmZkMGEyOWE5M2E1ZjA4OTYwYWIxMzcyNDBiOGUxMDqAAn1xAVUad2l6YXJkX3R1\ndG9yX3NpZ251cF93aXphcmRxAn1xAyhVCnN0ZXBfZmlsZXNxBH1VBHN0ZXBxBVgFAAAAc3RlcDFx\nBlUKZXh0cmFfZGF0YXEHfVUJc3RlcF9kYXRhcQh9dXMu\n	2013-08-13 02:09:57.218964+00
5d4802837ef86a8eee4912cfb48470b1	ZGE1Yzk2NWVmNmZkMGEyOWE5M2E1ZjA4OTYwYWIxMzcyNDBiOGUxMDqAAn1xAVUad2l6YXJkX3R1\ndG9yX3NpZ251cF93aXphcmRxAn1xAyhVCnN0ZXBfZmlsZXNxBH1VBHN0ZXBxBVgFAAAAc3RlcDFx\nBlUKZXh0cmFfZGF0YXEHfVUJc3RlcF9kYXRhcQh9dXMu\n	2013-08-13 02:13:36.963281+00
1f1da5247c31f95fde19dee46fdcf14e	ZGE1Yzk2NWVmNmZkMGEyOWE5M2E1ZjA4OTYwYWIxMzcyNDBiOGUxMDqAAn1xAVUad2l6YXJkX3R1\ndG9yX3NpZ251cF93aXphcmRxAn1xAyhVCnN0ZXBfZmlsZXNxBH1VBHN0ZXBxBVgFAAAAc3RlcDFx\nBlUKZXh0cmFfZGF0YXEHfVUJc3RlcF9kYXRhcQh9dXMu\n	2013-08-13 02:17:16.913439+00
ef1fe1264d2d6a4fa4992c26dcd4f34a	MjQwMWUxZWNkYjRjNTNjMjgwOWUxZGY1OGYwM2ZmYTk5MWYwYzQyNTqAAn1xAVUad2l6YXJkX3R1\ndG9yX3NpZ251cF93aXphcmR9cQIoVQpzdGVwX2ZpbGVzfXEDWAUAAABzdGVwMXEEfXNVBHN0ZXBY\nBQAAAHN0ZXAycQVVCmV4dHJhX2RhdGF9VQlzdGVwX2RhdGF9cQZoBH1xByhYCQAAAHBhc3N3b3Jk\nMXEIXXEJWAkAAAB0dXRvcjIwMTNxCmFYCgAAAGZpcnN0X25hbWVxC11xDFgHAAAAU2FtZWVwYXEN\nYVgJAAAAbGFzdF9uYW1lcQ5dcQ9YBgAAAFNoZXR0eXEQYVggAAAAdHV0b3Jfc2lnbnVwX3dpemFy\nZC1jdXJyZW50X3N0ZXBxEV1xElgFAAAAc3RlcDFxE2FYEwAAAGNzcmZtaWRkbGV3YXJldG9rZW5x\nFF1xFVggAAAANDIzb200TnpobHUzMU5DQTBYNFYyNGh1R2UwT3pOWHNxFmFYBQAAAGVtYWlscRdd\ncRhYEQAAAHNhbWVlcGFAZ21haWwuY29tcRlhdXN1cy4=\n	2013-08-13 02:28:26.858108+00
b1a5c0fda000f823a5427b431345ff71	ZGE1Yzk2NWVmNmZkMGEyOWE5M2E1ZjA4OTYwYWIxMzcyNDBiOGUxMDqAAn1xAVUad2l6YXJkX3R1\ndG9yX3NpZ251cF93aXphcmRxAn1xAyhVCnN0ZXBfZmlsZXNxBH1VBHN0ZXBxBVgFAAAAc3RlcDFx\nBlUKZXh0cmFfZGF0YXEHfVUJc3RlcF9kYXRhcQh9dXMu\n	2013-08-13 02:34:18.551703+00
0f0027d39236e32c9fdb91e31297f71a	ZGE1Yzk2NWVmNmZkMGEyOWE5M2E1ZjA4OTYwYWIxMzcyNDBiOGUxMDqAAn1xAVUad2l6YXJkX3R1\ndG9yX3NpZ251cF93aXphcmRxAn1xAyhVCnN0ZXBfZmlsZXNxBH1VBHN0ZXBxBVgFAAAAc3RlcDFx\nBlUKZXh0cmFfZGF0YXEHfVUJc3RlcF9kYXRhcQh9dXMu\n	2013-08-13 02:38:46.851526+00
99cd31686c6047df40062ccafea94eed	ZGE1Yzk2NWVmNmZkMGEyOWE5M2E1ZjA4OTYwYWIxMzcyNDBiOGUxMDqAAn1xAVUad2l6YXJkX3R1\ndG9yX3NpZ251cF93aXphcmRxAn1xAyhVCnN0ZXBfZmlsZXNxBH1VBHN0ZXBxBVgFAAAAc3RlcDFx\nBlUKZXh0cmFfZGF0YXEHfVUJc3RlcF9kYXRhcQh9dXMu\n	2013-08-13 02:39:19.798577+00
678bae08b84040984f3bade901763286	ZGE1Yzk2NWVmNmZkMGEyOWE5M2E1ZjA4OTYwYWIxMzcyNDBiOGUxMDqAAn1xAVUad2l6YXJkX3R1\ndG9yX3NpZ251cF93aXphcmRxAn1xAyhVCnN0ZXBfZmlsZXNxBH1VBHN0ZXBxBVgFAAAAc3RlcDFx\nBlUKZXh0cmFfZGF0YXEHfVUJc3RlcF9kYXRhcQh9dXMu\n	2013-08-13 02:40:22.585979+00
da61d433730107c1d3a25c344efe354a	YTFhYzhhZWEwZjM1NzdjNDQwYzEzYzZjZDUxMGM1NjZjMDYxMjExYTqAAn1xAVUad2l6YXJkX3R1\ndG9yX3NpZ251cF93aXphcmR9cQIoVQpzdGVwX2ZpbGVzcQN9VQRzdGVwcQRYBQAAAHN0ZXAxcQVV\nCmV4dHJhX2RhdGFxBn1VCXN0ZXBfZGF0YXEHfXVzLg==\n	2013-08-13 02:43:05.542608+00
b93d0aeacea6c3d9e86cd1348f97e7fb	ZGE1Yzk2NWVmNmZkMGEyOWE5M2E1ZjA4OTYwYWIxMzcyNDBiOGUxMDqAAn1xAVUad2l6YXJkX3R1\ndG9yX3NpZ251cF93aXphcmRxAn1xAyhVCnN0ZXBfZmlsZXNxBH1VBHN0ZXBxBVgFAAAAc3RlcDFx\nBlUKZXh0cmFfZGF0YXEHfVUJc3RlcF9kYXRhcQh9dXMu\n	2013-08-13 02:44:09.672945+00
3f4e86bc860aba8ce030d74e71fd6a79	ZGE1Yzk2NWVmNmZkMGEyOWE5M2E1ZjA4OTYwYWIxMzcyNDBiOGUxMDqAAn1xAVUad2l6YXJkX3R1\ndG9yX3NpZ251cF93aXphcmRxAn1xAyhVCnN0ZXBfZmlsZXNxBH1VBHN0ZXBxBVgFAAAAc3RlcDFx\nBlUKZXh0cmFfZGF0YXEHfVUJc3RlcF9kYXRhcQh9dXMu\n	2013-08-13 02:54:30.991716+00
b1de6b29e0d6e66106db05b1c2416ad2	ZGE1Yzk2NWVmNmZkMGEyOWE5M2E1ZjA4OTYwYWIxMzcyNDBiOGUxMDqAAn1xAVUad2l6YXJkX3R1\ndG9yX3NpZ251cF93aXphcmRxAn1xAyhVCnN0ZXBfZmlsZXNxBH1VBHN0ZXBxBVgFAAAAc3RlcDFx\nBlUKZXh0cmFfZGF0YXEHfVUJc3RlcF9kYXRhcQh9dXMu\n	2013-08-13 02:56:11.507728+00
9cb5112ad0876ca57c67dd2a85c669e6	YTFhYzhhZWEwZjM1NzdjNDQwYzEzYzZjZDUxMGM1NjZjMDYxMjExYTqAAn1xAVUad2l6YXJkX3R1\ndG9yX3NpZ251cF93aXphcmR9cQIoVQpzdGVwX2ZpbGVzcQN9VQRzdGVwcQRYBQAAAHN0ZXAxcQVV\nCmV4dHJhX2RhdGFxBn1VCXN0ZXBfZGF0YXEHfXVzLg==\n	2013-08-13 02:59:13.836516+00
c2d7d41ff25215689e72a6ecff05f2e7	ZGE1Yzk2NWVmNmZkMGEyOWE5M2E1ZjA4OTYwYWIxMzcyNDBiOGUxMDqAAn1xAVUad2l6YXJkX3R1\ndG9yX3NpZ251cF93aXphcmRxAn1xAyhVCnN0ZXBfZmlsZXNxBH1VBHN0ZXBxBVgFAAAAc3RlcDFx\nBlUKZXh0cmFfZGF0YXEHfVUJc3RlcF9kYXRhcQh9dXMu\n	2013-08-13 03:01:42.328481+00
36f465a351688aa1a1f2a7709be0b3ba	ZGE1Yzk2NWVmNmZkMGEyOWE5M2E1ZjA4OTYwYWIxMzcyNDBiOGUxMDqAAn1xAVUad2l6YXJkX3R1\ndG9yX3NpZ251cF93aXphcmRxAn1xAyhVCnN0ZXBfZmlsZXNxBH1VBHN0ZXBxBVgFAAAAc3RlcDFx\nBlUKZXh0cmFfZGF0YXEHfVUJc3RlcF9kYXRhcQh9dXMu\n	2013-08-13 03:11:23.195759+00
456afb631f2bed20e7be6ba32b2118f7	ZGE1Yzk2NWVmNmZkMGEyOWE5M2E1ZjA4OTYwYWIxMzcyNDBiOGUxMDqAAn1xAVUad2l6YXJkX3R1\ndG9yX3NpZ251cF93aXphcmRxAn1xAyhVCnN0ZXBfZmlsZXNxBH1VBHN0ZXBxBVgFAAAAc3RlcDFx\nBlUKZXh0cmFfZGF0YXEHfVUJc3RlcF9kYXRhcQh9dXMu\n	2013-08-13 03:12:31.953904+00
23f546eebe70670ec7a770597974848d	ZGE1Yzk2NWVmNmZkMGEyOWE5M2E1ZjA4OTYwYWIxMzcyNDBiOGUxMDqAAn1xAVUad2l6YXJkX3R1\ndG9yX3NpZ251cF93aXphcmRxAn1xAyhVCnN0ZXBfZmlsZXNxBH1VBHN0ZXBxBVgFAAAAc3RlcDFx\nBlUKZXh0cmFfZGF0YXEHfVUJc3RlcF9kYXRhcQh9dXMu\n	2013-08-13 03:13:03.699726+00
4ea70c3d7c815364b8090aec66fe775d	ZGE1Yzk2NWVmNmZkMGEyOWE5M2E1ZjA4OTYwYWIxMzcyNDBiOGUxMDqAAn1xAVUad2l6YXJkX3R1\ndG9yX3NpZ251cF93aXphcmRxAn1xAyhVCnN0ZXBfZmlsZXNxBH1VBHN0ZXBxBVgFAAAAc3RlcDFx\nBlUKZXh0cmFfZGF0YXEHfVUJc3RlcF9kYXRhcQh9dXMu\n	2013-08-13 03:17:30.380097+00
e6cc3103c2f8d33dc5a67ac9c19f62b0	ZGE1Yzk2NWVmNmZkMGEyOWE5M2E1ZjA4OTYwYWIxMzcyNDBiOGUxMDqAAn1xAVUad2l6YXJkX3R1\ndG9yX3NpZ251cF93aXphcmRxAn1xAyhVCnN0ZXBfZmlsZXNxBH1VBHN0ZXBxBVgFAAAAc3RlcDFx\nBlUKZXh0cmFfZGF0YXEHfVUJc3RlcF9kYXRhcQh9dXMu\n	2013-08-13 03:19:28.197676+00
49e79fb9ce65b08c1d93ddf7c7be1921	ZGE1Yzk2NWVmNmZkMGEyOWE5M2E1ZjA4OTYwYWIxMzcyNDBiOGUxMDqAAn1xAVUad2l6YXJkX3R1\ndG9yX3NpZ251cF93aXphcmRxAn1xAyhVCnN0ZXBfZmlsZXNxBH1VBHN0ZXBxBVgFAAAAc3RlcDFx\nBlUKZXh0cmFfZGF0YXEHfVUJc3RlcF9kYXRhcQh9dXMu\n	2013-08-13 03:39:16.323721+00
49d24849261caead45776964320d98b3	ZGE1Yzk2NWVmNmZkMGEyOWE5M2E1ZjA4OTYwYWIxMzcyNDBiOGUxMDqAAn1xAVUad2l6YXJkX3R1\ndG9yX3NpZ251cF93aXphcmRxAn1xAyhVCnN0ZXBfZmlsZXNxBH1VBHN0ZXBxBVgFAAAAc3RlcDFx\nBlUKZXh0cmFfZGF0YXEHfVUJc3RlcF9kYXRhcQh9dXMu\n	2013-08-13 03:50:43.597491+00
642e43c62682eb3cae8a7143fcacfc41	YTFhYzhhZWEwZjM1NzdjNDQwYzEzYzZjZDUxMGM1NjZjMDYxMjExYTqAAn1xAVUad2l6YXJkX3R1\ndG9yX3NpZ251cF93aXphcmR9cQIoVQpzdGVwX2ZpbGVzcQN9VQRzdGVwcQRYBQAAAHN0ZXAxcQVV\nCmV4dHJhX2RhdGFxBn1VCXN0ZXBfZGF0YXEHfXVzLg==\n	2013-08-14 03:36:01.050092+00
b55ce639c42475676643295b4aee674e	ZGE1Yzk2NWVmNmZkMGEyOWE5M2E1ZjA4OTYwYWIxMzcyNDBiOGUxMDqAAn1xAVUad2l6YXJkX3R1\ndG9yX3NpZ251cF93aXphcmRxAn1xAyhVCnN0ZXBfZmlsZXNxBH1VBHN0ZXBxBVgFAAAAc3RlcDFx\nBlUKZXh0cmFfZGF0YXEHfVUJc3RlcF9kYXRhcQh9dXMu\n	2013-08-13 04:07:42.513687+00
652f3ee6391a328efed600e6c4fd3784	ZGE1Yzk2NWVmNmZkMGEyOWE5M2E1ZjA4OTYwYWIxMzcyNDBiOGUxMDqAAn1xAVUad2l6YXJkX3R1\ndG9yX3NpZ251cF93aXphcmRxAn1xAyhVCnN0ZXBfZmlsZXNxBH1VBHN0ZXBxBVgFAAAAc3RlcDFx\nBlUKZXh0cmFfZGF0YXEHfVUJc3RlcF9kYXRhcQh9dXMu\n	2013-08-13 04:10:44.52727+00
91793d9e267fb92563c509930337544f	YTFhYzhhZWEwZjM1NzdjNDQwYzEzYzZjZDUxMGM1NjZjMDYxMjExYTqAAn1xAVUad2l6YXJkX3R1\ndG9yX3NpZ251cF93aXphcmR9cQIoVQpzdGVwX2ZpbGVzcQN9VQRzdGVwcQRYBQAAAHN0ZXAxcQVV\nCmV4dHJhX2RhdGFxBn1VCXN0ZXBfZGF0YXEHfXVzLg==\n	2013-08-13 04:11:39.95811+00
6a9c1da01239fe2d8132513357177de7	ZGE1Yzk2NWVmNmZkMGEyOWE5M2E1ZjA4OTYwYWIxMzcyNDBiOGUxMDqAAn1xAVUad2l6YXJkX3R1\ndG9yX3NpZ251cF93aXphcmRxAn1xAyhVCnN0ZXBfZmlsZXNxBH1VBHN0ZXBxBVgFAAAAc3RlcDFx\nBlUKZXh0cmFfZGF0YXEHfVUJc3RlcF9kYXRhcQh9dXMu\n	2013-08-13 04:21:16.337903+00
ad94e863bced154e9a9594f5bb4f83e3	YTFhYzhhZWEwZjM1NzdjNDQwYzEzYzZjZDUxMGM1NjZjMDYxMjExYTqAAn1xAVUad2l6YXJkX3R1\ndG9yX3NpZ251cF93aXphcmR9cQIoVQpzdGVwX2ZpbGVzcQN9VQRzdGVwcQRYBQAAAHN0ZXAxcQVV\nCmV4dHJhX2RhdGFxBn1VCXN0ZXBfZGF0YXEHfXVzLg==\n	2013-08-13 04:21:52.637891+00
8cec748e79dbecb43718e34bb1141d5b	ZGE1Yzk2NWVmNmZkMGEyOWE5M2E1ZjA4OTYwYWIxMzcyNDBiOGUxMDqAAn1xAVUad2l6YXJkX3R1\ndG9yX3NpZ251cF93aXphcmRxAn1xAyhVCnN0ZXBfZmlsZXNxBH1VBHN0ZXBxBVgFAAAAc3RlcDFx\nBlUKZXh0cmFfZGF0YXEHfVUJc3RlcF9kYXRhcQh9dXMu\n	2013-08-13 04:25:46.956705+00
9661eeddc2c359ba8c77b722d18a48e2	YTFhYzhhZWEwZjM1NzdjNDQwYzEzYzZjZDUxMGM1NjZjMDYxMjExYTqAAn1xAVUad2l6YXJkX3R1\ndG9yX3NpZ251cF93aXphcmR9cQIoVQpzdGVwX2ZpbGVzcQN9VQRzdGVwcQRYBQAAAHN0ZXAxcQVV\nCmV4dHJhX2RhdGFxBn1VCXN0ZXBfZGF0YXEHfXVzLg==\n	2013-08-13 04:29:16.107528+00
850524086596a8c537fe308a3288d81d	ZGE1Yzk2NWVmNmZkMGEyOWE5M2E1ZjA4OTYwYWIxMzcyNDBiOGUxMDqAAn1xAVUad2l6YXJkX3R1\ndG9yX3NpZ251cF93aXphcmRxAn1xAyhVCnN0ZXBfZmlsZXNxBH1VBHN0ZXBxBVgFAAAAc3RlcDFx\nBlUKZXh0cmFfZGF0YXEHfVUJc3RlcF9kYXRhcQh9dXMu\n	2013-08-13 04:59:22.603965+00
f6935b98d0081adc8d821d271eaef100	ZGE1Yzk2NWVmNmZkMGEyOWE5M2E1ZjA4OTYwYWIxMzcyNDBiOGUxMDqAAn1xAVUad2l6YXJkX3R1\ndG9yX3NpZ251cF93aXphcmRxAn1xAyhVCnN0ZXBfZmlsZXNxBH1VBHN0ZXBxBVgFAAAAc3RlcDFx\nBlUKZXh0cmFfZGF0YXEHfVUJc3RlcF9kYXRhcQh9dXMu\n	2013-08-13 05:01:57.913808+00
40a57ff7011a24de74a1b9443e2ac56c	ZGE1Yzk2NWVmNmZkMGEyOWE5M2E1ZjA4OTYwYWIxMzcyNDBiOGUxMDqAAn1xAVUad2l6YXJkX3R1\ndG9yX3NpZ251cF93aXphcmRxAn1xAyhVCnN0ZXBfZmlsZXNxBH1VBHN0ZXBxBVgFAAAAc3RlcDFx\nBlUKZXh0cmFfZGF0YXEHfVUJc3RlcF9kYXRhcQh9dXMu\n	2013-08-13 05:04:10.624942+00
c7809a39192bda896afd5e5f1d0b4868	YTFhYzhhZWEwZjM1NzdjNDQwYzEzYzZjZDUxMGM1NjZjMDYxMjExYTqAAn1xAVUad2l6YXJkX3R1\ndG9yX3NpZ251cF93aXphcmR9cQIoVQpzdGVwX2ZpbGVzcQN9VQRzdGVwcQRYBQAAAHN0ZXAxcQVV\nCmV4dHJhX2RhdGFxBn1VCXN0ZXBfZGF0YXEHfXVzLg==\n	2013-08-13 05:06:43.5986+00
65a2fb4f947317aabf4400c0de4ee261	ZGE1Yzk2NWVmNmZkMGEyOWE5M2E1ZjA4OTYwYWIxMzcyNDBiOGUxMDqAAn1xAVUad2l6YXJkX3R1\ndG9yX3NpZ251cF93aXphcmRxAn1xAyhVCnN0ZXBfZmlsZXNxBH1VBHN0ZXBxBVgFAAAAc3RlcDFx\nBlUKZXh0cmFfZGF0YXEHfVUJc3RlcF9kYXRhcQh9dXMu\n	2013-08-13 05:17:36.185672+00
b46bc6f4a9a39493de17082bd315a302	ZGE1Yzk2NWVmNmZkMGEyOWE5M2E1ZjA4OTYwYWIxMzcyNDBiOGUxMDqAAn1xAVUad2l6YXJkX3R1\ndG9yX3NpZ251cF93aXphcmRxAn1xAyhVCnN0ZXBfZmlsZXNxBH1VBHN0ZXBxBVgFAAAAc3RlcDFx\nBlUKZXh0cmFfZGF0YXEHfVUJc3RlcF9kYXRhcQh9dXMu\n	2013-08-13 05:32:23.968467+00
1317855f1f10220323bf85df8c5dc82a	ZGE1Yzk2NWVmNmZkMGEyOWE5M2E1ZjA4OTYwYWIxMzcyNDBiOGUxMDqAAn1xAVUad2l6YXJkX3R1\ndG9yX3NpZ251cF93aXphcmRxAn1xAyhVCnN0ZXBfZmlsZXNxBH1VBHN0ZXBxBVgFAAAAc3RlcDFx\nBlUKZXh0cmFfZGF0YXEHfVUJc3RlcF9kYXRhcQh9dXMu\n	2013-08-13 05:33:32.815844+00
2f59b7cf73363385a9ca4f6f0e2e50a0	ZGE1Yzk2NWVmNmZkMGEyOWE5M2E1ZjA4OTYwYWIxMzcyNDBiOGUxMDqAAn1xAVUad2l6YXJkX3R1\ndG9yX3NpZ251cF93aXphcmRxAn1xAyhVCnN0ZXBfZmlsZXNxBH1VBHN0ZXBxBVgFAAAAc3RlcDFx\nBlUKZXh0cmFfZGF0YXEHfVUJc3RlcF9kYXRhcQh9dXMu\n	2013-08-13 05:34:51.999662+00
91c5c136630866fcc8bf08e6ac197dab	YTFhYzhhZWEwZjM1NzdjNDQwYzEzYzZjZDUxMGM1NjZjMDYxMjExYTqAAn1xAVUad2l6YXJkX3R1\ndG9yX3NpZ251cF93aXphcmR9cQIoVQpzdGVwX2ZpbGVzcQN9VQRzdGVwcQRYBQAAAHN0ZXAxcQVV\nCmV4dHJhX2RhdGFxBn1VCXN0ZXBfZGF0YXEHfXVzLg==\n	2013-08-13 05:40:04.082506+00
36cb92384c16c54ca9fffdbc0a541bdc	NzNiZTdlM2M5MGUyMDE4N2I2Zjk3Nzc2MzUwNDYwZjAyNTBmNWZkZTqAAn1xAVUad2l6YXJkX3R1\ndG9yX3NpZ251cF93aXphcmR9cQIoVQpzdGVwX2ZpbGVzfXEDWAUAAABzdGVwMXEEfXNVBHN0ZXBY\nBQAAAHN0ZXAycQVVCmV4dHJhX2RhdGF9VQlzdGVwX2RhdGF9cQZoBH1xByhYCQAAAHBhc3N3b3Jk\nMXEIXXEJWAoAAABFbWVyYWxkczJAcQphWAoAAABmaXJzdF9uYW1lcQtdcQxYBwAAAFJlYmVjY2Fx\nDWFYCQAAAGxhc3RfbmFtZXEOXXEPWAUAAABEb3lsZXEQYVggAAAAdHV0b3Jfc2lnbnVwX3dpemFy\nZC1jdXJyZW50X3N0ZXBxEV1xElgFAAAAc3RlcDFxE2FYEwAAAGNzcmZtaWRkbGV3YXJldG9rZW5x\nFF1xFVggAAAAN0xKemJGNlczSWZiSXdyaUtINDBVMEx2bE9NUVhmODVxFmFYBQAAAGVtYWlscRdd\ncRhYFQAAAHJlYmVjY2EuZG95bGVAdXNjLmVkdXEZYXVzdXMu\n	2013-08-13 05:44:29.662963+00
5842b6fd4e1e4a1d4214068cdc41d627	ZGE1Yzk2NWVmNmZkMGEyOWE5M2E1ZjA4OTYwYWIxMzcyNDBiOGUxMDqAAn1xAVUad2l6YXJkX3R1\ndG9yX3NpZ251cF93aXphcmRxAn1xAyhVCnN0ZXBfZmlsZXNxBH1VBHN0ZXBxBVgFAAAAc3RlcDFx\nBlUKZXh0cmFfZGF0YXEHfVUJc3RlcF9kYXRhcQh9dXMu\n	2013-08-13 05:55:47.506586+00
276f01d899639309db3cc724c2798c2b	YTFhYzhhZWEwZjM1NzdjNDQwYzEzYzZjZDUxMGM1NjZjMDYxMjExYTqAAn1xAVUad2l6YXJkX3R1\ndG9yX3NpZ251cF93aXphcmR9cQIoVQpzdGVwX2ZpbGVzcQN9VQRzdGVwcQRYBQAAAHN0ZXAxcQVV\nCmV4dHJhX2RhdGFxBn1VCXN0ZXBfZGF0YXEHfXVzLg==\n	2013-08-13 06:00:15.17982+00
2af2e0124a6be8d2b871d014d336351b	ZGE1Yzk2NWVmNmZkMGEyOWE5M2E1ZjA4OTYwYWIxMzcyNDBiOGUxMDqAAn1xAVUad2l6YXJkX3R1\ndG9yX3NpZ251cF93aXphcmRxAn1xAyhVCnN0ZXBfZmlsZXNxBH1VBHN0ZXBxBVgFAAAAc3RlcDFx\nBlUKZXh0cmFfZGF0YXEHfVUJc3RlcF9kYXRhcQh9dXMu\n	2013-08-13 06:06:50.569419+00
3cf52c7d1d8d2c45d44bc21d12506eb8	MTEyYTVjYjVlZTdjZDAxMzllMTA0ODU4OTcyYzAwNDY5NTg2MTNiYTqAAn1xAVUad2l6YXJkX3R1\ndG9yX3NpZ251cF93aXphcmR9cQIoVQpzdGVwX2ZpbGVzfVUEc3RlcFgFAAAAc3RlcDFxA1UKZXh0\ncmFfZGF0YX1VCXN0ZXBfZGF0YX11cy4=\n	2013-08-13 06:07:18.081436+00
88bdefbcb838c015d70479fb27dfb4dc	ZGE1Yzk2NWVmNmZkMGEyOWE5M2E1ZjA4OTYwYWIxMzcyNDBiOGUxMDqAAn1xAVUad2l6YXJkX3R1\ndG9yX3NpZ251cF93aXphcmRxAn1xAyhVCnN0ZXBfZmlsZXNxBH1VBHN0ZXBxBVgFAAAAc3RlcDFx\nBlUKZXh0cmFfZGF0YXEHfVUJc3RlcF9kYXRhcQh9dXMu\n	2013-08-13 06:08:03.534413+00
285f806c03db83bb4ead0fa929011b41	ZGE1Yzk2NWVmNmZkMGEyOWE5M2E1ZjA4OTYwYWIxMzcyNDBiOGUxMDqAAn1xAVUad2l6YXJkX3R1\ndG9yX3NpZ251cF93aXphcmRxAn1xAyhVCnN0ZXBfZmlsZXNxBH1VBHN0ZXBxBVgFAAAAc3RlcDFx\nBlUKZXh0cmFfZGF0YXEHfVUJc3RlcF9kYXRhcQh9dXMu\n	2013-08-13 06:21:34.573234+00
3b840c1f3d1f0b44193eaacd8866f352	ZGE1Yzk2NWVmNmZkMGEyOWE5M2E1ZjA4OTYwYWIxMzcyNDBiOGUxMDqAAn1xAVUad2l6YXJkX3R1\ndG9yX3NpZ251cF93aXphcmRxAn1xAyhVCnN0ZXBfZmlsZXNxBH1VBHN0ZXBxBVgFAAAAc3RlcDFx\nBlUKZXh0cmFfZGF0YXEHfVUJc3RlcF9kYXRhcQh9dXMu\n	2013-08-13 06:23:19.434451+00
abc8e414857cb9fc21f6c39aad1e146a	ZGE1Yzk2NWVmNmZkMGEyOWE5M2E1ZjA4OTYwYWIxMzcyNDBiOGUxMDqAAn1xAVUad2l6YXJkX3R1\ndG9yX3NpZ251cF93aXphcmRxAn1xAyhVCnN0ZXBfZmlsZXNxBH1VBHN0ZXBxBVgFAAAAc3RlcDFx\nBlUKZXh0cmFfZGF0YXEHfVUJc3RlcF9kYXRhcQh9dXMu\n	2013-08-13 06:26:39.326054+00
fbb8878a38829ddd74f56ac2e871cfdb	ZGE1Yzk2NWVmNmZkMGEyOWE5M2E1ZjA4OTYwYWIxMzcyNDBiOGUxMDqAAn1xAVUad2l6YXJkX3R1\ndG9yX3NpZ251cF93aXphcmRxAn1xAyhVCnN0ZXBfZmlsZXNxBH1VBHN0ZXBxBVgFAAAAc3RlcDFx\nBlUKZXh0cmFfZGF0YXEHfVUJc3RlcF9kYXRhcQh9dXMu\n	2013-08-13 06:27:11.412043+00
2c90b4fe9496e4a50d45735b1f1c01ba	YTFhYzhhZWEwZjM1NzdjNDQwYzEzYzZjZDUxMGM1NjZjMDYxMjExYTqAAn1xAVUad2l6YXJkX3R1\ndG9yX3NpZ251cF93aXphcmR9cQIoVQpzdGVwX2ZpbGVzcQN9VQRzdGVwcQRYBQAAAHN0ZXAxcQVV\nCmV4dHJhX2RhdGFxBn1VCXN0ZXBfZGF0YXEHfXVzLg==\n	2013-08-13 06:37:39.764106+00
73d55a9b17342a28b69d663888cab276	ZGE1Yzk2NWVmNmZkMGEyOWE5M2E1ZjA4OTYwYWIxMzcyNDBiOGUxMDqAAn1xAVUad2l6YXJkX3R1\ndG9yX3NpZ251cF93aXphcmRxAn1xAyhVCnN0ZXBfZmlsZXNxBH1VBHN0ZXBxBVgFAAAAc3RlcDFx\nBlUKZXh0cmFfZGF0YXEHfVUJc3RlcF9kYXRhcQh9dXMu\n	2013-08-13 06:39:05.323528+00
00fb3101b42d40fc378836e8fa979a53	ZGE1Yzk2NWVmNmZkMGEyOWE5M2E1ZjA4OTYwYWIxMzcyNDBiOGUxMDqAAn1xAVUad2l6YXJkX3R1\ndG9yX3NpZ251cF93aXphcmRxAn1xAyhVCnN0ZXBfZmlsZXNxBH1VBHN0ZXBxBVgFAAAAc3RlcDFx\nBlUKZXh0cmFfZGF0YXEHfVUJc3RlcF9kYXRhcQh9dXMu\n	2013-08-13 06:55:44.707877+00
4e577b04c362ecf7ad732d4d14a14af4	ZGE1Yzk2NWVmNmZkMGEyOWE5M2E1ZjA4OTYwYWIxMzcyNDBiOGUxMDqAAn1xAVUad2l6YXJkX3R1\ndG9yX3NpZ251cF93aXphcmRxAn1xAyhVCnN0ZXBfZmlsZXNxBH1VBHN0ZXBxBVgFAAAAc3RlcDFx\nBlUKZXh0cmFfZGF0YXEHfVUJc3RlcF9kYXRhcQh9dXMu\n	2013-08-13 07:04:44.245877+00
e48022b31f64d14981c672d58d1df800	ZGE1Yzk2NWVmNmZkMGEyOWE5M2E1ZjA4OTYwYWIxMzcyNDBiOGUxMDqAAn1xAVUad2l6YXJkX3R1\ndG9yX3NpZ251cF93aXphcmRxAn1xAyhVCnN0ZXBfZmlsZXNxBH1VBHN0ZXBxBVgFAAAAc3RlcDFx\nBlUKZXh0cmFfZGF0YXEHfVUJc3RlcF9kYXRhcQh9dXMu\n	2013-08-13 07:10:52.045004+00
65ba0dd0bab125ba3df360d5d378b39d	ZGE1Yzk2NWVmNmZkMGEyOWE5M2E1ZjA4OTYwYWIxMzcyNDBiOGUxMDqAAn1xAVUad2l6YXJkX3R1\ndG9yX3NpZ251cF93aXphcmRxAn1xAyhVCnN0ZXBfZmlsZXNxBH1VBHN0ZXBxBVgFAAAAc3RlcDFx\nBlUKZXh0cmFfZGF0YXEHfVUJc3RlcF9kYXRhcQh9dXMu\n	2013-08-13 07:12:48.611202+00
4e2dc9d4c0291df841f50226146813b3	ZGE1Yzk2NWVmNmZkMGEyOWE5M2E1ZjA4OTYwYWIxMzcyNDBiOGUxMDqAAn1xAVUad2l6YXJkX3R1\ndG9yX3NpZ251cF93aXphcmRxAn1xAyhVCnN0ZXBfZmlsZXNxBH1VBHN0ZXBxBVgFAAAAc3RlcDFx\nBlUKZXh0cmFfZGF0YXEHfVUJc3RlcF9kYXRhcQh9dXMu\n	2013-08-13 07:13:06.672958+00
189763ab478b6b2fe2a757ab473ebb35	ZGE1Yzk2NWVmNmZkMGEyOWE5M2E1ZjA4OTYwYWIxMzcyNDBiOGUxMDqAAn1xAVUad2l6YXJkX3R1\ndG9yX3NpZ251cF93aXphcmRxAn1xAyhVCnN0ZXBfZmlsZXNxBH1VBHN0ZXBxBVgFAAAAc3RlcDFx\nBlUKZXh0cmFfZGF0YXEHfVUJc3RlcF9kYXRhcQh9dXMu\n	2013-08-13 07:22:09.572992+00
a7780d30ed20935b703635eea483140b	ZGE1Yzk2NWVmNmZkMGEyOWE5M2E1ZjA4OTYwYWIxMzcyNDBiOGUxMDqAAn1xAVUad2l6YXJkX3R1\ndG9yX3NpZ251cF93aXphcmRxAn1xAyhVCnN0ZXBfZmlsZXNxBH1VBHN0ZXBxBVgFAAAAc3RlcDFx\nBlUKZXh0cmFfZGF0YXEHfVUJc3RlcF9kYXRhcQh9dXMu\n	2013-08-13 07:29:20.082619+00
a331fa085f2b80ad70877d81abf506c7	YTFhYzhhZWEwZjM1NzdjNDQwYzEzYzZjZDUxMGM1NjZjMDYxMjExYTqAAn1xAVUad2l6YXJkX3R1\ndG9yX3NpZ251cF93aXphcmR9cQIoVQpzdGVwX2ZpbGVzcQN9VQRzdGVwcQRYBQAAAHN0ZXAxcQVV\nCmV4dHJhX2RhdGFxBn1VCXN0ZXBfZGF0YXEHfXVzLg==\n	2013-08-13 07:36:15.657781+00
2307fec4cd8e48aa9165b8848d4f8a1a	YzY1ZTNmOGE1NjI3YTFkMThjMDgxNmVjMDU5YmE5Y2JlYWNjNzcwMjqAAn1xAVUad2l6YXJkX3R1\ndG9yX3NpZ251cF93aXphcmR9cQIoVQpzdGVwX2ZpbGVzfXEDWAUAAABzdGVwMXEEfXNVBHN0ZXBY\nBQAAAHN0ZXAycQVVCmV4dHJhX2RhdGF9VQlzdGVwX2RhdGF9cQZoBH1xByhYCQAAAHBhc3N3b3Jk\nMV1xCFgGAAAAd2l6b2t1cQlhWAoAAABmaXJzdF9uYW1lXXEKWAEAAABNYVgJAAAAbGFzdF9uYW1l\nXXELWAEAAABKYVggAAAAdHV0b3Jfc2lnbnVwX3dpemFyZC1jdXJyZW50X3N0ZXBdcQxYBQAAAHN0\nZXAxcQ1hWBMAAABjc3JmbWlkZGxld2FyZXRva2VuXXEOWCAAAABVNzNIYzdjWGVweVk2MXRmV0Fo\nbFRwZ3NVS25DUjlKR3EPYVgFAAAAZW1haWxdcRBYEQAAAEFydGdlZWsxM0Bhb2wuY29tcRFhdXN1\ncy4=\n	2013-08-13 07:41:52.074518+00
753d3bdadde5905685aa6c701d560888	YTFhYzhhZWEwZjM1NzdjNDQwYzEzYzZjZDUxMGM1NjZjMDYxMjExYTqAAn1xAVUad2l6YXJkX3R1\ndG9yX3NpZ251cF93aXphcmR9cQIoVQpzdGVwX2ZpbGVzcQN9VQRzdGVwcQRYBQAAAHN0ZXAxcQVV\nCmV4dHJhX2RhdGFxBn1VCXN0ZXBfZGF0YXEHfXVzLg==\n	2013-08-13 07:46:15.36159+00
fb029023567534b5027640d8ac22064f	ZGE1Yzk2NWVmNmZkMGEyOWE5M2E1ZjA4OTYwYWIxMzcyNDBiOGUxMDqAAn1xAVUad2l6YXJkX3R1\ndG9yX3NpZ251cF93aXphcmRxAn1xAyhVCnN0ZXBfZmlsZXNxBH1VBHN0ZXBxBVgFAAAAc3RlcDFx\nBlUKZXh0cmFfZGF0YXEHfVUJc3RlcF9kYXRhcQh9dXMu\n	2013-08-13 07:46:24.05206+00
e4abebaef99f01a747895826d283613a	ZGE1Yzk2NWVmNmZkMGEyOWE5M2E1ZjA4OTYwYWIxMzcyNDBiOGUxMDqAAn1xAVUad2l6YXJkX3R1\ndG9yX3NpZ251cF93aXphcmRxAn1xAyhVCnN0ZXBfZmlsZXNxBH1VBHN0ZXBxBVgFAAAAc3RlcDFx\nBlUKZXh0cmFfZGF0YXEHfVUJc3RlcF9kYXRhcQh9dXMu\n	2013-08-13 07:51:06.402097+00
88c6b317039eb1a60e1f0f1a734b40e9	ZGE1Yzk2NWVmNmZkMGEyOWE5M2E1ZjA4OTYwYWIxMzcyNDBiOGUxMDqAAn1xAVUad2l6YXJkX3R1\ndG9yX3NpZ251cF93aXphcmRxAn1xAyhVCnN0ZXBfZmlsZXNxBH1VBHN0ZXBxBVgFAAAAc3RlcDFx\nBlUKZXh0cmFfZGF0YXEHfVUJc3RlcF9kYXRhcQh9dXMu\n	2013-08-13 08:16:04.143954+00
1d0b91f9533107c2872a605931c76523	ZGE1Yzk2NWVmNmZkMGEyOWE5M2E1ZjA4OTYwYWIxMzcyNDBiOGUxMDqAAn1xAVUad2l6YXJkX3R1\ndG9yX3NpZ251cF93aXphcmRxAn1xAyhVCnN0ZXBfZmlsZXNxBH1VBHN0ZXBxBVgFAAAAc3RlcDFx\nBlUKZXh0cmFfZGF0YXEHfVUJc3RlcF9kYXRhcQh9dXMu\n	2013-08-13 08:34:07.126185+00
9ee4b3a4b630fec48f5f4e526259f70f	ZGE1Yzk2NWVmNmZkMGEyOWE5M2E1ZjA4OTYwYWIxMzcyNDBiOGUxMDqAAn1xAVUad2l6YXJkX3R1\ndG9yX3NpZ251cF93aXphcmRxAn1xAyhVCnN0ZXBfZmlsZXNxBH1VBHN0ZXBxBVgFAAAAc3RlcDFx\nBlUKZXh0cmFfZGF0YXEHfVUJc3RlcF9kYXRhcQh9dXMu\n	2013-08-13 08:40:01.219804+00
a5aa788dc17a9b55d23fc64ab2c8e576	ZGE1Yzk2NWVmNmZkMGEyOWE5M2E1ZjA4OTYwYWIxMzcyNDBiOGUxMDqAAn1xAVUad2l6YXJkX3R1\ndG9yX3NpZ251cF93aXphcmRxAn1xAyhVCnN0ZXBfZmlsZXNxBH1VBHN0ZXBxBVgFAAAAc3RlcDFx\nBlUKZXh0cmFfZGF0YXEHfVUJc3RlcF9kYXRhcQh9dXMu\n	2013-08-13 08:49:32.087626+00
3d105b28db36cc74a9620a2ba0ce7873	ZGE1Yzk2NWVmNmZkMGEyOWE5M2E1ZjA4OTYwYWIxMzcyNDBiOGUxMDqAAn1xAVUad2l6YXJkX3R1\ndG9yX3NpZ251cF93aXphcmRxAn1xAyhVCnN0ZXBfZmlsZXNxBH1VBHN0ZXBxBVgFAAAAc3RlcDFx\nBlUKZXh0cmFfZGF0YXEHfVUJc3RlcF9kYXRhcQh9dXMu\n	2013-08-13 09:13:03.465636+00
f2008f43f8eadb1ace0cd348b4620c41	ZGE1Yzk2NWVmNmZkMGEyOWE5M2E1ZjA4OTYwYWIxMzcyNDBiOGUxMDqAAn1xAVUad2l6YXJkX3R1\ndG9yX3NpZ251cF93aXphcmRxAn1xAyhVCnN0ZXBfZmlsZXNxBH1VBHN0ZXBxBVgFAAAAc3RlcDFx\nBlUKZXh0cmFfZGF0YXEHfVUJc3RlcF9kYXRhcQh9dXMu\n	2013-08-13 09:19:17.681492+00
dc2a4ee0717a2d36f750b8e69ff24bba	YTFhYzhhZWEwZjM1NzdjNDQwYzEzYzZjZDUxMGM1NjZjMDYxMjExYTqAAn1xAVUad2l6YXJkX3R1\ndG9yX3NpZ251cF93aXphcmR9cQIoVQpzdGVwX2ZpbGVzcQN9VQRzdGVwcQRYBQAAAHN0ZXAxcQVV\nCmV4dHJhX2RhdGFxBn1VCXN0ZXBfZGF0YXEHfXVzLg==\n	2013-08-13 09:20:43.107998+00
5de8cc292614ab986388625c5e179086	MjQyYjc4MmZiNzNjYzc2NmFhYmRkMzIyY2M1MGU0NjUyOGMyNjg1YjqAAn1xAVUad2l6YXJkX3R1\ndG9yX3NpZ251cF93aXphcmR9cQIoVQpzdGVwX2ZpbGVzfXEDWAUAAABzdGVwMXEEfXNVBHN0ZXBY\nBQAAAHN0ZXAycQVVCmV4dHJhX2RhdGF9VQlzdGVwX2RhdGF9cQZoBH1xByhYCQAAAHBhc3N3b3Jk\nMXEIXXEJWAYAAABtZXJsaW5xCmFYCgAAAGZpcnN0X25hbWVxC11xDFgDAAAAS2ltcQ1hWAkAAABs\nYXN0X25hbWVxDl1xD1gGAAAAVGF5bG9ycRBhWCAAAAB0dXRvcl9zaWdudXBfd2l6YXJkLWN1cnJl\nbnRfc3RlcHERXXESWAUAAABzdGVwMXETYVgTAAAAY3NyZm1pZGRsZXdhcmV0b2tlbnEUXXEVWCAA\nAAB4dVlDbWJFRlFWUDZtTmRLcHNqUUVKNzl0SjRVdURXanEWYVgFAAAAZW1haWxxF11xGFgVAAAA\na2ltcml0YXlsb3JAZ21haWwuY29tcRlhdXN1cy4=\n	2013-08-13 09:25:27.815769+00
3120df7a963b03a20d6d8ea81e4a9f18	ZGE1Yzk2NWVmNmZkMGEyOWE5M2E1ZjA4OTYwYWIxMzcyNDBiOGUxMDqAAn1xAVUad2l6YXJkX3R1\ndG9yX3NpZ251cF93aXphcmRxAn1xAyhVCnN0ZXBfZmlsZXNxBH1VBHN0ZXBxBVgFAAAAc3RlcDFx\nBlUKZXh0cmFfZGF0YXEHfVUJc3RlcF9kYXRhcQh9dXMu\n	2013-08-13 09:32:13.63655+00
b42cbd1fd74160a8f84e5a52659309da	ZGE1Yzk2NWVmNmZkMGEyOWE5M2E1ZjA4OTYwYWIxMzcyNDBiOGUxMDqAAn1xAVUad2l6YXJkX3R1\ndG9yX3NpZ251cF93aXphcmRxAn1xAyhVCnN0ZXBfZmlsZXNxBH1VBHN0ZXBxBVgFAAAAc3RlcDFx\nBlUKZXh0cmFfZGF0YXEHfVUJc3RlcF9kYXRhcQh9dXMu\n	2013-08-13 09:35:12.350512+00
1e73d021a99fa9a32de8e124143cc6be	ZGE1Yzk2NWVmNmZkMGEyOWE5M2E1ZjA4OTYwYWIxMzcyNDBiOGUxMDqAAn1xAVUad2l6YXJkX3R1\ndG9yX3NpZ251cF93aXphcmRxAn1xAyhVCnN0ZXBfZmlsZXNxBH1VBHN0ZXBxBVgFAAAAc3RlcDFx\nBlUKZXh0cmFfZGF0YXEHfVUJc3RlcF9kYXRhcQh9dXMu\n	2013-08-13 09:58:59.230179+00
d9efbd8a2719f9519800cb6bc0f091af	ZGE1Yzk2NWVmNmZkMGEyOWE5M2E1ZjA4OTYwYWIxMzcyNDBiOGUxMDqAAn1xAVUad2l6YXJkX3R1\ndG9yX3NpZ251cF93aXphcmRxAn1xAyhVCnN0ZXBfZmlsZXNxBH1VBHN0ZXBxBVgFAAAAc3RlcDFx\nBlUKZXh0cmFfZGF0YXEHfVUJc3RlcF9kYXRhcQh9dXMu\n	2013-08-13 10:02:16.812988+00
39dcd2c3a6455e28c0b149cc03686180	ZGE1Yzk2NWVmNmZkMGEyOWE5M2E1ZjA4OTYwYWIxMzcyNDBiOGUxMDqAAn1xAVUad2l6YXJkX3R1\ndG9yX3NpZ251cF93aXphcmRxAn1xAyhVCnN0ZXBfZmlsZXNxBH1VBHN0ZXBxBVgFAAAAc3RlcDFx\nBlUKZXh0cmFfZGF0YXEHfVUJc3RlcF9kYXRhcQh9dXMu\n	2013-08-13 10:06:35.625807+00
bc174600b0385931035b4af4eb6f2b30	ZGE1Yzk2NWVmNmZkMGEyOWE5M2E1ZjA4OTYwYWIxMzcyNDBiOGUxMDqAAn1xAVUad2l6YXJkX3R1\ndG9yX3NpZ251cF93aXphcmRxAn1xAyhVCnN0ZXBfZmlsZXNxBH1VBHN0ZXBxBVgFAAAAc3RlcDFx\nBlUKZXh0cmFfZGF0YXEHfVUJc3RlcF9kYXRhcQh9dXMu\n	2013-08-13 10:07:54.967302+00
860aef099ff18512800821ef147a7c49	ZGE1Yzk2NWVmNmZkMGEyOWE5M2E1ZjA4OTYwYWIxMzcyNDBiOGUxMDqAAn1xAVUad2l6YXJkX3R1\ndG9yX3NpZ251cF93aXphcmRxAn1xAyhVCnN0ZXBfZmlsZXNxBH1VBHN0ZXBxBVgFAAAAc3RlcDFx\nBlUKZXh0cmFfZGF0YXEHfVUJc3RlcF9kYXRhcQh9dXMu\n	2013-08-13 10:30:04.123996+00
194e7add5f97ebab0a9284e52062ecd8	ZGE1Yzk2NWVmNmZkMGEyOWE5M2E1ZjA4OTYwYWIxMzcyNDBiOGUxMDqAAn1xAVUad2l6YXJkX3R1\ndG9yX3NpZ251cF93aXphcmRxAn1xAyhVCnN0ZXBfZmlsZXNxBH1VBHN0ZXBxBVgFAAAAc3RlcDFx\nBlUKZXh0cmFfZGF0YXEHfVUJc3RlcF9kYXRhcQh9dXMu\n	2013-08-13 10:45:59.158446+00
ac305f0c3276c1d9b1442e7ff0ed07a7	ZGE1Yzk2NWVmNmZkMGEyOWE5M2E1ZjA4OTYwYWIxMzcyNDBiOGUxMDqAAn1xAVUad2l6YXJkX3R1\ndG9yX3NpZ251cF93aXphcmRxAn1xAyhVCnN0ZXBfZmlsZXNxBH1VBHN0ZXBxBVgFAAAAc3RlcDFx\nBlUKZXh0cmFfZGF0YXEHfVUJc3RlcF9kYXRhcQh9dXMu\n	2013-08-13 11:10:04.980386+00
903bd48d0dbc0832a21457059e54af0b	ZGE1Yzk2NWVmNmZkMGEyOWE5M2E1ZjA4OTYwYWIxMzcyNDBiOGUxMDqAAn1xAVUad2l6YXJkX3R1\ndG9yX3NpZ251cF93aXphcmRxAn1xAyhVCnN0ZXBfZmlsZXNxBH1VBHN0ZXBxBVgFAAAAc3RlcDFx\nBlUKZXh0cmFfZGF0YXEHfVUJc3RlcF9kYXRhcQh9dXMu\n	2013-08-13 11:17:57.057871+00
adfc857fe964f78a0732dccd3fa3884d	ZGE1Yzk2NWVmNmZkMGEyOWE5M2E1ZjA4OTYwYWIxMzcyNDBiOGUxMDqAAn1xAVUad2l6YXJkX3R1\ndG9yX3NpZ251cF93aXphcmRxAn1xAyhVCnN0ZXBfZmlsZXNxBH1VBHN0ZXBxBVgFAAAAc3RlcDFx\nBlUKZXh0cmFfZGF0YXEHfVUJc3RlcF9kYXRhcQh9dXMu\n	2013-08-13 11:28:02.44936+00
e48e473df30d78a305856c948f925d27	NWNjY2M2YWRhYzBiZjJiMGU3MDI3MDMyM2E3YjhjMDU2MmZjNzcxODqAAn1xAShVGndpemFyZF90\ndXRvcl9zaWdudXBfd2l6YXJkfXECKFUKc3RlcF9maWxlc3EDfVUEc3RlcHEEWAUAAABzdGVwMXEF\nVQpleHRyYV9kYXRhcQZ9VQlzdGVwX2RhdGFxB311VQ9kamFuZ29fdGltZXpvbmVjcHl0egpfcApx\nCChVClVTL0Vhc3Rlcm5xCUqwuf//SwBVA0VTVHEKdFJxC1UNX2F1dGhfdXNlcl9pZE0WAVUSX2F1\ndGhfdXNlcl9iYWNrZW5kVSlkamFuZ28uY29udHJpYi5hdXRoLmJhY2tlbmRzLk1vZGVsQmFja2Vu\nZHUu\n	2013-08-13 11:46:09.972409+00
91df5a58e5b345b892d70e289c91aa23	ZGE1Yzk2NWVmNmZkMGEyOWE5M2E1ZjA4OTYwYWIxMzcyNDBiOGUxMDqAAn1xAVUad2l6YXJkX3R1\ndG9yX3NpZ251cF93aXphcmRxAn1xAyhVCnN0ZXBfZmlsZXNxBH1VBHN0ZXBxBVgFAAAAc3RlcDFx\nBlUKZXh0cmFfZGF0YXEHfVUJc3RlcF9kYXRhcQh9dXMu\n	2013-08-13 11:52:30.73988+00
6ea07f7957a5a53f406fd161fc35d449	ZGE1Yzk2NWVmNmZkMGEyOWE5M2E1ZjA4OTYwYWIxMzcyNDBiOGUxMDqAAn1xAVUad2l6YXJkX3R1\ndG9yX3NpZ251cF93aXphcmRxAn1xAyhVCnN0ZXBfZmlsZXNxBH1VBHN0ZXBxBVgFAAAAc3RlcDFx\nBlUKZXh0cmFfZGF0YXEHfVUJc3RlcF9kYXRhcQh9dXMu\n	2013-08-13 12:08:09.42921+00
3096110b277a0821f150927a70817d33	ZGE1Yzk2NWVmNmZkMGEyOWE5M2E1ZjA4OTYwYWIxMzcyNDBiOGUxMDqAAn1xAVUad2l6YXJkX3R1\ndG9yX3NpZ251cF93aXphcmRxAn1xAyhVCnN0ZXBfZmlsZXNxBH1VBHN0ZXBxBVgFAAAAc3RlcDFx\nBlUKZXh0cmFfZGF0YXEHfVUJc3RlcF9kYXRhcQh9dXMu\n	2013-08-13 12:09:43.272211+00
a0803cd7b361d01c0d46a0fee57a9eb3	ZGE1Yzk2NWVmNmZkMGEyOWE5M2E1ZjA4OTYwYWIxMzcyNDBiOGUxMDqAAn1xAVUad2l6YXJkX3R1\ndG9yX3NpZ251cF93aXphcmRxAn1xAyhVCnN0ZXBfZmlsZXNxBH1VBHN0ZXBxBVgFAAAAc3RlcDFx\nBlUKZXh0cmFfZGF0YXEHfVUJc3RlcF9kYXRhcQh9dXMu\n	2013-08-13 12:12:38.925366+00
61819547d278e43f505b4dd1f0578860	ZGE1Yzk2NWVmNmZkMGEyOWE5M2E1ZjA4OTYwYWIxMzcyNDBiOGUxMDqAAn1xAVUad2l6YXJkX3R1\ndG9yX3NpZ251cF93aXphcmRxAn1xAyhVCnN0ZXBfZmlsZXNxBH1VBHN0ZXBxBVgFAAAAc3RlcDFx\nBlUKZXh0cmFfZGF0YXEHfVUJc3RlcF9kYXRhcQh9dXMu\n	2013-08-13 12:16:16.121756+00
d3acac1e81b40cb70442d5d35aa8ba74	YTFhYzhhZWEwZjM1NzdjNDQwYzEzYzZjZDUxMGM1NjZjMDYxMjExYTqAAn1xAVUad2l6YXJkX3R1\ndG9yX3NpZ251cF93aXphcmR9cQIoVQpzdGVwX2ZpbGVzcQN9VQRzdGVwcQRYBQAAAHN0ZXAxcQVV\nCmV4dHJhX2RhdGFxBn1VCXN0ZXBfZGF0YXEHfXVzLg==\n	2013-08-13 12:17:45.018556+00
1b9b1589d4346225435de42413e0f370	ZGE1Yzk2NWVmNmZkMGEyOWE5M2E1ZjA4OTYwYWIxMzcyNDBiOGUxMDqAAn1xAVUad2l6YXJkX3R1\ndG9yX3NpZ251cF93aXphcmRxAn1xAyhVCnN0ZXBfZmlsZXNxBH1VBHN0ZXBxBVgFAAAAc3RlcDFx\nBlUKZXh0cmFfZGF0YXEHfVUJc3RlcF9kYXRhcQh9dXMu\n	2013-08-13 12:30:05.111942+00
31ed5e5645ed70f853a89d39b99595e4	ZGE1Yzk2NWVmNmZkMGEyOWE5M2E1ZjA4OTYwYWIxMzcyNDBiOGUxMDqAAn1xAVUad2l6YXJkX3R1\ndG9yX3NpZ251cF93aXphcmRxAn1xAyhVCnN0ZXBfZmlsZXNxBH1VBHN0ZXBxBVgFAAAAc3RlcDFx\nBlUKZXh0cmFfZGF0YXEHfVUJc3RlcF9kYXRhcQh9dXMu\n	2013-08-13 13:21:46.585866+00
df9ba594d5d05f45613f4ba3da2a1a2f	ZGE1Yzk2NWVmNmZkMGEyOWE5M2E1ZjA4OTYwYWIxMzcyNDBiOGUxMDqAAn1xAVUad2l6YXJkX3R1\ndG9yX3NpZ251cF93aXphcmRxAn1xAyhVCnN0ZXBfZmlsZXNxBH1VBHN0ZXBxBVgFAAAAc3RlcDFx\nBlUKZXh0cmFfZGF0YXEHfVUJc3RlcF9kYXRhcQh9dXMu\n	2013-08-13 13:28:12.900412+00
97511b4ba025ba4ac28f3c8af2702b38	ZGE1Yzk2NWVmNmZkMGEyOWE5M2E1ZjA4OTYwYWIxMzcyNDBiOGUxMDqAAn1xAVUad2l6YXJkX3R1\ndG9yX3NpZ251cF93aXphcmRxAn1xAyhVCnN0ZXBfZmlsZXNxBH1VBHN0ZXBxBVgFAAAAc3RlcDFx\nBlUKZXh0cmFfZGF0YXEHfVUJc3RlcF9kYXRhcQh9dXMu\n	2013-08-13 13:30:47.748349+00
6d70f255c30387b085a6fa4c0cc6cf03	YTFhYzhhZWEwZjM1NzdjNDQwYzEzYzZjZDUxMGM1NjZjMDYxMjExYTqAAn1xAVUad2l6YXJkX3R1\ndG9yX3NpZ251cF93aXphcmR9cQIoVQpzdGVwX2ZpbGVzcQN9VQRzdGVwcQRYBQAAAHN0ZXAxcQVV\nCmV4dHJhX2RhdGFxBn1VCXN0ZXBfZGF0YXEHfXVzLg==\n	2013-08-13 13:31:34.033441+00
519088001ca877ff08c4bca96b78c315	ZGE1Yzk2NWVmNmZkMGEyOWE5M2E1ZjA4OTYwYWIxMzcyNDBiOGUxMDqAAn1xAVUad2l6YXJkX3R1\ndG9yX3NpZ251cF93aXphcmRxAn1xAyhVCnN0ZXBfZmlsZXNxBH1VBHN0ZXBxBVgFAAAAc3RlcDFx\nBlUKZXh0cmFfZGF0YXEHfVUJc3RlcF9kYXRhcQh9dXMu\n	2013-08-13 13:51:36.937336+00
1979c4d7ad1c3e153e084cc9c0f14fc0	ZGE1Yzk2NWVmNmZkMGEyOWE5M2E1ZjA4OTYwYWIxMzcyNDBiOGUxMDqAAn1xAVUad2l6YXJkX3R1\ndG9yX3NpZ251cF93aXphcmRxAn1xAyhVCnN0ZXBfZmlsZXNxBH1VBHN0ZXBxBVgFAAAAc3RlcDFx\nBlUKZXh0cmFfZGF0YXEHfVUJc3RlcF9kYXRhcQh9dXMu\n	2013-08-13 13:53:50.042897+00
6f1a976eb03f90f592e0958a5a103cf9	ZGE1Yzk2NWVmNmZkMGEyOWE5M2E1ZjA4OTYwYWIxMzcyNDBiOGUxMDqAAn1xAVUad2l6YXJkX3R1\ndG9yX3NpZ251cF93aXphcmRxAn1xAyhVCnN0ZXBfZmlsZXNxBH1VBHN0ZXBxBVgFAAAAc3RlcDFx\nBlUKZXh0cmFfZGF0YXEHfVUJc3RlcF9kYXRhcQh9dXMu\n	2013-08-13 14:12:36.603314+00
067435b5e598268f9d2d5f5c1d5ed047	NDhhYTFjMTNlNjdkMjZjZjU3NjJiNzc0NWFhZjBhOGU3ODkzNjgyODqAAn1xAVUad2l6YXJkX3R1\ndG9yX3NpZ251cF93aXphcmR9cQIoVQpzdGVwX2ZpbGVzfXEDWAUAAABzdGVwMXEEfXNVBHN0ZXBY\nBQAAAHN0ZXAycQVVCmV4dHJhX2RhdGF9VQlzdGVwX2RhdGF9cQZoBH1xByhYCQAAAHBhc3N3b3Jk\nMV1xCFgNAAAATGVnZW5kYXJ5MTYxN3EJYVgKAAAAZmlyc3RfbmFtZV1xClgIAAAAQWJoaXNoZWtx\nC2FYCQAAAGxhc3RfbmFtZV1xDFgFAAAAVGF5YWxxDWFYIAAAAHR1dG9yX3NpZ251cF93aXphcmQt\nY3VycmVudF9zdGVwXXEOWAUAAABzdGVwMXEPYVgTAAAAY3NyZm1pZGRsZXdhcmV0b2tlbl1xEFgg\nAAAAaDlkeElydWRvZ2xkb29wMFpqT0N2cHBiQllwbDFNbHBxEWFYBQAAAGVtYWlsXXESWBMAAABh\ndDI4NDJAY29sdW1iaWEuZWR1cRNhdXN1cy4=\n	2013-08-13 14:15:23.320205+00
c6264dbd069c5db46a3736210c0c9cf2	ZGE1Yzk2NWVmNmZkMGEyOWE5M2E1ZjA4OTYwYWIxMzcyNDBiOGUxMDqAAn1xAVUad2l6YXJkX3R1\ndG9yX3NpZ251cF93aXphcmRxAn1xAyhVCnN0ZXBfZmlsZXNxBH1VBHN0ZXBxBVgFAAAAc3RlcDFx\nBlUKZXh0cmFfZGF0YXEHfVUJc3RlcF9kYXRhcQh9dXMu\n	2013-08-13 14:34:43.792902+00
29eb8b0dabe02632188186dd52414a3f	ZGE1Yzk2NWVmNmZkMGEyOWE5M2E1ZjA4OTYwYWIxMzcyNDBiOGUxMDqAAn1xAVUad2l6YXJkX3R1\ndG9yX3NpZ251cF93aXphcmRxAn1xAyhVCnN0ZXBfZmlsZXNxBH1VBHN0ZXBxBVgFAAAAc3RlcDFx\nBlUKZXh0cmFfZGF0YXEHfVUJc3RlcF9kYXRhcQh9dXMu\n	2013-08-13 14:34:45.391815+00
7a3193cd09c5053cb7f476d13092818f	ZGE1Yzk2NWVmNmZkMGEyOWE5M2E1ZjA4OTYwYWIxMzcyNDBiOGUxMDqAAn1xAVUad2l6YXJkX3R1\ndG9yX3NpZ251cF93aXphcmRxAn1xAyhVCnN0ZXBfZmlsZXNxBH1VBHN0ZXBxBVgFAAAAc3RlcDFx\nBlUKZXh0cmFfZGF0YXEHfVUJc3RlcF9kYXRhcQh9dXMu\n	2013-08-13 14:44:09.280398+00
1c136de230d5a95e6b7d29ce982a3195	ZGE1Yzk2NWVmNmZkMGEyOWE5M2E1ZjA4OTYwYWIxMzcyNDBiOGUxMDqAAn1xAVUad2l6YXJkX3R1\ndG9yX3NpZ251cF93aXphcmRxAn1xAyhVCnN0ZXBfZmlsZXNxBH1VBHN0ZXBxBVgFAAAAc3RlcDFx\nBlUKZXh0cmFfZGF0YXEHfVUJc3RlcF9kYXRhcQh9dXMu\n	2013-08-13 14:56:15.343605+00
fe007316b73f56f3f604ea06f7614669	ZGE1Yzk2NWVmNmZkMGEyOWE5M2E1ZjA4OTYwYWIxMzcyNDBiOGUxMDqAAn1xAVUad2l6YXJkX3R1\ndG9yX3NpZ251cF93aXphcmRxAn1xAyhVCnN0ZXBfZmlsZXNxBH1VBHN0ZXBxBVgFAAAAc3RlcDFx\nBlUKZXh0cmFfZGF0YXEHfVUJc3RlcF9kYXRhcQh9dXMu\n	2013-08-13 14:56:44.55157+00
fc64203c94962b83d60351ce3a4d1afb	ZGE1Yzk2NWVmNmZkMGEyOWE5M2E1ZjA4OTYwYWIxMzcyNDBiOGUxMDqAAn1xAVUad2l6YXJkX3R1\ndG9yX3NpZ251cF93aXphcmRxAn1xAyhVCnN0ZXBfZmlsZXNxBH1VBHN0ZXBxBVgFAAAAc3RlcDFx\nBlUKZXh0cmFfZGF0YXEHfVUJc3RlcF9kYXRhcQh9dXMu\n	2013-08-13 14:58:38.522874+00
0704b06df73801f6f4fc699c4ec7788c	ZGE1Yzk2NWVmNmZkMGEyOWE5M2E1ZjA4OTYwYWIxMzcyNDBiOGUxMDqAAn1xAVUad2l6YXJkX3R1\ndG9yX3NpZ251cF93aXphcmRxAn1xAyhVCnN0ZXBfZmlsZXNxBH1VBHN0ZXBxBVgFAAAAc3RlcDFx\nBlUKZXh0cmFfZGF0YXEHfVUJc3RlcF9kYXRhcQh9dXMu\n	2013-08-13 14:59:02.796923+00
c1af060f7e4217ca178697fe120000b8	ZGE1Yzk2NWVmNmZkMGEyOWE5M2E1ZjA4OTYwYWIxMzcyNDBiOGUxMDqAAn1xAVUad2l6YXJkX3R1\ndG9yX3NpZ251cF93aXphcmRxAn1xAyhVCnN0ZXBfZmlsZXNxBH1VBHN0ZXBxBVgFAAAAc3RlcDFx\nBlUKZXh0cmFfZGF0YXEHfVUJc3RlcF9kYXRhcQh9dXMu\n	2013-08-13 15:02:54.09432+00
2b5a9762853ef1594f44a8671567dd67	ZGE1Yzk2NWVmNmZkMGEyOWE5M2E1ZjA4OTYwYWIxMzcyNDBiOGUxMDqAAn1xAVUad2l6YXJkX3R1\ndG9yX3NpZ251cF93aXphcmRxAn1xAyhVCnN0ZXBfZmlsZXNxBH1VBHN0ZXBxBVgFAAAAc3RlcDFx\nBlUKZXh0cmFfZGF0YXEHfVUJc3RlcF9kYXRhcQh9dXMu\n	2013-08-13 15:03:05.449773+00
4b8682dbcb4f2b93bf748a06763b2a5c	ZGE1Yzk2NWVmNmZkMGEyOWE5M2E1ZjA4OTYwYWIxMzcyNDBiOGUxMDqAAn1xAVUad2l6YXJkX3R1\ndG9yX3NpZ251cF93aXphcmRxAn1xAyhVCnN0ZXBfZmlsZXNxBH1VBHN0ZXBxBVgFAAAAc3RlcDFx\nBlUKZXh0cmFfZGF0YXEHfVUJc3RlcF9kYXRhcQh9dXMu\n	2013-08-13 15:03:36.313185+00
eab761dc709ef87666e1d9cb078a8cdf	ZGE1Yzk2NWVmNmZkMGEyOWE5M2E1ZjA4OTYwYWIxMzcyNDBiOGUxMDqAAn1xAVUad2l6YXJkX3R1\ndG9yX3NpZ251cF93aXphcmRxAn1xAyhVCnN0ZXBfZmlsZXNxBH1VBHN0ZXBxBVgFAAAAc3RlcDFx\nBlUKZXh0cmFfZGF0YXEHfVUJc3RlcF9kYXRhcQh9dXMu\n	2013-08-13 15:04:51.666024+00
8006d3cddd8e6295b155d961a70cfe2d	ZGE1Yzk2NWVmNmZkMGEyOWE5M2E1ZjA4OTYwYWIxMzcyNDBiOGUxMDqAAn1xAVUad2l6YXJkX3R1\ndG9yX3NpZ251cF93aXphcmRxAn1xAyhVCnN0ZXBfZmlsZXNxBH1VBHN0ZXBxBVgFAAAAc3RlcDFx\nBlUKZXh0cmFfZGF0YXEHfVUJc3RlcF9kYXRhcQh9dXMu\n	2013-08-13 15:05:50.515744+00
46e03462cde81db3511d3ee4eed17838	ZGE1Yzk2NWVmNmZkMGEyOWE5M2E1ZjA4OTYwYWIxMzcyNDBiOGUxMDqAAn1xAVUad2l6YXJkX3R1\ndG9yX3NpZ251cF93aXphcmRxAn1xAyhVCnN0ZXBfZmlsZXNxBH1VBHN0ZXBxBVgFAAAAc3RlcDFx\nBlUKZXh0cmFfZGF0YXEHfVUJc3RlcF9kYXRhcQh9dXMu\n	2013-08-13 15:07:24.705304+00
9058f9dd624e1c0df840e79920e0b529	ZGE1Yzk2NWVmNmZkMGEyOWE5M2E1ZjA4OTYwYWIxMzcyNDBiOGUxMDqAAn1xAVUad2l6YXJkX3R1\ndG9yX3NpZ251cF93aXphcmRxAn1xAyhVCnN0ZXBfZmlsZXNxBH1VBHN0ZXBxBVgFAAAAc3RlcDFx\nBlUKZXh0cmFfZGF0YXEHfVUJc3RlcF9kYXRhcQh9dXMu\n	2013-08-13 15:08:47.383156+00
cba70d7c2e7616f1219a281afceff460	ZGE1Yzk2NWVmNmZkMGEyOWE5M2E1ZjA4OTYwYWIxMzcyNDBiOGUxMDqAAn1xAVUad2l6YXJkX3R1\ndG9yX3NpZ251cF93aXphcmRxAn1xAyhVCnN0ZXBfZmlsZXNxBH1VBHN0ZXBxBVgFAAAAc3RlcDFx\nBlUKZXh0cmFfZGF0YXEHfVUJc3RlcF9kYXRhcQh9dXMu\n	2013-08-13 15:11:26.049862+00
9ea5e891236909968a62e571490bfb40	ZGE1Yzk2NWVmNmZkMGEyOWE5M2E1ZjA4OTYwYWIxMzcyNDBiOGUxMDqAAn1xAVUad2l6YXJkX3R1\ndG9yX3NpZ251cF93aXphcmRxAn1xAyhVCnN0ZXBfZmlsZXNxBH1VBHN0ZXBxBVgFAAAAc3RlcDFx\nBlUKZXh0cmFfZGF0YXEHfVUJc3RlcF9kYXRhcQh9dXMu\n	2013-08-13 15:13:41.472989+00
5acf3366675c212fc6ee6ad6b24177a2	ZGE1Yzk2NWVmNmZkMGEyOWE5M2E1ZjA4OTYwYWIxMzcyNDBiOGUxMDqAAn1xAVUad2l6YXJkX3R1\ndG9yX3NpZ251cF93aXphcmRxAn1xAyhVCnN0ZXBfZmlsZXNxBH1VBHN0ZXBxBVgFAAAAc3RlcDFx\nBlUKZXh0cmFfZGF0YXEHfVUJc3RlcF9kYXRhcQh9dXMu\n	2013-08-13 15:14:33.858299+00
79cd7e17bfa07c4743024756d8696a68	ZGE1Yzk2NWVmNmZkMGEyOWE5M2E1ZjA4OTYwYWIxMzcyNDBiOGUxMDqAAn1xAVUad2l6YXJkX3R1\ndG9yX3NpZ251cF93aXphcmRxAn1xAyhVCnN0ZXBfZmlsZXNxBH1VBHN0ZXBxBVgFAAAAc3RlcDFx\nBlUKZXh0cmFfZGF0YXEHfVUJc3RlcF9kYXRhcQh9dXMu\n	2013-08-13 15:21:05.330442+00
de378cb85136094f2cd0936dcd27162e	ZGE1Yzk2NWVmNmZkMGEyOWE5M2E1ZjA4OTYwYWIxMzcyNDBiOGUxMDqAAn1xAVUad2l6YXJkX3R1\ndG9yX3NpZ251cF93aXphcmRxAn1xAyhVCnN0ZXBfZmlsZXNxBH1VBHN0ZXBxBVgFAAAAc3RlcDFx\nBlUKZXh0cmFfZGF0YXEHfVUJc3RlcF9kYXRhcQh9dXMu\n	2013-08-13 15:23:30.402452+00
a22d3f0de27aa11286e7da8c28ede1cc	ZGE1Yzk2NWVmNmZkMGEyOWE5M2E1ZjA4OTYwYWIxMzcyNDBiOGUxMDqAAn1xAVUad2l6YXJkX3R1\ndG9yX3NpZ251cF93aXphcmRxAn1xAyhVCnN0ZXBfZmlsZXNxBH1VBHN0ZXBxBVgFAAAAc3RlcDFx\nBlUKZXh0cmFfZGF0YXEHfVUJc3RlcF9kYXRhcQh9dXMu\n	2013-08-13 15:23:30.455676+00
2b148ca60c409f3615f3b2b6fd5791f9	ZGE1Yzk2NWVmNmZkMGEyOWE5M2E1ZjA4OTYwYWIxMzcyNDBiOGUxMDqAAn1xAVUad2l6YXJkX3R1\ndG9yX3NpZ251cF93aXphcmRxAn1xAyhVCnN0ZXBfZmlsZXNxBH1VBHN0ZXBxBVgFAAAAc3RlcDFx\nBlUKZXh0cmFfZGF0YXEHfVUJc3RlcF9kYXRhcQh9dXMu\n	2013-08-13 15:23:30.613806+00
4ad3f9f1f46a611e395f8806506f32d9	YTFhYzhhZWEwZjM1NzdjNDQwYzEzYzZjZDUxMGM1NjZjMDYxMjExYTqAAn1xAVUad2l6YXJkX3R1\ndG9yX3NpZ251cF93aXphcmR9cQIoVQpzdGVwX2ZpbGVzcQN9VQRzdGVwcQRYBQAAAHN0ZXAxcQVV\nCmV4dHJhX2RhdGFxBn1VCXN0ZXBfZGF0YXEHfXVzLg==\n	2013-08-13 23:58:39.515193+00
fe97e0c82f1396014600621823705744	ZGE1Yzk2NWVmNmZkMGEyOWE5M2E1ZjA4OTYwYWIxMzcyNDBiOGUxMDqAAn1xAVUad2l6YXJkX3R1\ndG9yX3NpZ251cF93aXphcmRxAn1xAyhVCnN0ZXBfZmlsZXNxBH1VBHN0ZXBxBVgFAAAAc3RlcDFx\nBlUKZXh0cmFfZGF0YXEHfVUJc3RlcF9kYXRhcQh9dXMu\n	2013-08-13 15:23:36.064353+00
393fb1e15e4ea3065b4ba7290b5d7806	ZGE1Yzk2NWVmNmZkMGEyOWE5M2E1ZjA4OTYwYWIxMzcyNDBiOGUxMDqAAn1xAVUad2l6YXJkX3R1\ndG9yX3NpZ251cF93aXphcmRxAn1xAyhVCnN0ZXBfZmlsZXNxBH1VBHN0ZXBxBVgFAAAAc3RlcDFx\nBlUKZXh0cmFfZGF0YXEHfVUJc3RlcF9kYXRhcQh9dXMu\n	2013-08-13 15:23:37.654362+00
644b9dd9bc43689d0641c0d3739c0325	ZGE1Yzk2NWVmNmZkMGEyOWE5M2E1ZjA4OTYwYWIxMzcyNDBiOGUxMDqAAn1xAVUad2l6YXJkX3R1\ndG9yX3NpZ251cF93aXphcmRxAn1xAyhVCnN0ZXBfZmlsZXNxBH1VBHN0ZXBxBVgFAAAAc3RlcDFx\nBlUKZXh0cmFfZGF0YXEHfVUJc3RlcF9kYXRhcQh9dXMu\n	2013-08-13 15:23:38.27767+00
d46505027a84753b01ebe91c7574b58b	ZGE1Yzk2NWVmNmZkMGEyOWE5M2E1ZjA4OTYwYWIxMzcyNDBiOGUxMDqAAn1xAVUad2l6YXJkX3R1\ndG9yX3NpZ251cF93aXphcmRxAn1xAyhVCnN0ZXBfZmlsZXNxBH1VBHN0ZXBxBVgFAAAAc3RlcDFx\nBlUKZXh0cmFfZGF0YXEHfVUJc3RlcF9kYXRhcQh9dXMu\n	2013-08-13 15:23:39.673968+00
d5262fb05b8f05c2beaab32c60ca9b40	YTFhYzhhZWEwZjM1NzdjNDQwYzEzYzZjZDUxMGM1NjZjMDYxMjExYTqAAn1xAVUad2l6YXJkX3R1\ndG9yX3NpZ251cF93aXphcmR9cQIoVQpzdGVwX2ZpbGVzcQN9VQRzdGVwcQRYBQAAAHN0ZXAxcQVV\nCmV4dHJhX2RhdGFxBn1VCXN0ZXBfZGF0YXEHfXVzLg==\n	2013-08-13 15:24:06.856966+00
703519b798d26057a23e501b83daa404	ZGE1Yzk2NWVmNmZkMGEyOWE5M2E1ZjA4OTYwYWIxMzcyNDBiOGUxMDqAAn1xAVUad2l6YXJkX3R1\ndG9yX3NpZ251cF93aXphcmRxAn1xAyhVCnN0ZXBfZmlsZXNxBH1VBHN0ZXBxBVgFAAAAc3RlcDFx\nBlUKZXh0cmFfZGF0YXEHfVUJc3RlcF9kYXRhcQh9dXMu\n	2013-08-13 15:31:46.864393+00
470a468bc94aba7baf37257a63082d05	MTEyYTVjYjVlZTdjZDAxMzllMTA0ODU4OTcyYzAwNDY5NTg2MTNiYTqAAn1xAVUad2l6YXJkX3R1\ndG9yX3NpZ251cF93aXphcmR9cQIoVQpzdGVwX2ZpbGVzfVUEc3RlcFgFAAAAc3RlcDFxA1UKZXh0\ncmFfZGF0YX1VCXN0ZXBfZGF0YX11cy4=\n	2013-08-13 15:38:05.822088+00
a614ba63edeb667437954d7c6381d991	ZGE1Yzk2NWVmNmZkMGEyOWE5M2E1ZjA4OTYwYWIxMzcyNDBiOGUxMDqAAn1xAVUad2l6YXJkX3R1\ndG9yX3NpZ251cF93aXphcmRxAn1xAyhVCnN0ZXBfZmlsZXNxBH1VBHN0ZXBxBVgFAAAAc3RlcDFx\nBlUKZXh0cmFfZGF0YXEHfVUJc3RlcF9kYXRhcQh9dXMu\n	2013-08-13 15:41:20.065613+00
07669a90a5f722ebeb0612a0f41da852	ZGE1Yzk2NWVmNmZkMGEyOWE5M2E1ZjA4OTYwYWIxMzcyNDBiOGUxMDqAAn1xAVUad2l6YXJkX3R1\ndG9yX3NpZ251cF93aXphcmRxAn1xAyhVCnN0ZXBfZmlsZXNxBH1VBHN0ZXBxBVgFAAAAc3RlcDFx\nBlUKZXh0cmFfZGF0YXEHfVUJc3RlcF9kYXRhcQh9dXMu\n	2013-08-13 15:53:36.419064+00
feebaa5b9c2b52996f200e1c63760629	ZGE1Yzk2NWVmNmZkMGEyOWE5M2E1ZjA4OTYwYWIxMzcyNDBiOGUxMDqAAn1xAVUad2l6YXJkX3R1\ndG9yX3NpZ251cF93aXphcmRxAn1xAyhVCnN0ZXBfZmlsZXNxBH1VBHN0ZXBxBVgFAAAAc3RlcDFx\nBlUKZXh0cmFfZGF0YXEHfVUJc3RlcF9kYXRhcQh9dXMu\n	2013-08-13 15:56:15.335153+00
6064ae7c2095ce8be953a71a30778864	ZGE1Yzk2NWVmNmZkMGEyOWE5M2E1ZjA4OTYwYWIxMzcyNDBiOGUxMDqAAn1xAVUad2l6YXJkX3R1\ndG9yX3NpZ251cF93aXphcmRxAn1xAyhVCnN0ZXBfZmlsZXNxBH1VBHN0ZXBxBVgFAAAAc3RlcDFx\nBlUKZXh0cmFfZGF0YXEHfVUJc3RlcF9kYXRhcQh9dXMu\n	2013-08-13 16:00:32.748127+00
8bd6888d63185bb8f42a5e52cc082126	ZGE1Yzk2NWVmNmZkMGEyOWE5M2E1ZjA4OTYwYWIxMzcyNDBiOGUxMDqAAn1xAVUad2l6YXJkX3R1\ndG9yX3NpZ251cF93aXphcmRxAn1xAyhVCnN0ZXBfZmlsZXNxBH1VBHN0ZXBxBVgFAAAAc3RlcDFx\nBlUKZXh0cmFfZGF0YXEHfVUJc3RlcF9kYXRhcQh9dXMu\n	2013-08-13 16:00:35.754538+00
04594f82d5edaa906c1eb9b91cfe7787	ZGE1Yzk2NWVmNmZkMGEyOWE5M2E1ZjA4OTYwYWIxMzcyNDBiOGUxMDqAAn1xAVUad2l6YXJkX3R1\ndG9yX3NpZ251cF93aXphcmRxAn1xAyhVCnN0ZXBfZmlsZXNxBH1VBHN0ZXBxBVgFAAAAc3RlcDFx\nBlUKZXh0cmFfZGF0YXEHfVUJc3RlcF9kYXRhcQh9dXMu\n	2013-08-13 16:02:32.096009+00
73ca54627e2e831aa22ce12b6255ee76	Nzc2NGZhOGM3YjAyYTVmOTY3NGQwZGJlNTllOWExOWFlYjI3Y2IxMTqAAn1xAVUad2l6YXJkX3R1\ndG9yX3NpZ251cF93aXphcmR9cQIoVQpzdGVwX2ZpbGVzfXEDWAUAAABzdGVwMXEEfXNVBHN0ZXBY\nBQAAAHN0ZXAycQVVCmV4dHJhX2RhdGF9VQlzdGVwX2RhdGF9cQZoBH1xByhYCQAAAHBhc3N3b3Jk\nMXEIXXEJWAYAAABuaWdnZXJxCmFYCgAAAGZpcnN0X25hbWVxC11xDFgGAAAAbmlnZ2VycQ1hWAkA\nAABsYXN0X25hbWVxDl1xD1gGAAAAbmlnZ2VycRBhWCAAAAB0dXRvcl9zaWdudXBfd2l6YXJkLWN1\ncnJlbnRfc3RlcHERXXESWAUAAABzdGVwMXETYVgTAAAAY3NyZm1pZGRsZXdhcmV0b2tlbnEUXXEV\nWCAAAAA2a0xqRnhmT1VLNm5BcUMzWGxWNTJtV3M1bFhmeDBYQ3EWYVgFAAAAZW1haWxxF11xGFgQ\nAAAAbmlnbm9nQGdtYWlsLmNvbXEZYXVzdXMu\n	2013-08-13 16:08:54.730099+00
c03ed2a16395f576c9520e1ec92207cc	YTFhYzhhZWEwZjM1NzdjNDQwYzEzYzZjZDUxMGM1NjZjMDYxMjExYTqAAn1xAVUad2l6YXJkX3R1\ndG9yX3NpZ251cF93aXphcmR9cQIoVQpzdGVwX2ZpbGVzcQN9VQRzdGVwcQRYBQAAAHN0ZXAxcQVV\nCmV4dHJhX2RhdGFxBn1VCXN0ZXBfZGF0YXEHfXVzLg==\n	2013-08-13 16:09:07.264731+00
37a96617ff64021f0abb19e361049dc6	ZGE1Yzk2NWVmNmZkMGEyOWE5M2E1ZjA4OTYwYWIxMzcyNDBiOGUxMDqAAn1xAVUad2l6YXJkX3R1\ndG9yX3NpZ251cF93aXphcmRxAn1xAyhVCnN0ZXBfZmlsZXNxBH1VBHN0ZXBxBVgFAAAAc3RlcDFx\nBlUKZXh0cmFfZGF0YXEHfVUJc3RlcF9kYXRhcQh9dXMu\n	2013-08-13 16:12:15.170653+00
a717a1d41eb2ab1bed57b2b9dee511aa	ZGE1Yzk2NWVmNmZkMGEyOWE5M2E1ZjA4OTYwYWIxMzcyNDBiOGUxMDqAAn1xAVUad2l6YXJkX3R1\ndG9yX3NpZ251cF93aXphcmRxAn1xAyhVCnN0ZXBfZmlsZXNxBH1VBHN0ZXBxBVgFAAAAc3RlcDFx\nBlUKZXh0cmFfZGF0YXEHfVUJc3RlcF9kYXRhcQh9dXMu\n	2013-08-13 16:15:09.93723+00
6881004b083815535ea58bee17bdb310	ZGE1Yzk2NWVmNmZkMGEyOWE5M2E1ZjA4OTYwYWIxMzcyNDBiOGUxMDqAAn1xAVUad2l6YXJkX3R1\ndG9yX3NpZ251cF93aXphcmRxAn1xAyhVCnN0ZXBfZmlsZXNxBH1VBHN0ZXBxBVgFAAAAc3RlcDFx\nBlUKZXh0cmFfZGF0YXEHfVUJc3RlcF9kYXRhcQh9dXMu\n	2013-08-13 16:19:11.362719+00
15c0470898cb35d248ecaaa2a99d4515	ZGE1Yzk2NWVmNmZkMGEyOWE5M2E1ZjA4OTYwYWIxMzcyNDBiOGUxMDqAAn1xAVUad2l6YXJkX3R1\ndG9yX3NpZ251cF93aXphcmRxAn1xAyhVCnN0ZXBfZmlsZXNxBH1VBHN0ZXBxBVgFAAAAc3RlcDFx\nBlUKZXh0cmFfZGF0YXEHfVUJc3RlcF9kYXRhcQh9dXMu\n	2013-08-13 16:19:13.682159+00
82e07fa5875052854d905ed949d8fb87	ZGE1Yzk2NWVmNmZkMGEyOWE5M2E1ZjA4OTYwYWIxMzcyNDBiOGUxMDqAAn1xAVUad2l6YXJkX3R1\ndG9yX3NpZ251cF93aXphcmRxAn1xAyhVCnN0ZXBfZmlsZXNxBH1VBHN0ZXBxBVgFAAAAc3RlcDFx\nBlUKZXh0cmFfZGF0YXEHfVUJc3RlcF9kYXRhcQh9dXMu\n	2013-08-13 16:26:34.495804+00
1ca828f0413776a1b58052d50ae0f1c4	YTFhYzhhZWEwZjM1NzdjNDQwYzEzYzZjZDUxMGM1NjZjMDYxMjExYTqAAn1xAVUad2l6YXJkX3R1\ndG9yX3NpZ251cF93aXphcmR9cQIoVQpzdGVwX2ZpbGVzcQN9VQRzdGVwcQRYBQAAAHN0ZXAxcQVV\nCmV4dHJhX2RhdGFxBn1VCXN0ZXBfZGF0YXEHfXVzLg==\n	2013-08-13 16:29:59.263556+00
b86e92240fab10f446ffd9df76949930	ZGE1Yzk2NWVmNmZkMGEyOWE5M2E1ZjA4OTYwYWIxMzcyNDBiOGUxMDqAAn1xAVUad2l6YXJkX3R1\ndG9yX3NpZ251cF93aXphcmRxAn1xAyhVCnN0ZXBfZmlsZXNxBH1VBHN0ZXBxBVgFAAAAc3RlcDFx\nBlUKZXh0cmFfZGF0YXEHfVUJc3RlcF9kYXRhcQh9dXMu\n	2013-08-13 16:31:07.104942+00
d084e006df61db3beebebe7ef07e3aa5	ZGE1Yzk2NWVmNmZkMGEyOWE5M2E1ZjA4OTYwYWIxMzcyNDBiOGUxMDqAAn1xAVUad2l6YXJkX3R1\ndG9yX3NpZ251cF93aXphcmRxAn1xAyhVCnN0ZXBfZmlsZXNxBH1VBHN0ZXBxBVgFAAAAc3RlcDFx\nBlUKZXh0cmFfZGF0YXEHfVUJc3RlcF9kYXRhcQh9dXMu\n	2013-08-13 16:31:51.944759+00
375aab9db7180009e3679301c2b32702	ZGE1Yzk2NWVmNmZkMGEyOWE5M2E1ZjA4OTYwYWIxMzcyNDBiOGUxMDqAAn1xAVUad2l6YXJkX3R1\ndG9yX3NpZ251cF93aXphcmRxAn1xAyhVCnN0ZXBfZmlsZXNxBH1VBHN0ZXBxBVgFAAAAc3RlcDFx\nBlUKZXh0cmFfZGF0YXEHfVUJc3RlcF9kYXRhcQh9dXMu\n	2013-08-13 16:32:59.938884+00
5749450137585aee4df6c8b0465aa8cd	ZGE1Yzk2NWVmNmZkMGEyOWE5M2E1ZjA4OTYwYWIxMzcyNDBiOGUxMDqAAn1xAVUad2l6YXJkX3R1\ndG9yX3NpZ251cF93aXphcmRxAn1xAyhVCnN0ZXBfZmlsZXNxBH1VBHN0ZXBxBVgFAAAAc3RlcDFx\nBlUKZXh0cmFfZGF0YXEHfVUJc3RlcF9kYXRhcQh9dXMu\n	2013-08-13 16:44:13.842037+00
9f977b63c080ff03c19ac903919b152b	ZGE1Yzk2NWVmNmZkMGEyOWE5M2E1ZjA4OTYwYWIxMzcyNDBiOGUxMDqAAn1xAVUad2l6YXJkX3R1\ndG9yX3NpZ251cF93aXphcmRxAn1xAyhVCnN0ZXBfZmlsZXNxBH1VBHN0ZXBxBVgFAAAAc3RlcDFx\nBlUKZXh0cmFfZGF0YXEHfVUJc3RlcF9kYXRhcQh9dXMu\n	2013-08-13 16:44:38.07421+00
3110942a69e6fa63d986736acd0baf14	ZGE1Yzk2NWVmNmZkMGEyOWE5M2E1ZjA4OTYwYWIxMzcyNDBiOGUxMDqAAn1xAVUad2l6YXJkX3R1\ndG9yX3NpZ251cF93aXphcmRxAn1xAyhVCnN0ZXBfZmlsZXNxBH1VBHN0ZXBxBVgFAAAAc3RlcDFx\nBlUKZXh0cmFfZGF0YXEHfVUJc3RlcF9kYXRhcQh9dXMu\n	2013-08-13 16:47:11.845253+00
be19f344111d0966060e24f203ab812a	ZGE1Yzk2NWVmNmZkMGEyOWE5M2E1ZjA4OTYwYWIxMzcyNDBiOGUxMDqAAn1xAVUad2l6YXJkX3R1\ndG9yX3NpZ251cF93aXphcmRxAn1xAyhVCnN0ZXBfZmlsZXNxBH1VBHN0ZXBxBVgFAAAAc3RlcDFx\nBlUKZXh0cmFfZGF0YXEHfVUJc3RlcF9kYXRhcQh9dXMu\n	2013-08-13 16:47:15.215524+00
9d8a34fe240c5c514ee18cd6444740cd	ZGE1Yzk2NWVmNmZkMGEyOWE5M2E1ZjA4OTYwYWIxMzcyNDBiOGUxMDqAAn1xAVUad2l6YXJkX3R1\ndG9yX3NpZ251cF93aXphcmRxAn1xAyhVCnN0ZXBfZmlsZXNxBH1VBHN0ZXBxBVgFAAAAc3RlcDFx\nBlUKZXh0cmFfZGF0YXEHfVUJc3RlcF9kYXRhcQh9dXMu\n	2013-08-13 16:53:38.141355+00
96676f3c1485a04960f9406dcea1f44f	ZGE1Yzk2NWVmNmZkMGEyOWE5M2E1ZjA4OTYwYWIxMzcyNDBiOGUxMDqAAn1xAVUad2l6YXJkX3R1\ndG9yX3NpZ251cF93aXphcmRxAn1xAyhVCnN0ZXBfZmlsZXNxBH1VBHN0ZXBxBVgFAAAAc3RlcDFx\nBlUKZXh0cmFfZGF0YXEHfVUJc3RlcF9kYXRhcQh9dXMu\n	2013-08-13 17:00:26.112779+00
29c426b723f42e017e562b8209ec8a8f	ZGE1Yzk2NWVmNmZkMGEyOWE5M2E1ZjA4OTYwYWIxMzcyNDBiOGUxMDqAAn1xAVUad2l6YXJkX3R1\ndG9yX3NpZ251cF93aXphcmRxAn1xAyhVCnN0ZXBfZmlsZXNxBH1VBHN0ZXBxBVgFAAAAc3RlcDFx\nBlUKZXh0cmFfZGF0YXEHfVUJc3RlcF9kYXRhcQh9dXMu\n	2013-08-13 17:01:38.506969+00
bdd8f2d83f1f881958827c68554bf8bf	ZGE1Yzk2NWVmNmZkMGEyOWE5M2E1ZjA4OTYwYWIxMzcyNDBiOGUxMDqAAn1xAVUad2l6YXJkX3R1\ndG9yX3NpZ251cF93aXphcmRxAn1xAyhVCnN0ZXBfZmlsZXNxBH1VBHN0ZXBxBVgFAAAAc3RlcDFx\nBlUKZXh0cmFfZGF0YXEHfVUJc3RlcF9kYXRhcQh9dXMu\n	2013-08-13 17:02:18.655085+00
55339f08ef61e3c189a51699a7d9ab06	ZGE1Yzk2NWVmNmZkMGEyOWE5M2E1ZjA4OTYwYWIxMzcyNDBiOGUxMDqAAn1xAVUad2l6YXJkX3R1\ndG9yX3NpZ251cF93aXphcmRxAn1xAyhVCnN0ZXBfZmlsZXNxBH1VBHN0ZXBxBVgFAAAAc3RlcDFx\nBlUKZXh0cmFfZGF0YXEHfVUJc3RlcF9kYXRhcQh9dXMu\n	2013-08-13 17:08:46.150075+00
172d33a36fa0ee6ccca93a561ac8bd6d	ZGE1Yzk2NWVmNmZkMGEyOWE5M2E1ZjA4OTYwYWIxMzcyNDBiOGUxMDqAAn1xAVUad2l6YXJkX3R1\ndG9yX3NpZ251cF93aXphcmRxAn1xAyhVCnN0ZXBfZmlsZXNxBH1VBHN0ZXBxBVgFAAAAc3RlcDFx\nBlUKZXh0cmFfZGF0YXEHfVUJc3RlcF9kYXRhcQh9dXMu\n	2013-08-13 17:34:59.502555+00
81f42a53fd6d3d8b538171f2a21511ed	ZGE1Yzk2NWVmNmZkMGEyOWE5M2E1ZjA4OTYwYWIxMzcyNDBiOGUxMDqAAn1xAVUad2l6YXJkX3R1\ndG9yX3NpZ251cF93aXphcmRxAn1xAyhVCnN0ZXBfZmlsZXNxBH1VBHN0ZXBxBVgFAAAAc3RlcDFx\nBlUKZXh0cmFfZGF0YXEHfVUJc3RlcF9kYXRhcQh9dXMu\n	2013-08-13 17:35:20.588187+00
f181f5ffd8bf0f3d4818127884e7d871	ZGE1Yzk2NWVmNmZkMGEyOWE5M2E1ZjA4OTYwYWIxMzcyNDBiOGUxMDqAAn1xAVUad2l6YXJkX3R1\ndG9yX3NpZ251cF93aXphcmRxAn1xAyhVCnN0ZXBfZmlsZXNxBH1VBHN0ZXBxBVgFAAAAc3RlcDFx\nBlUKZXh0cmFfZGF0YXEHfVUJc3RlcF9kYXRhcQh9dXMu\n	2013-08-13 17:40:38.539639+00
8ccc5c47e49bd59881605dee078ed129	ZGE1Yzk2NWVmNmZkMGEyOWE5M2E1ZjA4OTYwYWIxMzcyNDBiOGUxMDqAAn1xAVUad2l6YXJkX3R1\ndG9yX3NpZ251cF93aXphcmRxAn1xAyhVCnN0ZXBfZmlsZXNxBH1VBHN0ZXBxBVgFAAAAc3RlcDFx\nBlUKZXh0cmFfZGF0YXEHfVUJc3RlcF9kYXRhcQh9dXMu\n	2013-08-13 17:42:34.760591+00
0fc88d63c156fe1a6bfd7f4881e6d9e1	ZGE1Yzk2NWVmNmZkMGEyOWE5M2E1ZjA4OTYwYWIxMzcyNDBiOGUxMDqAAn1xAVUad2l6YXJkX3R1\ndG9yX3NpZ251cF93aXphcmRxAn1xAyhVCnN0ZXBfZmlsZXNxBH1VBHN0ZXBxBVgFAAAAc3RlcDFx\nBlUKZXh0cmFfZGF0YXEHfVUJc3RlcF9kYXRhcQh9dXMu\n	2013-08-13 17:46:22.770352+00
f1d829cc77033b1794fd32470c291176	ZGE1Yzk2NWVmNmZkMGEyOWE5M2E1ZjA4OTYwYWIxMzcyNDBiOGUxMDqAAn1xAVUad2l6YXJkX3R1\ndG9yX3NpZ251cF93aXphcmRxAn1xAyhVCnN0ZXBfZmlsZXNxBH1VBHN0ZXBxBVgFAAAAc3RlcDFx\nBlUKZXh0cmFfZGF0YXEHfVUJc3RlcF9kYXRhcQh9dXMu\n	2013-08-13 17:47:15.916984+00
592e31ef206dea4e457c50604acf606d	ZGE1Yzk2NWVmNmZkMGEyOWE5M2E1ZjA4OTYwYWIxMzcyNDBiOGUxMDqAAn1xAVUad2l6YXJkX3R1\ndG9yX3NpZ251cF93aXphcmRxAn1xAyhVCnN0ZXBfZmlsZXNxBH1VBHN0ZXBxBVgFAAAAc3RlcDFx\nBlUKZXh0cmFfZGF0YXEHfVUJc3RlcF9kYXRhcQh9dXMu\n	2013-08-13 17:49:41.295451+00
6a61bfba56bbe036b216687f5bedc227	ZGE1Yzk2NWVmNmZkMGEyOWE5M2E1ZjA4OTYwYWIxMzcyNDBiOGUxMDqAAn1xAVUad2l6YXJkX3R1\ndG9yX3NpZ251cF93aXphcmRxAn1xAyhVCnN0ZXBfZmlsZXNxBH1VBHN0ZXBxBVgFAAAAc3RlcDFx\nBlUKZXh0cmFfZGF0YXEHfVUJc3RlcF9kYXRhcQh9dXMu\n	2013-08-13 17:49:41.964369+00
3627cb1658905b08a3a58999c15f548d	ZGE1Yzk2NWVmNmZkMGEyOWE5M2E1ZjA4OTYwYWIxMzcyNDBiOGUxMDqAAn1xAVUad2l6YXJkX3R1\ndG9yX3NpZ251cF93aXphcmRxAn1xAyhVCnN0ZXBfZmlsZXNxBH1VBHN0ZXBxBVgFAAAAc3RlcDFx\nBlUKZXh0cmFfZGF0YXEHfVUJc3RlcF9kYXRhcQh9dXMu\n	2013-08-13 17:59:43.913604+00
c1c6654243cf637b68592fb004f0c337	ZGE1Yzk2NWVmNmZkMGEyOWE5M2E1ZjA4OTYwYWIxMzcyNDBiOGUxMDqAAn1xAVUad2l6YXJkX3R1\ndG9yX3NpZ251cF93aXphcmRxAn1xAyhVCnN0ZXBfZmlsZXNxBH1VBHN0ZXBxBVgFAAAAc3RlcDFx\nBlUKZXh0cmFfZGF0YXEHfVUJc3RlcF9kYXRhcQh9dXMu\n	2013-08-13 18:05:12.509029+00
6f5ee66c8177f13aaaadb123a3e20d49	ZGE1Yzk2NWVmNmZkMGEyOWE5M2E1ZjA4OTYwYWIxMzcyNDBiOGUxMDqAAn1xAVUad2l6YXJkX3R1\ndG9yX3NpZ251cF93aXphcmRxAn1xAyhVCnN0ZXBfZmlsZXNxBH1VBHN0ZXBxBVgFAAAAc3RlcDFx\nBlUKZXh0cmFfZGF0YXEHfVUJc3RlcF9kYXRhcQh9dXMu\n	2013-08-13 18:07:53.732452+00
ac780a55ba5b50cfd90cbb0dd688b734	YTFhYzhhZWEwZjM1NzdjNDQwYzEzYzZjZDUxMGM1NjZjMDYxMjExYTqAAn1xAVUad2l6YXJkX3R1\ndG9yX3NpZ251cF93aXphcmR9cQIoVQpzdGVwX2ZpbGVzcQN9VQRzdGVwcQRYBQAAAHN0ZXAxcQVV\nCmV4dHJhX2RhdGFxBn1VCXN0ZXBfZGF0YXEHfXVzLg==\n	2013-08-13 18:08:58.567091+00
f18805261f347137bc0eb30252011e4b	OTcwMjBkZTFlOWQzZGU4NTE5OWZhNzAzZTM5ZTRhZTZjYjE3NGM5MDqAAn1xAVUad2l6YXJkX3R1\ndG9yX3NpZ251cF93aXphcmR9cQIoVQpzdGVwX2ZpbGVzfXEDWAUAAABzdGVwMXEEfXNVBHN0ZXBY\nBQAAAHN0ZXAycQVVCmV4dHJhX2RhdGF9VQlzdGVwX2RhdGF9cQZoBH1xByhYCQAAAHBhc3N3b3Jk\nMV1xCFgIAAAAZnVtZnVtMDhxCWFYCgAAAGZpcnN0X25hbWVdcQpYCQAAAEZ1bm1pbGF5b3ELYVgJ\nAAAAbGFzdF9uYW1lXXEMWAYAAABMZWRpanVxDWFYIAAAAHR1dG9yX3NpZ251cF93aXphcmQtY3Vy\ncmVudF9zdGVwXXEOWAUAAABzdGVwMXEPYVgTAAAAY3NyZm1pZGRsZXdhcmV0b2tlbl1xEFggAAAA\ncmxaU0duTjlKQzJURWZsek9iOHBPenJYNzlRQ2EwemNxEWFYBQAAAGVtYWlsXXESWBMAAABmbDIz\nMDZAY29sdW1iaWEuZWR1cRNhdXN1cy4=\n	2013-08-13 18:09:29.283121+00
7391e6fdf953ce17347469d85e17bb3a	ZGE1Yzk2NWVmNmZkMGEyOWE5M2E1ZjA4OTYwYWIxMzcyNDBiOGUxMDqAAn1xAVUad2l6YXJkX3R1\ndG9yX3NpZ251cF93aXphcmRxAn1xAyhVCnN0ZXBfZmlsZXNxBH1VBHN0ZXBxBVgFAAAAc3RlcDFx\nBlUKZXh0cmFfZGF0YXEHfVUJc3RlcF9kYXRhcQh9dXMu\n	2013-08-13 18:09:31.454322+00
6b09478f3ebcbd53d589300dce2cb132	ZGE1Yzk2NWVmNmZkMGEyOWE5M2E1ZjA4OTYwYWIxMzcyNDBiOGUxMDqAAn1xAVUad2l6YXJkX3R1\ndG9yX3NpZ251cF93aXphcmRxAn1xAyhVCnN0ZXBfZmlsZXNxBH1VBHN0ZXBxBVgFAAAAc3RlcDFx\nBlUKZXh0cmFfZGF0YXEHfVUJc3RlcF9kYXRhcQh9dXMu\n	2013-08-13 18:20:34.655456+00
e107b7fa0080fbab8a7931b59c737431	ZGE1Yzk2NWVmNmZkMGEyOWE5M2E1ZjA4OTYwYWIxMzcyNDBiOGUxMDqAAn1xAVUad2l6YXJkX3R1\ndG9yX3NpZ251cF93aXphcmRxAn1xAyhVCnN0ZXBfZmlsZXNxBH1VBHN0ZXBxBVgFAAAAc3RlcDFx\nBlUKZXh0cmFfZGF0YXEHfVUJc3RlcF9kYXRhcQh9dXMu\n	2013-08-13 18:22:41.955799+00
9072d082374a4896b034f3164b9df46a	ZGE1Yzk2NWVmNmZkMGEyOWE5M2E1ZjA4OTYwYWIxMzcyNDBiOGUxMDqAAn1xAVUad2l6YXJkX3R1\ndG9yX3NpZ251cF93aXphcmRxAn1xAyhVCnN0ZXBfZmlsZXNxBH1VBHN0ZXBxBVgFAAAAc3RlcDFx\nBlUKZXh0cmFfZGF0YXEHfVUJc3RlcF9kYXRhcQh9dXMu\n	2013-08-13 18:24:18.535056+00
b06a682dfe0a4edd9af98812e1fe563d	ZGE1Yzk2NWVmNmZkMGEyOWE5M2E1ZjA4OTYwYWIxMzcyNDBiOGUxMDqAAn1xAVUad2l6YXJkX3R1\ndG9yX3NpZ251cF93aXphcmRxAn1xAyhVCnN0ZXBfZmlsZXNxBH1VBHN0ZXBxBVgFAAAAc3RlcDFx\nBlUKZXh0cmFfZGF0YXEHfVUJc3RlcF9kYXRhcQh9dXMu\n	2013-08-13 18:30:40.314033+00
fd98b17ada50b1da36e9faefca84205f	YWQ5ZTg4Yzg2MmU5MTg4ZDYxOWQ4NGE4MzAzNDQxMzdkNjY5NmU0ODqAAn1xAVUad2l6YXJkX3R1\ndG9yX3NpZ251cF93aXphcmR9cQIoVQpzdGVwX2ZpbGVzfXEDWAUAAABzdGVwMXEEfXNVBHN0ZXBY\nBQAAAHN0ZXAycQVVCmV4dHJhX2RhdGF9VQlzdGVwX2RhdGF9cQZoBH1xByhYCQAAAHBhc3N3b3Jk\nMV1xCFgKAAAAYWxpYXNvbmUxLnEJYVgKAAAAZmlyc3RfbmFtZV1xClgGAAAASXNhYmVscQthWAkA\nAABsYXN0X25hbWVdcQxYBQAAAEpvbmVzcQ1hWCAAAAB0dXRvcl9zaWdudXBfd2l6YXJkLWN1cnJl\nbnRfc3RlcF1xDlgFAAAAc3RlcDFxD2FYEwAAAGNzcmZtaWRkbGV3YXJldG9rZW5dcRBYIAAAAHZ5\nMGJEWW5wRXptRTlyMHdvYjBsZjU4TVhLamV2TFM5cRFhWAUAAABlbWFpbF1xElgOAAAAaXNqMjE0\nQG55dS5lZHVxE2F1c3VzLg==\n	2013-08-13 18:50:38.601294+00
442eec0bef3c89e8f896257db7c43b4d	ZGE1Yzk2NWVmNmZkMGEyOWE5M2E1ZjA4OTYwYWIxMzcyNDBiOGUxMDqAAn1xAVUad2l6YXJkX3R1\ndG9yX3NpZ251cF93aXphcmRxAn1xAyhVCnN0ZXBfZmlsZXNxBH1VBHN0ZXBxBVgFAAAAc3RlcDFx\nBlUKZXh0cmFfZGF0YXEHfVUJc3RlcF9kYXRhcQh9dXMu\n	2013-08-13 18:59:08.849284+00
54fffb56af39670e7d0b44bb8c6bf5c2	ZjcxOTQwMzY4OTBjODQxODkxZDJkOGIxNTgwODY1NjkzOWI0NDcxNTqAAn1xAVUad2l6YXJkX3R1\ndG9yX3NpZ251cF93aXphcmR9cQIoVQpzdGVwX2ZpbGVzfXEDKFgFAAAAc3RlcDRxBH1YBQAAAHN0\nZXAzcQV9WAUAAABzdGVwMnEGfVgFAAAAc3RlcDFxB311VQRzdGVwWAUAAABzdGVwNXEIVQpleHRy\nYV9kYXRhfVUJc3RlcF9kYXRhfXEJKGgEfXEKKFgFAAAAYWJvdXRxC11xDFhUAAAASGksIEknbSBh\nIHN0dWRlbnQgYXQgQ29sdW1iaWEgVW5pdmVyc2l0eSBwdXJzdWluZyBhIEIuUy4gaW4gQmlvbWVk\naWNhbCBFbmdpbmVlcmluZy4gcQ1hWA0AAAB0dXRvcmluZ190eXBlcQ5dcQ9YAQAAADFhWCAAAAB0\ndXRvcl9zaWdudXBfd2l6YXJkLWN1cnJlbnRfc3RlcHEQXXERWAUAAABzdGVwNHESYVgIAAAAY3Vy\ncmVuY3lxE11xFFgBAAAAM2FYEwAAAGNzcmZtaWRkbGV3YXJldG9rZW5xFV1xFlggAAAAc0tWVlBp\nd2xsTU9OU0E2M2tVQXl6OE5Hd2txT09HMFhxF2FYDgAAAHByaWNlX3Blcl9ob3VycRhdcRlYAgAA\nADE1cRphdWgFfXEbKFggAAAAdHV0b3Jfc2lnbnVwX3dpemFyZC1jdXJyZW50X3N0ZXBdcRxYBQAA\nAHN0ZXAzcR1hWBMAAABjc3JmbWlkZGxld2FyZXRva2VuXXEeWCAAAABzS1ZWUGl3bGxNT05TQTYz\na1VBeXo4Tkd3a3FPT0cwWHEfYVgGAAAAZ2VucmVzXXEgKFgDAAAANDI5cSFYAwAAADM2M3EiWAMA\nAAAzNjJxI1gDAAAAMzY0cSRYAwAAADM2NXElWAMAAAAzNjZxJlgDAAAAMzY3cSdYAwAAADM2OXEo\nWAMAAAAyNzRxKVgCAAAAMTNxKlgDAAAAMzAzcStYAwAAADMwNHEsWAMAAAAzMDVxLVgDAAAAMzA3\ncS5YAwAAADMwOHEvWAMAAAAzMDlxMFgDAAAAMzEzcTFYAwAAADE5M3EyWAMAAAAxOTRxM1gDAAAA\nMTc2cTRYAwAAADE3N3E1WAIAAAA1MHE2WAIAAAA1MXE3WAIAAAA1MnE4WAIAAAA1M3E5WAMAAAAx\nMjNxOlgDAAAAMTI0cTtYAwAAADEyNXE8WAIAAAA5OHE9WAIAAAA5OXE+WAMAAAAxMDBxP1gCAAAA\nODRxQFgCAAAAOTBxQVgCAAAAOTFxQlgCAAAAOTNxQ1gDAAAANTYxcURldWgGfXFFKFgGAAAAZ2Vu\nZGVyXXFGWAEAAAAxYVgNAAAAcHJvZmlsZV9pbWFnZV1xR1gAAAAAYVgHAAAAemlwY29kZV1xSFgF\nAAAAMTAwMjdxSWFYIAAAAHR1dG9yX3NpZ251cF93aXphcmQtY3VycmVudF9zdGVwXXFKWAUAAABz\ndGVwMnFLYVgNAAAAZGF0ZV9vZl9iaXJ0aF1xTFgJAAAAMTk5NC0xLTEzcU1hWAQAAABmaWxlXXFO\nWAAAAABhWAcAAABjb3VudHJ5XXFPWAIAAABVU3FQYVgIAAAAdGltZXpvbmVdcVFYCgAAAFVTL0Vh\nc3Rlcm5xUmFYEwAAAGNzcmZtaWRkbGV3YXJldG9rZW5dcVNYIAAAAHNLVlZQaXdsbE1PTlNBNjNr\nVUF5ejhOR3drcU9PRzBYcVRhdWgHfXFVKFgJAAAAcGFzc3dvcmQxXXFWWA4AAABSbGFXbERiczAx\nMTM5NHFXYVgKAAAAZmlyc3RfbmFtZV1xWFgGAAAASml5b29ucVlhWAkAAABsYXN0X25hbWVdcVpY\nAwAAAEtpbXFbYVggAAAAdHV0b3Jfc2lnbnVwX3dpemFyZC1jdXJyZW50X3N0ZXBdcVxYBQAAAHN0\nZXAxcV1hWBMAAABjc3JmbWlkZGxld2FyZXRva2VuXXFeWCAAAABzS1ZWUGl3bGxNT05TQTYza1VB\neXo4Tkd3a3FPT0cwWHFfYVgFAAAAZW1haWxdcWBYEwAAAGprMzU1MUBjb2x1bWJpYS5lZHVxYWF1\ndXVzLg==\n	2013-08-13 19:00:28.240658+00
1ba6c34e7d134b4bb2d7f3eb4f279ed6	ZGE1Yzk2NWVmNmZkMGEyOWE5M2E1ZjA4OTYwYWIxMzcyNDBiOGUxMDqAAn1xAVUad2l6YXJkX3R1\ndG9yX3NpZ251cF93aXphcmRxAn1xAyhVCnN0ZXBfZmlsZXNxBH1VBHN0ZXBxBVgFAAAAc3RlcDFx\nBlUKZXh0cmFfZGF0YXEHfVUJc3RlcF9kYXRhcQh9dXMu\n	2013-08-13 19:06:39.042036+00
4ab923ebb2ae0d7ec702015db8026ae7	ZGE1Yzk2NWVmNmZkMGEyOWE5M2E1ZjA4OTYwYWIxMzcyNDBiOGUxMDqAAn1xAVUad2l6YXJkX3R1\ndG9yX3NpZ251cF93aXphcmRxAn1xAyhVCnN0ZXBfZmlsZXNxBH1VBHN0ZXBxBVgFAAAAc3RlcDFx\nBlUKZXh0cmFfZGF0YXEHfVUJc3RlcF9kYXRhcQh9dXMu\n	2013-08-13 19:08:35.022834+00
667ba35cc22b93231ac2a430a3273826	ZGE1Yzk2NWVmNmZkMGEyOWE5M2E1ZjA4OTYwYWIxMzcyNDBiOGUxMDqAAn1xAVUad2l6YXJkX3R1\ndG9yX3NpZ251cF93aXphcmRxAn1xAyhVCnN0ZXBfZmlsZXNxBH1VBHN0ZXBxBVgFAAAAc3RlcDFx\nBlUKZXh0cmFfZGF0YXEHfVUJc3RlcF9kYXRhcQh9dXMu\n	2013-08-13 19:31:47.310695+00
97729463ea49e82eff71749515996197	ZGE1Yzk2NWVmNmZkMGEyOWE5M2E1ZjA4OTYwYWIxMzcyNDBiOGUxMDqAAn1xAVUad2l6YXJkX3R1\ndG9yX3NpZ251cF93aXphcmRxAn1xAyhVCnN0ZXBfZmlsZXNxBH1VBHN0ZXBxBVgFAAAAc3RlcDFx\nBlUKZXh0cmFfZGF0YXEHfVUJc3RlcF9kYXRhcQh9dXMu\n	2013-08-13 19:43:35.351988+00
323f01f83975f421f80f7102d9ec1af4	ZDBjY2Q3M2E2MGEyNDJhNzQxNmIzNWM3NDlmNTFlZmIyNGMzZTI2NzqAAn1xAShVGndpemFyZF90\ndXRvcl9zaWdudXBfd2l6YXJkfXECKFUKc3RlcF9maWxlc31VBHN0ZXBYBQAAAHN0ZXAxVQpleHRy\nYV9kYXRhfVUJc3RlcF9kYXRhfXVVD19zZXNzaW9uX2V4cGlyeXEDSwBVEl9hdXRoX3VzZXJfYmFj\na2VuZHEEVSlkamFuZ28uY29udHJpYi5hdXRoLmJhY2tlbmRzLk1vZGVsQmFja2VuZHEFVQ1fYXV0\naF91c2VyX2lkcQZNFwF1Lg==\n	2013-08-13 20:02:45.40564+00
55462dfd2878ac2148683c06db981ee3	ZGE1Yzk2NWVmNmZkMGEyOWE5M2E1ZjA4OTYwYWIxMzcyNDBiOGUxMDqAAn1xAVUad2l6YXJkX3R1\ndG9yX3NpZ251cF93aXphcmRxAn1xAyhVCnN0ZXBfZmlsZXNxBH1VBHN0ZXBxBVgFAAAAc3RlcDFx\nBlUKZXh0cmFfZGF0YXEHfVUJc3RlcF9kYXRhcQh9dXMu\n	2013-08-13 23:01:20.620561+00
18fa90c110e629a9693bd17f4c28fc8a	Njg4YjM3OGNkNGE3OGIxZDY4ZDY4ZjRmMjBjNTA5ODQ1NmJlYmIwNzqAAn1xAVUad2l6YXJkX3R1\ndG9yX3NpZ251cF93aXphcmR9cQIoVQpzdGVwX2ZpbGVzfXEDWAUAAABzdGVwMXEEfXNVBHN0ZXBY\nBQAAAHN0ZXAycQVVCmV4dHJhX2RhdGF9VQlzdGVwX2RhdGF9cQZoBH1xByhYAAAAAF1xCChYBQAA\nAHN0ZXAycQlYAAAAAGVYCQAAAHBhc3N3b3JkMV1xClgJAAAAUHJvZlQyMDEzcQthWAoAAABmaXJz\ndF9uYW1lXXEMWAYAAABUYXlhcmlxDWFYCQAAAGxhc3RfbmFtZV1xDlgGAAAAS3VhbmRhcQ9hWCAA\nAAB0dXRvcl9zaWdudXBfd2l6YXJkLWN1cnJlbnRfc3RlcF1xEFgFAAAAc3RlcDFxEWFYEwAAAGNz\ncmZtaWRkbGV3YXJldG9rZW5dcRJYIAAAAEM0dXZtbDlZOFBNTFRIZmpyUVBla0dsREtJbXpzbXpH\ncRNhWAUAAABlbWFpbF1xFFgTAAAAdGt1YW4xOTcwQGdtYWlsLmNvbXEVYXVzdXMu\n	2013-08-13 23:23:14.860315+00
fb09f428078ff1381b9f3afb5e2298b0	ZGE1Yzk2NWVmNmZkMGEyOWE5M2E1ZjA4OTYwYWIxMzcyNDBiOGUxMDqAAn1xAVUad2l6YXJkX3R1\ndG9yX3NpZ251cF93aXphcmRxAn1xAyhVCnN0ZXBfZmlsZXNxBH1VBHN0ZXBxBVgFAAAAc3RlcDFx\nBlUKZXh0cmFfZGF0YXEHfVUJc3RlcF9kYXRhcQh9dXMu\n	2013-08-13 23:27:01.961822+00
79810ce9cdf22001a271bfc5ff9b099b	YTFhYzhhZWEwZjM1NzdjNDQwYzEzYzZjZDUxMGM1NjZjMDYxMjExYTqAAn1xAVUad2l6YXJkX3R1\ndG9yX3NpZ251cF93aXphcmR9cQIoVQpzdGVwX2ZpbGVzcQN9VQRzdGVwcQRYBQAAAHN0ZXAxcQVV\nCmV4dHJhX2RhdGFxBn1VCXN0ZXBfZGF0YXEHfXVzLg==\n	2013-08-13 23:33:23.294729+00
95a389a790588ecf79c6df022fe4a8aa	ZGE1Yzk2NWVmNmZkMGEyOWE5M2E1ZjA4OTYwYWIxMzcyNDBiOGUxMDqAAn1xAVUad2l6YXJkX3R1\ndG9yX3NpZ251cF93aXphcmRxAn1xAyhVCnN0ZXBfZmlsZXNxBH1VBHN0ZXBxBVgFAAAAc3RlcDFx\nBlUKZXh0cmFfZGF0YXEHfVUJc3RlcF9kYXRhcQh9dXMu\n	2013-08-13 23:36:01.524798+00
1d4139759113f139f19d8080b1bb6601	ZGE1Yzk2NWVmNmZkMGEyOWE5M2E1ZjA4OTYwYWIxMzcyNDBiOGUxMDqAAn1xAVUad2l6YXJkX3R1\ndG9yX3NpZ251cF93aXphcmRxAn1xAyhVCnN0ZXBfZmlsZXNxBH1VBHN0ZXBxBVgFAAAAc3RlcDFx\nBlUKZXh0cmFfZGF0YXEHfVUJc3RlcF9kYXRhcQh9dXMu\n	2013-08-13 23:41:25.102843+00
fad0aae5dcc8d335bf6fbd4b0c052e00	ZGE1Yzk2NWVmNmZkMGEyOWE5M2E1ZjA4OTYwYWIxMzcyNDBiOGUxMDqAAn1xAVUad2l6YXJkX3R1\ndG9yX3NpZ251cF93aXphcmRxAn1xAyhVCnN0ZXBfZmlsZXNxBH1VBHN0ZXBxBVgFAAAAc3RlcDFx\nBlUKZXh0cmFfZGF0YXEHfVUJc3RlcF9kYXRhcQh9dXMu\n	2013-08-13 23:41:45.028801+00
1b62f37b0751872cde85d55c9dc5968e	ZGE1Yzk2NWVmNmZkMGEyOWE5M2E1ZjA4OTYwYWIxMzcyNDBiOGUxMDqAAn1xAVUad2l6YXJkX3R1\ndG9yX3NpZ251cF93aXphcmRxAn1xAyhVCnN0ZXBfZmlsZXNxBH1VBHN0ZXBxBVgFAAAAc3RlcDFx\nBlUKZXh0cmFfZGF0YXEHfVUJc3RlcF9kYXRhcQh9dXMu\n	2013-08-13 23:48:43.926432+00
285f3423cbca09ecb22d4e84b846750e	ZGE1Yzk2NWVmNmZkMGEyOWE5M2E1ZjA4OTYwYWIxMzcyNDBiOGUxMDqAAn1xAVUad2l6YXJkX3R1\ndG9yX3NpZ251cF93aXphcmRxAn1xAyhVCnN0ZXBfZmlsZXNxBH1VBHN0ZXBxBVgFAAAAc3RlcDFx\nBlUKZXh0cmFfZGF0YXEHfVUJc3RlcF9kYXRhcQh9dXMu\n	2013-08-13 23:51:18.640867+00
b16e14ebc2f350cc885eab4e505c60f6	ZGE1Yzk2NWVmNmZkMGEyOWE5M2E1ZjA4OTYwYWIxMzcyNDBiOGUxMDqAAn1xAVUad2l6YXJkX3R1\ndG9yX3NpZ251cF93aXphcmRxAn1xAyhVCnN0ZXBfZmlsZXNxBH1VBHN0ZXBxBVgFAAAAc3RlcDFx\nBlUKZXh0cmFfZGF0YXEHfVUJc3RlcF9kYXRhcQh9dXMu\n	2013-08-13 23:51:34.115486+00
a7c84090d7c3f3fa023b9a49a4af4e98	ZGE1Yzk2NWVmNmZkMGEyOWE5M2E1ZjA4OTYwYWIxMzcyNDBiOGUxMDqAAn1xAVUad2l6YXJkX3R1\ndG9yX3NpZ251cF93aXphcmRxAn1xAyhVCnN0ZXBfZmlsZXNxBH1VBHN0ZXBxBVgFAAAAc3RlcDFx\nBlUKZXh0cmFfZGF0YXEHfVUJc3RlcF9kYXRhcQh9dXMu\n	2013-08-13 23:53:42.400096+00
14fc82d840053dcd87b9eb465fe73de2	ZGE1Yzk2NWVmNmZkMGEyOWE5M2E1ZjA4OTYwYWIxMzcyNDBiOGUxMDqAAn1xAVUad2l6YXJkX3R1\ndG9yX3NpZ251cF93aXphcmRxAn1xAyhVCnN0ZXBfZmlsZXNxBH1VBHN0ZXBxBVgFAAAAc3RlcDFx\nBlUKZXh0cmFfZGF0YXEHfVUJc3RlcF9kYXRhcQh9dXMu\n	2013-08-13 23:58:37.362987+00
b63504422ad31f9a3be98af1dfd7ece2	ZGE1Yzk2NWVmNmZkMGEyOWE5M2E1ZjA4OTYwYWIxMzcyNDBiOGUxMDqAAn1xAVUad2l6YXJkX3R1\ndG9yX3NpZ251cF93aXphcmRxAn1xAyhVCnN0ZXBfZmlsZXNxBH1VBHN0ZXBxBVgFAAAAc3RlcDFx\nBlUKZXh0cmFfZGF0YXEHfVUJc3RlcF9kYXRhcQh9dXMu\n	2013-08-13 19:47:50.376425+00
361f6c9153e0d3001921a15caa208a6b	ZGE1Yzk2NWVmNmZkMGEyOWE5M2E1ZjA4OTYwYWIxMzcyNDBiOGUxMDqAAn1xAVUad2l6YXJkX3R1\ndG9yX3NpZ251cF93aXphcmRxAn1xAyhVCnN0ZXBfZmlsZXNxBH1VBHN0ZXBxBVgFAAAAc3RlcDFx\nBlUKZXh0cmFfZGF0YXEHfVUJc3RlcF9kYXRhcQh9dXMu\n	2013-08-13 19:56:19.633987+00
f3bcee53a94de3a23e813d4935aedba4	YTFhYzhhZWEwZjM1NzdjNDQwYzEzYzZjZDUxMGM1NjZjMDYxMjExYTqAAn1xAVUad2l6YXJkX3R1\ndG9yX3NpZ251cF93aXphcmR9cQIoVQpzdGVwX2ZpbGVzcQN9VQRzdGVwcQRYBQAAAHN0ZXAxcQVV\nCmV4dHJhX2RhdGFxBn1VCXN0ZXBfZGF0YXEHfXVzLg==\n	2013-08-13 20:05:21.013956+00
7c83d7a6b8d80cd02533a852c7d6edb2	OTFhNGFhM2M4OGNmZjNhODEzZDg3ZmNlZGRjY2FmZjdjM2MwYTc3NDqAAn1xAShVGndpemFyZF90\ndXRvcl9zaWdudXBfd2l6YXJkfXECKFUKc3RlcF9maWxlc31VBHN0ZXBYBQAAAHN0ZXAxVQpleHRy\nYV9kYXRhfVUJc3RlcF9kYXRhfXVVEl9hdXRoX3VzZXJfYmFja2VuZHEDVTZhcHBzLmNvbW1vbi51\ndGlscy5iYWNrZW5kcy5DYXNlSW5zZW5zaXRpdmVNb2RlbEJhY2tlbmRxBFUNX2F1dGhfdXNlcl9p\nZHEFSwF1Lg==\n	2013-08-13 20:06:20.377949+00
26584cb4b4fe951efe6aff0284cf1550	ZGE1Yzk2NWVmNmZkMGEyOWE5M2E1ZjA4OTYwYWIxMzcyNDBiOGUxMDqAAn1xAVUad2l6YXJkX3R1\ndG9yX3NpZ251cF93aXphcmRxAn1xAyhVCnN0ZXBfZmlsZXNxBH1VBHN0ZXBxBVgFAAAAc3RlcDFx\nBlUKZXh0cmFfZGF0YXEHfVUJc3RlcF9kYXRhcQh9dXMu\n	2013-08-13 20:12:48.726298+00
bb3eb6b1f7442517989a83cb527b1898	YTFhYzhhZWEwZjM1NzdjNDQwYzEzYzZjZDUxMGM1NjZjMDYxMjExYTqAAn1xAVUad2l6YXJkX3R1\ndG9yX3NpZ251cF93aXphcmR9cQIoVQpzdGVwX2ZpbGVzcQN9VQRzdGVwcQRYBQAAAHN0ZXAxcQVV\nCmV4dHJhX2RhdGFxBn1VCXN0ZXBfZGF0YXEHfXVzLg==\n	2013-08-13 20:16:13.079694+00
8b7958af51533dee36d2dea4ff3f254b	ZGE1Yzk2NWVmNmZkMGEyOWE5M2E1ZjA4OTYwYWIxMzcyNDBiOGUxMDqAAn1xAVUad2l6YXJkX3R1\ndG9yX3NpZ251cF93aXphcmRxAn1xAyhVCnN0ZXBfZmlsZXNxBH1VBHN0ZXBxBVgFAAAAc3RlcDFx\nBlUKZXh0cmFfZGF0YXEHfVUJc3RlcF9kYXRhcQh9dXMu\n	2013-08-13 20:17:53.017233+00
6c91f3c9bf2e644bf36aba525ecdf0b8	ZGE1Yzk2NWVmNmZkMGEyOWE5M2E1ZjA4OTYwYWIxMzcyNDBiOGUxMDqAAn1xAVUad2l6YXJkX3R1\ndG9yX3NpZ251cF93aXphcmRxAn1xAyhVCnN0ZXBfZmlsZXNxBH1VBHN0ZXBxBVgFAAAAc3RlcDFx\nBlUKZXh0cmFfZGF0YXEHfVUJc3RlcF9kYXRhcQh9dXMu\n	2013-08-13 20:19:10.51668+00
615280f709047b9f5f6aed5de3746664	ZGE1Yzk2NWVmNmZkMGEyOWE5M2E1ZjA4OTYwYWIxMzcyNDBiOGUxMDqAAn1xAVUad2l6YXJkX3R1\ndG9yX3NpZ251cF93aXphcmRxAn1xAyhVCnN0ZXBfZmlsZXNxBH1VBHN0ZXBxBVgFAAAAc3RlcDFx\nBlUKZXh0cmFfZGF0YXEHfVUJc3RlcF9kYXRhcQh9dXMu\n	2013-08-13 20:20:05.358099+00
4a69745c6cbdd449b4fa463bf514bd15	ZGE1Yzk2NWVmNmZkMGEyOWE5M2E1ZjA4OTYwYWIxMzcyNDBiOGUxMDqAAn1xAVUad2l6YXJkX3R1\ndG9yX3NpZ251cF93aXphcmRxAn1xAyhVCnN0ZXBfZmlsZXNxBH1VBHN0ZXBxBVgFAAAAc3RlcDFx\nBlUKZXh0cmFfZGF0YXEHfVUJc3RlcF9kYXRhcQh9dXMu\n	2013-08-13 20:20:31.292484+00
538cd3cd57f638357b44a18bd38a0f7e	ZGE1Yzk2NWVmNmZkMGEyOWE5M2E1ZjA4OTYwYWIxMzcyNDBiOGUxMDqAAn1xAVUad2l6YXJkX3R1\ndG9yX3NpZ251cF93aXphcmRxAn1xAyhVCnN0ZXBfZmlsZXNxBH1VBHN0ZXBxBVgFAAAAc3RlcDFx\nBlUKZXh0cmFfZGF0YXEHfVUJc3RlcF9kYXRhcQh9dXMu\n	2013-08-13 20:35:21.910538+00
710b6e4eed69dcf1d7b314d31bf6a617	ZGE1Yzk2NWVmNmZkMGEyOWE5M2E1ZjA4OTYwYWIxMzcyNDBiOGUxMDqAAn1xAVUad2l6YXJkX3R1\ndG9yX3NpZ251cF93aXphcmRxAn1xAyhVCnN0ZXBfZmlsZXNxBH1VBHN0ZXBxBVgFAAAAc3RlcDFx\nBlUKZXh0cmFfZGF0YXEHfVUJc3RlcF9kYXRhcQh9dXMu\n	2013-08-13 20:35:23.625283+00
643363a3c2ad16c2bc297bf7ab5330d8	YTFhYzhhZWEwZjM1NzdjNDQwYzEzYzZjZDUxMGM1NjZjMDYxMjExYTqAAn1xAVUad2l6YXJkX3R1\ndG9yX3NpZ251cF93aXphcmR9cQIoVQpzdGVwX2ZpbGVzcQN9VQRzdGVwcQRYBQAAAHN0ZXAxcQVV\nCmV4dHJhX2RhdGFxBn1VCXN0ZXBfZGF0YXEHfXVzLg==\n	2013-08-13 20:40:50.647167+00
add877c55a798ee8ba4d19c261d2abcf	ZGE1Yzk2NWVmNmZkMGEyOWE5M2E1ZjA4OTYwYWIxMzcyNDBiOGUxMDqAAn1xAVUad2l6YXJkX3R1\ndG9yX3NpZ251cF93aXphcmRxAn1xAyhVCnN0ZXBfZmlsZXNxBH1VBHN0ZXBxBVgFAAAAc3RlcDFx\nBlUKZXh0cmFfZGF0YXEHfVUJc3RlcF9kYXRhcQh9dXMu\n	2013-08-13 20:43:11.96966+00
f8720c9f8feb6aa1bfb703b23e49d256	ZGE1Yzk2NWVmNmZkMGEyOWE5M2E1ZjA4OTYwYWIxMzcyNDBiOGUxMDqAAn1xAVUad2l6YXJkX3R1\ndG9yX3NpZ251cF93aXphcmRxAn1xAyhVCnN0ZXBfZmlsZXNxBH1VBHN0ZXBxBVgFAAAAc3RlcDFx\nBlUKZXh0cmFfZGF0YXEHfVUJc3RlcF9kYXRhcQh9dXMu\n	2013-08-13 20:52:35.412332+00
08cf89367982fb804fb427100432f839	YTFhYzhhZWEwZjM1NzdjNDQwYzEzYzZjZDUxMGM1NjZjMDYxMjExYTqAAn1xAVUad2l6YXJkX3R1\ndG9yX3NpZ251cF93aXphcmR9cQIoVQpzdGVwX2ZpbGVzcQN9VQRzdGVwcQRYBQAAAHN0ZXAxcQVV\nCmV4dHJhX2RhdGFxBn1VCXN0ZXBfZGF0YXEHfXVzLg==\n	2013-08-13 21:27:14.890678+00
82cdee465f7c24caa231733d13bca1af	ZGE1Yzk2NWVmNmZkMGEyOWE5M2E1ZjA4OTYwYWIxMzcyNDBiOGUxMDqAAn1xAVUad2l6YXJkX3R1\ndG9yX3NpZ251cF93aXphcmRxAn1xAyhVCnN0ZXBfZmlsZXNxBH1VBHN0ZXBxBVgFAAAAc3RlcDFx\nBlUKZXh0cmFfZGF0YXEHfVUJc3RlcF9kYXRhcQh9dXMu\n	2013-08-13 21:28:07.530161+00
3938678470653981d888942a001f8484	ZGE1Yzk2NWVmNmZkMGEyOWE5M2E1ZjA4OTYwYWIxMzcyNDBiOGUxMDqAAn1xAVUad2l6YXJkX3R1\ndG9yX3NpZ251cF93aXphcmRxAn1xAyhVCnN0ZXBfZmlsZXNxBH1VBHN0ZXBxBVgFAAAAc3RlcDFx\nBlUKZXh0cmFfZGF0YXEHfVUJc3RlcF9kYXRhcQh9dXMu\n	2013-08-13 21:29:46.849801+00
b7efc72db31bd9a7e9b99ab874ba87ad	ZGE1Yzk2NWVmNmZkMGEyOWE5M2E1ZjA4OTYwYWIxMzcyNDBiOGUxMDqAAn1xAVUad2l6YXJkX3R1\ndG9yX3NpZ251cF93aXphcmRxAn1xAyhVCnN0ZXBfZmlsZXNxBH1VBHN0ZXBxBVgFAAAAc3RlcDFx\nBlUKZXh0cmFfZGF0YXEHfVUJc3RlcF9kYXRhcQh9dXMu\n	2013-08-13 21:29:47.287965+00
7d53190a82d91345a4a738116b344296	ZGE1Yzk2NWVmNmZkMGEyOWE5M2E1ZjA4OTYwYWIxMzcyNDBiOGUxMDqAAn1xAVUad2l6YXJkX3R1\ndG9yX3NpZ251cF93aXphcmRxAn1xAyhVCnN0ZXBfZmlsZXNxBH1VBHN0ZXBxBVgFAAAAc3RlcDFx\nBlUKZXh0cmFfZGF0YXEHfVUJc3RlcF9kYXRhcQh9dXMu\n	2013-08-13 21:49:02.397765+00
b0ef40de5dbb5fabf886294a09bcc898	ZGE1Yzk2NWVmNmZkMGEyOWE5M2E1ZjA4OTYwYWIxMzcyNDBiOGUxMDqAAn1xAVUad2l6YXJkX3R1\ndG9yX3NpZ251cF93aXphcmRxAn1xAyhVCnN0ZXBfZmlsZXNxBH1VBHN0ZXBxBVgFAAAAc3RlcDFx\nBlUKZXh0cmFfZGF0YXEHfVUJc3RlcF9kYXRhcQh9dXMu\n	2013-08-13 21:49:26.500115+00
1ff63d36241b6cbabaef3482e3c68dfc	YTFhYzhhZWEwZjM1NzdjNDQwYzEzYzZjZDUxMGM1NjZjMDYxMjExYTqAAn1xAVUad2l6YXJkX3R1\ndG9yX3NpZ251cF93aXphcmR9cQIoVQpzdGVwX2ZpbGVzcQN9VQRzdGVwcQRYBQAAAHN0ZXAxcQVV\nCmV4dHJhX2RhdGFxBn1VCXN0ZXBfZGF0YXEHfXVzLg==\n	2013-08-13 22:13:43.095215+00
a307dd3e4fe8e5f561865c24ca4aa3a7	ZGE1Yzk2NWVmNmZkMGEyOWE5M2E1ZjA4OTYwYWIxMzcyNDBiOGUxMDqAAn1xAVUad2l6YXJkX3R1\ndG9yX3NpZ251cF93aXphcmRxAn1xAyhVCnN0ZXBfZmlsZXNxBH1VBHN0ZXBxBVgFAAAAc3RlcDFx\nBlUKZXh0cmFfZGF0YXEHfVUJc3RlcF9kYXRhcQh9dXMu\n	2013-08-13 22:16:49.823104+00
db16bec7041942e85f0698566e81661d	ZGE1Yzk2NWVmNmZkMGEyOWE5M2E1ZjA4OTYwYWIxMzcyNDBiOGUxMDqAAn1xAVUad2l6YXJkX3R1\ndG9yX3NpZ251cF93aXphcmRxAn1xAyhVCnN0ZXBfZmlsZXNxBH1VBHN0ZXBxBVgFAAAAc3RlcDFx\nBlUKZXh0cmFfZGF0YXEHfVUJc3RlcF9kYXRhcQh9dXMu\n	2013-08-13 22:17:08.532557+00
8024e8ad03ff10aab4da030da38dab32	ZGE1Yzk2NWVmNmZkMGEyOWE5M2E1ZjA4OTYwYWIxMzcyNDBiOGUxMDqAAn1xAVUad2l6YXJkX3R1\ndG9yX3NpZ251cF93aXphcmRxAn1xAyhVCnN0ZXBfZmlsZXNxBH1VBHN0ZXBxBVgFAAAAc3RlcDFx\nBlUKZXh0cmFfZGF0YXEHfVUJc3RlcF9kYXRhcQh9dXMu\n	2013-08-13 22:19:17.793098+00
2c89d5f5e8952ead1af91c6f5e944375	ZGE1Yzk2NWVmNmZkMGEyOWE5M2E1ZjA4OTYwYWIxMzcyNDBiOGUxMDqAAn1xAVUad2l6YXJkX3R1\ndG9yX3NpZ251cF93aXphcmRxAn1xAyhVCnN0ZXBfZmlsZXNxBH1VBHN0ZXBxBVgFAAAAc3RlcDFx\nBlUKZXh0cmFfZGF0YXEHfVUJc3RlcF9kYXRhcQh9dXMu\n	2013-08-13 22:28:07.120295+00
87b7a9a6a1ba014539629ff5a5e042d3	YWViYjZmZDMzOGI4MjI5YWNlNWJiNDVkN2FjMjM0MmViNjczNDM5YjqAAn1xAShVGndpemFyZF90\ndXRvcl9zaWdudXBfd2l6YXJkfXECKFUKc3RlcF9maWxlc31VBHN0ZXBYBQAAAHN0ZXAxVQpleHRy\nYV9kYXRhfVUJc3RlcF9kYXRhfXVVEl9hdXRoX3VzZXJfYmFja2VuZHEDVSlkamFuZ28uY29udHJp\nYi5hdXRoLmJhY2tlbmRzLk1vZGVsQmFja2VuZHEEVQ1fYXV0aF91c2VyX2lkcQVLQ3Uu\n	2013-08-13 22:48:19.454869+00
d2babdb629e75776f082834b05680c44	ZGE1Yzk2NWVmNmZkMGEyOWE5M2E1ZjA4OTYwYWIxMzcyNDBiOGUxMDqAAn1xAVUad2l6YXJkX3R1\ndG9yX3NpZ251cF93aXphcmRxAn1xAyhVCnN0ZXBfZmlsZXNxBH1VBHN0ZXBxBVgFAAAAc3RlcDFx\nBlUKZXh0cmFfZGF0YXEHfVUJc3RlcF9kYXRhcQh9dXMu\n	2013-08-13 22:59:59.225115+00
6c0b69a4c7a886df683bedf86156e3c0	ZGE1Yzk2NWVmNmZkMGEyOWE5M2E1ZjA4OTYwYWIxMzcyNDBiOGUxMDqAAn1xAVUad2l6YXJkX3R1\ndG9yX3NpZ251cF93aXphcmRxAn1xAyhVCnN0ZXBfZmlsZXNxBH1VBHN0ZXBxBVgFAAAAc3RlcDFx\nBlUKZXh0cmFfZGF0YXEHfVUJc3RlcF9kYXRhcQh9dXMu\n	2013-08-14 00:02:53.074802+00
c171479a43fb32ce32b23dcf9f7ae846	ZGE1Yzk2NWVmNmZkMGEyOWE5M2E1ZjA4OTYwYWIxMzcyNDBiOGUxMDqAAn1xAVUad2l6YXJkX3R1\ndG9yX3NpZ251cF93aXphcmRxAn1xAyhVCnN0ZXBfZmlsZXNxBH1VBHN0ZXBxBVgFAAAAc3RlcDFx\nBlUKZXh0cmFfZGF0YXEHfVUJc3RlcF9kYXRhcQh9dXMu\n	2013-08-14 00:05:11.477861+00
c6e61611a4d57b9486ed6a4ef3ab4e43	ZGE1Yzk2NWVmNmZkMGEyOWE5M2E1ZjA4OTYwYWIxMzcyNDBiOGUxMDqAAn1xAVUad2l6YXJkX3R1\ndG9yX3NpZ251cF93aXphcmRxAn1xAyhVCnN0ZXBfZmlsZXNxBH1VBHN0ZXBxBVgFAAAAc3RlcDFx\nBlUKZXh0cmFfZGF0YXEHfVUJc3RlcF9kYXRhcQh9dXMu\n	2013-08-14 00:07:34.690643+00
f63cb9bc2fec77361a84aeba23338dc5	ZGE1Yzk2NWVmNmZkMGEyOWE5M2E1ZjA4OTYwYWIxMzcyNDBiOGUxMDqAAn1xAVUad2l6YXJkX3R1\ndG9yX3NpZ251cF93aXphcmRxAn1xAyhVCnN0ZXBfZmlsZXNxBH1VBHN0ZXBxBVgFAAAAc3RlcDFx\nBlUKZXh0cmFfZGF0YXEHfVUJc3RlcF9kYXRhcQh9dXMu\n	2013-08-14 00:20:08.713516+00
28647a44613e1a6a9be21fce8bd36418	ZGE1Yzk2NWVmNmZkMGEyOWE5M2E1ZjA4OTYwYWIxMzcyNDBiOGUxMDqAAn1xAVUad2l6YXJkX3R1\ndG9yX3NpZ251cF93aXphcmRxAn1xAyhVCnN0ZXBfZmlsZXNxBH1VBHN0ZXBxBVgFAAAAc3RlcDFx\nBlUKZXh0cmFfZGF0YXEHfVUJc3RlcF9kYXRhcQh9dXMu\n	2013-08-14 00:33:54.30968+00
72dd97dfdce8ea1e31d6365171e1e177	ZGE1Yzk2NWVmNmZkMGEyOWE5M2E1ZjA4OTYwYWIxMzcyNDBiOGUxMDqAAn1xAVUad2l6YXJkX3R1\ndG9yX3NpZ251cF93aXphcmRxAn1xAyhVCnN0ZXBfZmlsZXNxBH1VBHN0ZXBxBVgFAAAAc3RlcDFx\nBlUKZXh0cmFfZGF0YXEHfVUJc3RlcF9kYXRhcQh9dXMu\n	2013-08-14 00:35:49.962176+00
0974203dc1c1d54cf8a772c757a58f40	ZGE1Yzk2NWVmNmZkMGEyOWE5M2E1ZjA4OTYwYWIxMzcyNDBiOGUxMDqAAn1xAVUad2l6YXJkX3R1\ndG9yX3NpZ251cF93aXphcmRxAn1xAyhVCnN0ZXBfZmlsZXNxBH1VBHN0ZXBxBVgFAAAAc3RlcDFx\nBlUKZXh0cmFfZGF0YXEHfVUJc3RlcF9kYXRhcQh9dXMu\n	2013-08-14 00:40:48.413404+00
a14795081fe05e57b57fa69a00b2d66e	ZGE1Yzk2NWVmNmZkMGEyOWE5M2E1ZjA4OTYwYWIxMzcyNDBiOGUxMDqAAn1xAVUad2l6YXJkX3R1\ndG9yX3NpZ251cF93aXphcmRxAn1xAyhVCnN0ZXBfZmlsZXNxBH1VBHN0ZXBxBVgFAAAAc3RlcDFx\nBlUKZXh0cmFfZGF0YXEHfVUJc3RlcF9kYXRhcQh9dXMu\n	2013-08-14 01:01:06.941584+00
c32f519172295c2ac2e40c6c2a8455aa	ZGE1Yzk2NWVmNmZkMGEyOWE5M2E1ZjA4OTYwYWIxMzcyNDBiOGUxMDqAAn1xAVUad2l6YXJkX3R1\ndG9yX3NpZ251cF93aXphcmRxAn1xAyhVCnN0ZXBfZmlsZXNxBH1VBHN0ZXBxBVgFAAAAc3RlcDFx\nBlUKZXh0cmFfZGF0YXEHfVUJc3RlcF9kYXRhcQh9dXMu\n	2013-08-14 01:09:17.538825+00
4e0da40ae1ba8e9df8675545bb031113	ZGE1Yzk2NWVmNmZkMGEyOWE5M2E1ZjA4OTYwYWIxMzcyNDBiOGUxMDqAAn1xAVUad2l6YXJkX3R1\ndG9yX3NpZ251cF93aXphcmRxAn1xAyhVCnN0ZXBfZmlsZXNxBH1VBHN0ZXBxBVgFAAAAc3RlcDFx\nBlUKZXh0cmFfZGF0YXEHfVUJc3RlcF9kYXRhcQh9dXMu\n	2013-08-14 01:16:08.891494+00
06e5a2d24401e6e516cf83985e43257b	YTFhYzhhZWEwZjM1NzdjNDQwYzEzYzZjZDUxMGM1NjZjMDYxMjExYTqAAn1xAVUad2l6YXJkX3R1\ndG9yX3NpZ251cF93aXphcmR9cQIoVQpzdGVwX2ZpbGVzcQN9VQRzdGVwcQRYBQAAAHN0ZXAxcQVV\nCmV4dHJhX2RhdGFxBn1VCXN0ZXBfZGF0YXEHfXVzLg==\n	2013-08-14 01:29:52.146778+00
61371f23db54ba99667771d70592ffda	YTFhYzhhZWEwZjM1NzdjNDQwYzEzYzZjZDUxMGM1NjZjMDYxMjExYTqAAn1xAVUad2l6YXJkX3R1\ndG9yX3NpZ251cF93aXphcmR9cQIoVQpzdGVwX2ZpbGVzcQN9VQRzdGVwcQRYBQAAAHN0ZXAxcQVV\nCmV4dHJhX2RhdGFxBn1VCXN0ZXBfZGF0YXEHfXVzLg==\n	2013-08-14 01:50:47.424325+00
17520afd86e6e63ee76cba5065132688	ZGE1Yzk2NWVmNmZkMGEyOWE5M2E1ZjA4OTYwYWIxMzcyNDBiOGUxMDqAAn1xAVUad2l6YXJkX3R1\ndG9yX3NpZ251cF93aXphcmRxAn1xAyhVCnN0ZXBfZmlsZXNxBH1VBHN0ZXBxBVgFAAAAc3RlcDFx\nBlUKZXh0cmFfZGF0YXEHfVUJc3RlcF9kYXRhcQh9dXMu\n	2013-08-14 01:56:51.176425+00
d16622bde4b2bd5a6bac878fba6810dc	ZGE1Yzk2NWVmNmZkMGEyOWE5M2E1ZjA4OTYwYWIxMzcyNDBiOGUxMDqAAn1xAVUad2l6YXJkX3R1\ndG9yX3NpZ251cF93aXphcmRxAn1xAyhVCnN0ZXBfZmlsZXNxBH1VBHN0ZXBxBVgFAAAAc3RlcDFx\nBlUKZXh0cmFfZGF0YXEHfVUJc3RlcF9kYXRhcQh9dXMu\n	2013-08-14 01:57:42.437816+00
ed16a62b9e3ad1a51195506ff17581b8	YTE2YTgzNmU0OTUyNDlkNjUzNTY1YmJjNGVhMGRjOTVkMjMxNjZjZDqAAn1xAVUad2l6YXJkX3R1\ndG9yX3NpZ251cF93aXphcmR9cQIoVQpzdGVwX2ZpbGVzfXEDWAUAAABzdGVwMXEEfXNVBHN0ZXBY\nBQAAAHN0ZXAycQVVCmV4dHJhX2RhdGF9VQlzdGVwX2RhdGF9cQZoBH1xByhYCQAAAHBhc3N3b3Jk\nMV1xCFgIAAAAZ2VzaGVyMTBxCWFYCgAAAGZpcnN0X25hbWVdcQpYAwAAAERvdnELYVgJAAAAbGFz\ndF9uYW1lXXEMWAUAAABTdGVybnENYVggAAAAdHV0b3Jfc2lnbnVwX3dpemFyZC1jdXJyZW50X3N0\nZXBdcQ5YBQAAAHN0ZXAxcQ9hWBMAAABjc3JmbWlkZGxld2FyZXRva2VuXXEQWCAAAAA3SVN4ck5S\nR3QzeWp3TW9aV2l4ZmM0dzJnMzdVNnpsQ3ERYVgFAAAAZW1haWxdcRJYFwAAAGRvdnN0ZXJuQHNl\nYXMudXBlbm4uZWR1cRNhdXN1cy4=\n	2013-08-14 02:14:51.736471+00
465375a7823aaacd75324d9cb92c1a9f	ZGE1Yzk2NWVmNmZkMGEyOWE5M2E1ZjA4OTYwYWIxMzcyNDBiOGUxMDqAAn1xAVUad2l6YXJkX3R1\ndG9yX3NpZ251cF93aXphcmRxAn1xAyhVCnN0ZXBfZmlsZXNxBH1VBHN0ZXBxBVgFAAAAc3RlcDFx\nBlUKZXh0cmFfZGF0YXEHfVUJc3RlcF9kYXRhcQh9dXMu\n	2013-08-14 02:18:54.140217+00
da50219fb9ace3bf434a5f4dc1d35897	ZGE1Yzk2NWVmNmZkMGEyOWE5M2E1ZjA4OTYwYWIxMzcyNDBiOGUxMDqAAn1xAVUad2l6YXJkX3R1\ndG9yX3NpZ251cF93aXphcmRxAn1xAyhVCnN0ZXBfZmlsZXNxBH1VBHN0ZXBxBVgFAAAAc3RlcDFx\nBlUKZXh0cmFfZGF0YXEHfVUJc3RlcF9kYXRhcQh9dXMu\n	2013-08-14 02:20:36.929521+00
95e5801e4301a45adcf596c993a9232c	ZGE1Yzk2NWVmNmZkMGEyOWE5M2E1ZjA4OTYwYWIxMzcyNDBiOGUxMDqAAn1xAVUad2l6YXJkX3R1\ndG9yX3NpZ251cF93aXphcmRxAn1xAyhVCnN0ZXBfZmlsZXNxBH1VBHN0ZXBxBVgFAAAAc3RlcDFx\nBlUKZXh0cmFfZGF0YXEHfVUJc3RlcF9kYXRhcQh9dXMu\n	2013-08-14 02:25:06.163149+00
d9d07c13da3492bdce522c0730c26b19	ZGE1Yzk2NWVmNmZkMGEyOWE5M2E1ZjA4OTYwYWIxMzcyNDBiOGUxMDqAAn1xAVUad2l6YXJkX3R1\ndG9yX3NpZ251cF93aXphcmRxAn1xAyhVCnN0ZXBfZmlsZXNxBH1VBHN0ZXBxBVgFAAAAc3RlcDFx\nBlUKZXh0cmFfZGF0YXEHfVUJc3RlcF9kYXRhcQh9dXMu\n	2013-08-14 02:28:01.406076+00
b441359e5213ec371eb0e9c50b193f11	ZGE1Yzk2NWVmNmZkMGEyOWE5M2E1ZjA4OTYwYWIxMzcyNDBiOGUxMDqAAn1xAVUad2l6YXJkX3R1\ndG9yX3NpZ251cF93aXphcmRxAn1xAyhVCnN0ZXBfZmlsZXNxBH1VBHN0ZXBxBVgFAAAAc3RlcDFx\nBlUKZXh0cmFfZGF0YXEHfVUJc3RlcF9kYXRhcQh9dXMu\n	2013-08-14 02:41:45.604822+00
acb4f5c23d8df610467fa4d96d309d3a	ZGE1Yzk2NWVmNmZkMGEyOWE5M2E1ZjA4OTYwYWIxMzcyNDBiOGUxMDqAAn1xAVUad2l6YXJkX3R1\ndG9yX3NpZ251cF93aXphcmRxAn1xAyhVCnN0ZXBfZmlsZXNxBH1VBHN0ZXBxBVgFAAAAc3RlcDFx\nBlUKZXh0cmFfZGF0YXEHfVUJc3RlcF9kYXRhcQh9dXMu\n	2013-08-14 02:52:48.500116+00
74171f4e35273b21a9b9dc237b0b9afb	ZGE1Yzk2NWVmNmZkMGEyOWE5M2E1ZjA4OTYwYWIxMzcyNDBiOGUxMDqAAn1xAVUad2l6YXJkX3R1\ndG9yX3NpZ251cF93aXphcmRxAn1xAyhVCnN0ZXBfZmlsZXNxBH1VBHN0ZXBxBVgFAAAAc3RlcDFx\nBlUKZXh0cmFfZGF0YXEHfVUJc3RlcF9kYXRhcQh9dXMu\n	2013-08-14 02:59:17.968526+00
098c970b219c785bb4cef4bb26cc372a	ZGE1Yzk2NWVmNmZkMGEyOWE5M2E1ZjA4OTYwYWIxMzcyNDBiOGUxMDqAAn1xAVUad2l6YXJkX3R1\ndG9yX3NpZ251cF93aXphcmRxAn1xAyhVCnN0ZXBfZmlsZXNxBH1VBHN0ZXBxBVgFAAAAc3RlcDFx\nBlUKZXh0cmFfZGF0YXEHfVUJc3RlcF9kYXRhcQh9dXMu\n	2013-08-14 03:01:27.793929+00
95f7acab361e13f9377ca1b0e4746d1f	ZGE1Yzk2NWVmNmZkMGEyOWE5M2E1ZjA4OTYwYWIxMzcyNDBiOGUxMDqAAn1xAVUad2l6YXJkX3R1\ndG9yX3NpZ251cF93aXphcmRxAn1xAyhVCnN0ZXBfZmlsZXNxBH1VBHN0ZXBxBVgFAAAAc3RlcDFx\nBlUKZXh0cmFfZGF0YXEHfVUJc3RlcF9kYXRhcQh9dXMu\n	2013-08-14 03:01:57.315402+00
7a55431af33472e05e0e05011cbc0883	ZGE1Yzk2NWVmNmZkMGEyOWE5M2E1ZjA4OTYwYWIxMzcyNDBiOGUxMDqAAn1xAVUad2l6YXJkX3R1\ndG9yX3NpZ251cF93aXphcmRxAn1xAyhVCnN0ZXBfZmlsZXNxBH1VBHN0ZXBxBVgFAAAAc3RlcDFx\nBlUKZXh0cmFfZGF0YXEHfVUJc3RlcF9kYXRhcQh9dXMu\n	2013-08-14 03:03:44.032674+00
843dd12bf5d296d0db3d6b36609cb6fd	ZGE1Yzk2NWVmNmZkMGEyOWE5M2E1ZjA4OTYwYWIxMzcyNDBiOGUxMDqAAn1xAVUad2l6YXJkX3R1\ndG9yX3NpZ251cF93aXphcmRxAn1xAyhVCnN0ZXBfZmlsZXNxBH1VBHN0ZXBxBVgFAAAAc3RlcDFx\nBlUKZXh0cmFfZGF0YXEHfVUJc3RlcF9kYXRhcQh9dXMu\n	2013-08-14 03:28:57.161717+00
59949e92359eaf4b73d90b9223f388a0	ZGE1Yzk2NWVmNmZkMGEyOWE5M2E1ZjA4OTYwYWIxMzcyNDBiOGUxMDqAAn1xAVUad2l6YXJkX3R1\ndG9yX3NpZ251cF93aXphcmRxAn1xAyhVCnN0ZXBfZmlsZXNxBH1VBHN0ZXBxBVgFAAAAc3RlcDFx\nBlUKZXh0cmFfZGF0YXEHfVUJc3RlcF9kYXRhcQh9dXMu\n	2013-08-14 03:39:04.380802+00
99a9e40f4836750915d57c1576f3a76a	ZGE1Yzk2NWVmNmZkMGEyOWE5M2E1ZjA4OTYwYWIxMzcyNDBiOGUxMDqAAn1xAVUad2l6YXJkX3R1\ndG9yX3NpZ251cF93aXphcmRxAn1xAyhVCnN0ZXBfZmlsZXNxBH1VBHN0ZXBxBVgFAAAAc3RlcDFx\nBlUKZXh0cmFfZGF0YXEHfVUJc3RlcF9kYXRhcQh9dXMu\n	2013-08-14 03:45:32.360181+00
\.


--
-- Data for Name: django_site; Type: TABLE DATA; Schema: public; Owner: -
--

COPY django_site (id, domain, name) FROM stdin;
1	universaltutors.com	Universal Tutors
2	staging.wizoku.com	staging.wizoku
3	wizoku.com	wizoku
\.


--
-- Data for Name: emailconfirmation_emailaddress; Type: TABLE DATA; Schema: public; Owner: -
--

COPY emailconfirmation_emailaddress (id, user_id, email, verified, "primary") FROM stdin;
137	144	AlvesAA@gmail.com	t	t
108	113	mphobrown@gmail.com	t	t
239	247	nicollelee1@gmail.com	f	f
62	67	nick@universaltutors.com	t	t
63	68	testing@rawjam.co.uk	f	f
64	69	trix41296@yahoo.con	f	f
65	70	josephdobbs92@gmail.com	t	t
66	71	danielagalarte@gmail.com	t	t
67	72	harriet.armston-clarke@cantab.net	f	f
164	171	joe.wu@nyu.edu	t	t
69	74	marthashacolas@hotmail.com	t	t
70	75	jthulin@comcast.net	f	f
71	76	Chocshl@gmail.com	t	t
74	79	sunnyjasmine2@gmail.com	f	f
138	145	Maryw37@gmail.com	f	f
73	78	kyoko.taylor@leoburnett.co.uk	t	t
117	123	vpham14@gsb.columbia.edu	t	t
75	80	sukhjeet.kalsi@gmail.com	t	t
118	124	t.bridges48@yahoo.com	f	f
78	83	scarl814@gmail.com	t	t
79	84	msakrani@gmail.com	t	t
80	85	cara.stoffel@marsh.com	f	f
81	86	abhpdk@gmail.com	f	f
123	129	alexandergallan@gmail.com	t	t
82	87	siri.kurada@gmail.com	t	t
119	125	mk3055@columbia.edu	t	t
120	126	tnd2111@columbia.edu	f	f
83	88	emizrahi14@gsb.columbia.edu	t	t
84	89	kkline14@gsb.columbia.edu	t	t
85	90	ldecrespigny14@gsb.columbia.edu	t	t
86	91	emizrahi85@gmail.com	f	f
121	127	pcrosby14@gsb.columbia.edu	t	t
87	92	abdieldoug@gmail.com	t	t
89	94	efisher14@gsb.columbia.edu	t	t
88	93	amelecki@gmail.com	t	t
90	95	bgitler@gmail.com	t	t
139	146	agallan@bu.edu	t	t
91	96	scouch14@gsb.columbia.edu	t	t
92	97	jdwork14@gsb.columbia.edu	f	f
93	98	JLafille14@gsb.coulmbia.edu	f	f
94	99	shantala.menon@gmail.com	t	t
95	100	yasmeen.jawhar@gmail.com	f	f
124	130	tiernane@gmail.com	t	t
97	102	LEVMARPLES@GMAIL.COM	f	f
98	103	lucymarples3@hotmail.com	f	f
96	101	yu.denise.d@gmail.com	t	t
99	104	xuxiao2695@gmail.com	f	f
100	105	roweenayip@gmail.com	f	f
101	106	dsmesquire@gmail.com	f	f
102	107	dsm2163@tc.columbia.edu	f	f
104	109	seturney11@gmail.com	f	f
105	110	kgeringer@gmail.com	t	t
125	131	anujpethia@gmail.com	f	f
106	111	uzudeh@gmail.com	t	t
107	112	mtj2113@columbia.edu	f	f
140	147	juliatartaglia@gmail.com	t	t
103	108	ml3427@columbia.edu	t	t
122	128	whoshoo@gmail.com	t	t
127	134	jst2142@columbia.edu	t	t
128	135	diana.hochner@tc.edu	t	t
126	133	liamhession@gmail.com	t	t
142	149	periwynkle@gmail.com	t	t
179	186	mboswell13@gsb.columbia.edu	t	t
130	137	j.raylesberg@gmail.com	t	t
143	150	kjh2146@columbia.edu	t	t
131	138	teganmcdonough@gmail.com	t	t
132	139	jonas@gmail.com	f	f
133	140	anuraga83@gmail.com	t	t
155	162	yz2397@tc.columbia.edu	t	t
156	163	etygfn@gmail.com	f	f
144	151	msjadele@gmail.com	t	t
134	141	bechandmarleyevans@gmail.com	t	t
157	164	greenawaym@hotmail.com	f	f
135	142	mg5344a@student.american.edu	t	t
136	143	dman14@gsb.columbia.edu	f	f
129	136	allison.conover@gmail.com	t	t
145	152	wasatyugi@hotmail.com	t	t
165	172	ddeegs@gmail.com	t	t
146	153	safoora.biglari@gmail.com	t	t
147	154	hooman10@gmail.com	f	f
148	155	Charlie@single-market.co.uk	f	f
150	157	hansonsj@mcmaster.ca	f	f
158	165	zachs@zachspong.com	t	t
151	158	cameron.fegers@gmail.com	t	t
141	148	HCWrightUP@gmail.com	t	t
159	166	amin.e.fernandez@gmail.com	t	t
171	178	jptattan@hotmail.com	t	t
152	159	kyle.portnoy@chicagobooth.edu	t	t
160	167	mph.designs@gmail.com	t	t
153	160	cshivam08@gmail.com	t	t
161	168	twildfire@ymail.com	f	f
166	173	nathalie.ormazabal@gmail.com	t	t
162	169	melmed@gmail.com	t	t
172	179	info@universaltutors.com	f	f
163	170	ajmontgo@gmail.com	t	t
167	174	cblivaiss@gmail.com	t	t
168	175	shahin.iraninejad12@imperial.ac.uk	t	t
169	176	nam88pnyc@gmail.com	f	f
176	183	qw334@nyu.edu	t	t
170	177	oi2128@columbia.edu	t	t
174	181	rossfion@netscape.net	t	t
180	187	zorg_9@yahoo.com	f	f
175	182	p.brougham@gmail.com	t	t
177	184	shehnazkhan26@yahoo.com	t	t
173	180	dlondongc@gmail.com	t	t
178	185	sayiras@gmail.com	f	f
181	188	dsasad@gmail.com	f	f
182	189	carmen.krol@gmail.com	t	t
183	190	dehydys@gmail.com	t	t
184	191	sandyyt@gmail.com	t	t
186	193	jared.smith12@imperial.ac.uk	t	t
185	192	parekh.sweta@gmail.com	t	t
154	161	bashir783@gmail.com	t	t
187	194	africanbeauty@carolina.net	t	t
189	196	larafdd@gmail.com	t	t
190	197	saiphp79@gmail.com	t	t
191	198	cistone@alumni.princeton.edu	t	t
192	199	sheoran.rk@gmail.com	t	t
193	200	smpeter@umich.edu	t	t
196	203	zhengkaw@gmail.com	f	f
194	201	deannatroupebiz@gmail.com	t	t
233	241	dsid99@gmail.com	t	t
197	204	juliatartaglia+student@gmail.com	t	t
198	205	rebeccaburkett@gmail.com	f	f
199	206	raa2165@columbia.edu	t	t
200	207	smb2236@tc.columbia.edu	f	f
201	208	dfl238@nyu.edu	t	t
240	248	alonslotky@gmail.com	t	t
202	209	christina.vinces@gmail.com	t	t
203	210	Amars@hotmail.com	f	f
241	249	eran@universaltutors.com	f	f
204	211	jenche2012@gmail.com	t	t
205	212	coleidiamond@yahoo.com	f	f
188	195	Priyaveena@utexas.edu	t	t
207	214	abbas_bmm@gmail.com	f	f
209	216	evanpatricklewis@gmail.com	f	f
242	250	Lauren_becker@wsu.edu	t	t
208	215	andrew.rains@gmail.com	t	t
206	213	stacealleyne@gmail.com	t	t
243	251	dsid89@gmail.com	f	f
211	218	sengupta.kajal@gmail.com	t	t
210	217	teachageek@gmail.com	t	t
244	252	jvanderhooplee@gmail.com	t	t
212	219	k.rajabhishek@gmail.com	t	t
245	253	kayle_noffsinger@yahoo.com	f	f
213	220	raj.sliet@gmail.com	t	t
214	221	sinead33@hotmail.com	f	f
246	254	eran@wizoku.com	f	f
247	255	joseph@wizoku.com	f	f
248	256	transferdy@gmail.com	f	f
215	222	lynftc1@yahoo.com	t	t
216	223	seemajindal26@gmail.com	t	t
219	226	uary.mijares@gmail.com	f	f
217	224	conan_sinichi11@yahoo.com	t	t
218	225	wharie_ahthor@yahoo.com	t	t
220	227	itzrao@in.com	f	f
221	228	christina1986@forum.dk	f	f
222	230	roberta_lungu@yahoo.com	t	t
223	231	jry2112@columbia.edu	f	f
224	232	TheLanguageProfessor5@yahoo.com	t	t
250	258	lady.and.scholar@gmail.com	t	t
249	257	camdeninstitute@gmail.com	t	t
226	234	erika_montoya@yahoo.es	t	t
227	235	qirenyifan@gmail.com	t	t
251	259	mgavaudan@hotmail.com	t	t
252	260	tarmendi@bellsouth.net	f	f
225	233	psnv98850@gmail.com	t	t
253	261	alon@wizoku.com	f	f
228	236	vinitavi26@gmail.com	t	t
229	237	raymondmdong@yahoo.com	f	f
230	238	enligneonline@gmail.com	t	t
231	239	nssingla@gmail.com	f	f
255	263	nick@wizoku.com	f	f
232	240	suhangdageek@gmail.com	t	t
235	243	sd2758@columbia.edu	t	t
256	264	mak616@nyu.edu	f	f
234	242	contact@telefrench.com	t	t
257	265	jvl2113@columbia.edu	f	f
236	244	cdiamond111@gmail.com	f	f
258	266	mail@gmail.com	f	f
237	245	laura0papi@gmail.com	t	t
259	267	asfasasasdsfa@gmail.coma	f	f
238	246	d.wittwer@me.com	t	t
260	268	alonslotky@yahoo.com	f	f
261	269	info@wizoku.com	t	t
262	270	brk2108@columbia.edu	t	t
263	271	aaron@wisdom.ly	t	t
264	272	asdasds@gmail.com	f	f
265	273	clt2142@columbia.edu	t	t
266	274	wizokurecruits@gmail.com	t	t
267	275	ankitshah96@yahoo.com	f	f
268	276	vs2415@columbia.edu	t	t
269	277	nr2443@columbia.edu	t	t
270	278	dsj2114@columbia.edu	t	t
271	279	alex@alexmentors.com	t	t
\.


--
-- Data for Name: emailconfirmation_emailconfirmation; Type: TABLE DATA; Schema: public; Owner: -
--

COPY emailconfirmation_emailconfirmation (id, email_address_id, sent, confirmation_key) FROM stdin;
62	62	2012-08-10 17:04:00.057708+00	7fd51a7d8a7538e66486fa466a5391ff56d667ad
63	63	2012-08-13 08:22:20.833921+00	94cf4387a0abd43de975be7ff8795e3df65188ef
64	64	2012-08-15 19:36:29.003377+00	e5854d9c5c3da0a92976657fde188db6d9cda8bd
65	65	2012-08-19 10:57:47.871869+00	72792476bc253c0f877157c510ae040f91adc7c6
66	66	2012-08-19 23:47:50.469167+00	988e4cb7c34e15bc35dcb8742015fb43cd7795da
67	67	2012-08-22 15:49:53.428006+00	57e13148fdb183972cf1802cf92bd21fa75348be
69	69	2012-08-30 17:44:50.33395+00	3b06def1ab63a3700fd7631ba1b302cf503b9045
70	70	2012-09-03 16:36:45.572161+00	7642c8ecd9ca2680214483a5b0bd2fda7eb184c4
71	71	2012-09-06 17:04:19.853135+00	cf87635bf6530a0139aa246de73dd25ed8d753ea
73	73	2012-09-18 16:26:17.501689+00	a36d3b7e663499590ec3d651870b3fa18fd80311
74	74	2012-09-18 16:28:05.325351+00	af229b88be448600d2733a4a4d0d458047145b0e
75	75	2012-09-20 17:29:31.473007+00	a2a48602f243da6993e78851cfbea3d92cab9c6c
78	78	2012-11-01 21:38:36.55167+00	01973c3059e319ecbd407069a2e3f3dcd759c1fc
79	79	2012-11-26 05:05:10.528898+00	deb78e41a0c2e973f78065ec5fd1727fbff0d8a8
80	80	2012-12-10 20:30:17.098064+00	c8fd2e2602adfcc3e8872299769c994eb9908ca2
81	81	2012-12-18 11:10:29.55213+00	317ff0e9ae3eb1b3b273e5fa50764f42d587e9e8
82	82	2013-01-18 15:21:09.066722+00	acca64a29945997a4543960e58a5fbbe14db8283
83	83	2013-01-25 16:22:45.69484+00	b4e3ec3c43842a7b9431b56e5b67254857912bc9
84	84	2013-01-28 15:54:48.29067+00	3852541824bf0aff273cae08a9d8c42754f1aed1
85	85	2013-01-28 15:59:23.509108+00	33278e31a0f1acc0bf511ed706478edd96f3d284
86	86	2013-01-28 16:03:43.577758+00	d2219b9831f59627081e54ad90391981190a4345
87	87	2013-01-28 16:05:28.348971+00	776221c332d63811e720771e0d3d12a707bdf7f5
88	88	2013-01-28 16:08:36.106788+00	49daa25336710da5e65e86f128e3bcd71f98328b
89	89	2013-01-28 16:09:27.862465+00	9239fa2a2ed5e501381004c7148df97c1bf73b5f
90	90	2013-01-28 17:58:34.978509+00	3c83f8a59e8d074e045954189b0cc3603e0f3571
91	91	2013-01-28 21:36:19.624232+00	936340dce48a56da4eb37d166b72b99d57a053f3
92	92	2013-01-29 21:50:59.190671+00	1de1e9ab015c5444a4bd3e24642179922c90e7fa
93	93	2013-02-02 17:37:14.773782+00	69cc84997bec42332b815d53f0c9f4a4a10ccbb8
94	94	2013-02-02 17:38:35.430703+00	1232b3a1e80641e0637c0d79563c5e49c8a582e2
95	95	2013-02-04 03:56:34.139234+00	8264c91a62ab5cafea1905a9b8474aa7752bf307
96	96	2013-02-04 05:50:40.508282+00	3e6c38841e6428b26ff03a7baad3bf02ccff04b0
97	97	2013-02-04 16:07:34.942249+00	b12d8d524496f193395a0ca91775d603f149f7ba
98	98	2013-02-04 16:09:02.804428+00	f17cd38568404295c0cf833dbda24f0fb086e97d
99	99	2013-02-04 19:01:55.035255+00	97f2b83f508248491dd864c82c46d7da716c4ed8
100	100	2013-02-04 19:53:55.707455+00	b04aaf6d8dd285e6d45c4cdbb19ac4cc144b7f48
101	101	2013-02-05 01:16:12.232285+00	82a0a79f0524a033773d15f581eb44766a83b1a1
102	102	2013-02-05 01:17:11.453734+00	c51f2734095569b61db38d2826b3c498d1396754
103	103	2013-02-05 01:20:46.317378+00	1d60d83cff9036318f30dbd81eb14e4e48a03800
104	104	2013-02-05 01:56:19.925431+00	16cb6ca4287b20c638d1a9057cb55f2b5865a307
105	105	2013-02-05 02:14:43.931933+00	c1eec27f78cacd39f6d673a05a270554e9c80433
106	106	2013-02-05 03:18:15.716491+00	6c66e8540edd5e897cfb2752bc103324832bdb8d
107	107	2013-02-05 03:55:31.913837+00	8999ed295b4293883e0f70c5f24b22518bf1a708
108	108	2013-02-05 04:10:09.942606+00	f63a966e7fdc95b308c20ae2d0ed325fb7a3d026
117	117	2013-02-05 16:00:47.125484+00	987371ae7c0a337086a9e905205007b950491a5b
118	118	2013-02-06 01:11:02.62063+00	8c1b8217f042c71fe5062f8984d7a93171e2df34
119	119	2013-02-06 02:27:29.064125+00	b6446e7f8374a60276110a1ea613f1419158712c
120	120	2013-02-06 03:14:12.467445+00	bd0c32cda04fecd7cedf4d9f48358d6f9188d9bc
121	121	2013-02-06 03:25:26.74181+00	f24d4d9dc992c1154cf4014e7cdeea83ca5e6fa6
122	122	2013-02-06 04:11:27.221968+00	ec41b9a8462b07b7db4d6fce81b95ccc49f4a36a
123	123	2013-02-06 04:28:57.639622+00	ae1768b7baa40cae363df144c0efa68339a89004
124	124	2013-02-06 04:46:25.463983+00	faaa3a95c476cb69854b82b84e789d5323fa7d07
125	125	2013-02-06 05:45:47.113047+00	618aca5448b5c4d372bf73d08d4b2d705798a695
126	126	2013-02-06 14:27:35.519298+00	dc504d9105014eec45ca9f3315fbf9c4771b1d73
127	127	2013-02-06 14:29:44.399335+00	41f95b4b923548c63d3bf5ff13167f1524191ca0
128	128	2013-02-06 16:11:47.31176+00	529d0adc83f84269ba1a6bb98ccd55747c0f3c33
129	129	2013-02-06 18:28:18.305042+00	ca26c21036866228d46877f5aeb8a5147d7a1212
130	130	2013-02-06 18:58:04.412794+00	81afb747dc2d601a6b1aa4a9c5c3b1c53aca82ab
131	131	2013-02-06 19:05:29.870685+00	941b58d75c4791aa9e1850fc797b033d7fd0a19b
132	132	2013-02-06 21:01:46.830683+00	e9f6ea6b303fd47c335dfaab12543d1ec8195a0e
133	133	2013-02-06 23:57:48.593983+00	3da973902123f25c040f6659e0eb39085acfa56e
134	134	2013-02-07 14:04:46.338603+00	3b501f8ee9ceec66a2f44f7a2002adc44e5b1b2e
135	135	2013-02-07 22:03:51.215716+00	855a667558189b6b769c8bcce6c36cd0699955e7
136	136	2013-02-07 22:31:00.981834+00	c498d365c233fb45755c3e4b1bf43218f03ac463
137	137	2013-02-08 16:49:03.349363+00	87959b58a5104709b90cca41db2d3ad6f8cacb9a
138	138	2013-02-09 20:39:54.721238+00	f35fa5729c6ffcdba32b6acee60b0dd11ee02f74
139	139	2013-02-10 01:40:06.997357+00	cb803ba22efce143489a6363f253842ccbbab436
140	140	2013-02-11 02:32:29.156416+00	c0c0d772d6a57569e9b2a89c01b4ce97ff69806b
141	141	2013-02-11 15:19:45.432226+00	0a5f8e9e227f8d1e2ed0041327ad919143b44cb8
142	142	2013-02-11 17:39:26.361744+00	205b94250716192b873b746806ed215460853537
143	143	2013-02-12 00:07:43.945879+00	f6050fe1ab9000f877299523efc9f7db75376b42
144	144	2013-02-12 04:05:22.523077+00	6726457c9329b63cd90ebb6d2f47e6240d76fe16
145	145	2013-02-12 08:11:28.052841+00	47f5497abd98bce0d519d5b65758fe6371d95c53
146	146	2013-02-12 17:20:48.614869+00	01ae5a7dccdfdc99052830a2e6b44b4f2a1c1fd2
147	147	2013-02-12 19:40:51.082341+00	def287f13170b1188ba9cf8ca245953580cc5534
148	148	2013-02-12 20:14:38.377724+00	7d43e098cf6f77257c52953efb1e75aee709897d
150	150	2013-02-13 03:43:36.444593+00	456d56e862e9147e34edcb3245b3f3a121ad9b1d
151	151	2013-02-13 04:56:03.356872+00	1fcee61ef332bc5020ef16347fa83626d82d6810
152	152	2013-02-13 20:20:29.075878+00	5147f74d55cd81a9d76c84176fe1bdfe5ec18379
153	153	2013-02-14 18:11:46.173604+00	638a22fb9b94da4769fea8f61b7553daf50127ac
154	154	2013-02-16 05:52:45.047063+00	3dc0d869d3983ec3bb542cd03446735cd2b1ea95
155	155	2013-02-16 17:19:31.424558+00	5103f92c71f5fb847b27820fe9f696c5c46e6729
156	156	2013-02-17 01:08:51.278752+00	4051ab50f9a5b0bbd55f76f1cc7c67a35423a97f
157	157	2013-02-19 18:40:35.263485+00	0caa266fa52364a537fbed4d4937f6153ab8ee8a
158	158	2013-02-19 19:59:27.629214+00	1961d785db0c6e92236bf460e493be594dffe815
159	159	2013-02-21 17:57:06.001492+00	e5621885260aeb44adf68ccb86ec8b21215b27ab
160	160	2013-02-21 21:05:54.381856+00	52bbd8c45595294947ed0c852ada36a2b55bcb1d
161	161	2013-02-22 00:32:02.036526+00	04eb56b6db43afc0b7934cc80e68d774ac6ca5f9
162	162	2013-02-22 21:34:16.509601+00	2952468676ec3f4bb3104e73fc66cce370fff3ee
163	163	2013-02-22 22:44:37.51187+00	b9e986f6ca1c701e7b7cb9060a5694b376492a51
164	164	2013-02-23 22:48:56.564481+00	8725323681d84fe22cadb1bab9ed62a5d68d047b
165	165	2013-02-24 05:10:22.197563+00	8f4f0084a799b1570010e946b4a891c4fcd4f86a
166	166	2013-02-24 19:58:16.607046+00	710ac2ac68ab720dc3810662dae54ad3dd37ed2f
167	167	2013-02-25 00:05:01.095929+00	b6d71989f8ab48471164d907efb671674b335971
168	168	2013-02-25 16:40:01.690431+00	a3cdbbdac2277858cf0a5ba4bc2edef2831db1e8
169	169	2013-02-25 22:59:11.481403+00	748b79a0fecbd7ad56a8a5288b2e1610cdd1af01
170	170	2013-02-26 01:38:33.936737+00	6529f437fb5f139bdada626e70f449caf3ac3f1d
171	171	2013-02-26 09:22:35.290442+00	f27994db5918c21aa0176d02944df25b302cd737
172	172	2013-02-26 20:10:35.372701+00	83e98859703bee87b9f69d8e57ebab521fce608d
173	173	2013-02-27 20:27:28.567607+00	deea08d90fe9f3135dd9a96231798c4bb963b64a
174	174	2013-02-28 00:23:22.643495+00	82b60452dd97acb626970dba49f7cf3d4c285191
175	175	2013-02-28 19:45:38.767238+00	d64029eacc07e8512365b78c002d9ba69b88e5a3
176	176	2013-03-02 00:52:08.657843+00	b42cb9f924d6f9b0c73f9b85d50d65924fe993cf
177	177	2013-03-05 20:43:38.105005+00	0e67265fe152b2385bba3380543871254830f7a8
178	178	2013-03-07 23:57:24.379335+00	20046329c090b963ebe77255cd17d1d8fb747feb
179	179	2013-03-11 14:23:11.370483+00	f2d138b6956c65554468f514fd9cce466768dc43
180	180	2013-03-11 21:21:28.382695+00	a784c443519a7be21461082b00ad30aafbc03f25
181	181	2013-03-12 00:46:01.125422+00	769ca0396c3240686234b659ffc4d790f409904f
182	182	2013-03-12 15:22:42.644882+00	bdb9778f45e925787f98041aa8e25d2bd63ee0de
183	183	2013-03-14 13:12:28.192256+00	6b0666f10e5003089f550bc027f5a3aa28efd487
184	184	2013-03-14 15:05:50.307911+00	dff9172f4a9e228776447564460e04870505ce65
185	185	2013-03-14 21:01:04.957487+00	ddd0da00f5cb4a18c799969aac9468d03ee52ff9
186	186	2013-03-15 00:50:28.177342+00	caf4ee433173e321d4d8009c2485f0f5ade357de
187	187	2013-03-23 09:15:00.291341+00	7df7b201b818215bac828840cba34a54f07c3fc0
188	188	2013-03-24 03:09:43.900355+00	e895e1422d3467bc7a7eaa084a938fee98b6608b
189	189	2013-03-24 10:05:54.724176+00	0c7519458000a6bcfa6cb4595e7b258358a9e9c6
190	190	2013-03-29 09:16:21.512491+00	1c248593661919746ba1103f4eb6d162885e90f5
191	191	2013-04-03 20:56:51.953955+00	464b188c4e52da23e4e1bf971261cdf5aec5778d
192	192	2013-04-06 16:43:36.12757+00	44e4c963e90a864c02991e30cfa89f026099915a
193	193	2013-04-07 23:27:42.423076+00	3e65e45e49aa99e4e3db5743aa04251c83e23aa7
194	194	2013-04-08 20:44:14.953985+00	f9565632dfdd42b4dadc4178795578f0c0455357
196	196	2013-04-11 04:30:11.903215+00	10e70ec8f0ad7e3783dc662d80c64f596b76441a
197	197	2013-04-17 23:02:15.459985+00	6bae2b5d5341abe5153c4db5367be6228a84a243
198	198	2013-04-29 18:14:29.718035+00	993e9b7f65f048e6357ec6127ac30f49efd01327
199	199	2013-04-29 18:14:46.180309+00	822b50fd1d88d30b61c9c45caeaaaf0164b60528
200	200	2013-04-29 19:10:18.839665+00	dbaee100739a45e835202343461da8d9c5aaaa6f
201	201	2013-04-30 10:40:56.348481+00	cbec92f1afd7edea97c23ddc11f5ece5129850fa
202	202	2013-04-30 16:52:50.678461+00	f0f20e5eb909f946e970cac55451d0276a96a52a
203	203	2013-04-30 18:37:39.491537+00	d065c9ed2900d8ffb2ddfc652d210aee57e54d41
204	204	2013-04-30 23:27:46.340175+00	1fa5dd530622c0abe865b6660ed182138815e7a8
205	205	2013-05-01 05:40:34.893495+00	63b71e661a01eaf839d03bbda2dbe1a5591341a4
206	206	2013-05-02 18:49:23.115541+00	6a2e4c529a45f93206aadb386acd58bc1f8fb93d
207	207	2013-05-02 19:40:47.892288+00	00cda5fdfc05c4e3ace008f4967e44d95d0b5741
208	208	2013-05-02 19:41:12.25875+00	7a6dd9874fe861e04eed0724fcec3141197c6127
209	209	2013-05-02 20:20:27.152892+00	5d223f872155c3ddfc899ffa01bf3984a5cbf132
210	210	2013-05-02 21:35:49.534759+00	8b576d777aaa012ce2f1e202102f6639470594d5
211	211	2013-05-03 10:59:06.154979+00	6874dca713d94962b033e8700366ef76acf1379d
212	212	2013-05-03 22:17:58.799032+00	cf67dd52a8ae10142a6daf19fef10fbc013bfa0a
213	213	2013-05-04 15:57:13.130684+00	1284b048d2a40599e92c03c8db4ccbec6c82350e
214	214	2013-05-05 08:20:05.3385+00	6274d13e6d032682af968cb3c20010fc11542876
215	215	2013-05-06 04:46:48.2123+00	779a8b466e5b7ecb3be023a5afa3fa1ddb5749e7
216	216	2013-05-06 04:56:17.947603+00	8545f3a9db16bbf7dbc0fa38b5cbc7cca657d9aa
217	217	2013-05-06 11:46:53.91957+00	14b9df4855cfe6587c2cb4e886daec8a9569c58b
218	218	2013-05-06 11:49:17.097201+00	0be0681446e1bf53974305eb50a13a8559b771ba
219	219	2013-05-06 11:52:41.007175+00	2a59e1451f86a5bcd8eb915a85e25f9246846b45
220	220	2013-05-06 20:39:42.69511+00	0f03035a64bf2b55520027a4f4c4c9c78f69e688
221	221	2013-05-07 18:38:49.963403+00	ad4975f77c271da602bac0cb0df58136e83ee421
222	222	2013-05-11 09:07:04.758885+00	278c29d8476b0e2d64a563ef4480814f2b69ff2f
223	223	2013-05-15 22:34:12.436131+00	51e8f57a69ed0e921bbc7b2e6ce8aae30d79f2df
224	224	2013-05-17 17:46:52.743205+00	d330e1916509a9df0509bae42696ecbc685cc0e4
225	225	2013-05-19 15:26:53.508029+00	842225aa2001e6825e79dbe16ed44db47b8ed1ec
226	226	2013-05-20 11:55:01.360272+00	8e4646fed6bde1bfa6e75a813fb6922cebf130e0
227	227	2013-05-20 23:26:08.627056+00	4281101758f78482a77f9793610da8bf1903a1b7
228	228	2013-05-21 14:58:04.170069+00	5d1608e7205c4ff2feac3ddf611f4ed591503ca2
229	229	2013-05-23 01:25:34.086845+00	afa81084050a9428e67b4caab6ae951be8b6eb87
230	230	2013-05-23 16:22:49.765739+00	50a97974ce4d420da6996f52da34e38d93ebad74
231	231	2013-05-25 19:26:43.935849+00	377ccf989e6b6f5f598ed3f5c3c0168e5b486098
232	232	2013-05-27 15:19:55.250917+00	a7b33dd0b86e82d222f0efc79c0ddbc1db00e865
233	233	2013-05-30 16:05:21.681701+00	1fd3cba957b6f8d577dc8de4c7aac8f8c204840d
234	234	2013-06-03 17:29:56.504963+00	700c8810967f3936ffacecc74951772520dd0c4d
235	235	2013-06-03 18:56:41.88827+00	b31ab498fe533ec7c019df3f713892bb0845ae7d
236	236	2013-06-04 20:22:31.562283+00	1a6fc483605cd961bb995247d2365cd79cf87ff2
237	237	2013-06-07 11:53:15.268722+00	12b91988f64cd8beee240a4284b43b2a14d55c24
238	238	2013-06-07 21:55:42.282842+00	53fe871e65cd3ea4a90506a894fca0bf2169a663
239	239	2013-06-11 08:47:28.916252+00	8927b1d71fcb3e5eef16dd2756c20602f70aee85
240	240	2013-06-17 16:25:43.574303+00	b409953e341b51a92661afbc0bd5114c352829c5
241	241	2013-06-17 23:49:29.661696+00	2d5d38b58686a9a4561aa68f1f969ea7ffa53f0f
242	242	2013-06-19 22:01:49.777617+00	4fc25058839f7ccbf50a07836f5a5f1bacacfa73
243	243	2013-06-24 15:33:34.354713+00	ed6192f6d5fba60bba0cc06145600d73ecc7d45e
244	244	2013-06-24 15:37:44.585441+00	0c615d875f7f6862268be96a9fd7251f20afde1e
245	245	2013-06-24 17:30:02.978314+00	1bc14f2888a01b2c7e753b0183c52ef0b4b1e601
246	246	2013-06-26 23:20:53.756002+00	7e798f3c58a3154f73aa005e9bb865a23153e32b
247	247	2013-06-26 23:24:25.691167+00	970fa2ec40c40b124a0a7499b20be956578863f4
248	248	2013-06-28 16:10:35.800565+00	e1f09ba696ac9b7eb3ea3b443dc8cc12dad607ad
249	249	2013-07-05 16:16:30.93374+00	d79fc0aaa77aacc43ed71bcd8c8fc53c5c56e0f6
250	250	2013-07-06 01:24:32.784301+00	b9a1bbd2cbac57b43a131062d740f4ae10fbdddb
251	251	2013-07-11 21:20:51.736998+00	2e8bbf85b1b8e64a13375bf66f33823305265351
252	252	2013-07-13 12:31:41.102139+00	913779ed62810b630cddf92264fd0af9e45bbebf
253	253	2013-07-13 14:10:19.817332+00	4f15cbea62656dc40c67e055ff85b361ae512247
255	255	2013-07-15 22:33:53.701818+00	fa2b3b1805508dfa8d54fe5aac2d36e7d6e7cb2c
256	256	2013-07-17 20:18:13.27555+00	72306bb9114e09c581af25791c60fe386d657d38
257	257	2013-07-18 19:24:26.470654+00	1969e5abda92b0e2c60ae46e03f7d3c28d376694
258	258	2013-07-19 15:17:19.85496+00	11b0bbee41d136413c4b21035a5efd6401917eb4
259	259	2013-07-19 21:13:15.54641+00	cce7e86a5a3e27375f962c09ec72fc2b50c922ed
260	260	2013-07-23 13:26:31.787216+00	1297b021a56ff2fe5f673d8d4644fa50790bb1fa
261	261	2013-07-25 14:37:00.411819+00	bb811c0126e6b206a0c4768d324fc332b31d77ce
262	262	2013-07-26 00:00:13.228848+00	fe94e373800d9842d8838acf8374b9eace87f4ab
263	263	2013-07-28 16:35:33.633786+00	b8b7413cf4f023d94874aad81db6f54176920621
264	264	2013-07-28 16:57:20.553365+00	341f4c6375d86c439f9af88cc2a32eb36798bb27
265	265	2013-07-29 21:08:56.549914+00	743f8a126cc5d6c26f6a75542dc72c9aa82988cd
266	266	2013-07-29 21:11:11.790584+00	7ac47e7a70fba37e77faeb027481ed4903c06880
267	267	2013-07-29 21:41:44.956191+00	731f9000dfb20a752e9b241f003e05224c1b7a20
268	268	2013-07-29 21:57:32.536217+00	1951929e60d5208699523e4b34ad700b6ad67e3f
269	269	2013-07-29 22:52:33.595056+00	9935bf69c26d167b831065b92f39f7c62bf6f349
270	270	2013-07-30 01:55:24.248842+00	7afd402c36b22b17a0e8fdbddeaa60cbadc17935
271	271	2013-07-30 19:47:51.664034+00	b8c5ad3401859acb010e10656d4d8701c64aba03
\.


--
-- Data for Name: facebook_facebookaccesstoken; Type: TABLE DATA; Schema: public; Owner: -
--

COPY facebook_facebookaccesstoken (id, app_id, account_id, access_token) FROM stdin;
12	1	12	CAAEKlHePciIBANZAsSZAiU3RrHeiWHmq6tjaUIVZAAa0bU3umoTktz0H26gaDTrynZB91DF0b6iXVmNCcHLSZAtJqW2ZCdMIZCZAsyhDMBaVa7x42veZAXcxofZAPmXZBpmexhj67AV4SEJGB47nWmCaQAOZB0y36RZAE2oukeSh1GwQFdAZDZD
9	1	9	AAAEKlHePciIBADHnjKNE9uPwAGzmzZAOeo5SQuNhdb3XOoZBMAWiZCWgNvK7YxLjnPXWthVm5kcEFnsSnwlmLoYG3Vi6MC6l2J3jlgoOwZDZD
10	1	10	CAAEKlHePciIBADxpviR5hrP7k9uVGT2rxOiSRqY4B391n0hWuvwdmUvLg4Gai4P4QPISWvfMcM7ZBQ5r51kRxyZB17pc8VRfCfDGCIqLZA13uBixWymKbsZCbRygRUNXiwZAZCfDW2XpxxxSPZAoyegt03hcTOQcW5AUgvOSbZCZBQgZDZD
11	1	11	CAAEKlHePciIBAJ75iGUSlLhOr7nanAomB0mNgtZBUsgSuCzQLIkSRc8JEcuTZAzzcoRu2HyTEUnfia1itsAuIjAL42uZC7ngxkVcnjTGbMZBVOpieWmZBb261WBJjrMDvf7e8bpHaQRQLo3vAgvpdoNbO5Bo862YZD
6	1	6	CAAEKlHePciIBAINaSqKmmKt47WZCxL1NBVE5ZBljG6z9B5KjJqfkZBeZBl6Sa4vTvWzih5dmiWw8ZBkZBZAjWxUlpLUP8ephHZC2izjlgfVdAtepBo20IeNupMu2F8ZC3E118RBnPyQkS5mjqpCjokLJj7Q2dkt1avBUZD
\.


--
-- Data for Name: facebook_facebookaccount; Type: TABLE DATA; Schema: public; Owner: -
--

COPY facebook_facebookaccount (socialaccount_ptr_id, social_id, name, link) FROM stdin;
9	701095755	Danya Degen	http://www.facebook.com/danya.degen
10	568675458	Cole Graphite Diamond	http://www.facebook.com/coleidiamond
11	1061125621	Nicolle Lee	http://www.facebook.com/cinollee
6	61001728	Nick Crosthwaite	https://www.facebook.com/nick.crosthwaite.3
12	680218687	Alon Slotky	https://www.facebook.com/alon.slotky
\.


--
-- Data for Name: facebook_facebookapp; Type: TABLE DATA; Schema: public; Owner: -
--

COPY facebook_facebookapp (id, site_id, name, application_id, api_key, application_secret) FROM stdin;
1	1	FB (production)	293107754037794	293107754037794	2d9e191525e3bc6322e06af2cb5ac131
2	2	FB (production)	293107754037794	293107754037794	2d9e191525e3bc6322e06af2cb5ac131
3	3	wizoku	293107754037794	293107754037794	2d9e191525e3bc6322e06af2cb5ac131
\.


--
-- Data for Name: faq_faqitem; Type: TABLE DATA; Schema: public; Owner: -
--

COPY faq_faqitem (id, section_id, question, answers, "position") FROM stdin;
15	4	How long is each class?	<p>Each class must be at least 30 minutes and be measured in 15 minute increments, but beyond that the duration of the class is entirely up to the tutor and the student.</p>	0
12	4	How should I pick the best tutor for me?	<p>We offer a great selection of tutors from around the world. Students can <a class="internal" title="search" href="http://www.wizoku.com/search/">search for the subject</a> they want help with, and then choose from the list of tutors for that subject. Students should make their decisions based on the experience of the tutor, reviews they&rsquo;ve received, and any other qualities the student might be looking for, such as personality, teaching style, and so on. We also advise you to chat with a tutor through our messaging system before you commit to a session to ensure you make the best choice possible.</p>	0
9	2	How do I sign up?	<p>Signing up as a student is extremely simple. We&rsquo;ve designed it this way to help you get the help you need as quickly and conveniently as possible. You can add to your profile later, but to get started all you need is to click the sign up link and fill in the basic information we ask for.</p>	0
10	2	Im under 16. Do I need a parent to sign up with me?	<p>We do ask that students under the age of 16 have a parent authorize their sign-up. To do this, you can give us their email address when you sign up and we&rsquo;ll send them an email asking them to confirm your account. You can then move forward with the sign-up process and your parent can then decide to create an account to oversee your activity or not.</p>	0
11	3	How do parent accounts work?	<p>We understand that you often want to have oversight of your child&rsquo;s activity and progress on wizoku, so we have created separate Parent Accounts that are linked to student accounts. From this account you can track the feedback they have received from their tutors, view the recording of the class, communicate with their tutors and pay for their classes.</p>	0
37	9	What is the referral system and how does it work?	<p>The referral system allows you to benefit by encouraging your friends, family, and colleagues to use wizoku. If you refer someone, we&rsquo;ll thank you by giving you free credits or a commission-free class (for students and tutors respectively) for each active user that you refer.</p>	0
38	9	What should I do if I come across any inappropriate content on the site?	<p>In the unlikely event of inappropriate content appearing on the site, there are flags throughout the site that you can click on to report anything. We do our best to make sure that this never happens, but we encourage you to help us monitor the wizoku community to ensure both safety and quality.</p>	0
39	9	The subject Im looking for is not listed. What do I do?	<p>We want to provide the best experience for students of all needs, so please <a class="internal" title="contact us" href="http://www.wizoku.com/contact-us/">contact us</a> at if you think there is a subject we should add and we&rsquo;ll do our best to make it happen.</p>	0
36	9	I forgot my password/username. What do I do?	<p>On the log-in screen, you will find a &ldquo;<a class="internal" title="forgot your password" href="http://www.wizoku.com/accounts/password/reset/">forgot your password</a>&rdquo; button. Click this, give us your email address, and we&rsquo;ll send you an email where you can click on a link to change your password.</p>	0
40	9	How can I provide feedback to wizoku?	<p>We sincerely appreciate all feedback, positive and negative. To provide feedback on any aspects of the site or your experience, just click on the small green tab to the left of the page, which will allow you to complete a short survey. You can also go to the <a class="internal" title="contact us" href="http://www.wizoku.com/contact-us/">Contact Us</a> page (link at the bottom of each page) to let us know about your wizoku experience. Please also email us at nick@wizoku.com and we&rsquo;ll get back to you as soon as we possibly can.</p>	0
1	10	What is wizoku?	<div class="OutlineElement Ltr SCX72873459" style="margin: 0px; padding: 0px; color: #000000; font-family: Times; font-size: 16px; font-style: normal; font-variant: normal; font-weight: normal; letter-spacing: normal; line-height: normal; orphans: auto; text-align: start; text-indent: 0px; text-transform: none; white-space: normal; widows: auto; word-spacing: 0px; -webkit-text-stroke-width: 0px;">\r\n<p class="Paragraph SCX72873459" style="margin: 0px; padding: 0px; word-wrap: break-word; font-weight: normal; font-style: normal; vertical-align: baseline; font-family: 'Segoe UI', Tahoma, Verdana, Sans-Serif; font-size: 6pt; background-color: transparent; color: windowtext; text-align: left; text-indent: 0px;"><span class="TextRun SCX72873459" style="margin: 0px; padding: 0px; font-size: 11pt; font-family: Calibri, sans-serif; line-height: 17px;"><span class="SpellingError SCX72873459" style="margin: 0px; padding: 0px; background-image: url(data:image/gif; base64,r0lgodlhbqaeajecap////8aaaaaaaaaach5baeaaaialaaaaaafaaqaaaiilgaxcchrtcgaow==); border-bottom-style: solid; border-bottom-width: 1px; border-bottom-color: transparent; background-color: inherit; background-position: 0% 100%; background-repeat: repeat no-repeat;">Wizoku</span><span class="NormalTextRun SCX72873459" style="margin: 0px; padding: 0px; background-color: inherit;"><span class="Apple-converted-space">&nbsp;</span>is an online education community that offers a complete online tutoring service for students and educators across the globe. Our easy-to-use platform allows students and parents to choose from the best tutors available and work around their own schedules to have the best learning experience. <br /></span></span></p>\r\n</div>	0
41	10	Is wizoku right for me? 	<p><span class="TextRun SCX22143085" style="margin: 0px; padding: 0px; color: #000000; font-style: normal; font-variant: normal; font-weight: normal; letter-spacing: normal; orphans: auto; text-align: left; text-indent: 0px; text-transform: none; white-space: normal; widows: auto; word-spacing: 0px; -webkit-text-stroke-width: 0px; font-size: 11pt; font-family: Calibri, sans-serif; line-height: 17px;"><span class="SpellingError SCX22143085" style="margin: 0px; padding: 0px; background-image: url(data:image/gif; base64,r0lgodlhbqaeajecap////8aaaaaaaaaach5baeaaaialaaaaaafaaqaaaiilgaxcchrtcgaow==); border-bottom-style: solid; border-bottom-width: 1px; border-bottom-color: transparent; background-color: inherit; background-position: 0% 100%; background-repeat: repeat no-repeat;">Wizoku</span><span class="NormalTextRun SCX22143085" style="margin: 0px; padding: 0px; background-color: inherit;"><span class="Apple-converted-space">&nbsp;</span>is more than any old online tutoring site. We offer a first-class selection of educational tools: high-quality video for classes, an online classroom equipped with Wolfram Alpha, and a</span></span><span class="TextRun SCX22143085" style="margin: 0px; padding: 0px; color: #000000; font-style: normal; font-variant: normal; font-weight: normal; letter-spacing: normal; orphans: auto; text-align: left; text-indent: 0px; text-transform: none; white-space: normal; widows: auto; word-spacing: 0px; -webkit-text-stroke-width: 0px; font-size: 11pt; font-family: Calibri, sans-serif; line-height: 17px;"><span class="NormalTextRun SCX22143085" style="margin: 0px; padding: 0px; background-color: inherit;"><span class="Apple-converted-space">&nbsp;</span>free</span></span><span class="TextRun SCX22143085" style="margin: 0px; padding: 0px; color: #000000; font-style: normal; font-variant: normal; font-weight: normal; letter-spacing: normal; orphans: auto; text-align: left; text-indent: 0px; text-transform: none; white-space: normal; widows: auto; word-spacing: 0px; -webkit-text-stroke-width: 0px; font-size: 11pt; font-family: Calibri, sans-serif; line-height: 17px;"><span class="NormalTextRun SCX22143085" style="margin: 0px; padding: 0px; background-color: inherit;"><span class="Apple-converted-space">&nbsp;</span>question and answer forum that serves as a great resource for quick answers and help.<span class="Apple-converted-space">&nbsp;</span></span><span class="SpellingError SCX22143085" style="margin: 0px; padding: 0px; background-image: url(data:image/gif; base64,r0lgodlhbqaeajecap////8aaaaaaaaaach5baeaaaialaaaaaafaaqaaaiilgaxcchrtcgaow==); border-bottom-style: solid; border-bottom-width: 1px; border-bottom-color: transparent; background-color: inherit; background-position: 0% 100%; background-repeat: repeat no-repeat;">Wizoku</span><span class="NormalTextRun SCX22143085" style="margin: 0px; padding: 0px; background-color: inherit;"><span class="Apple-converted-space">&nbsp;</span>also gives students the freedom to choose from highly rated tutors based on personality, need, and scheduling, because we know that a good education is based on good relationships.</span></span><span class="EOP SCX22143085" style="margin: 0px; padding: 0px; color: #000000; font-style: normal; font-variant: normal; font-weight: normal; letter-spacing: normal; orphans: auto; text-align: left; text-indent: 0px; text-transform: none; white-space: normal; widows: auto; word-spacing: 0px; -webkit-text-stroke-width: 0px; font-size: 11pt; line-height: 17px; font-family: Calibri, sans-serif;"><br /></span></p>	0
6	1	Do I need to upload academic accreditation documents?	<p>While we do not currently require tutors to upload any documentation, we do strongly advise you to upload any supporting documentation for your academic and professional qualifications. Students and parents can then view these documents to help them make their decisions on which tutors to use.</p>	0
3	1	How do I sign up?	<p>Our sign up process is designed to be as simple as possible to make things easy for you. Having said that, in order for students to make informed choices around tutor selection we encourage you to invest some time in completing your profile as fully as possible. You are encouraged to select as many subjects as possible that you can tutor as well as providing significant availability in your calendar to enhance your chances of being selected for tutoring.</p>	0
4	1	How do I build my profile?	<p>Once you&rsquo;ve created your tutor account, you should begin building your profile. The more information you put on, the more likely you are to attract students. We recommend that you put as much of the following information on your profile as possible: academic qualifications, professional background, introductory video, lesson plans, and so on.</p>	0
5	1	How much should I charge?	<p>We leave pricing entirely up to you, so that you can determine the best price based on your own experience. We do suggest, however, that you <a class="internal" title="search" href="http://www.wizoku.com/search/">look at what tutors with similar backgrounds and experience are charging </a>so that you can remain competitive in our active marketplace.</p>	0
8	1	How does wizoku help me work with more students and expand my business	<p>By joining wizoku, you&rsquo;ll be joining a highly active online community of students, parents, and educators. Through the reach of the internet, you can reach even more students than ever before. And through the unique wizoku experience, you can connect with students from around the world on a highly personal level. Wizoku removes the internet anonymity and impersonal effects that often come with online tutoring, which not only improves your experience as a tutor, but also gives your students more opportunities to learn and succeed.</p>	0
44	3	Can I create an account for my child(ren)?	<p>You can create an account for your child(ren), but they will be the ones using it. You can monitor their progress through a Parent Account.</p>	0
13	4	How does wizoku select tutors for the site?	<p>At wizoku we expect our students to be the best judges of tutor quality. We are after all an open marketplace and therefore rely on user ratings and reviews. Nonetheless, we carefully vet every tutor application we receive to ensure that we only allow the highest quality tutors onto the site. We base our decision on an applicant&rsquo;s educational background, their teaching/tutoring experience, and the quality of their profile.</p>	0
16	4	What is the virtual classroom and how does it work?	<p>Our virtual classroom is where online lessons take place. It has the same functionality as a regular classroom, just with added features. Students and tutors set up classes, and then meet in the classroom, where they can video chat, instant message, share documents, and use the interactive whiteboard. These tools are designed to provide as much support as possible for both the student and the tutor.</p>	0
17	4	How do I make sure that Im learning the right stuff?	<p>Classes work best when students provide as much information as possible before the class begins. This can be done either through the class creation form or in the messaging system. With this information, the tutor can prepare for the class and ensure that he/she covers the necessary material in the most productive way possible.</p>	0
18	4	What if I dont like my tutor?	<p>If you realize that your tutor is not right for you for whatever reason, then you are free to cancel that class at no cost within the first 5 minutes. If you complete an entire class with a tutor and are not satisfied for any reason, please give the tutor clear and constructive criticism. We would be happy to help you find a new tutor for your next lesson.</p>	0
45	11	How does the rating and review system for tutors work?	<p>At the end of every class, students are asked to provide a rating and review of their tutor. Ratings will be out of 5 stars, which is a clear way for future students to see which tutors might be best for them. Students are also highly encouraged to add a review, which is a description of how the tutor performed during the lesson.</p>	0
46	11	What kind of feedback can students expect to receive?	<p>Tutors are required to provide feedback on their students at the end of each class. Feedback will come in a message and will highlight to students the areas in which they are strong as well as the areas they need to focus on.</p>	0
47	12	What does wizoku do to ensure classes are safe and secure for both parties?	<p>All of our classes are recorded and accessible to us at a later date should any concerns arise regarding a specific class. Classes will also be monitored at random to ensure that only appropriate material and personal information is being shared. We also encourage students to only use tutors that have had a criminal check done.</p>	0
52	9	Are all classes conducted in English?	<p>Classes are conducted in whichever language a student and tutor decide to use. The majority of the time this language is English. Our classroom can also be used in 20 different languages.</p>	0
48	12	As a parent, what should I do to ensure online safety for my child(ren)?	<p>From a linked parent account, you can track all student activity, including how many classes they&rsquo;re taking, with which tutors, and so on. Parents can also ensure safety by monitoring the recordings of each and every video their child. We also recommend that you sit in on the first class your child takes, so that you understand how that site works and ensure they are practicing safe internet behavior.</p>	0
50	13	Can I take a class on my smartphone or tablet?	<p>Unfortunately, no. Mobile devices are not suitable for taking classes because of their smaller screens and lack of Flash.</p>	0
53	9	Do you offer in-person tutoring?	<p>We are currently working on adding this feature to our site. Keep an eye out and you'll be sure to spot it on the site very soon!</p>	0
51	13	Do I need any special software or equipment to use wizoku?	<p>Nope! All you need is a computer with internet access. To use the video feature of the classroom, you will need a webcam and Adobe Flash installed on your computer. (if you don&rsquo;t have Flash, download it for free <a class="external" title="adobe flash player" href="http://get.adobe.com/flashplayer/" target="_blank">here.</a></p>	0
7	1	. How does the virtual classroom work and can I practice with it?	<p>Our virtual classroom is something that we are very proud of. With some of the most advanced online tools, this classroom makes e-learning easy and effective. To help you take full advantage of this classroom, we have created a video demonstration of the classroom and all its tools. We also offer a private access session of the classroom for tutors to familiarize themselves with it before their first lesson, which can be accessed in your profile.</p>	0
43	2	How should I pick the best tutor for me?	<p>At wizoku, we work to provide the most information on all of our tutors to help you make the best decision possible. Our tutor profiles include experience, academic qualifications, intro videos and more. First <a class="internal" title="search" href="http://www.wizoku.com/search/">search the subject</a> you want to study then explore the list of available tutors and pick the one that best matches your needs. Please <a class="internal" title="contact us" href="http://www.wizoku.com/contact-us/">reach out to us</a> if you need any help with this process!</p>	0
49	12	How do you make sure my financial data is secure?	<p>All personal data is stored securely and is not accessible (excluding your public profile) by any tutors or third parties. All payments are made through <a class="external" title="Paypal" href="https://www.paypal.com/" target="_blank">Paypal</a>, who independently stores your financial data and uses industry-leading security and fraud protection systems.</p>	0
2	10	Who can use wizoku?	<div class="OutlineElement Ltr SCX83799975" style="margin: 0px; padding: 0px; color: #000000; font-family: 'Segoe UI', Tahoma, Verdana, sans-serif; font-size: 8px; font-style: normal; font-variant: normal; font-weight: normal; letter-spacing: normal; line-height: normal; orphans: auto; text-align: start; text-indent: 0px; text-transform: none; white-space: normal; widows: auto; word-spacing: 0px; -webkit-text-stroke-width: 0px;">\r\n<p class="Paragraph SCX83799975" style="margin: 0px; padding: 0px; word-wrap: break-word; font-weight: normal; font-style: normal; vertical-align: baseline; font-family: 'Segoe UI', Tahoma, Verdana, Sans-Serif; font-size: 6pt; background-color: transparent; color: windowtext; text-align: left; text-indent: 0px;"><span class="TextRun SCX83799975" style="margin: 0px; padding: 0px; font-size: 11pt; font-family: Calibri, sans-serif; line-height: 17px;"><span class="NormalTextRun SCX83799975" style="margin: 0px; padding: 0px; background-color: inherit;">Short answer: anyone! Long(</span><span class="SpellingError SCX83799975" style="margin: 0px; padding: 0px; background-image: url(data:image/gif; base64,r0lgodlhbqaeajecap////8aaaaaaaaaach5baeaaaialaaaaaafaaqaaaiilgaxcchrtcgaow==); border-bottom-style: solid; border-bottom-width: 1px; border-bottom-color: transparent; background-color: inherit; background-position: 0% 100%; background-repeat: repeat no-repeat;">er</span><span class="NormalTextRun SCX83799975" style="margin: 0px; padding: 0px; background-color: inherit;">) answer:<span class="Apple-converted-space">&nbsp;</span></span><span class="SpellingError SCX83799975" style="margin: 0px; padding: 0px; background-image: url(data:image/gif; base64,r0lgodlhbqaeajecap////8aaaaaaaaaach5baeaaaialaaaaaafaaqaaaiilgaxcchrtcgaow==); border-bottom-style: solid; border-bottom-width: 1px; border-bottom-color: transparent; background-color: inherit; background-position: 0% 100%; background-repeat: repeat no-repeat;">Wizoku</span><span class="NormalTextRun SCX83799975" style="margin: 0px; padding: 0px; background-color: inherit;"><span class="Apple-converted-space">&nbsp;</span>is geared towards middle and high school students from around the world. Our tutors come from equally diverse backgrounds. We encourage students, teachers, and parents of all ages and levels to <a class="internal" title="sign up" href="http://www.wizoku.com/">sign up</a> with us. Signing up is as easy as entering your name and email address</span></span><span class="TextRun SCX83799975" style="margin: 0px; padding: 0px; font-size: 11pt; font-family: Calibri, sans-serif; line-height: 17px;"><span class="NormalTextRun SCX83799975" style="margin: 0px; padding: 0px; background-color: inherit;"><span class="Apple-converted-space">&nbsp;</span>or simply connecting with Facebook</span></span><span class="TextRun SCX83799975" style="margin: 0px; padding: 0px; font-size: 11pt; font-family: Calibri, sans-serif; line-height: 17px;"><span class="NormalTextRun SCX83799975" style="margin: 0px; padding: 0px; background-color: inherit;">!&nbsp;</span></span></p>\r\n</div>	0
42	10	 What do I need to use wizoku?	<p><span class="NormalTextRun SCX135557184" style="margin: 0px; padding: 0px; color: #000000; font-family: Calibri, sans-serif; font-size: 14.666666984558105px; font-style: normal; font-variant: normal; font-weight: normal; letter-spacing: normal; line-height: 17px; orphans: auto; text-align: left; text-indent: 0px; text-transform: none; white-space: normal; widows: auto; word-spacing: 0px; -webkit-text-stroke-width: 0px; background-color: inherit;">All you need to use </span><span class="SpellingError SCX135557184" style="margin: 0px; padding: 0px; background-image: url(data:image/gif; base64,r0lgodlhbqaeajecap////8aaaaaaaaaach5baeaaaialaaaaaafaaqaaaiilgaxcchrtcgaow==); border-bottom-style: solid; border-bottom-width: 1px; border-bottom-color: transparent; color: #000000; font-family: Calibri, sans-serif; font-size: 14.666666984558105px; font-style: normal; font-variant: normal; font-weight: normal; letter-spacing: normal; line-height: 17px; orphans: auto; text-align: left; text-indent: 0px; text-transform: none; white-space: normal; widows: auto; word-spacing: 0px; -webkit-text-stroke-width: 0px; background-color: inherit; background-position: 0% 100%; background-repeat: repeat no-repeat;">wizoku</span><span class="NormalTextRun SCX135557184" style="margin: 0px; padding: 0px; color: #000000; font-family: Calibri, sans-serif; font-size: 14.666666984558105px; font-style: normal; font-variant: normal; font-weight: normal; letter-spacing: normal; line-height: 17px; orphans: auto; text-align: left; text-indent: 0px; text-transform: none; white-space: normal; widows: auto; word-spacing: 0px; -webkit-text-stroke-width: 0px; background-color: inherit;"><span class="Apple-converted-space">&nbsp;</span>is an account, a computer with internet access, and a desire to learn!</span></p>	0
\.


--
-- Data for Name: faq_faqsection; Type: TABLE DATA; Schema: public; Owner: -
--

COPY faq_faqsection (id, section, "position") FROM stdin;
3	Parents	3
11	Feedback and Ratings	5
10	General	0
1	Tutors	1
2	Students	2
4	Finding a tutor and scheduling a class	4
12	Safety	6
13	Technical	7
9	Other	8
\.


--
-- Data for Name: flatblocks_flatblock; Type: TABLE DATA; Schema: public; Owner: -
--

COPY flatblocks_flatblock (id, slug, header, content) FROM stdin;
1	terms_and_conditions_student		<p>Relating to the use of the wizoku Website and any Services provided by wizoku.</p>\r\n<h3><strong>1. Interpretation</strong></h3>\r\n<p>The definitions in this clause apply to these Terms.</p>\r\n<p>Headings do not affect the interpretation of these Terms.</p>\r\n<p><strong>Cooling Off Period:</strong> the period of 7 working days commencing on the day after the date of creation of a binding contract between You and wizoku in accordance with clause 11.1.</p>\r\n<p><strong>Contract: </strong>means a Contract between You and Us as set out in clause 9 of these Terms.</p>\r\n<p><strong>Initial Session: </strong>In respect of a Tutor Session that has been booked for a time period of 30 minutes the Initial Session is a five minute period, for a Tutor Session that has been booked for a time period in excess of 30 minutes then the Initial Session is a ten minute period which the Tutor provides at no cost to the Student. After the Initial Session has lapsed the You can decide whether to proceed with the Session by confirming by ticking the pop up box if You decide to proceed then the session will become chargeable.<strong>&nbsp;</strong></p>\r\n<p><strong>Privacy Policy</strong>: means the wizoku privacy policy from time to time in force (<a href="/privacy-policy/">http://universaltutors.com/privacy-policy/</a>).</p>\r\n<p><strong>Service</strong>: the provision of online tutoring and support for Students including but not limited to the provision of online Tutors, Virtual Classrooms,enabling software and general website functionality accessed via the wizoku Website. The Site allows independent Tutors to advertise their tutoring services to you. You can book a tuition session with the Tutor you have chosen through the website. For the avoidance of doubt all Tutors and self employed and wizoku accepts no responsibility for any Tutor nor any service provided by them.&nbsp;</p>\r\n<p><strong>Student:</strong> means you or a minor on whose behalf you are contracting.</p>\r\n<p><strong>Student Accoun</strong>t: an account which is created by You and holds all Student information, content and resources and can be accessed by You via Your Account and by using your unique username and password.</p>\r\n<p><strong>Terms:</strong> these terms and conditions and any other document or policy referred to in these terms and conditions.</p>\r\n<p><strong>Tuition Session</strong>: means a pre-booked tutorial with a Tutor in a Virtual Classroom which shall be for a minimum of 30 minutes and there after for time periods of 15 minutes.</p>\r\n<p><strong>Tutor</strong>: a self-employed tutor who is registered on the Website who provides online tuition to Students via the Website.</p>\r\n<p><strong>Wizoku:</strong> www.universaltutors.com and <strong>we</strong>, <strong>our</strong> or <strong>us</strong>. References to wizoku in these Terms shall be deemed to be a reference to Minerva Education Limited whose registered office is c/o Shelley Stock Hutter, 1<sup>st</sup> Floor, 7-10 Chandos Street, London, W1G 9DQ.</p>\r\n<p><strong>User Content</strong>: content (including without limitation materials, information, communications and ideas) in any format which is communicated, uploaded or otherwise transmitted or posted by You to the website by any means.&nbsp;</p>\r\n<p><strong>Virtual Classroom</strong>: the live internet broadcast within the Website where You and the Tutor meet at a pre-arranged time to take part in a private Tuition Session.</p>\r\n<p><strong>Website: www.universaltutors.com </strong>and any software or content which is available for download from the Website.</p>\r\n<p><strong>WebSite Content</strong>: all other information contained in or published on the wizoku website other than information communicated, uploaded, transmitted or published by You.</p>\r\n<p><strong>You</strong>: the Student or the person (including a minor) on whose behalf you are contracting.</p>\r\n<p><strong>Your Account</strong>: means the Student Account.</p>\r\n<p>1.1 All and any business undertaken by wizoku and You is transacted subject to these Terms. In the event of any conflict between these Terms and any other terms and conditions, these Terms shall prevail unless expressly otherwise agreed in writing by us. No variation of these Terms shall be valid if made without the written consent of wizoku. These Terms shall supersede any previous Terms.</p>\r\n<p>1.2 Offer and acceptance: By clicking the acceptances box, we accept your offer and at which point and on which date the Contact shall come into existence. If you are a parent, guardian, or other person contracting on behalf of a minor to access the Service, you confirm and represent that you have the authority to do so and agree to be primarily liable for any liability whatsoever arising from the acts or omissions of such minor.</p>\r\n<h3><strong>2. The Service</strong></h3>\r\n<p>2.1 Through the Website and using the Service, Students can connect with independent, self-employed Tutors who provide Tuition Sessions in Virtual Classrooms. The Service includes, without limitation, the provision of:</p>\r\n<p>2.1.1 the opportunity to review profiles of tutors in a number of different subjects; and</p>\r\n<p>2.1.2 to contract with a Tutor who will provide online tuition by a Tutor in a Virtual Classroom;</p>\r\n<p>2.1.2.1 You are solely responsible for all service, telephony and/or other fees and costs associated with Your access to and use of the Service; for obtaining and maintaining all telephone, computer hardware and other equipment required for such access and use; and for procuring, maintaining and paying for the latest available version of security software to protect against the transmission of viruses and other computer malware during Your access to and use of the Service.&nbsp;</p>\r\n<p>2.2 As an online service wizoku may periodically be unavailable as we perform regular maintenance and upgrades. Where reasonably possible, these activities shall be notified to You by posting any such changes on the Website. However, wizoku makes no warranty, guarantee or representation as to, and accepts no liability for, the availability or suitability of the Website and/or the Service</p>\r\n<p>2.3 wizoku may vary the Services at any time (including but not limited to) to:-</p>\r\n<p>a) comply with any legal, statutory or regulatory requirements;</p>\r\n<p>b) change the fees payable in respect of the Services;</p>\r\n<p>c) withdraw any Service Features;</p>\r\n<p>d) maintain the integrity of security of the Services.</p>\r\n<h3><strong>3. Registration</strong></h3>\r\n<p>To use the Service, You will need to:-</p>\r\n<p>a) register on the Website and set up an account with a username and password (the&nbsp;information provided by You will be stored and used in accordance with the <a href="/privacy-policy/">Privacy Policy</a>;&nbsp;</p>\r\n<p>b) pay the fees in accordance with clause 4 in order to take a Tuition Session; &nbsp;</p>\r\n<h3><strong>4. Payment</strong></h3>\r\n<p>4.1 When booking a Tuition Session you accept the fees for the Tuition Session advised to you in writing by the Tutor (<strong>Fees</strong>);&nbsp;</p>\r\n<p>4.2 For the avoidance of doubt the Fee charged by the Tutor to You for a Tuition Session will not be less than &pound;5 for a 30 minute Tuition Session and there after &pound;2.50 per 15 minutes.</p>\r\n<p>4.3 You shall make payment, in accordance with the instructions on the Website, for any Tuition Sessions or other products and services offered by wizoku in advance of the Services or products being provided.&nbsp;</p>\r\n<p>4.4 Twenty percent (20%) of Fees paid shall be to Us in respect of the provision of the Virtual Classroom, access to the Website and the remainder is the fee you agree to pay to the Tutor.</p>\r\n<p>4.5 wizoku reserves the right to make changes to the Fees at any time and any such changes shall immediately become effective once posted on the Website unless a booking was made prior to the change in which case the fees for that Tuition Session shall be charged the fees as advised to you in writing by the Tutor at the time of booking.&nbsp;</p>\r\n<h3><strong>5. Tuition Session Monitoring and Recordings</strong></h3>\r\n<p>5.1 Wizoku may record all or any part of a Tuition Session for quality control and other purposes and reserves its rights to review the Tuition Session for any purpose. &nbsp;&nbsp;</p>\r\n<p>5.2 However Wizoku are under no obligation to oversee, monitor or moderate any interactive service provided on the Website including the Virtual Classroom, instant messaging and private messaging. and we expressly exclude our liability for any loss or damage arising from the use of any interactive service by a user in contravention of our Terms, whether the service is monitored or not.</p>\r\n<p>5.3 The use of any of our interactive services (including the Virtual Classroom) by a minor is subject to the consent of their parent or guardian. In this situation the parent or guardian hereby agrees to monitor any use of an interactive service by the minor.&nbsp;</p>\r\n<p>5.4 By entering into these Terms You agree that Wizoku own all transcripts and recordings of Tuition Sessions and all comments that You may provide to us on or through the Website, the Services or any other means, such as part of user satisfaction or other similar surveys. You hereby agree (where appropriate by way of present assignment of future rights) to assign to Wizoku all and/or any rights you may have in any such transcripts and comments.</p>\r\n<p>5.5 Your Tuition Session shall be recorded and the recorded audio, IM and white board activity (but not video) shall be stored in yours and the Tutors account for a minimum period of 3 months. If you access the recording at any time the 3 month period will be extended for a further 3 month period. The time can be extended an unlimited amount of times but this is subject to the sole discretion of Wizoku.&nbsp;</p>\r\n<h3><strong>6. Initial Tutor Sessions</strong></h3>\r\n<p>6.1 You will be entitled to an Initial Session with a Tutor which will not be charged to You if You decide not to proceed with the Tuition Session.</p>\r\n<p>6.2 Once the Initial Session has lapsed a pop up box will appear on the screen if you tick it to confirm you wish to proceed then the Tuition Session will proceed and the Tuition Session will become chargeable in full.</p>\r\n<h3><strong>7. Links to other Websites and Services</strong></h3>\r\n<p>7.1 Where the Website contains links to other sites and resources provided by third parties, these links are provided for your information only. Wizoku have no control over the contents of those sites or resources and accept no responsibility for them or for any loss or damage that may arise from your use of them.</p>\r\n<p>7.2 Any concerns regarding such links should be emailed to <a href="mailto:support@universaltutors.com">support@universaltutors.com</a>.</p>\r\n<h3><strong>8. CRB Checks&nbsp;</strong></h3>\r\n<p>All Tutors registered with Us will be required to have a valid CRB Check from the date that they register with Us.</p>\r\n<h3><strong>9. Conduct in respect of the Website and the Services</strong></h3>\r\n<p>9.1 You may only use and access the Website and use the Services for lawful purposes; and You are prohibited from posting or transmitting to or from the Website any material that it threatening, defamatory, obscene, indecent, seditious, offensive, pornographic, abusive, liable to incite racial hatred, discriminatory, menacing, scandalous, inflammatory, blasphemous, in breach of confidence, in breach of privacy or which may cause annoyance or inconvenience; or</p>\r\n<p>a) for which you have not obtained all necessary licences and / or approvals; or</p>\r\n<p>b) for the any purpose which attempts to or does&nbsp; harm minors in any way; or</p>\r\n<p>c) which constitutes or encourages conduct that would be considered to be a criminal offence, give rise to a civil liability, or otherwise be contrary to the law of or infringe the rights of any third party, in any country in the world; or</p>\r\n<p>d) which is technically harmful (including without limitation, computer viruses, logic bombs, Trojan horses, worms, harmful components, corrupted date or other malicious software or harmful data).</p>\r\n<p>9.2 You must not misuse the Website (including, without limitation, by hacking).</p>\r\n<p>9.3 We shall fully co-operate with any law enforcement authorities or court order requesting or directing us to disclose the identity or locate anyone posting any material in breach of clauses 8.1 and 8.2.</p>\r\n<p>9.4 You agree that you:-</p>\r\n<p>a) shall treat the Tutors with respect and not use obscenities in the Virtual Classroom, make threats, or discuss matters other than those directly related to the academic subject for which You seek help; and</p>\r\n<p>b) shall not disclose any information to a Tutor that could be considered personally identifiable information including Your full name, address, telephone number, email address, national insurance number, password or any other information that could be used&nbsp; to identify or locate You. A violation of this agreement may lead to a suspension of Your Account; and&nbsp;</p>\r\n<p>c) will not request, solicit or attempt to solicit any such information from any Tutor and if any Tutor does disclose any such information or suggests any meeting or conversation not through the Website you will immediately report this to Wizoku.</p>\r\n<p>d) You acknowledge that we may screen User Content, and that we shall have the right (but not the obligation), in our sole discretion, to remove any User Content. We may terminate any Tuition Session where we consider, in our sole discretion, that a user is uploading or otherwise transmitting inappropriate content. Without limiting the foregoing, we have the right to remove any User Content that violates these Terms or is otherwise, in Wizoku's sole opinion, objectionable.&nbsp;</p>\r\n<h3><strong>10. Formation of contract:</strong></h3>\r\n<p>A contract between Wizoku and you will be formed when:-&nbsp;</p>\r\n<p>a) You register or have already registered on the Website;&nbsp; and</p>\r\n<p>c) We have contacted you to confirm registration was successful. From this point the contact between us will be binding.</p>\r\n<h3><strong>11. Confidential Information</strong></h3>\r\n<p>Whilst accessing the Website you will have access to Website Content and information provided during the Services (<strong>Information</strong>) You confirm that you will not without Universal Tutor's prior written approval use or disclose this information to any person other than in accordance with these Terms.&nbsp;</p>\r\n<h3><strong>12. Termination</strong></h3>\r\n<p>12.1 We may terminate the Contract in accordance with these Terms at any time by providing You with notice of such termination, which shall be effective immediately upon notification to You.</p>\r\n<p>12.2 We may terminate these Terms immediately without notice for any breach by You of these Terms or any policies referred to in these Terms, as posted on the website from time.</p>\r\n<p>12.3 You shall be entitled to terminate the session at any time up to 5 minutes into the Session (Initial Period) unless you do not turn up for the Initial Period in which case you will be charged in full for the booked session.</p>\r\n<p>12.4 Termination will not affect our outstanding rights, including our right to recover from you any money you owe us under these Terms.&nbsp;</p>\r\n<p>12.5 These clauses shall continue in force following the termination or expiration of these Terms, 11 Dispute Resolution, 10 Confidentiality, 8 Conduct, 13 Limitation of Liability, 12 Indemnification and 16 Jurisdiction.<strong><em>&nbsp;</em></strong></p>\r\n<p>12.6 You agree that upon the termination of these Terms, we may block access by you to the Website and prevent You from using the Services.&nbsp;</p>\r\n<p>12.7 Upon the termination of these Terms You will immediately destroy any downloaded, printed or otherwise stored Website Content.</p>\r\n<h3><strong>13. Indemnification</strong></h3>\r\n<p>13.1 You agree to indemnify and to hold Wizoku harmless in full immediately on demand, against all claims, liability, damages, costs and expenses, including legal fees on an indemnity basis, arising out of:</p>\r\n<p>13.1.1 any breach of these Terms</p>\r\n<p>13.1.2 the infringement of any intellectual property or other right of any person or entity, or</p>\r\n<p>13.1.3 any other liabilities arising out of the use of or access to the website and Service by You or by any other person using Your computer, Your password and/or Your log in details.</p>\r\n<h3><strong>14. Limitation of Liability - YOUR ATTENTION IS PARTICULARILY DRAWN TO THIS CLAUSE</strong></h3>\r\n<p>14.1 Nothing in these Terms shall limit our liability to you for:-</p>\r\n<p>a) death or personal injury caused by our negligence; or</p>\r\n<p>b) fraud or fraudulent misrepresentation.</p>\r\n<p>14.2 Subject to clause 13.2 we shall under no circumstances whatsoever be liable to you (whether in contract, tort (including negligence) breach of statutory duty or otherwise for any loss of profit or any indirect or consequential loss arising under or in connection with the Contract; and</p>\r\n<p>14.3 Our total liability to You in respect of all other losses arising under or in connection with the Contract whether in contract, tort (including negligence) breach of statutory duty or otherwise shall in no circumstances exceed the amount paid by You to us in any one year period or if you contracted with us les than one year from the date of the claim then the amount shall be limited to the amount paid by You to Us during that period.</p>\r\n<h3><strong>15. No Waiver</strong></h3>\r\n<p>No waiver by Wizoku shall be construed as a waiver of any preceding or subsequent breach of any provision. Wizoku's failure to exercise or enforce any right or provision of these Terms shall not constitute a waiver of such right or provision unless acknowledged and agreed to by wizoku&nbsp; in writing.</p>\r\n<h3><strong>16. Entire Agreement</strong></h3>\r\n<p>These Terms constitute the entire agreement between us and supersedes any previous agreement between us.</p>\r\n<h3><strong>17. Jurisdiction&nbsp;</strong></h3>\r\n<p>These Terms shall be governed by English law and both parties agree to submit to the exclusive jurisdiction of the English Courts.&nbsp;</p>\r\n<h3><strong>18. Assignment&nbsp;</strong></h3>\r\n<p>18.1 Wizoku may transfer, assign or subcontract Our rights and obligations under these Terms to any other party without notice to you.</p>\r\n<p>18.2 You may not transfer, assign or subcontract any of your rights and obligations under these Terms other than in accordance with these Terms or if previously agreed by us in writing.&nbsp;</p>\r\n<h3><strong>19. Third party rights</strong></h3>\r\n<p>Save in respect of a&nbsp; minor whose parent or guardian has contracted on their behalf, a person who is not a party to this Agreement shall not have any rights under or in connection with it.</p>\r\n<h3><strong>20. No partnership or agency</strong></h3>\r\n<p>Nothing in this Agreement is intended to, or shall be deemed to, constitute a partnership or joint venture of any kind between any of the parties, nor constitute any party the agent of another party for any purpose unless expressly provided in these terms and conditions.</p>\r\n<h3><strong>21. Force majeure</strong></h3>\r\n<p>Wizoku shall not be in breach of these Terms nor liable for delay in performing, or failure to perform, any of its obligations under this agreement if such delay or failure result from events, circumstances or causes beyond its reasonable control.&nbsp;In such circumstances&nbsp;wizoku shall be entitled to a reasonable extension of the time for performing such obligations, provided that if the period of delay or non-performance continues for 14 days, you may terminate the Contract by giving 7 days written notice to wizoku.&nbsp;</p>\r\n<h3><strong>22. Severability</strong></h3>\r\n<p>If any provision of this Agreement may prove to be invalid or unenforceable in any way, the other provisions of this Agreement and the remainder of the provision in question shall remain in full force and effect.</p>\r\n<h3><strong>23. Cancellation&nbsp;</strong></h3>\r\n<p>You shall be entitled to terminate a Tuition Session at any time up to 5 minutes into the Session (Initial period) unless you do not turn up for the Session in which case you will be liable for the entire booked Session.&nbsp;</p>\r\n<h3><strong>24. Data Protection&nbsp;</strong></h3>\r\n<p>24.1 You will provide us with certain data and personal information in accordance with these Terms. You agree that we shall be entitled to use any data provided by you in accordance with Our <a href="/privacy-policy/">Privacy policy</a>.</p>\r\n<p>24.2 We confirm that we shall comply with all relevant UK Data protection rules, regulations and legislation as in force from time to time.</p>\r\n<p>24.3 We will use the personal information you provide to Us to:</p>\r\n<p>(a) provide the Services;</p>\r\n<p>(b) process your payment for such Services; and</p>\r\n<p>(c) inform you about similar products or services that we provide, but you may stop receiving these at any time by contacting Us.</p>\r\n<p>24.4 You agree that We may pass your personal information to the Police or any government authority if requested by them in investigating any illegal activity or to provide information to them concerning any activity carried out by You whilst contracted under these Terms, or if compelled to do so by law or if in our opinion it may protect third party. &nbsp;</p>\r\n<p>24.5 Under The Data Protection Act 1998 you have the right to gain access to all of the confidential personal data that We may hold about you. If you wish to have access to this please contact us <a href="mailto:support@universaltutors.com">support@wizoku.com</a>.</p>\r\n<p>24.6 If you have not had an active account within 7 years we may destroy all information we hold regarding You.&nbsp;</p>\r\n<p>24.7 We will not give your personal data to any other third party other than in accordance with this clause 22.</p>\r\n<h3><strong>25. Complaints Process &amp; Dispute Resolution</strong></h3>\r\n<p>If you have any complaints please email us on <a href="mailto:support@universaltutors.com">support@wizoku.com</a> and we will endeavour to respond to you within 24 hours to confirm how we will deal with this issue.</p>\r\n<h4><strong>25.1. DISPUTES INVOLVING TUTORS</strong></h4>\r\n<p>25.1.1 If at any time you become dissatisfied with any service provided to You by a Tutor or have any complaint generally you must immediately notify Us by telephone and by email <a href="mailto:support@universaltutors.com">support@wizoku.com</a>.</p>\r\n<p>25.1.2 Should We require any information or documentation from you regarding any complaint or dispute as set out above You must immediately provide this to us.</p>\r\n<p>25.1.3 You hereby confirm that you will cooperate fully with Us in any attempts to resolve any complaint or dispute.</p>\r\n<p>25.1.4 Should any dispute or complaint against You arise we reserve Our right to immediately suspend your Account until such time as any issue is resolved. We reserve Our right to continue to suspend your Account whilst we carry out any investigation which in Our sole opinion is necessary.</p>\r\n<h4><strong>25.2 DISPUTES BETWEEN US</strong></h4>\r\n<p>25.2.1 If any dispute between us arises other than in accordance with clause 23.1 Us and You shall first attempt to settle the dispute amongst ourselves if we cannot resolve any issue within 7 days of either party being notified in writing of the dispute with sufficient detail to be able to consider it then the parties will attempt to settle it by mediation in accordance with the Centre for Effective&nbsp;Dispute Resolution&nbsp;(CEDR) Model Mediation Procedure.&nbsp;</p>\r\n<p>25.2.2 Unless otherwise agreed between the parties, the mediator will be nominated by CEDR. To initiate the mediation a party must give notice in writing ("ADR notice") to the other party to the&nbsp;dispute&nbsp;requesting a mediation. A copy of the request should be sent to CEDR. The mediation will start not later than 28 days after the date of the ADR notice. No party may commence any court proceedings in relation to any&nbsp;dispute&nbsp;arising out of this agreement until it has attempted to settle the&nbsp;dispute&nbsp;by mediation and either the mediation has terminated or the other party has failed to participate in the mediation, provided that the right to issue proceedings is not prejudiced by a delay.</p>
2	terms_and_conditions_tutor		<h3><strong>Background</strong></h3>\r\n<p>Wizoku have agreed to provide a platform to connect tutors with students and provide the facilities for them to engage in online tutoring sessions.</p>\r\n<p>You must ensure that you have reviewed these Tutor Terms (as defined below) in respect of your provision of services as a tutor, in detail and ensure that you understand them and agree to them before ticking the box below to confirm your acceptance. You will then need to complete a registration form to be sent to us.&nbsp;</p>\r\n<p><strong>Us, We, Our&nbsp;</strong>means wizoku and / or Minerva Education Limited whose registered office is c/o Shelley Stock Hutter LLP, 1<sup>st</sup>&nbsp;Floor, 7-10 Chandos Street, London, W1G 9DQ.</p>\r\n<p><strong>You</strong>:&nbsp; you as a tutor with the necessary qualifications and experience to provide online tuition services.</p>\r\n<h3><strong>1. Definitions&nbsp;</strong></h3>\r\n<p>1.1 When the following words with capital letters are used in these Terms, this is what they will mean:</p>\r\n<p><strong>Abus</strong>e: this means but is not limited to the breach of these Tutor Terms and the use of&nbsp; the Site in any which in Our opinion is unreasonable. &nbsp;</p>\r\n<p><strong>Code of Conduct:&nbsp;</strong>The&nbsp;<a href="/code-of-conduct/" target="_blank">Code of Conduct</a>&nbsp;that the Tutors agree to abide by set out in the Schedule attached to these Terms.</p>\r\n<p><strong>Confidential Information</strong>: any information provided by Us to You including but not limited to any information relating to a Student including their personal information, any information regarding Us, any Site log in information any information which could reasonably be considered to be confidential in nature.&nbsp; &nbsp;</p>\r\n<p><strong>Contract</strong>: the time period during which you will provide online tuition services to a Student as agreed between You and the Student via the Site.&nbsp;</p>\r\n<p><strong>Fee:&nbsp;</strong>The fee set by you and notified to us in writing and agreed with the Student in advance for each Tutor Session. The fee for a Tutor Session shall not be less that &pound;10 for a 30 minute Tutor Session and there after &pound;5 per 15 minutes.</p>\r\n<p><strong>Initial Session,</strong>&nbsp;In respect of a Tutor Session that has been booked for a time period of 30 minutes the Initial Session is a five minute period, for a Tutor Session that has been booked for a time period in excess of 30 minutes then the Initial Session is a ten minute period which You agree to provide at no cost to the Student. After the Initial Session has lapsed the Student can decide whether to proceed with the Session by confirming by ticking the pop up box if they decide to proceed then the session will become chargeable.&nbsp;</p>\r\n<p><strong>Paypal Account:&nbsp;</strong>your nominated paypal account into which payment for the services provided by you can be paid.&nbsp;<strong>&nbsp;</strong></p>\r\n<p><strong>Student</strong>&nbsp;a third party (or if they are a minor their parent or guardian) who has entered into a contract with Us for the provision of online tuition services by You.</p>\r\n<p><strong>Tutor:&nbsp;</strong>this is a tutor who has registered with Us and has received confirmation from Us in writing (to include email) that their Account has been activated and they will be eligible to provide tutoring services through the Site .</p>\r\n<p><strong>Tutor Account:&nbsp;</strong>the Account set up in Your name where all material uploaded to the virtual classroom will be saved and be accessible by You or Us for a minimum of 3 months following completion of the Session in question. This includes (a non-exhaustive list) a recording of the Session to include Instant Messaging, audio and whiteboard activity but not video. (If the Account is accessed at any time during this 3 month period it shall remain active for a further 3 months (the Account can be re-set unlimited times, at the discretion of wizoku).</p>\r\n<p><strong>Tutor Session:&nbsp;</strong>a Tutor Session is the period when you are providing tutoring services to the Student. Each Session shall last for a minimum of two periods (each period is 15 minutes). Other than the required minimum You and the Student can agree the length of the Tutor Session but the session must be in a multiple of 15 minutes.</p>\r\n<p><strong>Tutor Terms:</strong>&nbsp;these terms and conditions and any policies referred to therein. &nbsp; &nbsp;</p>\r\n<p><strong>Site:</strong>&nbsp;<a href="/">www.wizoku.com</a>&nbsp;</p>\r\n<p>1.2 When We use the words "writing" or "written" in these Terms, this will include e-mail unless We say otherwise.</p>\r\n<p>1.3 Clause headings are for ease of reference only and are not intended to form part of to in any way to affect the meaning, interpretation of these Tutor Terms.</p>\r\n<p>1.4 A person includes a natural person, a corporate or unincorporated body (whether or not having a separate legal personality). Unless context otherwise requires, words in the singular include the plural and in the plural include the singular. Unless the context otherwise requires, a reference to one gender includes a reference to the other genders.</p>\r\n<p>1.5 A reference to a particular statute, statutory provision or subordinate legislation is a reference to it as it is in force from time to time taking account of any amendment or re-enactment and includes any statute, statutory provision or subordinate legislation which it amends or re-enacts and subordinate legislation for the time being in force made under it.</p>\r\n<p>1.6 Where the words&nbsp;<strong>include(s)</strong>,&nbsp;<strong>including&nbsp;</strong>or&nbsp;<strong>in particular</strong>&nbsp;are used in these Tutor Terms, they are deemed to have the words "without limitation" following them.</p>\r\n<p>1.7 Any obligation in these Tutor Terms on a person not to do something includes an obligation not to agree or allow that thing to be done.</p>\r\n<p>1.8 Where the context permits,&nbsp;<strong>other</strong>&nbsp;and&nbsp;<strong>otherwise</strong>&nbsp;are illustrative and shall not limit the sense of the words preceding them.</p>\r\n<h3><strong>2. Registration</strong></h3>\r\n<p>You must register on the Site by<strong>&nbsp;<a href="/account/signup/tutor/">http://wizoku.com/account/signup/tutor/</a></strong></p>\r\n<h3><strong>3. Acceptance by wizoku</strong></h3>\r\n<p>We will notify You by email if your registration has been accepted and confirm that your Account is now live and can be accessed by you.</p>\r\n<h3><strong>4. Providing online Tutoring services and compliance with wizoku requirements&nbsp;</strong></h3>\r\n<p>You confirm that you will comply with all of our policies including the&nbsp;<a href="/code-of-conduct/" target="_blank">Code of Conduct</a>&nbsp;(set out in the schedule to these Terms) and these Terms themselves.</p>\r\n<h3><strong>5. If there is a problem with the services</strong></h3>\r\n<p>5.1 In the unlikely event that there is any defect with the Services&nbsp;</p>\r\n<p>a) please contact Us and tell Us as soon as reasonably possible;</p>\r\n<p>b) please give Us a reasonable opportunity to repair or fix any defect; and</p>\r\n<p>c) We will use every effort to repair or fix the defect as reasonably practicable and, in any event, within 7 days.&nbsp;You will not have to pay for Us to repair or fix a defect with the Services under this clause 5.1.</p>\r\n<p>5.2 As a consumer, you have legal rights in relation to Services not carried out with reasonable skill and care, or if the materials We use are faulty or not as described. Advice about your legal rights is available from your local Citizens' Advice Bureau or Trading Standards office. Nothing in these Terms will affect these legal rights.</p>\r\n<h3><strong>6. Employment status&nbsp;</strong></h3>\r\n<p>6.1 You confirm that the relationship between You and Us will be that of independent contractor and nothing in these Tutor Terms will render You an employee, worker, agent or partner of Us and You shall not hold yourself out as such.</p>\r\n<p>6.2 As an independent contractor you confirm that you are self employed under these Tutor Terms and that You are solely responsible to HMRC (or the equivalent tax body in the jurisdiction where you are domiciled) for all and any matters relating to tax including income tax, Vat, National Insurance contributions (or the equivalent if you are not domiciled in the UK for tax purposes).</p>\r\n<p>6.3 You shall contract directly with the Student through the Site.</p>\r\n<p>6.4 You must ensure that you keep a complete and up to date record of all and any payments made to you to enable you to complete your annual tax returns and to comply with any relevant legislation.</p>\r\n<p>6.5 In accordance with paragraphs 6.1 - 6.3 above you are fully responsible and shall fully indemnify Us for and in respect of:-</p>\r\n<p>a) any income tax, National Insurance and social security contributions and any other liability, deduction, contribution, assessment or claim arising from or made in connection with any performance of any services in accordance with these Tutor Terms, where the recovery is not prohibited by law.&nbsp;</p>\r\n<p>b) You shall further indemnify Us against all reasonable costs, expenses and any penalty, fine or interest incurred or payable by Us in connection with or in consequence of any such liability, deduction, contribution, assessment or claim;</p>\r\n<p>c) any liability arising from any employment-related claim or any claim based on worker status (including reasonable costs and expenses) brought by You against Us arising out of or in connection with the provision of any services provided under these Tutor Terms.</p>\r\n<p>6.6 The Client may at its option satisfy such indemnity (in whole or in part) by way of deduction from any payments due to the Tutor.</p>\r\n<p>6.7 We may at our option satisfy such indemnity (in whole or in part) by way of deduction from any payments due to it in accordance with these Tutor Terms.</p>\r\n<p>6.8 We are not obligated to introduce any Student to You and You are not obligated to accept any Student introduced by Us. All Tutor Sessions are booked through the Site's booking system. If you after consideration take the decision not to accept a particular Student this will not preclude you from being offered further introductions by Us. &nbsp;</p>\r\n<h3><strong>7. Fees</strong></h3>\r\n<p>7.1 Wizoku shall send any fees that you are due (<strong>Fees</strong>) directly to your Paypal Account on a monthly basis on 1<sup>st</sup>&nbsp;of month or nearest business day.&nbsp;</p>\r\n<p>7.2 You shall be entitled to withdraw any funds from your Account at any time but you will be required to pay an administrative fee of 3.4% of the total plus &pound;0.20 or $0.30 or &euro;0.30 to Paypal each time you withdraw funds from your Account.</p>\r\n<p>7.3 You shall be entitled to set the fee for any Tutor Session and agree the same with the Student. The fee paid to you will be the amount agreed and notified to us for each Tutor Session you complete, less 20% which shall be retained by Us in respect of our fee for allowing you to utilise the Site and to meet Students and potential Students through the Site.&nbsp;</p>\r\n<p>7.4 You agree that We will keep records as to how many Tutor Sessions you complete and the Fees will be paid accordingly.&nbsp;</p>\r\n<h3><strong>8. Dispute resolution</strong></h3>\r\n<h4><strong>8.1 DISPUTES INVOLVING STUDENTS</strong></h4>\r\n<p>a) If at any time you are aware of any Student having any dispute with Us, or becoming dissatisfied with any service provided to them by You or having any complaint generally you must immediately notify Us by telephone and by email&nbsp;<a href="mailto:support@universaltutors.com">support@wizoku.com</a>.</p>\r\n<p>b) Should We require any information or documentation from you regarding any complaint or dispute as set out above You must immediately provide this to us.</p>\r\n<p>c) You hereby confirm that you will cooperate fully with Us in any attempts to resolve any complaint or dispute.</p>\r\n<p>d) Should any dispute or complaint against You arise we reserve Our right to immediately suspend your Tutor Account until such time as any issue is resolved. We reserve Our right to continue to suspend your Tutor Account whilst we carry out any investigation which in Our sole opinion is necessary.</p>\r\n<p>e) We reserve the right to withhold payment of Fees to You until any dispute or complaint has been resolved.</p>\r\n<p>f) If We issue any Student with a refund for any sums paid in relation to any Tuition Session with You, as a result of You breaching these Tutor Terms&nbsp; or we make an error in respect of any payment of Fees, you shall immediately refund to us the fee you have received in respect of any such session. We reserve the right to deduct any such amount from any future Fees to be paid to you.&nbsp;<strong><em>&nbsp;</em></strong></p>\r\n<h4><strong>8.2 DISPUTES BETWEEN US</strong></h4>\r\n<p>a) If any dispute between us arises other than in accordance with clause 8.1 Us and You shall first attempt to settle the dispute amongst ourselves if we cannot resolve any issue within 7 days of either party being notified in writing of the dispute with sufficient detail to be able to consider it then the parties will attempt to settle it by mediation in accordance with the Centre for Effective&nbsp;Dispute Resolution&nbsp;(<strong>CEDR</strong>) Model Mediation Procedure.&nbsp;</p>\r\n<p>b) Unless otherwise agreed between the parties, the mediator will be nominated by CEDR. To initiate the mediation a party must give notice in writing ("ADR notice") to the other party to the&nbsp;dispute&nbsp;requesting a mediation. A copy of the request should be sent to CEDR. The mediation will start not later than 28 days after the date of the ADR notice. No party may commence any court proceedings in relation to any&nbsp;dispute&nbsp;arising out of this agreement until it has attempted to settle the&nbsp;dispute&nbsp;by mediation and either the mediation has terminated or the other party has failed to participate in the mediation, provided that the right to issue proceedings is not prejudiced by a delay.</p>\r\n<h3><strong>9. Tutor Session&nbsp;</strong></h3>\r\n<p>9.1 If You accept a Student and agree to provide them with online Tutoring in accordance with these Tutor Terms You accept that a Tutor Session shall be recorded and may be cancelled by either You or the Student at any time prior to the Tutor Session commencing.&nbsp;</p>\r\n<p>9.2 You must provide each Student with 5 minutes of online Tutoring at no cost (if the Tutor Session is for a period of 30 minutes) or with 10 minutes of online Tutoring at no costs if the Tutor Session is for a period in excess of 30 minutes), if after the applicable 5 or 10 minutes either You or the Student decides that they do not wish to continue they or You may cancel the Tutor Session and no charge will be made. However if the Tutor Session continues past the Initial Period then the Student will be obligated to pay for an entire Tutor Session. However for the avoidance of doubt if you leave before the end of a Tutor Session it is at wizoku's sole discretion whether a class has been completed or not.</p>\r\n<p>9.3 Should You wish to cancel a Tuition Session you must do so by clicking on the "Cancel Class" button in your Account. If possible You should provide a reason for cancellation. If a Student cancels it is their responsibility to notify us.</p>\r\n<p>9.4 Student is only obligated to pay for a Tutor Session which has completed (unless the Student cancels or leaves the Session early and no dispute is raised).&nbsp;</p>\r\n<p>9.5 If you fail to attend any pre arranged Tutor Session without cancelling in accordance with clause 9.3 We may at our sole discretion cancel any agreement between Us and You under these Tutor Terms.&nbsp;</p>\r\n<p>9.6 If a Student fails to attend a Tutor Session or if they leave a Tutor Session after the have confirmed they wish to continue past the Initial Period then they will be charged in full for the Tutor Session.</p>\r\n<h3><strong>10. Confidentiality</strong></h3>\r\n<p>10.1 You undertake to Us to keep confidential any information that you have acquired about Us or any Student introduced by us to You and to use any information that you have acquired only for the purposes contemplated by these Tutor Terms.</p>\r\n<p>10.2 You do not have to keep confidential or to restrict Your use of&nbsp;</p>\r\n<p>a) information that is or becomes public knowledge other than as a direct or indirect breach of any terms of these Tutor Terms; or</p>\r\n<p>b) any information that you are required by law or any regulatory body (including any taxation authority) or legislation to disclose;</p>\r\n<p>c) any information that we provide you with our written consent that you can disclose.</p>\r\n<h3><strong>11. Intellectual property rights</strong></h3>\r\n<p>11.1 You acknowledge that whilst providing Tutor Session We have the right to record these both for our own purposes and for those of the students.</p>\r\n<p>11.2 You hereby agree and accept that We shall be entitled to record, store and use the recordings in anyway We see fit.</p>\r\n<p>11.3 You agree that You will not breach any third party intellectual property rights in any way whilst providing any services under these Tutor Terms, including but not limited to using any copyrighted material without the necessary consent or license or uploading to the Site any such copyrighted information or documentation.</p>\r\n<p>11.4 Should you upload any materials to the Site you confirm that you grant to Us an irrevocable non-exclusive licence to use these materials.&nbsp;</p>\r\n<p>11.5 You have no right to use, modify, copy or distribute, adapt or alter or in any way deal with any intellectual property owned by Us without our prior written approval. For the avoidance of doubt this includes any software used by us, content on the Site and our name.&nbsp;</p>\r\n<h3><strong>12. Events Outside Our Control</strong></h3>\r\n<p>12.1 We will not be liable or responsible for any failure to perform, or delay in performance of, any of Our obligations under these Tutor Terms that is caused by an Event Outside Our Control.&nbsp;</p>\r\n<p>12.2 An Event Outside Our Control means any act or event beyond Our reasonable control, including without limitation strikes, lock-outs or other industrial action by third parties, civil commotion, riot, invasion, terrorist attack or threat of terrorist attack, war (whether declared or not) or threat or preparation for war, fire, explosion, storm, flood, earthquake, subsidence, epidemic or other natural disaster, or failure of public or private telecommunications networks.</p>\r\n<p>12.3 If an Event Outside Our Control takes place that affects the performance of Our obligations under these Tutor Terms:&nbsp;</p>\r\n<p>a) We will contact you as soon as reasonably possible to notify you; and</p>\r\n<p>b) Our obligations under these Tutor Terms will be suspended and the time for performance of Our obligations will be extended for the duration of the Event Outside Our Control. Where the Event Outside Our Control affects Our performance of Services to you, We will restart the Services as soon as reasonably possible after the Event Outside Our Control is over.</p>\r\n<p>12.4 You may cancel the contract if an Event Outside Our Control takes place.&nbsp;</p>\r\n<h3><strong>13. Our termination rights</strong></h3>\r\n<p>13.1 We reserve the right to terminate any agreement with you in accordance with these Tutor Terms immediately if you breach any term of the Tutor Terms or;</p>\r\n<p>a) If you provide us with any information and we subsequently discover that it is incomplete, untrue, inaccurate, false or out of date;</p>\r\n<p>b) Your performance as an online tutor is in our opinion not satisfactory;</p>\r\n<p>c) You act in any way that may bring us into disrepute;</p>\r\n<p>d) You are convicted of any criminal offence or are the subject of any type of enquiry or investigation which in our opinion could affect your role as an online tutor.</p>\r\n<p>e) You fail to carry out your duties.&nbsp;</p>\r\n<p>13.2 For the avoidance of doubt if we terminate under clause 13.1 (a) - (e) You shall not be entitled to any compensation for termination but We shall pay You for any Tutoring Sessions already undertaken for which there are no disputes or complaints.</p>\r\n<h3><strong>14. CRB</strong></h3>\r\n<p>14.1&nbsp;<strong>Disclosure Information&nbsp;</strong>- is Our request to You and Your compliance to Us of all information revealing Your criminal history as required when applying for a Criminal Records Bureau (<strong>CRB</strong>)check&nbsp;</p>\r\n<p>14.2 A CRB check is a background check that is performed by the Criminal Records Bureau. It is essential that all people working with children or vulnerable adults are able to produce a current clear 'enhanced disclosure' before taking up their post or in this situation before providing tutoring services as contemplated by these Terms.</p>\r\n<p>14.3 Current legislation does not allow individuals or the self-employed to apply for a CRB check themselves. However We can assist you with Your application. We can pass Your details to MG Care Executive of Unit 4 Gidleys Meadow, Christow, Exeter, Devon, EX6 7QB which is an agency that will be happy to apply on your behalf. You must provide us with such Disclosure Information We request before the CRB check is carried out. We may ask for additional information where necessary.&nbsp;</p>\r\n<p>14.4 We strongly advise you to make sure an application is made as soon as possible, even if you do not intend to start teaching straight away.</p>\r\n<p>14.5 If you are based outside of the UK you will need to apply for the equivalent in your home jurisdiction. In this situation please contact us directly and we will discuss this with you.</p>\r\n<p>14.6 The CRB Check will be funded by you.</p>\r\n<p>14.7 You must immediately inform us in writing of any criminal conviction you receive whilst registered with Us or of anything that may affect the CRB check were you to apply for an up to date CRB check.</p>\r\n<p>14.8 You agree to provide Us with a copy of the CRB check.</p>\r\n<p>14.9 You will provide us with an up to date CRB check on request from Us.</p>\r\n<p>14.10 You agree not to accept any Students via the site without first undergoing a CRB check.</p>\r\n<h3><strong>15. Liability, limitation and other exclusions</strong></h3>\r\n<p>15.1 You shall keep Us fully indemnified in full against all costs, expenses, damages and losses (whether direct or indirect), including any interest, fines, legal and other professional fees and expenses awarded against or incurred or paid by Us as a result&nbsp;of&nbsp;or in connection with:</p>\r\n<p>a) any claim made against Us by a third party, including for the avoidance of doubt any Student, arising out&nbsp;of, or in connection with, the provision by you on Online Tutoring services or in anyway connected to any agreement between us or under these Tutor Terms;</p>\r\n<p>b) any claim brought against us for actual or alleged infringement of a third party's intellectual property rights arising out of or in connection arising out&nbsp;of, or in connection with, the provision by you on Online Tutoring services or in anyway connected to any agreement between us or under these Tutor Terms;</p>\r\n<p>15.2 You agree that subject to clause 15.3 We shall not be liable in contract, tort or negligence, statutory duty or otherwise, for any direct, indirect, special or consequential loss or damage whatsoever or howsoever arising from or in any way connected to any agreement entered into between Us and You, in connection with the provision of Online Tutoring Services or under these Tutor Terms, including without limitation (whether direct or indirect) damage for loss of business, loss of profits, financial loss of or any damage to any software or date or other intangible assets, loss of or damage to any equipment, software, hardware or property and including any loss that may not be reasonably foreseeable even where we have been notified of any such potential loss. &nbsp;</p>\r\n<p>15.3 Nothing in this clause shall limit or exclude any liability for death or personal injury if caused by negligence, nor for fraudulent misrepresentation or other liability which may not be lawfully excluded or limited under applicable law.</p>\r\n<p>15.4 Each of the exclusions of liability listed above in clause 15.2 shall be construed separately, and if any one or more is found to be unenforceable the others shall still remain in full force and effect.</p>\r\n<p>15.5 Other than in accordance with the terms of these Tutor Terms Our total liability (including any interest) in contract, tort (including negligence or breach of any statutory duty) shall be limited to the amount paid to You under these Terms in a one year period or part thereof if your initial Tutor Session was less than one year from the date the liability arose.</p>\r\n<h3><strong>16. Information about us and how to contact us</strong></h3>\r\n<p>16.1 We are a company registered in England and Wales. Our company registration number is 7889415 and Our registered office is at c/o Shelley Stock Hutter LLP, 1st Floor, 7-10 Chandos Street, London, W1G 9DQ.&nbsp;</p>\r\n<p>16.2 If you have any questions or if you have any complaints, please contact Us. You can contact Us by e-mailing Us at&nbsp;<a href="mailto:support@universaltutors.com">support@wizoku.com</a>.</p>\r\n<p>16.3 If you wish to contact Us in writing, or if any clause in these Terms requires you to give Us notice in writing (for example, to cancel the contract), you can send this to Us by e-mail to support@wizoku.com. We will confirm receipt of this by contacting you in writing. If We have to contact you or give you notice in writing, We will do so by e-mail, by hand, or by pre-paid post to the address you provide to Us.&nbsp;</p>\r\n<h3><strong>17. How we may use your personal information</strong></h3>\r\n<p>17.1 You will provide us with certain data and personal information in accordance with these Tutor Terms. You agree that we shall be entitled to use any data provided by you in accordance with Our&nbsp;<a href="/privacy-policy/">Privacy policy</a>.</p>\r\n<p>17.2 We confirm that we shall comply with all relevant UK Data protection rules, regulations and legislation as in force from time to time.</p>\r\n<p>17.3 We will use the personal information you provide to Us to:</p>\r\n<p>a) provide the Services;</p>\r\n<p>b) process your payment for such Services; and</p>\r\n<p>c) inform you about similar products or services that We provide, but you may stop receiving these at any time by contacting Us.</p>\r\n<p>17.4 You agree that We may pass your personal information to the Police or any government authority if requested by them in investigating any illegal activity or to provide information to them concerning any activity carried out by You whilst contracted under these Tutor Terms, or if compelled to do so by law or if in our opinion it may protect third party. &nbsp;</p>\r\n<p>17.5 Under The Data Protection Act 1998 You have the right to gain access to all of the confidential personal data that We may hold about you. If you wish to have access to this please contact us&nbsp;<strong><em>support@wizoku.com</em></strong>.</p>\r\n<p>17.6 If You have not had an active account within 7 years we may destroy all information we hold regarding You.&nbsp;</p>\r\n<p>17.7 We will not give your personal data to any other third party other than in accordance with this clause 17.</p>\r\n<h3><strong>18. Other important terms</strong></h3>\r\n<p>18.1 We reserve Our right to modify or discontinue, temporarily or permanently, any of these Tutor Terms or any service we provide to any Student without notice to you and You accept and confirm that we shall have no liability to You for any modification or discontinuance.&nbsp;</p>\r\n<p>18.2 We may without reference or notice to You transfer or assign Our rights and obligations under these Tutor Terms to any another third party or organisation.&nbsp;</p>\r\n<p>18.3 You may not transfer or assign your rights or your obligations under these Tutor Terms.&nbsp;</p>\r\n<p>18.4 The contract is between You and Us. No other person shall have any rights to enforce any of its terms.&nbsp;</p>\r\n<p>18.5 Nothing in the Tutor Terms is intended to, or shall be deemed to constitute a partnership or joint venture of any kind between Us and You, nor appoint either Us or You the other's agent for any purpose.</p>\r\n<p>18.6 We have the following security on the Site:- cross site scripting (xss) protection, cross site request forgery (CSRF) protection, SQL injection protection. Clickjacking protection. All passwords are hashed.&nbsp;</p>\r\n<p>18.7 Each of the paragraphs of these Terms operates separately. If any court or relevant authority decides that any of them are unlawful, the remaining paragraphs will remain in full force and effect.</p>\r\n<p>18.8 If We fail to insist that you perform any of your obligations under these Terms, or if We do not enforce Our rights against you, or if We delay in doing so, that will not mean that We have waived Our rights against you and will not mean that you do not have to comply with those obligations. If We do waive a default by you, We will only do so in writing, and that will not mean that We will automatically waive any later default by you.&nbsp;</p>\r\n<p>18.9 These Tutor Terms and any policies referred to in them together with the registration form shall constitute the entire agreement between Us and You and shall supersede all previous agreements. &nbsp;</p>\r\n<p>18.10 These clauses shall continue in force following the termination of this agreement, 8 Dispute Resolution, 10 Confidentiality, 11 Intellectual Property Rights15 Limitation of Liability 18.11 Jurisdiction.<strong><em>&nbsp;</em></strong></p>\r\n<p>18.11 These Terms are governed by English law. You and We both agree to submit to the exclusive jurisdiction of the English courts.</p>\r\n<h3><strong><br /></strong></h3>\r\n<h3><strong>Schedule - Code of Conduct</strong></h3>\r\n<p>1. All information provided to wizoku by the Tutor about him or herself shall be true, accurate, complete, up to date and not misleading. If this information changes at any time the Tutor shall as soon as possible provide updated information to wizoku.</p>\r\n<p>2 The Tutor shall be at least eighteen years of age and has the necessary qualification and experience to provide the tuition in the subject(s) he or she offers in their profile on the Site;</p>\r\n<p>3. The Tutor shall comply with clause 14 - CRB.</p>\r\n<p>4. The Tutor shall not provide to any Student any identifying information including, but not limited to, phone number, e-mail address, postal address or website address; nor shall</p>\r\n<p>5. The Tutor request from any Student any information that could allow the Student to be personally identified including, but not limited to, phone number, e-mail address, home address, postal address, web-site address or details of any organisation, school or body of which he or she is a member;</p>\r\n<p>6. If a Student supplies or attempts to supply any personal information including but not limited to the information set out in paragraph 5 above the Tutor shall immediately notify wizoku.</p>\r\n<p>7. No material used by the Tutor in the course of provision of online tutoring services will be offensive or defamatory and it will not infringe any UK laws or any applicable foreign laws (including laws relating to copyright);</p>\r\n<p>8. All Students will be treated with respect and the Tutor shall participate fully and professionally in all applicable online tutoring sessions.</p>
3	terms_and_conditions_parent		<p>Relating to the use of the wizoku Website and any Services provided by wizoku.</p>\r\n<h3>1. Interpretation</h3>\r\n<p>The definitions in this clause apply to these Terms.<br />Headings do not affect the interpretation of these Terms.</p>\r\n<p><strong>Cooling Off Period:</strong>&nbsp;the period of 7 working days commencing on the day after the date of creation of a binding contract between You and wizoku in accordance with clause 11.1.</p>\r\n<p><strong>Contract:</strong>&nbsp;means a Contract between You and Us as set out in clause 9 of these Terms.</p>\r\n<p><strong>Initial Session:</strong>&nbsp;In respect of a Tutor Session that has been booked for a time period of 30 minutes the Initial Session is a five minute period, for a Tutor Session that has been booked for a time period in excess of 30 minutes then the Initial Session is a ten minute period which the Tutor provides at no cost to the Student. After the Initial Session has lapsed the You can decide whether to proceed with the Session by confirming by ticking the pop up box if You decide to proceed then the session will become chargeable.</p>\r\n<p><strong>Privacy Policy:</strong>&nbsp;means the wizoku privacy policy from time to time in force&nbsp;(<a href="/privacy-policy/">http://wizoku.com/privacy-policy/</a>).</p>\r\n<p><strong>Service:</strong>&nbsp;the provision of online tutoring and support for Students including but not limited to the provision of online Tutors, Virtual Classrooms, enabling software and general website functionality accessed via the wizoku Website. The Site allows independent Tutors to advertise their tutoring services to you. You can book a tuition session with the Tutor you have chosen through the website. For the avoidance of doubt all Tutors and self employed and wizoku accepts no responsibility for any Tutor nor any service provided by them.</p>\r\n<p><strong>Student:</strong>&nbsp;means you or a minor on whose behalf you are contracting.</p>\r\n<p><strong>Student Account:</strong>&nbsp;an account which is created by You and holds all Student information, content and resources and can be accessed by You via Your Account and by using your unique username and password.</p>\r\n<p><strong>Terms:</strong>&nbsp;these terms and conditions and any other document or policy referred to in these terms and conditions.</p>\r\n<p><strong>Tuition Session:</strong>&nbsp;means a pre-booked tutorial with a Tutor in a Virtual Classroom which shall be for a minimum of 30 minutes and there after for time periods of 15 minutes.</p>\r\n<p>Tutor: a self-employed tutor who is registered on the Website who provides online tuition to Students via the Website.</p>\r\n<p><strong>Wizoku:</strong>&nbsp;<a>www.wizoku.com</a>&nbsp;and we, our or us. References to wizoku in these Terms shall be deemed to be a reference to Minerva Education Limited whose registered office is c/o Shelley Stock Hutter, 1st Floor, 7-10 Chandos Street, London, W1G 9DQ.</p>\r\n<p><strong>User Content:</strong>&nbsp;content (including without limitation materials, information, communications and ideas) in any format which is communicated, uploaded or otherwise transmitted or posted by You to the website by any means.</p>\r\n<p><strong>Virtual Classroom:</strong>&nbsp;the live internet broadcast within the Website where You and the Tutor meet at a pre-arranged time to take part in a private Tuition Session.</p>\r\n<p><strong>Website:</strong>&nbsp;<a>www.wizoku.com</a>&nbsp;and any software or content which is available for download from the Website.</p>\r\n<p><strong>WebSite Content:</strong>&nbsp;all other information contained in or published on the wizoku website other than information communicated, uploaded, transmitted or published by You.</p>\r\n<p><strong>You:</strong>&nbsp;the Student or the person (including a minor) on whose behalf you are contracting.</p>\r\n<p><strong>Your Account:</strong>&nbsp;means the Student Account.</p>\r\n<p>1.1. All and any business undertaken by wizoku and You is transacted subject to these Terms. In the event of any conflict between these Terms and any other terms and conditions, these Terms shall prevail unless expressly otherwise agreed in writing by us. No variation of these Terms shall be valid if made without the written consent of wizoku. These Terms shall supersede any previous Terms.</p>\r\n<p>1.2. Offer and acceptance: By clicking the acceptances box, we accept your offer and at which point and on which date the Contact shall come into existence. If you are a parent, guardian, or other person contracting on behalf of a minor to access the Service, you confirm and represent that you have the authority to do so and agree to be primarily liable for any liability whatsoever arising from the acts or omissions of such minor.</p>\r\n<h2>2. The Service</h2>\r\n<p>2.1. Through the Website and using the Service, Students can connect with independent, self-employed Tutors who provide Tuition Sessions in Virtual Classrooms. The Service includes, without limitation, the provision of:</p>\r\n<p>2.1.1. the opportunity to review profiles of tutors in a number of different subjects; and<br />2.1.2. to contract with a Tutor who will provide online tuition by a Tutor in a Virtual Classroom;</p>\r\n<p>2.1.2.1. You are solely responsible for all service, telephony and/or other fees and costs associated with Your access to and use of the Service; for obtaining and maintaining all telephone, computer hardware and other equipment required for such access and use; and for procuring, maintaining and paying for the latest available version of security software to protect against the transmission of viruses and other computer malware during Your access to and use of the Service.</p>\r\n<p>2.2. As an online service wizoku may periodically be unavailable as we perform regular maintenance and upgrades. Where reasonably possible, these activities shall be notified to You by posting any such changes on the Website. However, wizoku makes no warranty, guarantee or representation as to, and accepts no liability for, the availability or suitability of the Website and/or the Service</p>\r\n<p>2.3 Wizoku may vary the Services at any time (including but not limited to) to:</p>\r\n<p>(a) comply with any legal, statutory or regulatory requirements;<br />(b) change the fees payable in respect of the Services;<br />(c) withdraw any Service Features;<br />(d) maintain the integrity of security of the Services.</p>\r\n<h3>3. Registration</h3>\r\n<p>To use the Service, You will need to:</p>\r\n<p>(a) register on the Website and set up an account with a username and password (the&nbsp;<br />information provided by You will be stored and used in accordance with the Privacy Policy&nbsp;(<a href="/privacy-policy/">http://wizoku.com/privacy-policy/</a>);</p>\r\n<p>(b) pay the fees in accordance with clause 4 in order to take a Tuition Session;</p>\r\n<h3>4. Payment</h3>\r\n<p>4.1 When booking a Tuition Session you accept the fees for the Tuition Session advised to you in writing by the Tutor (Fees);&nbsp;<br />4.2 For the avoidance of doubt the Fee charged by the Tutor to You for a Tuition Session will not be less than &pound;5 for a 30 minute Tuition Session and there after &pound;2.50 per 15 minutes.</p>\r\n<p>4.3 You shall make payment, in accordance with the instructions on the Website, for any Tuition Sessions or other products and services offered by wizoku in advance of the Services or products being provided.</p>\r\n<p>4.4 Twenty percent (20%) of Fees paid shall be to Us in respect of the provision of the Virtual Classroom, access to the Website and the remainder is the fee you agree to pay to the Tutor.<br /><br />4.5 Wizoku reserves the right to make changes to the Fees at any time and any such changes shall immediately become effective once posted on the Website unless a booking was made prior to the change in which case the fees for that Tuition Session shall be charged the fees as advised to you in writing by the Tutor at the time of booking.</p>\r\n<h3>5. Tuition Session Monitoring and Recordings</h3>\r\n<p>5.1 Wizoku may record all or any part of a Tuition Session for quality control and other purposes and reserves its rights to review the Tuition Session for any purpose.</p>\r\n<p>5.2 However wizoku are under no obligation to oversee, monitor or moderate any interactive service provided on the Website including the Virtual Classroom, instant messaging and private messaging. and we expressly exclude our liability for any loss or damage arising from the use of any interactive service by a user in contravention of our Terms, whether the service is monitored or not.</p>\r\n<p>5.3 The use of any of our interactive services (including the Virtual Classroom) by a minor is subject to the consent of their parent or guardian. In this situation the parent or guardian hereby agrees to monitor any use of an interactive service by the minor.</p>\r\n<p>5.4 By entering into these Terms You agree that wizoku own all transcripts and recordings of Tuition Sessions and all comments that You may provide to us on or through the Website, the Services or any other means, such as part of user satisfaction or other similar surveys. You hereby agree (where appropriate by way of present assignment of future rights) to assign to wizoku all and/or any rights you may have in any such transcripts and comments.</p>\r\n<p>5.5 Your Tuition Session shall be recorded and the recorded audio, IM and white board activity (but not video) shall be stored in yours and the Tutors account for a minimum period of 3 months. If you access the recording at any time the 3 month period will be extended for a further 3 month period. The time can be extended an unlimited amount of times but this is subject to the sole discretion of wizoku.</p>\r\n<p>5.6 Initial Tutor Sessions</p>\r\n<p>5.6.1 You will be entitled to an Initial Session with a Tutor which will not be charged to You if You decide not to proceed with the Tuition Session.</p>\r\n<p>5.6.2 Once the Initial Session has lapsed a pop up box will appear on the screen if you tick it to confirm you wish to proceed then the Tuition Session will proceed and the Tuition Session will become chargeable in full.</p>\r\n<h3><br />6. Links to other Websites and Services</h3>\r\n<p>6.1 Where the Website contains links to other sites and resources provided by third parties, these links are provided for your information only. Wizoku have no control over the contents of those sites or resources and accept no responsibility for them or for any loss or damage that may arise from your use of them.<br />6.2 Any concerns regarding such links should be emailed to support@wizoku.com.</p>\r\n<h3>7. CRB Checks</h3>\r\n<p>All Tutors registered with Us will be required to have a valid CRB Check from the date that they register with Us.</p>\r\n<h3>8. Conduct in respect of the Website and the Services</h3>\r\n<p>8.1 You may only use and access the Website and use the Services for lawful purposes; and You are prohibited from posting or transmitting to or from the Website any material that it threatening, defamatory, obscene, indecent, seditious, offensive, pornographic, abusive, liable to incite racial hatred, discriminatory, menacing, scandalous, inflammatory, blasphemous, in breach of confidence, in breach of privacy or which may cause annoyance or inconvenience; or<br />(a) for which you have not obtained all necessary licences and / or approvals; or<br />(b) for the any purpose which attempts to or does harm minors in any way; or<br />(c) which constitutes or encourages conduct that would be considered to be a criminal offence, give rise to a civil liability, or otherwise be contrary to the law of or infringe the rights of any third party, in any country in the world; or<br />(d) which is technically harmful (including without limitation, computer viruses, logic bombs, Trojan horses, worms, harmful components, corrupted date or other malicious software or harmful data).</p>\r\n<p>8.2 You must not misuse the Website (including, without limitation, by hacking).<br />8.3 We shall fully co-operate with any law enforcement authorities or court order requesting or directing us to disclose the identity or locate anyone posting any material in breach of clauses 8.1 and 8.2.</p>\r\n<p>8.4 You agree that you:</p>\r\n<p>(a) shall treat the Tutors with respect and not use obscenities in the Virtual Classroom, make threats, or discuss matters other than those directly related to the academic subject for which You seek help; and<br />(b) shall not disclose any information to a Tutor that could be considered personally identifiable information including Your full name, address, telephone number, email address, national insurance number, password or any other information that could be used to identify or locate You. A violation of this agreement may lead to a suspension of Your Account; and&nbsp;<br />(c) will not request, solicit or attempt to solicit any such information from any Tutor and if any Tutor does disclose any such information or suggests any meeting or conversation not through the Website you will immediately report this to wizoku.<br />(d) You acknowledge that we may screen User Content, and that we shall have the right (but not the obligation), in our sole discretion, to remove any User Content. We may terminate any Tuition Session where we consider, in our sole discretion, that a user is uploading or otherwise transmitting inappropriate content. Without limiting the foregoing, we have the right to remove any User Content that violates these Terms or is otherwise, in wizoku&rsquo;s sole opinion, objectionable.</p>\r\n<h3>9. Formation of contract:</h3>\r\n<p>A contract between wizoku and you will be formed when:-</p>\r\n<p>(a) You register or have already registered on the Website; and</p>\r\n<p>(b) We have contacted you to confirm registration was successful. From this point the contact between us will be binding.</p>\r\n<h3>10. Confidential Information</h3>\r\n<p>Whilst accessing the Website you will have access to Website Content and information provided during the Services (Information) You confirm that you will not without wizoku&rsquo;s prior written approval use or disclose this information to any person other than in accordance with these Terms.</p>\r\n<h3>11. Termination</h3>\r\n<p>11.1 We may terminate the Contract in accordance with these Terms at any time by providing You with notice of such termination, which shall be effective immediately upon notification to You.<br />11.2 We may terminate these Terms immediately without notice for any breach by You of these Terms or any policies referred to in these Terms, as posted on the website from time.<br />11.3 You shall be entitled to terminate the session at any time up to 5 minutes into the Session (Initial Period) unless you do not turn up for the Initial Period in which case you will be charged in full for the booked session.<br />11.4 Termination will not affect our outstanding rights, including our right to recover from you any money you owe us under these Terms.&nbsp;<br />11.5 These clauses shall continue in force following the termination or expiration of these Terms, 11 Dispute Resolution, 10 Confidentiality, 8 Conduct, 13 Limitation of Liability, 12 Indemnification and 16 Jurisdiction.&nbsp;<br />11.6 You agree that upon the termination of these Terms, we may block access by you to the Website and prevent You from using the Services.&nbsp;<br />11.7 Upon the termination of these Terms You will immediately destroy any downloaded, printed or otherwise stored Website Content.</p>\r\n<h3>12. Indemnification</h3>\r\n<p>12.1 You agree to indemnify and to hold wizoku harmless in full immediately on demand, against all claims, liability, damages, costs and expenses, including legal fees on an indemnity basis, arising out of:<br />12.1.1 any breach of these Terms<br />12.1.2 the infringement of any intellectual property or other right of any person or entity, or<br />12.1.3 any other liabilities arising out of the use of or access to the website and Service by You or by any other person using Your computer, Your password and/or Your log in details.</p>\r\n<h3>13. Limitation of Liability &ndash; YOUR ATTENTION IS PARTICULARILY DRAWN TO THIS CLAUSE</h3>\r\n<p>13.1 Nothing in these Terms shall limit our liability to you for:-<br />(a) death or personal injury caused by our negligence; or<br />(b) fraud or fraudulent misrepresentation.</p>\r\n<p>13.2 Subject to clause 13.2 we shall under no circumstances whatsoever be liable to you (whether in contract, tort (including negligence) breach of statutory duty or otherwise for any loss of profit or any indirect or consequential loss arising under or in connection with the Contract; and<br />13.3 Our total liability to You in respect of all other losses arising under or in connection with the Contract whether in contract, tort (including negligence) breach of statutory duty or otherwise shall in no circumstances exceed the amount paid by You to us in any one year period or if you contracted with us les than one year from the date of the claim then the amount shall be limited to the amount paid by You to Us during that period.</p>\r\n<h3>14. No Waiver</h3>\r\n<p>No waiver by wizoku shall be construed as a waiver of any preceding or subsequent breach of any provision. Wizoku&rsquo;s failure to exercise or enforce any right or provision of these Terms shall not constitute a waiver of such right or provision unless acknowledged and agreed to by wizoku in writing.</p>\r\n<h3>15. Entire Agreement</h3>\r\n<p>These Terms constitute the entire agreement between us and supersedes any previous agreement between us.</p>\r\n<h3>16. Jurisdiction</h3>\r\n<p>These Terms shall be governed by English law and both parties agree to submit to the exclusive jurisdiction of the English Courts.</p>\r\n<h3>17. Assignment</h3>\r\n<p>17.1 Wizoku may transfer, assign or subcontract Our rights and obligations under these Terms to any other party without notice to you.<br />17.2 You may not transfer, assign or subcontract any of your rights and obligations under these Terms other than in accordance with these Terms or if previously agreed by us in writing.</p>\r\n<h3>18. Third party rights</h3>\r\n<p>Save in respect of a minor whose parent or guardian has contracted on their behalf, a person who is not a party to this Agreement shall not have any rights under or in connection with it.</p>\r\n<h3>19. No partnership or agency</h3>\r\n<p>Nothing in this Agreement is intended to, or shall be deemed to, constitute a partnership or joint venture of any kind between any of the parties, nor constitute any party the agent of another party for any purpose unless expressly provided in these terms and conditions.</p>\r\n<h3>20. Force majeure</h3>\r\n<p>Wizoku shall not be in breach of these Terms nor liable for delay in performing, or failure to perform, any of its obligations under this agreement if such delay or failure result from events, circumstances or causes beyond its reasonable control.&nbsp;In such circumstances&nbsp;wizoku shall be entitled to a reasonable extension of the time for performing such obligations, provided that if the period of delay or non-performance continues for 14 days, you may terminate the Contract by giving 7 days written notice to wizoku.</p>\r\n<h3>21. Severability</h3>\r\n<p>If any provision of this Agreement may prove to be invalid or unenforceable in any way, the other provisions of this Agreement and the remainder of the provision in question shall remain in full force and effect.</p>\r\n<h3>22. Cancellation</h3>\r\n<p>You shall be entitled to terminate a Tuition Session at any time up to 5 minutes into the Session (Initial period) unless you do not turn up for the Session in which case you will be liable for the entire booked Session.</p>\r\n<h3>23. Data Protection</h3>\r\n<p>23.1 You will provide us with certain data and personal information in accordance with these Terms. You agree that we shall be entitled to use any data provided by you in accordance with Our Privacy policy&nbsp;(<a href="/privacy-policy/">http://wizoku.com/privacy-policy/</a>).<br />23.2 We confirm that we shall comply with all relevant UK Data protection rules, regulations and legislation as in force from time to time.<br />23.3 We will use the personal information you provide to Us to:<br />(a) provide the Services;<br />(b) process your payment for such Services; and<br />(c) inform you about similar products or services that we provide, but you may stop receiving these at any time by contacting Us.<br />23.4 You agree that We may pass your personal information to the Police or any government authority if requested by them in investigating any illegal activity or to provide information to them concerning any activity carried out by You whilst contracted under these Terms, or if compelled to do so by law or if in our opinion it may protect third party.&nbsp;<br />23.5 Under The Data Protection Act 1998 you have the right to gain access to all of the confidential personal data that We may hold about you. If you wish to have access to this please contact us support@wizoku.com.<br />23.6 If you have not had an active account within 7 years we may destroy all information we hold regarding You.&nbsp;<br />23.7 We will not give your personal data to any other third party other than in accordance with this clause 22.</p>\r\n<h3>24. Complaints Process &amp; Dispute Resolution</h3>\r\n<p>If you have any complaints please email us on support@wizoku.com and we will endeavour to respond to you within 24 hours to confirm how we will deal with this issue.</p>\r\n<p>24.1. DISPUTES INVOLVING TUTORS<br />24.1.1 If at any time you become dissatisfied with any service provided to You by a Tutor or have any complaint generally you must immediately notify Us by telephone and by email support@wizoku.com.<br />24.1.2 Should We require any information or documentation from you regarding any complaint or dispute as set out above You must immediately provide this to us.<br />24.1.3 You hereby confirm that you will cooperate fully with Us in any attempts to resolve any complaint or dispute.<br />24.1.4 Should any dispute or complaint against You arise we reserve Our right to immediately suspend your Account until such time as any issue is resolved. We reserve Our right to continue to suspend your Account whilst we carry out any investigation which in Our sole opinion is necessary.</p>\r\n<p>24.2. DISPUTES BETWEEN US<br />24.2.1 If any dispute between us arises other than in accordance with clause 23.1 Us and You shall first attempt to settle the dispute amongst ourselves if we cannot resolve any issue within 7 days of either party being notified in writing of the dispute with sufficient detail to be able to consider it then the parties will attempt to settle it by mediation in accordance with the Centre for Effective&nbsp;Dispute Resolution&nbsp;(CEDR) Model Mediation Procedure.&nbsp;<br />24.2.2 Unless otherwise agreed between the parties, the mediator will be nominated by CEDR. To initiate the mediation a party must give notice in writing ("ADR notice") to the other party to the&nbsp;dispute&nbsp;requesting a mediation. A copy of the request should be sent to CEDR. The mediation will start not later than 28 days after the date of the ADR notice. No party may commence any court proceedings in relation to any&nbsp;dispute&nbsp;arising out of this agreement until it has attempted to settle the&nbsp;dispute&nbsp;by mediation and either the mediation has terminated or the other party has failed to participate in the mediation, provided that the right to issue proceedings is not prejudiced by a delay.</p>
\.


--
-- Data for Name: mailchimp_campaign; Type: TABLE DATA; Schema: public; Owner: -
--

COPY mailchimp_campaign (content, sent_date, id, name, campaign_id, object_id, content_type_id, extra_info) FROM stdin;
\.


--
-- Data for Name: mailchimp_queue; Type: TABLE DATA; Schema: public; Owner: -
--

COPY mailchimp_queue (type_opts, segment_options_all, id, contents, subject, campaign_type, authenticate, title, from_email, segment_options, list_id, auto_tweet, from_name, folder_id, generate_text, to_email, tracking_text_clicks, auto_footer, tracking_html_clicks, google_analytics, segment_options_conditions, template_id, tracking_opens, object_id, content_type_id, locked, extra_info) FROM stdin;
\.


--
-- Data for Name: mailchimp_reciever; Type: TABLE DATA; Schema: public; Owner: -
--

COPY mailchimp_reciever (id, campaign_id, email) FROM stdin;
\.


--
-- Data for Name: openid_openidaccount; Type: TABLE DATA; Schema: public; Owner: -
--

COPY openid_openidaccount (socialaccount_ptr_id, identity) FROM stdin;
\.


--
-- Data for Name: openid_openidnonce; Type: TABLE DATA; Schema: public; Owner: -
--

COPY openid_openidnonce (id, server_url, "timestamp", salt, date_created) FROM stdin;
\.


--
-- Data for Name: openid_openidstore; Type: TABLE DATA; Schema: public; Owner: -
--

COPY openid_openidstore (id, server_url, handle, secret, issued, lifetime, assoc_type) FROM stdin;
\.


--
-- Data for Name: paypal_ipn; Type: TABLE DATA; Schema: public; Owner: -
--

COPY paypal_ipn (id, business, charset, custom, notify_version, parent_txn_id, receiver_email, receiver_id, residence_country, test_ipn, txn_id, txn_type, verify_sign, address_country, address_city, address_country_code, address_name, address_state, address_status, address_street, address_zip, contact_phone, first_name, last_name, payer_business_name, payer_email, payer_id, auth_amount, auth_exp, auth_id, auth_status, exchange_rate, invoice, item_name, item_number, mc_currency, mc_fee, mc_gross, mc_handling, mc_shipping, memo, num_cart_items, option_name1, option_name2, payer_status, payment_date, payment_gross, payment_status, payment_type, pending_reason, protection_eligibility, quantity, reason_code, remaining_settle, settle_amount, settle_currency, shipping, shipping_method, tax, transaction_entity, auction_buyer_id, auction_closing_date, auction_multi_item, for_auction, amount, amount_per_cycle, initial_payment_amount, next_payment_date, outstanding_balance, payment_cycle, period_type, product_name, product_type, profile_status, recurring_payment_id, rp_invoice_id, time_created, amount1, amount2, amount3, mc_amount1, mc_amount2, mc_amount3, password, period1, period2, period3, reattempt, recur_times, recurring, retry_at, subscr_date, subscr_effective, subscr_id, username, case_creation_date, case_id, case_type, receipt_id, currency_code, handling_amount, transaction_subject, ipaddress, flag, flag_code, flag_info, query, response, created_at, updated_at, from_view) FROM stdin;
267	nick@universaltutors.com	windows-1252		3.60		nick@universaltutors.com	AN7J6LANTU2SA	GB	f	6TT78221N5432911M	web_accept	AXpUkGC.T4PTDjcF-vtZBaJgjgBfAwaiKOixcL17SFhua0FMLayUFgU7										Nick	Crosthwaite		nickcrosthwaite@gmail.com	SJH48SHJM4V3J	\N				\N	5QpyBrtv3HbYSY2zPS6b	Top-up Nick Crosthwaite's account	104	GBP	0.54	10.00	\N	\N		\N			unverified	2012-08-10 09:11:23+00	\N	Completed	instant		Ineligible	1		\N	\N		0.00		0.00			\N	\N	\N	\N	\N	\N	\N	\N								\N	\N	\N	\N	\N	\N	\N						\N		\N	\N	\N			\N					0.00	Top-up Nick Crosthwaite's account	127.0.0.1	f			protection_eligibility=Ineligible&last_name=Crosthwaite&txn_id=6TT78221N5432911M&receiver_email=nick%40universaltutors.com&payment_status=Completed&payment_gross=&tax=0.00&residence_country=GB&invoice=5QpyBrtv3HbYSY2zPS6b&payer_status=unverified&txn_type=web_accept&handling_amount=0.00&payment_date=10%3A11%3A23+Aug+10%2C+2012+PDT&first_name=Nick&item_name=Top-up+Nick+Crosthwaite%27s+account&charset=windows-1252&custom=&notify_version=3.6&transaction_subject=Top-up+Nick+Crosthwaite%27s+account&item_number=104&receiver_id=AN7J6LANTU2SA&business=nick%40universaltutors.com&payer_id=SJH48SHJM4V3J&verify_sign=AXpUkGC.T4PTDjcF-vtZBaJgjgBfAwaiKOixcL17SFhua0FMLayUFgU7&payment_fee=&mc_fee=0.54&mc_currency=GBP&shipping=0.00&payer_email=nickcrosthwaite%40gmail.com&payment_type=instant&mc_gross=10.00&ipn_track_id=a8520c753f98d&quantity=1	VERIFIED	2012-08-10 17:11:25.662966+00	2012-08-10 17:11:25.714939+00	
268	nick@universaltutors.com	windows-1252		3.70		nick@universaltutors.com	AN7J6LANTU2SA	US	f	3UH758813K3846225	web_accept	A9LC3Qajo-H2V8mPq4eIktgPvG2RAgl1m52BnB5PqaIELEUvTP78v.aa										Eran	Mizrahi		emizrahi14@gsb.columbia.edu	WB6J7TE9ZAVLJ	\N				\N	J2YRYO9RMDPRHXWz5nr6	Top-up Eran Mizrahi's account	111	GBP	0.59	10.00	\N	\N		\N			unverified	2013-02-05 18:48:10+00	\N	Completed	instant		Ineligible	1		\N	\N		0.00		0.00			\N	\N	\N	\N	\N	\N	\N	\N								\N	\N	\N	\N	\N	\N	\N						\N		\N	\N	\N			\N					0.00	Top-up Eran Mizrahi's account	127.0.0.1	f			protection_eligibility=Ineligible&last_name=Mizrahi&txn_id=3UH758813K3846225&receiver_email=nick%40universaltutors.com&payment_status=Completed&payment_gross=&tax=0.00&residence_country=US&invoice=J2YRYO9RMDPRHXWz5nr6&payer_status=unverified&txn_type=web_accept&handling_amount=0.00&payment_date=18%3A48%3A10+Feb+05%2C+2013+PST&first_name=Eran&item_name=Top-up+Eran+Mizrahi%27s+account&charset=windows-1252&custom=&notify_version=3.7&transaction_subject=Top-up+Eran+Mizrahi%27s+account&item_number=111&receiver_id=AN7J6LANTU2SA&business=nick%40universaltutors.com&payer_id=WB6J7TE9ZAVLJ&verify_sign=A9LC3Qajo-H2V8mPq4eIktgPvG2RAgl1m52BnB5PqaIELEUvTP78v.aa&payment_fee=&mc_fee=0.59&mc_currency=GBP&shipping=0.00&payer_email=emizrahi14%40gsb.columbia.edu&payment_type=instant&mc_gross=10.00&ipn_track_id=232690b617676&quantity=1	VERIFIED	2013-02-06 02:45:27.88883+00	2013-02-06 02:45:27.929463+00	
269	nick@universaltutors.com	windows-1252		3.70		nick@universaltutors.com	AN7J6LANTU2SA	GB	f	7FL745697Y549293Y	web_accept	A19LTdRzlGQP6UdbKKthOR8iXy-HAS8PrL.VMqcJqZDtf9thfyB6KFKF										Nick	Crosthwaite		nickcrosthwaite@gmail.com	SJH48SHJM4V3J	\N				\N	1OGairirclJjMkLRG04r	Top-up Nick Crosthwaite's account	113	GBP	0.54	10.00	\N	\N		\N			unverified	2013-02-21 09:14:53+00	\N	Completed	instant		Ineligible	1		\N	\N		0.00		0.00			\N	\N	\N	\N	\N	\N	\N	\N								\N	\N	\N	\N	\N	\N	\N						\N		\N	\N	\N			\N					0.00	Top-up Nick Crosthwaite's account	127.0.0.1	f			protection_eligibility=Ineligible&last_name=Crosthwaite&txn_id=7FL745697Y549293Y&receiver_email=nick%40universaltutors.com&payment_status=Completed&payment_gross=&tax=0.00&residence_country=GB&invoice=1OGairirclJjMkLRG04r&payer_status=unverified&txn_type=web_accept&handling_amount=0.00&payment_date=09%3A14%3A53+Feb+21%2C+2013+PST&first_name=Nick&item_name=Top-up+Nick+Crosthwaite%27s+account&charset=windows-1252&custom=&notify_version=3.7&transaction_subject=Top-up+Nick+Crosthwaite%27s+account&item_number=113&receiver_id=AN7J6LANTU2SA&business=nick%40universaltutors.com&payer_id=SJH48SHJM4V3J&verify_sign=A19LTdRzlGQP6UdbKKthOR8iXy-HAS8PrL.VMqcJqZDtf9thfyB6KFKF&payment_fee=&mc_fee=0.54&mc_currency=GBP&shipping=0.00&payer_email=nickcrosthwaite%40gmail.com&payment_type=instant&mc_gross=10.00&ipn_track_id=a00fe6cd29e38&quantity=1	VERIFIED	2013-02-21 17:11:56.097354+00	2013-02-21 17:11:56.13851+00	
270				0.00					f	AP-9LB56691299699947	adaptive_pay																0.00				0.0000000000000000				USD	0.00	0.00	0.00	0.00		0				\N	0.00					1		0.00	0.00		0.00		0.00			\N	0	0.00	0.00	0.00	0.00	\N	0.00								\N	0.00	0.00	0.00	0.00	0.00	0.00						0		\N	\N	\N			\N				USD	0.00		127.0.0.1	f			pay_key=AP-9LB56691299699947&transaction%5B0%5D.id_for_sender_txn=7M4280043J769440J&transaction%5B0%5D.paymentType=SERVICE&transaction%5B0%5D.pending_reason=NONE&charset=windows-1252&log_default_shipping_address_in_transaction=false&transaction%5B0%5D.id=95B979891X765110L&notify_version=UNVERSIONED&transaction%5B0%5D.status=Completed&status=COMPLETED&sender_email=nick%40universaltutors.com&transaction%5B0%5D.receiver=emizrahi14%40gsb.columbia.edu&transaction%5B0%5D.is_primary_receiver=false&verify_sign=AiKZhEEPLJjSIccz.2M.tbyW5YFwA82G2VNWwlB53q.-XVNfMJFnHgKV&transaction%5B0%5D.status_for_sender_txn=Completed&payment_request_date=Wed+Jul+03+18%3A29%3A34+PDT+2013&ipn_notification_url=http%3A%2F%2Funiversaltutors.com%2Ftopupcredits%2Fpaypal%2Fipn%2Funiversaltutors%2Fap%2F&transaction%5B0%5D.amount=USD+12.61&transaction_type=Adaptive+Payment+PAY&cancel_url=http%3A%2F%2Funiversaltutors.com%2Fwithdraws%2Fmonthly%2F&reverse_all_parallel_payments_on_error=false&return_url=http%3A%2F%2Funiversaltutors.com%2Fwithdraws%2Fmonthly%2F&action_type=CREATE&fees_payer=EACHRECEIVER&transaction%5B0%5D.invoiceId=UTWDKRWVAIY2VR3K4DC		2013-07-04 01:32:47.259245+00	2013-07-04 01:32:47.259281+00	\N
271				0.00					f	AP-9LB56691299699947	adaptive_pay																0.00				0.0000000000000000				USD	0.00	0.00	0.00	0.00		0				\N	0.00					1		0.00	0.00		0.00		0.00			\N	0	0.00	0.00	0.00	0.00	\N	0.00								\N	0.00	0.00	0.00	0.00	0.00	0.00						0		\N	\N	\N			\N				USD	0.00		127.0.0.1	f			pay_key=AP-9LB56691299699947&reason_code=CLEARED&transaction%5B0%5D.id_for_sender_txn=7M4280043J769440J&transaction%5B0%5D.paymentType=SERVICE&transaction%5B0%5D.pending_reason=NONE&charset=windows-1252&log_default_shipping_address_in_transaction=false&transaction%5B0%5D.id=95B979891X765110L&notify_version=UNVERSIONED&transaction%5B0%5D.status=Completed&status=COMPLETED&sender_email=nick%40universaltutors.com&transaction%5B0%5D.receiver=emizrahi14%40gsb.columbia.edu&transaction%5B0%5D.is_primary_receiver=false&verify_sign=A--8MSCLabuvN8L.-MHjxC9uypBtAPWzH2cI03KPJjzZkGLbEyvtNQd0&transaction%5B0%5D.status_for_sender_txn=Completed&payment_request_date=Wed+Jul+03+18%3A29%3A34+PDT+2013&ipn_notification_url=http%3A%2F%2Funiversaltutors.com%2Ftopupcredits%2Fpaypal%2Fipn%2Funiversaltutors%2Fap%2F&transaction%5B0%5D.amount=USD+12.61&cancel_url=http%3A%2F%2Funiversaltutors.com%2Fwithdraws%2Fmonthly%2F&reverse_all_parallel_payments_on_error=false&return_url=http%3A%2F%2Funiversaltutors.com%2Fwithdraws%2Fmonthly%2F&action_type=CREATE&fees_payer=EACHRECEIVER&transaction%5B0%5D.invoiceId=UTWDKRWVAIY2VR3K4DC		2013-07-11 09:36:31.004252+00	2013-07-11 09:36:31.004289+00	\N
\.


--
-- Data for Name: profile_child; Type: TABLE DATA; Schema: public; Owner: -
--

COPY profile_child (id, parent_id, child_id, active, key) FROM stdin;
9	78	79	t	qjjyJFjwsI4H3slWX3cLPJXISqY3vg
10	254	255	t	X2zKNM7gruTSwBWh3NDRJHXRJyukTY
\.


--
-- Data for Name: profile_dayavailability; Type: TABLE DATA; Schema: public; Owner: -
--

COPY profile_dayavailability (id, user_id, date, begin, "end", day_off) FROM stdin;
\.


--
-- Data for Name: profile_genre; Type: TABLE DATA; Schema: public; Owner: -
--

COPY profile_genre (id, name, parent_id, lft, rght, tree_id, level) FROM stdin;
572	Art1	571	2	19	1	1
562	Career Development	560	7	8	13	2
473	English A1 HL	47	3	4	9	2
481	French A1 SL	47	19	20	9	2
234	Advanced Dutch	215	35	36	10	2
474	English A1 SL	47	5	6	9	2
238	Beginner Farsi	203	45	46	10	2
239	Advanced Farsi	203	43	44	10	2
272	Advanced Italian	213	99	100	10	2
207	Chinese	7	18	25	10	1
285	Intermediate Polish	210	143	144	10	2
240	Intermediate Farsi	203	47	48	10	2
581	Intermediate Cantonese	8	15	16	10	2
487	German A1 HL	47	31	32	9	2
475	English A2 HL	47	7	8	9	2
28	Reading: Literature	26	9	10	3	2
29	Reading: Informational text	26	7	8	3	2
30	Reading: foundational skills	26	11	12	3	2
493	German B SL	47	43	44	9	2
33	Language	26	5	6	3	2
476	English A2 SL	47	9	10	9	2
500	Spanish A1 SL	47	57	58	9	2
477	English Ab SL	47	11	12	9	2
478	English B HL	47	13	14	9	2
35	History/Social Studies	26	3	4	3	2
32	Speaking and listening	26	15	16	3	2
26	Common Core English Language Arts	25	2	21	3	1
479	English B SL	47	15	16	9	2
31	Writing	26	19	20	3	2
34	Standard 10:Range Quality & Complexity	26	17	18	3	2
480	French A1 HL	47	17	18	9	2
469	Microsoft Project	409	49	50	4	2
47	IB Languages	45	2	69	9	1
36	Science and Technical Subjects	26	13	14	3	2
444	Law	441	39	40	2	2
441	others Business	437	38	47	2	1
440	Finance	437	22	37	2	1
439	Economics	437	10	21	2	1
438	Accounting	437	2	9	2	1
143	ISEE (Verbal Reasoning)	138	47	48	17	2
114	ELA Regents Intermediate	112	109	110	17	2
94	SAT II Spanish	83	147	148	17	2
122	PSAT	48	68	75	17	1
135	LSAT (Essay)	133	53	54	17	2
83	SAT II 	48	126	153	17	1
96	SAT II World History	83	151	152	17	2
101	Regents (high school)	48	86	107	17	1
56	ASVAB	54	175	176	17	2
57	Bar Exam	54	177	178	17	2
58	CBEST	54	179	180	17	2
148	GMAT (Integrated Reasoning)	67	23	24	17	2
460	Managerial Accounting	438	7	8	2	2
529	Music Instruments	528	2	43	12	1
573	Art History	572	3	4	1	2
574	Art Theory	572	5	6	1	2
575	Drawing	572	7	8	1	2
576	Film	572	9	10	1	2
577	Painting	572	11	12	1	2
578	Photography	572	13	14	1	2
579	Theatre	572	15	16	1	2
580	Video Production	572	17	18	1	2
117	Regents (Elementary)	48	76	85	17	1
279	Advanced Latin	205	123	124	10	2
530	Cello	529	3	4	12	2
124	PSAT (Reading)	122	71	72	17	2
85	SAT II French	83	129	130	17	2
129	MCAT	48	60	67	17	1
132	MCAT (Verbal Reasoning)	129	65	66	17	2
133	LSAT	48	50	59	17	1
127	NCLEX	54	191	192	17	2
116	Social Studies Regents Intermediate	112	115	116	17	2
107	German Regents High School	101	91	92	17	2
80	SOL	54	195	196	17	2
92	SAT II Modern Hebrew	83	143	144	17	2
70	TOEFL (Listening)	69	163	164	17	2
66	GED	54	187	188	17	2
69	TOEFL	48	162	171	17	1
76	SSAT	48	154	161	17	1
100	SAT writing	97	123	124	17	2
149	GMAT (Quantitative)	67	25	26	17	2
120	ELA Regents Elementary	117	77	78	17	2
81	Series 7	54	199	200	17	2
53	ACT Science	49	9	10	17	2
74	TEAS	54	203	204	17	2
75	TAKS	54	201	202	17	2
68	GRE	48	30	37	17	1
125	PSAT (Writing)	122	73	74	17	2
565	Public Policy	560	17	18	13	2
215	Dutch	7	34	41	10	1
457	Macroeconomics (College Advanced)	439	15	16	2	2
548	Violin	529	39	40	12	2
374	Literature English	371	17	18	7	2
371	Literature	370	16	21	7	1
372	Language English	370	2	15	7	1
373	Others English	370	22	27	7	1
362	Phonics	359	5	6	6	2
363	Grammar	359	3	4	6	2
376	Grammar English	372	5	6	7	2
364	Reading	359	7	8	6	2
365	Spelling	359	9	10	6	2
379	Esl/Esol English	372	3	4	7	2
366	Vocabulary	359	11	12	6	2
360	Numeracy	358	14	17	6	1
367	Maths	360	15	16	6	2
377	Writing English	372	11	12	7	2
368	Elementary Science	361	19	20	6	2
361	Other Elementary Education	358	18	23	6	1
369	Study Skills	361	21	22	6	2
488	German A1 SL	47	33	34	9	2
494	Latin HL	47	45	46	9	2
501	Spanish A2 HL	47	59	60	9	2
140	ISEE (Math)	138	41	42	17	2
105	Social Studies Regents High School	101	103	104	17	2
54	others Test Prep	48	172	205	17	1
99	SAT reading	97	121	122	17	2
138	ISEE	48	38	49	17	1
110	Latin Regents High School	101	97	98	17	2
113	Mathematics Regents Intermediate	112	111	112	17	2
102	Mathematics Regents High School	101	99	100	17	2
86	SAT II German	83	131	132	17	2
87	SAT II Italian	83	133	134	17	2
90	SAT II Mathematics Level 1	83	139	140	17	2
91	SAT II Mathematics Level 2	83	141	142	17	2
82	Series 63	54	197	198	17	2
118	Mathematics Regents Elementary	117	79	80	17	2
60	CFA Level1	59	13	14	17	2
61	CFA Level2	59	15	16	17	2
121	Science Regents Elementary	117	81	82	17	2
119	Social Sciences Regents Elementary	117	83	84	17	2
49	ACT 	48	2	11	17	1
137	LSAT (Reading Comprehension)	133	57	58	17	2
134	LSAT (Analytical Reasoning)	133	51	52	17	2
71	TOEFL (Reading)	69	165	166	17	2
72	TOEFL (Speaking)	69	167	168	17	2
139	ISEE (Essay)	138	39	40	17	2
37	Elementary	27	23	24	3	2
359	Literacy	358	2	13	6	1
421	LISP 	410	77	78	4	2
413	C++ 	410	65	66	4	2
387	ASP.NET	386	97	98	4	2
389	Dreamweaver	386	101	102	4	2
123	PSAT (Math)	122	69	70	17	2
147	GMAT (Analytical Writing)	67	21	22	17	2
106	French Regents High School	101	89	90	17	2
111	Spanish Regents High School	101	105	106	17	2
115	Science Regents Intermediate	112	113	114	17	2
391	Mathematica	386	105	106	4	2
392	Maya	386	107	108	4	2
393	Pascal	386	111	112	4	2
394	Revit	386	113	114	4	2
395	SAS	386	115	116	4	2
396	SPSS	386	117	118	4	2
397	STATA	386	119	120	4	2
398	Oracle	386	109	110	4	2
401	others Computer	384	122	131	4	1
402	Networking (Computer)	401	129	130	4	2
103	ELA Regents High School	101	87	88	17	2
136	LSAT (Logical Reasoning)	133	55	56	17	2
51	ACT Math	49	5	6	17	2
403	General Computer	401	127	128	4	2
404	Desktop Publishing	401	125	126	4	2
549	Voice (Music)	529	41	42	12	2
458	Econometrics	439	11	12	2	2
150	GMAT (Verbal)	67	27	28	17	2
126	Praxis	54	193	194	17	2
95	SAT II US History	83	149	150	17	2
88	SAT II Latin	83	135	136	17	2
77	SSAT (Math)	76	155	156	17	2
78	SSAT (Verbal)	76	157	158	17	2
55	AFOQT	54	173	174	17	2
97	SAT 	48	118	125	17	1
142	ISEE (Reading Comprehension)	138	45	46	17	2
9	Advanced Cantonese	8	11	12	10	2
198	Arabic	7	2	9	10	1
10	Beginner Cantonese	8	13	14	10	2
208	French	7	50	57	10	1
254	Beginner Sign Language	206	173	174	10	2
201	Russian	7	162	169	10	1
8	Cantonese	7	10	17	10	1
209	Indonesian	7	90	97	10	1
250	Intermediate Turkish	202	191	192	10	2
252	Advanced Russian	201	163	164	10	2
232	Beginner Dutch	215	37	38	10	2
226	Intermediate Chinese	207	23	24	10	2
563	Architecture	560	3	4	13	2
431	Artificial Intelligence	2	25	26	4	2
40	High school: Algebra	27	25	26	3	2
303	Pre-algebra	291	5	6	11	2
41	High school: Functions	27	27	28	3	2
39	High school: Number & Quantity	27	33	34	3	2
42	High school: Modelling	27	31	32	3	2
43	High school: Geometry	27	29	30	3	2
25	Common Core	\N	1	40	3	0
27	Common Core Mathematics	25	22	39	3	1
38	Middle	27	37	38	3	2
44	High school: Statistics & Probability 	27	35	36	3	2
531	Clarinet	529	5	6	12	2
532	Composition (Music)	529	7	8	12	2
533	Drums	529	9	10	12	2
534	Ear Training	529	11	12	12	2
535	Flute	529	13	14	12	2
536	General Music	529	15	16	12	2
537	Guitar	529	17	18	12	2
538	Music History	529	19	20	12	2
470	Microsoft Publisher	409	51	52	4	2
539	Music Theory	529	21	22	12	2
540	Oboe	529	23	24	12	2
541	Piano	529	25	26	12	2
542	Salsa Dancing	529	27	28	12	2
543	Saxophone	529	29	30	12	2
471	Microsoft Windows	409	53	54	4	2
414	CSS	410	67	68	4	2
415	Fortran	410	59	60	4	2
422	Perl 	410	81	82	4	2
423	PHP 	410	79	80	4	2
424	Python 	410	83	84	4	2
455	Macroeconomics (AP/College Intro)	439	13	14	2	2
472	Microsoft Word	409	55	56	4	2
544	Sight Singing	529	31	32	12	2
304	Algebra 1	291	7	8	11	2
545	Songwriting	529	33	34	12	2
295	Actuarial Science	294	35	36	11	2
224	Advanced Arabic	198	3	4	10	2
296	Differential Equations	294	37	38	11	2
289	Advanced Portuguese	214	147	148	10	2
205	Latin	7	122	129	10	1
283	Advanced Mandarin	228	131	132	10	2
270	Advanced Indonesian	209	91	92	10	2
236	Intermediate French	208	55	56	10	2
231	Advanced Czech	211	27	28	10	2
203	Farsi	7	42	49	10	1
128	MCSA	54	189	190	17	2
98	SAT math	97	119	120	17	2
79	SSAT (Writing)	76	159	160	17	2
89	SAT II Literature	83	137	138	17	2
84	SAT II Chemistry	83	127	128	17	2
130	MCAT (Biological Science)	129	61	62	17	2
146	GRE (Verbal)	68	35	36	17	2
93	SAT II Physics	83	145	146	17	2
59	CFA	48	12	19	17	1
62	CFA Level3	59	17	18	17	2
144	GRE (Analytical Writing)	68	31	32	17	2
67	GMAT	48	20	29	17	1
145	GRE (Quantitative)	68	33	34	17	2
63	CLAST	54	181	182	17	2
64	COOP/HSPT	54	183	184	17	2
65	DAT	54	185	186	17	2
112	Regents (intermediate)	48	108	117	17	1
50	ACT English	49	3	4	17	2
141	ISEE (Quantitative Reasoning)	138	43	44	17	2
284	Beginner Polish	210	141	142	10	2
271	Intermediate Italian	213	103	104	10	2
244	Beginner Hebrew	199	77	78	10	2
266	Advanced Hebrew	199	75	76	10	2
241	Beginner Hindi	204	85	86	10	2
307	Pre-calculus	292	13	14	11	2
297	Discrete Math	294	39	40	11	2
298	Geometry	294	41	42	11	2
299	Logic	294	43	44	11	2
300	Probability	294	45	46	11	2
294	others Math	290	34	51	11	1
302	Trigonometry	294	49	50	11	2
315	Stochastic Modeling	293	31	32	11	2
291	Algebra 	290	2	11	11	1
305	Algebra 2	291	9	10	11	2
306	Linear Algebra	291	3	4	11	2
301	SPSs	294	47	48	11	2
454	Microeconomics (AP/College Intro)	439	17	18	2	2
447	Basic Finance	440	23	24	2	2
448	Corporate Finance	440	25	26	2	2
449	Financial Engineering	440	27	28	2	2
450	Financial Markets	440	29	30	2	2
546	Trombone	529	35	36	12	2
451	International Finance	440	31	32	2	2
547	Trumpet	529	37	38	12	2
452	Investing	440	33	34	2	2
445	Quickbooks	441	41	42	2	2
446	Tax Preparation	441	43	44	2	2
453	Operations Research	440	35	36	2	2
482	French A2 HL	47	21	22	9	2
400	DOS	399	15	16	4	2
432	Assembly Language	2	27	28	4	2
429	Computer Science (AP/College Intro)	2	31	32	4	2
430	Computer Science (College Advanced)	2	33	34	4	2
433	Computer Graphics	2	29	30	4	2
434	Databases	2	35	36	4	2
435	Human-computer Interaction	2	37	38	4	2
406	Linux	399	17	18	4	2
338	Information Technology In A Global Society HL	46	115	116	9	2
45	IB	\N	1	156	9	0
316	Biology HL	46	71	72	9	2
317	Biology SL	46	73	74	9	2
496	Mandarin Ab SL	47	49	50	9	2
497	Mandarin B HL	47	51	52	9	2
498	Mandarin B SL	47	53	54	9	2
499	Spanish A1 HL	47	55	56	9	2
503	Spanish Ab SL	47	63	64	9	2
504	Spanish B HlL	47	65	66	9	2
505	Spanish B SL	47	67	68	9	2
157	Ecology	152	77	78	14	2
561	College Admissions	560	9	10	13	2
560	others other	559	2	23	13	1
222	Beginner Arabic	198	5	6	10	2
318	Business & Manangement HL	46	75	76	9	2
319	Business & Manangement SL	46	77	78	9	2
320	Chemistry HL	46	79	80	9	2
321	Chemistry SL	46	81	82	9	2
322	Chinese A1 HL	46	83	84	9	2
323	Chinese A1 SL	46	85	86	9	2
324	Computer Science HL	46	87	88	9	2
325	Computer Science SL	46	89	90	9	2
326	Design Technology HL	46	91	92	9	2
327	Design Technology SL	46	93	94	9	2
328	Economics HL	46	95	96	9	2
329	Economics SL	46	97	98	9	2
330	Environmental 	46	99	100	9	2
331	Film HL	46	101	102	9	2
483	French A2 SL	47	23	24	9	2
380	Toefl English	372	7	8	7	2
375	Reading English	371	19	20	7	2
381	Linguistics	372	13	14	7	2
382	Proofreading	373	23	24	7	2
383	Public Speaking	373	25	26	7	2
206	Sign Language	7	170	177	10	1
253	Intermediate Sign Language	206	175	176	10	2
255	Advanced Sign Language	206	171	172	10	2
249	Beginner Turkish	202	189	190	10	2
225	Beginner Chinese	207	21	22	10	2
211	Czech	7	26	33	10	1
251	Advanced Turkish	202	187	188	10	2
256	Intermediate Spanish	12	183	184	10	2
257	Intermediate Russian	201	167	168	10	2
258	Intermediate Romanian	218	159	160	10	2
259	Advanced Romanian	218	155	156	10	2
13	Basic Spanish	12	181	182	10	2
14	Advanced Spanish	12	179	180	10	2
218	Romanian	7	154	161	10	1
12	Spanish	7	178	185	10	1
202	Turkish	7	186	193	10	1
200	Korean	7	114	121	10	1
265	Intermediate Hebrew	199	79	80	10	2
212	German	7	58	65	10	1
274	Beginner Korean	200	117	118	10	2
521	Human Geography	518	3	4	15	2
518	Geography	506	2	7	15	1
7	Languages	\N	1	200	10	0
220	Esl/Esol	219	195	196	10	2
219	others Languages	7	194	199	10	1
221	Toefl	219	197	198	10	2
282	Intermediate Mandarin	228	135	136	10	2
216	Greek	7	66	73	10	1
275	Advanced Korean	200	115	116	10	2
264	Intermediate Japanese	217	111	112	10	2
416	HTML 5	410	71	72	4	2
417	HTML 	410	69	70	4	2
425	Ruby 	410	85	86	4	2
426	SQL 	410	87	88	4	2
419	Java 	410	73	74	4	2
420	Javascript 	410	75	76	4	2
427	Visual Basic 	410	89	90	4	2
388	AutoCAD	386	99	100	4	2
390	MATLAB	386	103	104	4	2
341	Mathematics HL	46	121	122	9	2
352	Social & Cultural Anthropology SL	46	143	144	9	2
332	Film SL	46	103	104	9	2
333	Further Maths SL	46	105	106	9	2
334	Geography HL	46	107	108	9	2
335	Geography SL	46	109	110	9	2
461	Adobe Illustrator	385	5	6	4	2
336	History HL	46	111	112	9	2
337	History SL	46	113	114	9	2
407	Macintosh	399	19	20	4	2
399	Computer Operating System 	384	14	23	4	1
408	UNIX	399	21	22	4	2
456	Microeconomics (College Advanced)	439	19	20	2	2
308	Calculus (Ap Ab/College Intro)	292	15	16	11	2
459	Financial Accounting	438	5	6	2	2
378	Vocabulary English	372	9	10	7	2
309	Calculus (Ap Bc/College Level II)	292	17	18	11	2
405	Computer Engineering	401	123	124	4	2
418	iOS 	410	93	94	4	2
428	Web Development	410	91	92	4	2
409	Microsoft 	384	42	57	4	1
411	C	410	61	62	4	2
311	Differential Equations	292	19	20	11	2
412	C Sharp 	410	63	64	4	2
410	Programming	384	58	95	4	1
2	Computer Science	384	24	41	4	1
436	Machine Learning	2	39	40	4	2
489	German A2 HL	47	35	36	9	2
267	Intermediate Hindi	204	87	88	10	2
312	Partial Differential Equations	292	23	24	11	2
462	Adobe InDesign	385	7	8	4	2
463	Adobe Lightroom	385	9	10	4	2
564	Pre-Law	560	15	16	13	2
568	Religious Studies	560	19	20	13	2
569	Bible Studies	560	5	6	13	2
570	Study Skills	560	21	22	13	2
566	Education	560	11	12	13	2
567	Gender Studies	560	13	14	13	2
131	MCAT (Physical Sciences)	129	63	64	17	2
52	ACT Reading	49	7	8	17	2
48	Test Prep	\N	1	206	17	0
223	Intermediate  Arabic	198	7	8	10	2
268	Advanced Hindi	204	83	84	10	2
242	Beginner German	212	61	62	10	2
227	Advanced Chinese	207	19	20	10	2
269	Intermediate Indonesian	209	95	96	10	2
233	Intermediate  Dutch	215	39	40	10	2
508	Anthropology	507	23	24	15	2
553	Aspergers	551	5	6	16	2
554	Autism	551	7	8	16	2
555	Dyslexia	551	9	10	16	2
151	Science	\N	1	92	14	0
152	others Science	151	68	91	14	1
164	Zoology	152	89	90	14	2
556	Hard Of Hearing	551	11	12	16	2
557	Phonics Special Needs	551	13	14	16	2
464	Adobe Photoshop	385	11	12	4	2
465	Adobe Flash	385	3	4	4	2
550	Special Needs	\N	1	18	16	0
551	Special Needs1	550	2	17	16	1
199	Hebrew	7	74	81	10	1
484	French Ab SL	47	25	26	9	2
466	Microsoft Access	409	43	44	4	2
490	German A2 SL	47	37	38	9	2
467	Microsoft Excel	409	45	46	4	2
485	French B HL	47	27	28	9	2
342	Mathematics SL	46	123	124	9	2
343	Music HL	46	125	126	9	2
468	Microsoft PowerPoint	409	47	48	4	2
344	Music SL	46	127	128	9	2
345	Philosophy HL	46	129	130	9	2
346	Philosophy SL	46	131	132	9	2
347	Physics HL	46	133	134	9	2
348	Physics SL	46	135	136	9	2
349	Psychology HL	46	137	138	9	2
486	French B SL	47	29	30	9	2
350	Psychology SL	46	139	140	9	2
351	Social & Cultural Anthropology HL	46	141	142	9	2
491	German Ab SL	47	39	40	9	2
492	German B HL	47	41	42	9	2
495	Latin SL	47	47	48	9	2
502	Spanish A2 SL	47	61	62	9	2
528	Music	\N	1	44	12	0
245	Beginner Italian	213	101	102	10	2
195	Inorganic Chemistry	173	23	24	14	2
196	Organic Chemistry	173	25	26	14	2
213	Italian	7	98	105	10	1
262	Intermediate Greek	216	71	72	10	2
187	Chemical Engineering	174	37	38	14	2
188	Civil Engineering	174	39	40	14	2
169	Anatomy	165	3	4	14	2
194	Chemistry (AP/College Intro)	173	21	22	14	2
210	Polish	7	138	145	10	1
280	Intermediate Latin	205	127	128	10	2
243	Beginner Greek	216	69	70	10	2
263	Advanced Greek	216	67	68	10	2
181	Physics (Waves and Optics)	175	63	64	14	2
175	Physics	151	50	67	14	1
158	Genetics	152	79	80	14	2
159	Geology	152	81	82	14	2
160	Nursing	152	83	84	14	2
161	Pharmacology	152	85	86	14	2
162	Physical Science	152	87	88	14	2
183	Quantum Mechanics	175	65	66	14	2
174	Engineering 	151	30	49	14	1
197	Physical Chemistry	173	27	28	14	2
167	Biology (AP/College Intro)	165	7	8	14	2
168	Biology (College Advanced)	165	9	10	14	2
170	Microbiology	165	11	12	14	2
166	Basic Biology	165	5	6	14	2
558	Speech	551	15	16	16	2
552	ADD/ADHD	551	3	4	16	2
310	Multivariable Calculus	292	21	22	11	2
509	Archaeology	507	25	26	15	2
510	Classics	507	27	28	15	2
511	Criminal Justice	507	29	30	15	2
513	Philosophy	507	31	32	15	2
512	Religion	507	35	36	15	2
515	Psychology	507	33	34	15	2
506	Social Sciences	\N	1	44	15	0
507	others Social Sciences	506	22	43	15	1
514	Political Science	507	41	42	15	2
516	Sociology	507	39	40	15	2
517	Social Studies Sciences	507	37	38	15	2
522	World Geography	518	5	6	15	2
523	Comparative Government and Politics	519	9	10	15	2
519	Government & Politics	506	8	13	15	1
524	US Government and Politics	519	11	12	15	2
292	Calculus	290	12	25	11	1
527	European History	520	17	18	15	2
526	American History	520	15	16	15	2
525	World History	520	19	20	15	2
520	History 	506	14	21	15	1
313	Statistics (AP/College Intro)	293	27	28	11	2
314	Statistics (College Advanced)	293	29	30	11	2
293	Statistics	290	26	33	11	1
559	Other	\N	1	24	13	0
290	Math	\N	1	52	11	0
179	Physics (Fluid Mechanics)	175	59	60	14	2
172	Physiology	165	15	16	14	2
193	Basic Chemistry	173	19	20	14	2
189	Electrical Engineering	174	41	42	14	2
190	Industrial Engineering	174	43	44	14	2
191	Mechanical Engineering	174	45	46	14	2
192	Product Design	174	47	48	14	2
204	Hindi	7	82	89	10	1
229	Beginner Czech	211	29	30	10	2
246	Beginner Indonesian	209	93	94	10	2
217	Japanese	7	106	113	10	1
276	Beginner Japanese	217	109	110	10	2
286	Advanced Polish	210	139	140	10	2
260	Intermediate German	212	63	64	10	2
261	Advanced German	212	59	60	10	2
278	Beginner Latin	205	125	126	10	2
287	Intermediate Portuguese	214	151	152	10	2
273	Intermediate Korean	200	119	120	10	2
277	Advanced Japanese	217	107	108	10	2
288	Beginner Portuguese	214	149	150	10	2
281	Beginner Mandarin	228	133	134	10	2
214	Portuguese	7	146	153	10	1
235	Beginner French	208	53	54	10	2
370	English	\N	1	28	7	0
230	Intermediate Czech	211	31	32	10	2
237	Advanced French	208	51	52	10	2
228	Mandarin	7	130	137	10	1
46	IB Subjects	45	70	155	9	1
339	Information Technology In A Global Society SL	46	117	118	9	2
340	Mathematical Studies SL	46	119	120	9	2
353	Systems & Societies SL	46	145	146	9	2
354	Theatre HL	46	147	148	9	2
355	Theatre SL	46	149	150	9	2
356	Visual Arts HL	46	151	152	9	2
357	Visual Arts SL	46	153	154	9	2
171	Nutrition	165	13	14	14	2
173	Chemistry	151	18	29	14	1
184	Aerospace Engineering	174	31	32	14	2
185	Architectural Engineering	174	33	34	14	2
186	Biomechanical Engineering	174	35	36	14	2
176	Basic Physics	175	51	52	14	2
177	Physics (AP/College Intro)	175	55	56	14	2
178	Physics (Electricity and Magnetism)	175	57	58	14	2
437	Business	\N	1	48	2	0
443	Entrepreneurship	441	45	46	2	2
358	Elementary Education	\N	1	24	6	0
386	Software	384	96	121	4	1
384	Computer 	\N	1	132	4	0
442	Cost Accounting	438	3	4	2	2
385	Adobe 	384	2	13	4	1
247	Beginner Romanian	218	157	158	10	2
248	Beginner Russian	201	165	166	10	2
180	Physics (Mechanics)	175	61	62	14	2
182	Computational Physics	175	53	54	14	2
153	Biochemistry	152	71	72	14	2
154	Astronomy	152	69	70	14	2
155	Biostatistics	152	73	74	14	2
156	Botany	152	75	76	14	2
165	Biology	151	2	17	14	1
571	Art	\N	1	20	1	0
73	TOEFL (Writing)	69	169	170	17	2
108	Hebrew Regents High School	101	93	94	17	2
109	Italian Regents High School	101	95	96	17	2
104	Science Regents High School	101	101	102	17	2
\.


--
-- Data for Name: profile_message; Type: TABLE DATA; Schema: public; Owner: -
--

COPY profile_message (id, created, updated, user_id, to_id, message, related_class_id, read, email_sent, child_id) FROM stdin;
128	2013-02-16 06:11:41.110888+00	2013-02-16 06:11:41.110929+00	161	97	Hello Jennifer,	\N	f	f	\N
129	2013-02-16 06:11:54.918562+00	2013-02-16 06:11:54.918605+00	161	97	Hope you doing well and have good time.	\N	f	f	\N
130	2013-02-16 06:13:08.326086+00	2013-02-16 06:13:08.326143+00	161	97	I have taken English Writing 101 in Mary Land University, and I am wondering if you have time for me to help and advice me about my essays. 	\N	f	f	\N
131	2013-02-16 06:13:15.871872+00	2013-02-16 06:13:15.871913+00	161	97	Thanks,	\N	f	f	\N
132	2013-02-16 06:13:26.615111+00	2013-02-16 06:13:26.615152+00	161	97	Regards,	\N	f	f	\N
133	2013-02-16 06:13:31.022976+00	2013-02-16 06:13:31.023017+00	161	97	Bashir	\N	f	f	\N
134	2013-02-16 06:51:12.153272+00	2013-02-16 06:51:12.153313+00	161	125	Hello Mellisa,	\N	f	f	\N
135	2013-02-16 06:51:24.28044+00	2013-02-16 06:51:24.280481+00	161	125	Hope  you doing well and have good time.	\N	f	f	\N
136	2013-02-16 06:52:25.372385+00	2013-02-16 06:52:25.372429+00	161	125	I am wondering if you have time to work with me about my essays.	\N	f	f	\N
137	2013-02-16 06:52:54.593568+00	2013-02-16 06:52:54.59361+00	161	125	I have taken English Writing 101 in Mary Land university.	\N	f	f	\N
138	2013-02-16 06:52:58.710347+00	2013-02-16 06:52:58.710388+00	161	125	Take Care	\N	f	f	\N
139	2013-02-16 06:53:00.457528+00	2013-02-16 06:53:00.45757+00	161	125	Take Care	\N	f	f	\N
140	2013-02-16 06:53:06.337865+00	2013-02-16 06:53:06.337908+00	161	125	Regards,	\N	f	f	\N
141	2013-02-16 06:53:11.621612+00	2013-02-16 06:53:11.621652+00	161	125	Bashir	\N	f	f	\N
142	2013-02-16 06:59:24.112878+00	2013-02-16 06:59:24.11292+00	161	149	Hello Yin Yin Lu,	\N	f	f	\N
143	2013-02-16 07:00:44.893033+00	2013-02-16 07:00:44.893078+00	161	149	Hope you doing well and have good time.	\N	f	f	\N
144	2013-02-16 07:01:34.864197+00	2013-02-16 07:01:34.864237+00	161	149	I am wondering if you have time for me to help me with my essays.	\N	f	f	\N
145	2013-02-16 07:01:42.699769+00	2013-02-16 07:01:42.699811+00	161	149	Thanks	\N	f	f	\N
146	2013-02-16 07:01:49.433331+00	2013-02-16 07:01:49.433372+00	161	149	Regards,	\N	f	f	\N
147	2013-02-16 07:01:54.600519+00	2013-02-16 07:01:54.60057+00	161	149	Bashir	\N	f	f	\N
148	2013-02-16 09:00:26.581813+00	2013-02-16 09:00:26.581855+00	161	92	Hi, I am now member of the Tutor, and I am wondering that how I can use Tutor service. 	\N	f	f	\N
149	2013-02-16 09:00:43.930572+00	2013-02-16 09:00:43.930615+00	161	92	Regards,	\N	f	f	\N
51	2012-06-28 09:52:18.697967+00	2012-06-29 14:40:57.287462+00	1	1	Can I message myself?	\N	t	f	\N
150	2013-02-16 09:00:47.86769+00	2013-02-16 09:00:47.867731+00	161	92	Bashir	\N	f	f	\N
28	2012-05-23 15:26:48.776022+00	2012-05-23 15:26:48.77605+00	1	1	PLease respond	\N	t	f	\N
49	2012-06-26 08:49:44.292465+00	2012-06-26 08:49:44.292509+00	1	1	Do you receive an email when I meesage you?	\N	t	f	\N
151	2013-04-17 23:07:20.627406+00	2013-04-17 23:07:20.627447+00	204	173	Hi Nathalie, Nice to meet you! I am prepping for the MCAT exam, and I am rusty on my physics. I anticipate that I'm going to need a few one-on-one sessions to brush up on the science. I'm not sure what the A Level equates to in US system, but I wanted to know if you might be a good fit for me? Thanks!	\N	f	f	\N
152	2013-07-04 01:06:53.480881+00	2013-07-04 01:06:53.48092+00	179	91	hi mate	\N	t	f	\N
153	2013-07-04 01:06:56.949279+00	2013-07-04 01:06:56.949316+00	179	91	how are you?	\N	t	f	\N
155	2013-07-04 01:09:25.761999+00	2013-07-04 01:09:25.762065+00	179	91	tell me about it	\N	t	f	\N
157	2013-07-11 21:23:44.577861+00	2013-07-11 21:23:44.577909+00	259	133	Hey Liam, I'm going to uni next year and wanted to know if I could learn a little Computer Science before getting there, I'll be here till the 19th.	\N	f	f	\N
158	2013-07-11 21:23:53.484074+00	2013-07-11 21:23:53.484126+00	259	133	Thanks for your time	\N	f	f	\N
159	2013-07-11 21:25:34.825192+00	2013-07-11 21:25:34.825235+00	259	133	Oh yeah and would it be possible to have a 1 hour or more lesson everyday till the day I leave?	\N	f	f	\N
154	2013-07-04 01:08:36.636957+00	2013-07-04 01:08:36.637002+00	91	179	I am exhausted	\N	t	f	\N
156	2013-07-04 01:20:15.255964+00	2013-07-04 01:20:15.255998+00	91	179	GMAT Exam Prep class rejected: I don't like your attitude 	\N	f	t	\N
\.


--
-- Data for Name: profile_newslettersubscription; Type: TABLE DATA; Schema: public; Owner: -
--

COPY profile_newslettersubscription (id, created, updated, email, email_verified, hash_key) FROM stdin;
\.


--
-- Data for Name: profile_referral; Type: TABLE DATA; Schema: public; Owner: -
--

COPY profile_referral (id, created, updated, user_id, name, email, key, used, activated) FROM stdin;
3	2012-06-20 17:31:45.740958+00	2012-06-20 17:31:45.740988+00	1	Nelson	nelson.reis.monteiro@gmail.com	vlkfpWakGBvKVMUtjlQSc6y7BT6qNH	f	f
4	2012-06-20 17:35:32.214833+00	2012-06-20 17:35:32.214861+00	1	Nelson	nelson.reis.monteiro@gmail.com	58Y7fFy20PSc6UPlKPDQh9OVXeLudv	f	f
5	2012-06-20 17:35:32.254053+00	2012-06-20 17:35:32.254087+00	1	Nelson	nelson.reis.monteiro@gmail.com	mAKsiO2LjJ3jnWjF9YxLNo6VMOMfgl	f	f
6	2012-06-21 09:05:38.609428+00	2012-06-21 09:05:38.609472+00	1	Morgan	Morgan@rawjam.co.uk	odwINYf5m1mxsc53FhA6QTwTK3UHL7	f	f
11	2012-07-26 13:24:43.723129+00	2012-07-27 11:13:17.536726+00	1	David	nickcrosthwaite@gmail.com	RFHagmxjJLaunmmS8tArVckrUkyC9g	t	t
12	2012-08-03 17:23:37.720057+00	2012-08-03 17:23:37.720086+00	1	Nick	nickcrosthwaite@gmail.com	6LBpqWqots6W9nPQMXXrHEszaCLmN6	f	f
13	2012-08-03 17:23:42.294961+00	2012-08-03 17:23:42.294989+00	1	Nick	nickcrosthwaite@gmail.com	sSzAEpCj0ah58vk3WjtYXHrDJOEuam	f	f
14	2012-08-13 10:56:49.47294+00	2012-08-13 10:56:49.472982+00	68	Universal Tutors	vitor.torres@gmail.com	lB3c152fT0le1OetTbj1C7FTP2xQII	f	f
15	2013-02-04 16:45:52.076221+00	2013-02-04 16:45:52.076265+00	93	Dave Secord	dsecord1@gmail.com	YId442Vxfp42kmpmfwpROhDnMZk6x6	f	f
16	2013-02-05 01:26:19.002854+00	2013-02-05 01:26:19.002896+00	108	Sarah Adams	sla2147@columbia.edu	R6qvt0c2GIVHVnfYdUY9nIRMcVUzk1	f	f
17	2013-02-06 02:32:03.359604+00	2013-02-06 02:32:03.359645+00	125	Valerie Tomici	vct217@nyu.edu	FMHP7gY7HDYUGyg5DcqNoamV307wEk	f	f
18	2013-02-21 18:14:50.305591+00	2013-02-21 18:14:50.305635+00	166	jenieve guevarra	jenieve.d.guev@gmail.com	pnD7d87Eu2NBAljSxSweiP6dTLr3YU	f	f
19	2013-02-22 22:52:54.284811+00	2013-02-22 22:52:54.284853+00	170	Olivia Mao	olivia.mao@gmail.com	EhGT0zC9xrWjKvXUuZGsTpkRlBNbPK	f	f
20	2013-02-25 16:50:13.555733+00	2013-02-25 16:50:13.555783+00	175	Qmars Soltani	q.soltani@gmail.com	QvS6yDELvrYKCCggpN3mhKsUeCMk9l	f	f
22	2013-07-05 18:02:36.380472+00	2013-07-05 18:02:36.380515+00	67	nick	ncrosthwaite14@gsb.columbia.edu	S6UStGu6cDSlEidT85ClXzXeoJ9FFI	f	f
23	2013-07-25 14:12:22.848862+00	2013-07-25 14:12:22.848896+00	67	nick	nick@wizoku.com	ZMqY57rhhILddbZM7gQxQlgZAuBxeq	f	f
\.


--
-- Data for Name: profile_report; Type: TABLE DATA; Schema: public; Owner: -
--

COPY profile_report (id, created, updated, violator_id, user_id, description) FROM stdin;
4	2012-06-25 13:49:09.905174+00	2012-06-25 13:49:09.905204+00	1	1	Test violation
\.


--
-- Data for Name: profile_studentinterest; Type: TABLE DATA; Schema: public; Owner: -
--

COPY profile_studentinterest (id, user_id, subject_id, system_id, level_id) FROM stdin;
32	69	58	4	26
33	70	47	\N	\N
34	75	58	4	26
35	76	44	1	4
36	76	46	1	\N
37	79	58	1	1
38	79	62	1	1
39	85	47	1	8
40	86	48	\N	\N
41	86	66	\N	\N
42	88	65	\N	\N
43	1	47	1	4
44	1	65	\N	\N
45	124	64	4	26
46	139	44	\N	\N
47	155	49	1	8
49	165	45	4	27
50	165	48	4	27
51	167	45	4	\N
52	167	48	4	\N
53	167	49	4	\N
54	167	50	4	\N
55	167	52	4	\N
56	167	54	4	\N
57	167	58	4	\N
58	167	61	4	\N
59	167	62	4	\N
60	167	71	4	\N
61	185	58	4	27
62	185	65	4	27
63	187	48	\N	\N
64	187	59	\N	\N
65	187	50	\N	\N
66	187	53	\N	\N
67	187	61	\N	\N
68	188	45	2	11
69	188	45	5	33
70	197	61	6	\N
71	204	46	4	27
72	204	59	4	27
73	210	48	4	27
74	212	65	4	28
75	221	58	1	7
76	221	59	1	7
77	228	71	1	4
78	241	48	4	28
79	244	65	4	28
80	247	45	\N	\N
81	253	44	4	27
82	255	44	\N	5
83	255	46	\N	\N
84	255	58	1	5
85	259	48	\N	\N
86	261	43	1	1
\.


--
-- Data for Name: profile_studentreview; Type: TABLE DATA; Schema: public; Owner: -
--

COPY profile_studentreview (id, created, updated, user_id, related_class_id, text) FROM stdin;
28	2013-02-06 16:37:23.709405+00	2013-02-06 16:37:23.709447+00	88	138	Well done you really progressed well during this class. Just spend a bit more time on sentence correction before next time
29	2013-02-23 01:00:56.776106+00	2013-02-23 01:01:28.21693+00	88	139	Feedback on this student ...
\.


--
-- Data for Name: profile_topupitem; Type: TABLE DATA; Schema: public; Owner: -
--

COPY profile_topupitem (id, created, updated, user_id, value, credits, status, invoice, currency_id, discount_id) FROM stdin;
100	2012-08-10 14:03:00.39848+00	2012-08-10 14:34:05.362183+00	1	1	1	99	2AeR68bnefCyARjvq4kw	1	\N
104	2012-08-10 17:06:08.99713+00	2012-08-10 17:11:25.684057+00	67	10	10	99	5QpyBrtv3HbYSY2zPS6b	1	\N
108	2012-08-13 10:54:30.930856+00	2012-08-13 10:54:53.062391+00	68	50	50	1	TraSeVo7ETpvqL74qlG0	1	\N
110	2012-08-13 10:56:04.998208+00	2012-08-13 10:56:18.080196+00	68	95	100	1	zZfwsWfJqu3hj8deGmTA	1	\N
111	2013-02-06 02:44:54.645017+00	2013-02-06 02:45:27.897997+00	88	10	10	99	J2YRYO9RMDPRHXWz5nr6	1	\N
113	2013-02-21 17:07:49.416973+00	2013-02-21 17:11:56.108564+00	1	10	10	99	1OGairirclJjMkLRG04r	1	\N
115	2013-02-28 14:45:25.807983+00	2013-02-28 14:45:40.517769+00	67	78.8100000000000023	50	1	pcbPouHSSDS1iNUmBWx5	3	\N
118	2013-07-05 18:15:10.673603+00	2013-07-05 18:15:10.673647+00	179	78.8100000000000023	50	0	UTTUWBNIDTTV0LYO0GF	3	\N
\.


--
-- Data for Name: profile_tutorfavorite; Type: TABLE DATA; Schema: public; Owner: -
--

COPY profile_tutorfavorite (id, created, updated, user_id, tutor_id) FROM stdin;
\.


--
-- Data for Name: profile_tutorqualification; Type: TABLE DATA; Schema: public; Owner: -
--

COPY profile_tutorqualification (id, user_id, qualification, document) FROM stdin;
1	1	BA English	uploads/profiles/qualifications/documents/kyft34120ql2q7869q3d.jpg
4	1	MA English literature	uploads/profiles/qualifications/documents/pfrkzcivhpf0ga8bbn4f.png
6	1	admin	
7	74	PGCE	
8	80	BA Philosophy, Politics & Economics	
9	89	Columbia Business School 2014	uploads/profiles/qualifications/documents/2gffr3p4xldcegvygw0v.pdf
10	90	770 GMAT	
11	98	Student at MBA Columbia Business School	
12	98	Master Essec Business School	
13	98	Master Engineering - Mechanical Engineering	
14	101	Columbia University Diploma	uploads/profiles/qualifications/documents/qf70k74bzlliya3ad9ax.png
15	101	SAT - 2340 overall: 800 Verbal, 800 Writing, 740 Math	
16	93	770 GMAT Score (99th percentile)	
17	108	CV	uploads/profiles/qualifications/documents/2xumzewvxg2z62m5yhby.pdf
18	111	Bachelor's of Arts in Statistics from Columbia University	uploads/profiles/qualifications/documents/4k1f2lsqewruojdc72br.jpg
19	126	2330 in SAT	
20	128	Bachelor of Arts in Chemistry University of Missouri Kansas City, Cum Laude, Dean's List	
21	138	B.A. in Individualized Study from NYU	
22	133	Composite 36 on ACT	uploads/profiles/qualifications/documents/geu6uv6dej5d01sr6dr8.pdf
23	133	2340 on SAT	uploads/profiles/qualifications/documents/xmco3pq9j6n4kqcnbcfs.pdf
24	133	800 on SAT II Physics	uploads/profiles/qualifications/documents/63teo5bbq62a1p8byyc1.png
25	133	Over 150 hours of tutoring engineering students at the University of Illinois	uploads/profiles/qualifications/documents/6bubmxyg9xlhei04i3k9.pdf
70	205	Masters in Education	
26	142	See attached resume	uploads/profiles/qualifications/documents/cr6ep43j9mrplygv834a.docx
27	142	Past tutoring experience	
28	142	Fluency in Spanish	
29	144	B.S., United States Military Academy at West Point	uploads/profiles/qualifications/documents/394o6afp5a1exp0q6unn.pdf
30	144	MPP, Harvard Kennedy School of Government	
31	146	Alex's Curriculum Vitae / Resume	uploads/profiles/qualifications/documents/12jtx9khbxtmvz22glyv.doc
32	148	Grade 12 Pass With Distinction	
33	148	Beng (Chem)	
34	149	B.A. in English and Linguistics from Columbia University	
35	153	CV	uploads/profiles/qualifications/documents/xq9kl8slmfr7zp2xljgf.doc
36	166	Resume	uploads/profiles/qualifications/documents/2z4bokbzeiq2odnyf4jd.pdf
37	166	4 Years of tutoring high/middle school students.	
38	166	Fluent in Spanish.	
39	169	CFA	
40	173	Industrial Engineer	uploads/profiles/qualifications/documents/ka78przbo6f0y6cpflvb.pdf
41	173	A Levels	uploads/profiles/qualifications/documents/xk1hfko4uxziza9gtrwj.pdf
42	173	GCSEs	uploads/profiles/qualifications/documents/phftttpcl6nqfk8eunxi.pdf
43	173	UK Mathematics Challenge	uploads/profiles/qualifications/documents/rpohnlamezq8syil1xwe.pdf
44	173	International Maths Competition	uploads/profiles/qualifications/documents/0ah9uaabnbz31hphluxs.pdf
45	175	BSc Applied Mathematics minor in Business Administration	
46	175	MSc Risk Management and Financial Engineering	
47	177	BA 	
48	178	Chemical and Process Engineering	
49	181	BSc (Hons) Graphic Media Studies	uploads/profiles/qualifications/documents/mqszgetsqi1qs0apc9no.jpg
50	181	Postgraduate Certificate of Education	uploads/profiles/qualifications/documents/jfs26dqank7zl0np4zc3.jpg
51	181	HND Business and Finance (Printing Management)	uploads/profiles/qualifications/documents/scdl3qvmvl40bgnkn8nw.jpg
52	181	Member of the Institute for Learning	uploads/profiles/qualifications/documents/qalfsczh0vmwkfxqnd3x.jpg
53	180	M.A. in American History, CUNY Graduate Center, 2012	
54	183	NYU TESOL program leading to Teaching Certificate	
55	181	MA Arts and Cultural Management	uploads/profiles/qualifications/documents/ii7wre16s5noi34i6qvo.jpg
56	67	Resume	uploads/profiles/qualifications/documents/9iq5ashrgzkul4t4rii6.pdf
57	179	Resume	uploads/profiles/qualifications/documents/36ckesqs4td6lhqzmmi8.pdf
58	179	Test	uploads/profiles/qualifications/documents/budptifvq4farirmfwgf.pdf
59	184	Resume	uploads/profiles/qualifications/documents/6p6dsunydoh2lzii2wqe.rtf
60	179	pdf	uploads/profiles/qualifications/documents/oefivk7r7kv2i19tf4ki.pdf
61	179	jpeg	uploads/profiles/qualifications/documents/0pww4lkdnnqd1eulz50e.jpg
62	191	MSci, Physics, Imperial College London	
63	191	MSc, Sustainable Energy Futures, Imperial College London	
64	192	MBA	
65	192	Bachelors in Electircal and Telcommunication	
66	196	Scottish Advanced Highers: History, English	
67	196	Scottish Highers: French, German, History, Modern Studies, English, Maths	
68	199	M.Sc.(Physics), B.Ed.	uploads/profiles/qualifications/documents/fw9v9p5360o4tjvufyeo.jpg
71	206	BA English Literature, Lady Shri Ram College, Delhi University	
72	206	Master of International Affairs, Columbia University	
74	217	Master of Science and Bachelor of Education	
75	219	Master in Math	
76	222	Masters Degree In Higher Education	uploads/profiles/qualifications/documents/hbdjq22iq8mqx2b170x4.htm
77	222	Bachelors Degree In Business Admin/Marketing	uploads/profiles/qualifications/documents/ge9o40mysaaqg5ryqgok.htm
78	223	BSC. (H) Physics	
73	195	PhD	uploads/profiles/qualifications/documents/acwomfe348eh43k33jxp.pdf
79	232	Master of Arts in Teaching--Curriculum and Instruction, ESL (English as a Second Language), Foreign Language Methodology	
80	232	Bachelor of Arts-Spanish and French	
81	236	Master in Arts	
82	239	B.E	
84	240	SAT II: 800 on both Math II and Physics	uploads/profiles/qualifications/documents/4uo51psnjo2y7n956pir.pdf
83	240	SAT I: 2340 Composite; 800 Reading, 760 Writing, 780 Math	uploads/profiles/qualifications/documents/waqr9hd4bwy4evdoj53g.pdf
85	240	AP: 5 on Calculus BC, Statistics, Physics B, Physics C, Biology	uploads/profiles/qualifications/documents/moihmg8poy37m0tw5wb2.pdf
86	234	Profesora de Espaol (ELE) 	
87	242	I am an experienced French teacher and I will help you to prepare the DELF/DALF or TCF. I offer conversation classes and French courses in business.	
88	245	Bachelor Degree in Foreign Languages (English, Spanish and French)	
89	245	TEFL (Teaching English as Foreign Languages)	
90	250	CELTA Cambridge University	
91	250	B.A Digital Technology and culture	
92	260	BS Degree in Communications	
93	264	Bachelors degree Hunter College	
94	277	MS in Computer Science	
95	278	Resume	uploads/profiles/qualifications/documents/r4zs39y0pzzxjfdrhtw5.docx
96	279	1 year of in home tutoring experience	
\.


--
-- Data for Name: profile_tutorreview; Type: TABLE DATA; Schema: public; Owner: -
--

COPY profile_tutorreview (id, created, updated, user_id, rate, text, related_class_id, is_active) FROM stdin;
42	2013-02-06 16:35:45.17276+00	2013-02-06 16:35:51.057044+00	91	4	Review this tutor ...	138	t
43	2013-02-23 01:03:00.349355+00	2013-02-23 01:03:00.349398+00	91	5	This was a great class. Eran really explained everything very clearly and made relatively complicated concepts seem easy 	139	t
\.


--
-- Data for Name: profile_tutorsubject; Type: TABLE DATA; Schema: public; Owner: -
--

COPY profile_tutorsubject (id, user_id, subject_id, credits, level_id, system_id) FROM stdin;
34	1	50	10	1	1
47	1	58	16	3	1
48	1	52	14	2	1
54	1	46	12	\N	\N
55	1	45	10	\N	2
66	80	46	10	4	1
67	80	49	20	6	1
68	80	63	10	1	1
69	80	58	10	4	1
70	83	44	35	27	4
71	83	46	35	27	4
72	83	50	25	27	4
73	83	64	30	\N	4
74	83	67	30	\N	4
75	83	45	40	28	4
76	83	59	30	26	4
77	83	58	35	27	4
78	83	54	30	26	4
79	83	52	30	\N	4
80	87	58	25	26	4
81	87	58	25	27	4
82	89	65	30	\N	\N
83	89	45	30	\N	4
84	89	59	30	\N	\N
85	89	64	30	\N	\N
86	89	58	30	\N	\N
87	89	61	30	\N	\N
88	89	66	30	\N	\N
89	89	67	30	\N	\N
90	89	50	30	\N	\N
92	95	58	50	\N	4
93	95	67	50	\N	4
94	95	65	50	\N	4
95	96	67	20	26	4
96	96	65	20	\N	4
97	97	50	30	28	4
98	97	65	30	28	4
99	97	58	30	28	4
100	97	67	30	26	4
101	99	50	10	\N	\N
102	99	65	20	\N	\N
103	99	67	20	\N	\N
162	133	48	14	27	4
104	91	67	30	\N	\N
105	92	65	25	\N	\N
106	92	60	20	27	4
107	98	51	20	\N	\N
108	98	55	20	\N	\N
110	100	43	30	24	4
111	100	44	20	25	4
112	100	51	20	24	4
113	100	61	20	25	4
114	101	67	15	\N	\N
115	101	58	15	26	4
116	101	50	15	\N	\N
117	93	65	32	29	4
118	93	67	32	26	4
119	104	47	10	\N	\N
120	108	58	15	\N	\N
121	108	67	25	\N	4
122	108	48	15	\N	\N
123	108	50	15	\N	\N
124	108	47	15	\N	\N
125	109	45	30	27	4
126	109	49	30	\N	4
127	109	58	30	25	4
128	109	58	30	24	4
130	112	46	35	27	4
131	112	67	30	26	4
132	112	64	30	26	4
133	112	62	40	26	4
134	112	61	30	26	4
135	112	44	30	26	4
136	112	58	30	26	4
137	112	58	30	25	4
138	112	58	25	24	4
142	113	44	15	5	1
139	113	50	10	5	1
140	113	50	15	27	4
141	113	44	10	3	1
143	113	58	20	3	1
144	113	60	20	\N	4
145	113	67	30	27	4
146	113	58	20	5	1
147	125	50	20	\N	\N
148	125	54	20	\N	\N
149	125	62	25	\N	\N
91	91	65	10	\N	\N
150	126	67	25	\N	\N
151	126	59	25	\N	\N
152	126	58	25	\N	\N
153	126	61	25	\N	\N
154	130	67	10	\N	4
155	130	58	10	24	4
156	130	58	10	25	4
157	130	58	10	26	4
158	130	58	10	27	4
159	130	48	10	26	4
160	130	49	10	26	4
161	130	49	10	27	4
163	133	50	10	26	4
164	133	51	12	26	4
165	133	58	13	26	4
166	133	59	13	26	4
167	133	61	10	25	4
168	133	64	14	\N	\N
169	133	66	12	\N	\N
170	133	67	14	\N	\N
171	138	50	15	\N	4
172	138	62	15	\N	\N
173	140	50	30	26	4
174	140	58	30	25	4
175	140	50	30	25	4
176	140	67	30	\N	4
177	140	64	30	\N	4
178	141	57	15	\N	4
179	141	66	13	\N	4
180	141	64	13	\N	4
181	141	67	13	\N	4
182	143	47	25	25	4
184	142	50	26	\N	\N
183	142	62	26	\N	\N
185	144	49	10	27	4
186	144	58	10	27	4
187	144	60	10	26	4
188	148	61	12	\N	\N
189	148	58	12	\N	\N
190	148	46	12	\N	\N
191	148	59	12	\N	\N
192	149	50	20	\N	\N
193	149	67	20	\N	\N
194	150	47	20	25	4
195	150	67	15	\N	4
196	150	62	20	26	4
197	150	50	30	\N	4
198	111	58	20	25	4
129	111	58	40	26	4
199	111	58	20	24	4
200	111	50	30	25	4
201	111	50	20	24	4
202	111	64	35	\N	4
203	111	52	20	24	4
204	111	52	30	25	4
205	151	50	50	\N	4
206	151	67	50	\N	4
207	152	58	25	\N	\N
208	153	51	10	\N	\N
209	153	60	10	13	2
210	153	58	10	11	2
211	153	54	10	\N	\N
212	153	50	10	\N	\N
223	159	45	20	\N	4
224	159	49	20	\N	4
225	159	58	15	24	4
226	159	50	15	24	4
227	90	65	60	\N	\N
228	91	71	20	\N	\N
229	162	47	30	\N	\N
230	162	58	30	\N	\N
231	162	50	20	46	7
232	162	50	20	48	7
233	162	49	20	46	7
234	162	66	30	\N	7
235	166	50	15	\N	4
236	166	62	28	\N	4
237	166	67	10	\N	4
238	169	65	15	\N	4
239	169	58	15	\N	4
240	170	58	20	\N	\N
241	170	45	20	28	4
242	170	59	20	\N	\N
243	170	65	20	\N	\N
244	170	49	20	\N	\N
245	170	67	20	\N	\N
246	173	50	35	4	1
247	173	58	40	\N	\N
249	173	51	35	4	1
250	173	59	40	4	1
251	173	71	40	28	4
248	173	62	30	\N	\N
252	173	65	40	\N	\N
253	175	58	15	6	1
254	175	45	18	6	1
255	175	66	20	\N	\N
256	175	58	15	27	4
257	176	58	15	26	4
258	176	50	15	26	4
259	176	67	15	26	4
260	178	58	15	4	1
261	178	59	15	4	1
262	181	45	25	\N	\N
263	181	48	25	\N	\N
264	180	54	26	26	4
265	180	54	26	27	4
266	183	47	10	\N	4
267	183	50	16	\N	\N
268	184	43	10	27	4
269	184	50	12	29	4
270	184	58	10	25	4
271	184	61	10	28	4
272	186	45	28	28	4
273	186	65	30	\N	4
274	191	58	10	25	4
275	191	58	15	4	1
276	191	59	10	25	4
277	191	59	15	4	1
278	191	46	10	3	1
279	191	47	15	3	1
280	191	47	15	25	4
281	196	51	10	12	2
282	196	53	10	12	2
283	196	54	10	12	2
284	196	50	10	12	2
285	200	49	20	27	4
286	200	60	20	26	4
287	200	58	20	26	4
288	200	50	20	26	4
289	200	64	20	26	4
290	201	50	10	26	4
295	203	65	55	\N	\N
296	203	66	55	\N	\N
297	203	58	55	\N	\N
298	206	50	10	\N	\N
299	206	60	10	\N	\N
300	206	50	10	40	6
301	206	50	10	\N	6
302	206	54	10	38	6
303	206	67	10	\N	\N
304	206	66	15	\N	\N
305	206	49	10	\N	\N
306	217	58	10	64	10
307	219	58	10	26	4
308	219	58	10	4	1
309	219	58	10	64	10
310	219	58	10	11	2
311	219	58	10	19	3
312	219	58	10	31	5
313	219	58	10	45	7
314	219	67	10	\N	\N
315	219	64	10	\N	\N
316	222	45	10	\N	\N
317	222	54	10	\N	\N
318	223	58	15	\N	\N
319	223	61	15	\N	\N
320	213	50	35	\N	4
321	213	67	35	26	4
322	231	59	3	26	4
323	231	64	3	26	4
324	231	58	3	26	4
325	235	47	25	\N	\N
326	239	59	4	\N	\N
327	239	61	4	\N	\N
328	240	67	30	\N	4
329	240	59	30	26	4
330	240	58	20	26	4
333	245	55	15	\N	\N
331	234	62	11.6780000000000008	54	8
332	242	51	20	\N	\N
334	246	61	100	\N	4
335	250	50	19	\N	4
339	260	54	25	\N	\N
338	260	50	25	\N	4
337	260	52	25	\N	\N
340	260	58	25	25	4
341	260	60	25	\N	\N
342	260	61	25	24	4
343	260	67	30	\N	4
344	263	44	20	2	1
345	264	50	19	\N	4
346	264	56	19	24	4
\.


--
-- Data for Name: profile_uploadprofileimage; Type: TABLE DATA; Schema: public; Owner: -
--

COPY profile_uploadprofileimage (id, key, image) FROM stdin;
5	39b61533e6d92c437f915f8d022afbc6	uploads/profiles/profile_images/3j5204tef7tvkvl4488t.jpg
6	c1ed5dc174fa9c232783425f71a464d2	uploads/profiles/profile_images/6n71nenxcnhtn5wjcvr9.jpg
7	ff9ef35afcf9b2283af36fca0fe3ae21	uploads/profiles/profile_images/tfxasomr5p1779gfwzxc.png
52	fd39d17b0fb5ebd1d5a12f56350070fc	uploads/profiles/profile_images/n1ltmkpjqpk9tdh4rmye.jpg
10	20c099a8c843a84e3fd474bc0c866370	uploads/profiles/profile_images/8i26x1c7usna8lxrzmzg.jpg
31	b0d485d76adea5bd0ddfb8f64ab38a09	uploads/profiles/profile_images/8x7uuxg59kp1f829m5zq.jpg
73	e73c6b51be8e9e1f3bf4ddd5600f8b66	uploads/profiles/profile_images/c5s865x4ctz2ezx3fmvd.png
33	bd707491e9d1629b2820f08df0b72539	uploads/profiles/profile_images/amglq8ip50ck1gkyoj9j.jpg
54	6b331ef5ed1731052492a3e4874b7c07	uploads/profiles/profile_images/k9stdyngctxjab7kgy0n.jpg
14	00f8610c96ac218b076471160de14a98	uploads/profiles/profile_images/7ekiijfof47ho5jx2qeg.jpg
55	8a1e06527fb879a0d83db34b8cf0e2d7	uploads/profiles/profile_images/kjguicxry5cskvb9s3u0.jpg
56	3aacc0c0faf3668508b404a26b8ea1db	uploads/profiles/profile_images/d9cr6fa6wp51w2carl2d.jpg
108	676c787a1ed8c59c86bf64cdd97ca850	uploads/profiles/profile_images/vr2gsyz3rh80hstvleic.jpg
58	3840b34cdf18961d878682ea14ab1670	uploads/profiles/profile_images/muwvmppkm43mkf7lh7oh.jpg
59	ba43aae6081144fefa493e6cf1bd27c9	uploads/profiles/profile_images/mnd4gnfnt5hujcx05388.jpg
60	e14e3cc682edecc42e6727ddbb863526	uploads/profiles/profile_images/yibwnqvmx1voa6a3qfsb.jpg
39	24806ca7952c67c368d5a9e8a7ef99bb	uploads/profiles/profile_images/g74lzlv2viqoh4g4bo3y.jpg
40	0a5502e704a0376f29da496c1a232eeb	uploads/profiles/profile_images/ga5xsi8lv42cvxlmg9va.jpg
41	0b22a938e60ef4e99bd5c88230ecae11	uploads/profiles/profile_images/xo3wtwsyge5t25004bjv.jpg
21	a9c30a55455e2655789162601e3f9988	uploads/profiles/profile_images/zgrh1o3pbgg20qd6hueq.jpg
22	17fd6863528249d7a61f6c4f0345a184	uploads/profiles/profile_images/1ujkwymzzp2f0mfxooqb.jpg
61	129e66e2f04d40ffaee970e084121812	uploads/profiles/profile_images/o1dq7quvz41sum7y8q47.jpg
62	8cb6d0c0c33e8981f3694d46b3e3e1aa	uploads/profiles/profile_images/mqjmb2esr5m33y7u7toz.jpg
63	398a52a79d82858caa1530c8947281ad	uploads/profiles/profile_images/lm1zedm3pk9ty0izj6i4.jpg
25	10342eab0db5f822d6d2b39de75b2ec3	uploads/profiles/profile_images/vwqlqks90uw3mmq828mh.jpg
44	f3ad92f9f60bc2a4e8397da7011d67f7	uploads/profiles/profile_images/b9bmc8b5s6o7poat3k4v.jpg
27	c57230a03cfd8b90a3a107cef86228ea	uploads/profiles/profile_images/oz963452aw9i5p077w0j.jpg
28	ce4af92b40fafb8c9ed8ec2da1374c1c	uploads/profiles/profile_images/mo50km2vf2oxvbh2s5vf.jpg
75	d977afe21e02e5c3c6ecffb304e5e507	uploads/profiles/profile_images/eh2f08kfusof8dwbwz0e.jpeg
89	459748eaf3ec2f0663b3b79da674d4e1	uploads/profiles/profile_images/shdt1msr0yjsne4n53h5.jpg
78	59d766de9528e0459fb70753944a7645	uploads/profiles/profile_images/8mmg985licby658vsrpr.jpg
49	f6fb97eb9fc60b9790b9058887833cbd	uploads/profiles/profile_images/5z8yxrr4gr7fvrs1vmd1.jpg
50	cc4072cdc8563e57abfdaae935fefabc	uploads/profiles/profile_images/wtuip6qvf1it36z677oe.jpg
69	afe8eb667d93a8fbc1692af0cbc9057e	uploads/profiles/profile_images/5zl956efgj2jxniep5w5.jpg
109	a139d152dfdb9a1d0757de274b74f375	uploads/profiles/profile_images/h46nzmp87bpgmvh25ylm.jpg
80	14f9607a8e1b7ccba259bacfe257200d	uploads/profiles/profile_images/p5ptqgvhdwgljste793z.jpg
81	46b49db650a1a7d96b6efb298f2a59e4	uploads/profiles/profile_images/ye9jicodaqosg9yk4u0r.jpg
82	5b2602eaa65b8c70f97a606374d263eb	uploads/profiles/profile_images/edmw6g9n50aes4owltzr.jpg
83	eb5b065a6afeac88cb545323a93a32a2	uploads/profiles/profile_images/p9a3lu5o6ulq485ddy97.jpg
100	afae5b30759f760e900d05320735940c	uploads/profiles/profile_images/ezm79kpppe8ycn8m4p9r.jpg
85	054d1231891a7ce7e2d9d20860a4c48f	uploads/profiles/profile_images/ejet3hipnco7ryfmau4q.jpg
92	e5e697f79363160b31ffdfaba1205f2f	uploads/profiles/profile_images/pp8mxdyr690od07o1dum.jpg
101	b49186f59e8cc71ae4f788673f586a47	uploads/profiles/profile_images/09aow2euhzakh4p7oq7l.jpg
94	2b1eed6e5aa775da2d927789f37e4010	uploads/profiles/profile_images/2luvb1wtpxfbo6ibm8ds.jpg
95	916fd3228eda79c30f10b1345298f49a	uploads/profiles/profile_images/33xu3xywkpizqsfa9aql.png
102	edfbabd83336f2036ed9dbaf6b511088	uploads/profiles/profile_images/92j7uf7i3fmdkq0y359s.jpg
103	268bb4271297b7f8c4e69cd4d7e201a6	uploads/profiles/profile_images/ivifwhwepwwhdo4g4cia.jpg
104	abe2def82b6baa8f8ddbcee5997dae56	uploads/profiles/profile_images/mqm1nltllxjnzl1g5xmm.jpg
105	365ba86ef073634d8e7572a80736ed58	uploads/profiles/profile_images/qe6siwel434t4gpnh84z.jpg
106	31fce8c3a62bb1ea81f6721fbb32f63f	uploads/profiles/profile_images/y1px83bt4zsqbia8nt7b.jpg
107	4de2a070e16188a089d5fbd565f818db	uploads/profiles/profile_images/pjcse4h5nhpfgimtmrbj.jpg
110	abb151f9addf632eecfcce0ade38bc0f	uploads/profiles/profile_images/ynrqu4oljr5wie4i1iyn.jpg
117	31a8d4eade41db004104ccc315f470d0	uploads/profiles/profile_images/dovv894dwslvak7yznva.jpg
113	af311158ccef28ac573abe798b443012	uploads/profiles/profile_images/vvoqkrqgztrjze6lhxj6.jpg
114	2f3fda4f1d38dc54fc126848a173c10b	uploads/profiles/profile_images/d13yp499lkdg1kad445d.jpg
116	eb63fb0e27bdbaa083136407998d9588	uploads/profiles/profile_images/1o718qe0d65ar4snvhjb.jpg
119	8242015bd0b58ea0f0c99dd8aadf1c40	uploads/profiles/profile_images/ljun23ole3xvihqu8jxk.jpg
121	37b122d609d33586d8244111ce39ab0e	uploads/profiles/profile_images/svj21c6xn2s7o263avrv.jpg
122	7659536493ef902967820d72a6521958	uploads/profiles/profile_images/vme91f5mvzcqd3oilctn.jpg
126	63a1efaf59b31a65f56564a3d310eee2	uploads/profiles/profile_images/97ihxea1e43y4s1gt2er.jpg
127	9b14c77189042391aa3494fda499944b	uploads/profiles/profile_images/d97kkd6fbdre9v26ijv5.jpg
128	ba7822ddd672b7f045532cd042cb0171	uploads/profiles/profile_images/eiyz20vvmwjqh35cjxyj.jpg
141	b9138a85ff72f0bf2837210a4e3d3d6c	uploads/profiles/profile_images/cjdzk4a9ky8nzjg1w7ry.jpg
133	c11d8be6e9b5c5d9192487ff318d60fb	uploads/profiles/profile_images/s01dh0k4wgssml0bqcsd.jpg
136	2838cb43491f7fd8aa3ab8e9458b1576	uploads/profiles/profile_images/stcmyl4cs7nyx9b1menc.png
147	881576706e0d54af1ccee85aec5b3154	uploads/profiles/profile_images/y98rvxuvaji1pk11oojf.jpeg
148	551b6a356227f2841616b1b0e568cd2a	uploads/profiles/profile_images/j4hurd8b6d6enm5suwmp.jpg
139	34d6ac145d398705ed09e040de882ac5	uploads/profiles/profile_images/1xbbqza7pj6g7mz6hjh4.jpg
138	437a2d516f498b7ab7980f0afcb0428c	uploads/profiles/profile_images/4o220dx970t6fq8nvskw.jpg
149	3b420d25a7ddd47e08b08601312f42ba	uploads/profiles/profile_images/y0vrsj5lqf0dzkdqg79b.jpg
152	92be0096c2224cb7e7ed3e663930f553	uploads/profiles/profile_images/xykcfdaqq0dh3mrum37y.jpg
154	55a02ac3d0bfb53a29386414b0b6df40	uploads/profiles/profile_images/s2yob2is1zpa5l8671pk.jpg
157	cc486b8682a5da647f6e12431836043f	uploads/profiles/profile_images/mcuz2wndjabr45btq2q6.jpg
159	37c0e4de0da90f7e420b8734654a93b8	uploads/profiles/profile_images/jsi2d9mjasuvfep5fit9.jpg
160	01e0086abbd3032f88f3fc1637ce4c9b	uploads/profiles/profile_images/ff4xjulacdnv27ojogpn.jpg
163	54fffb56af39670e7d0b44bb8c6bf5c2	uploads/profiles/profile_images/b3ixqgs1ggaeogn2pxd9.jpg
\.


--
-- Data for Name: profile_usercreditmovement; Type: TABLE DATA; Schema: public; Owner: -
--

COPY profile_usercreditmovement (id, created, updated, user_id, type, credits, value, related_class_id) FROM stdin;
366	2012-08-13 13:05:10.483005+00	2012-08-13 13:05:10.483041+00	68	0	5	\N	137
370	2013-02-06 16:35:52.47872+00	2013-02-06 16:35:52.47875+00	91	1	5	\N	138
374	2013-02-23 01:01:01.199733+00	2013-02-23 01:01:01.199787+00	91	1	5	\N	139
375	2013-07-04 01:17:24.833871+00	2013-07-04 01:17:24.833906+00	179	0	5	\N	140
7	2012-05-09 15:17:00.500212+00	2012-05-09 15:17:00.500236+00	1	1	0	\N	\N
8	2012-05-09 15:18:46.617996+00	2012-05-09 15:18:46.618019+00	1	1	0	\N	\N
19	2012-05-21 09:35:09.919677+00	2012-05-21 09:35:09.9197+00	1	1	0	\N	\N
20	2012-05-21 09:40:03.844114+00	2012-05-21 09:40:03.844147+00	1	1	0	\N	\N
22	2012-05-21 09:50:04.191991+00	2012-05-21 09:50:04.192014+00	1	1	15	\N	\N
23	2012-05-21 09:55:03.449911+00	2012-05-21 09:55:03.449934+00	1	1	20	\N	\N
24	2012-05-21 10:00:03.748551+00	2012-05-21 10:00:03.748576+00	1	1	15	\N	\N
36	2012-05-25 06:50:03.712749+00	2012-05-25 06:50:03.712772+00	1	1	30	\N	\N
39	2012-05-25 11:50:03.806855+00	2012-05-25 11:50:03.806878+00	1	1	12.5	\N	\N
53	2012-05-28 21:20:03.550426+00	2012-05-28 21:20:03.550461+00	1	1	20	\N	\N
54	2012-05-28 21:25:02.982379+00	2012-05-28 21:25:02.982406+00	1	1	20	\N	\N
55	2012-05-28 21:30:03.396354+00	2012-05-28 21:30:03.396387+00	1	1	22.5	\N	\N
76	2012-06-18 15:05:03.973406+00	2012-06-18 15:05:03.97343+00	1	1	7.5	\N	\N
80	2012-06-18 16:20:04.056432+00	2012-06-18 16:20:04.056456+00	1	1	10	\N	\N
94	2012-06-20 15:17:33.742828+00	2012-06-20 15:17:33.742857+00	1	6	14	 14.00	\N
115	2012-06-27 08:55:56.191028+00	2012-06-27 08:55:56.191065+00	1	6	8	 8.00	\N
69	2012-06-11 16:23:33.390822+00	2012-06-27 13:36:36.251615+00	1	6	124	 124.0	\N
367	2012-08-13 13:15:52.01063+00	2012-08-13 13:15:52.010662+00	1	1	5	\N	137
371	2013-02-06 16:35:55.862582+00	2013-02-06 16:35:55.862614+00	91	1	5	\N	138
376	2013-07-04 01:20:15.230712+00	2013-07-04 01:20:15.230747+00	179	7	5	\N	140
368	2013-02-06 02:45:27.920953+00	2013-02-06 02:45:27.920987+00	88	5	10	 10.00	\N
372	2013-02-21 17:11:56.132531+00	2013-02-21 17:11:56.132566+00	1	5	10	 10.00	\N
377	2013-07-04 01:32:47.391934+00	2013-07-04 01:32:47.391968+00	91	6	8	$ 12.61	\N
246	2012-07-26 00:00:40.935783+00	2012-07-26 00:00:40.935828+00	1	6	10.4000000000000004	 10.40	\N
247	2012-07-26 00:00:40.942719+00	2012-07-26 00:00:40.942769+00	1	6	10.4000000000000004	 10.40	\N
280	2012-07-27 00:00:38.876775+00	2012-07-27 00:00:38.876803+00	1	6	24.9600000000000009	 24.96	\N
287	2012-07-27 11:23:25.896939+00	2012-07-27 11:23:25.896967+00	1	6	510	 510.00	\N
292	2012-08-01 00:00:39.082886+00	2012-08-01 00:00:39.082921+00	1	6	6.40000000000000036	 6.40	\N
293	2012-08-01 00:00:39.086276+00	2012-08-01 00:00:39.086306+00	1	6	6.40000000000000036	 6.40	\N
310	2012-08-02 00:00:45.634242+00	2012-08-02 00:00:45.63427+00	1	6	12.8000000000000007	 12.80	\N
318	2012-08-03 00:00:45.271187+00	2012-08-03 00:00:45.271282+00	1	6	4	 4.00	\N
365	2012-08-10 17:11:25.704491+00	2012-08-10 17:11:25.704535+00	67	5	10	 10.00	\N
369	2013-02-06 03:05:45.597961+00	2013-02-06 03:05:45.597994+00	88	0	5	\N	138
373	2013-02-22 23:28:29.448785+00	2013-02-22 23:28:29.448831+00	88	0	5	\N	139
350	2012-08-08 00:00:36.118043+00	2012-08-08 00:00:36.118092+00	1	6	12	 12.00	\N
361	2012-08-09 00:00:36.257248+00	2012-08-09 00:00:36.257278+00	1	6	22.3999999999999986	 22.40	\N
\.


--
-- Data for Name: profile_userprofile; Type: TABLE DATA; Schema: public; Owner: -
--

COPY profile_userprofile (id, created, updated, user_id, about, title, profile_image, address, location, postcode, country, phone, newsletters, type, credit, income, referral, date_of_birth, scribblar_id, video, avg_rate, gender, timezone, crb, crb_file, no_reviews, min_credits, max_credits, classes_given, referral_key, other_referral, currency_id, activated, activation_date, featured, webcam, paypal_email, partners_newsletters, crb_expiry_date, crb_alert_expire_date, crb_alert_expired, test_class_minutes, test_class_id, notifications_messages, notifications_classes, notifications_other, income_without_commission, profile_image_approved, about_approved, video_approved, qualification_documents_approved, is_new, class_language, zipcode, price_per_hour) FROM stdin;
186	2013-02-26 20:10:31.598795+00	2013-07-04 01:20:15.220195+00	179	Tutor		uploads/profiles/profile_images/xkqzo8vqslls47crcmn7.jpg				US		t	2	20	0	4	1985-01-22	F201AF7C-CFD0-4FB5-F6DEE1457134C17F		0	0	US/Alaska	f		0	0	0	0			3	f	\N	f	t		t	\N	f	f	78	x4z2xyvg	t	t	t	0	f	f	f	f	f	en_US	\N	-1
247	2013-05-27 15:19:52.343244+00	2013-06-04 15:02:34.079906+00	240	I tutor Math and Physics, as well as SAT Prep! Message me if you'd like more information! (:\r\n\r\nColumbia University, CC'17. All 5s on AP Statistics, Physics B and C, Calculus BC, and Biology. 800/R, 780/W, 760/M on SAT I, 800 for both Physics and Math II on SAT II. Asian Physics Olympiad 2012 Honourable Mention.\r\n\r\nGraduated NUS High School of Math and Science, Class of 2012, Diploma of High Distinction with Honors in Math, Biology, Physics, and a Major in Geography.	\N	uploads/profiles/profile_images/3d2o1k0lwau3nfdnzqg2.jpg	\N	\N	\N	SG	\N	f	1	0	0	1	1994-06-29	01E69FEF-BD7D-E6B9-220B159EDCBA6495		0	1	Singapore	f		0	20	30	0			3	t	2013-05-27 15:31:13.292942+00	f	t	suhangdageek@gmail.com	f	\N	f	f	60	5x7kb5zrq	t	t	t	0	t	t	f	t	f	en_US	\N	-1
257	2013-06-19 22:01:46.717961+00	2013-06-20 00:32:07.653927+00	250	I am a patient and kind ESL tutor, who is excited to teach anyone from any cultural background. I enjoy travel, culture, photography, technology, and snowboarding. 	\N	uploads/profiles/profile_images/5x4x0jet1yzzwakr4bky.jpg	\N	\N	\N	US	\N	f	1	0	0	0	1989-07-17	B090D354-E5BF-B21B-975F53BF47CFDFA7		0	1	US/Pacific	f		0	19	19	0			3	t	2013-06-19 22:04:59.520326+00	f	t	lnbeckr6350@comcast.net	t	\N	f	f	58	sgvwts1	t	t	t	0	t	t	f	t	f	en_US	\N	-1
244	2013-05-23 01:25:30.430966+00	2013-05-23 01:26:52.340086+00	237	Hi!	\N	images/defaults/profile.png	\N	\N	\N	US	\N	f	1	0	0	1	1994-05-09	1606FC5E-9AB7-C276-117BDF260B63E933	\N	0	0	US/Central	f		0	0	0	0			3	f	\N	f	t		f	\N	f	f	59	1zrmwvpbv	t	t	t	0	f	f	f	f	f	en_US	\N	-1
271	2013-07-17 20:18:10.744697+00	2013-07-17 20:30:24.347099+00	264	Hi! I'm excited to be your tutor.	\N	images/defaults/profile.png	\N	\N	\N	US	\N	f	1	0	0	20	1992-11-24	4EDA8986-C4AA-18B9-F386C6C2C1879D6C		0	1	US/Eastern	f		0	19	19	0		School	3	t	2013-07-17 20:25:49.459223+00	f	t	babybop5kd@gmail.com	f	\N	f	f	58	x5hxcttb	t	t	t	0	f	f	f	f	f	en_US	\N	-1
238	2013-05-15 22:34:09.37555+00	2013-05-29 16:04:26.051595+00	231	I am a rising freshman at Columbia University.	\N	images/defaults/profile.png	\N	\N	\N	US	\N	f	1	0	0	1	1995-12-06	A76C81B7-D719-18FA-47E92E49E83B0136		0	1	US/Eastern	f		0	3	3	0			3	t	2013-05-15 22:37:33.43234+00	f	t		f	\N	f	f	60	\N	t	t	t	0	f	t	f	f	f	en_US	\N	-1
230	2013-05-06 04:56:15.771848+00	2013-05-29 16:06:01.327327+00	223	HR&KM professional, Passionate about teaching and sharing knowledge. Maths , Statistics and Science.4+years of corporate experience	\N	images/defaults/profile.png	\N	\N	\N	IN	\N	t	1	0	0	20	1985-04-26	B21EF0EA-C171-3F6E-3E260CE245827ECA		0	1	Asia/Calcutta	f		0	15	15	0		Linkedin Group	3	t	2013-05-06 05:38:25.000975+00	f	t	seemajindal26@gmail.com	t	\N	f	f	60	\N	t	t	t	0	t	t	f	t	f	en_US	\N	-1
258	2013-06-24 15:33:31.068818+00	2013-06-24 15:33:40.19688+00	251	Just Checking	\N	images/defaults/profile.png	\N	\N	\N	US	\N	t	1	0	0	0	1980-01-01	A42C0755-C257-A58E-35F2418ED4F97AD2	\N	0	0	US/Alaska	t		0	0	0	0			3	f	\N	f	t		t	\N	f	f	60	\N	t	t	t	0	f	f	f	f	f	en_US	\N	-1
245	2013-05-23 16:22:45.253485+00	2013-05-23 16:22:45.457208+00	238	\N	\N	images/defaults/profile.png	\N	\N	\N	FR	\N	t	0	0	0	20	1974-10-31	\N	\N	0	1	Europe/Paris	f		0	0	0	0		linked in	2	f	\N	f	f	\N	t	\N	f	f	60	\N	t	t	t	0	f	f	f	f	t	en_US	\N	-1
246	2013-05-25 19:26:40.727821+00	2013-05-29 16:07:17.064765+00	239	I am software engineer and teaching is my passion	\N	images/defaults/profile.png	\N	\N	\N	IN	\N	t	1	0	0	20	1989-03-30	A3BB3286-07DC-4016-A7C931A3C01C6823		0	1	Asia/Calcutta	f		0	4	4	0		lindekin	3	t	2013-05-25 19:28:19.010191+00	f	t		t	\N	f	f	58	mgmrx8y	t	t	t	0	t	t	f	f	f	en_US	\N	-1
248	2013-05-30 16:05:18.883887+00	2013-05-30 16:05:34.550013+00	241		\N	images/defaults/profile.png	\N	\N	\N	US	\N	t	2	0	0	4	1989-01-30	9E057B36-D796-2FFD-9B69D261DF4B2A57		0	0	US/Eastern	f		0	0	0	0			1	f	\N	f	f		t	\N	f	f	60	\N	t	t	t	0	f	f	f	f	t	en_US	\N	-1
264	2013-07-05 16:16:28.685938+00	2013-07-05 16:21:17.0252+00	257	I am a native english teacher with a degree in English Philology. I have a lot of teaching experience in all areas. I own an academy on the south coast of Spain which has been open for 8 years now.	\N	uploads/profiles/profile_images/imvsv6bujdzuxxnce5qy.jpg	\N	\N	\N	ES	\N	t	1	0	0	20	1980-07-01	DC308C54-A217-EB65-E1391EBE4B71DDC6	\N	0	1	Europe/Madrid	f		0	0	0	0		linkedin	2	f	\N	f	t	camdenyoyo@hotmail.com	t	\N	f	f	60	\N	t	t	t	0	t	t	f	t	f	en_US	\N	-1
149	2013-02-08 17:59:01.353934+00	2013-05-14 15:38:02.30423+00	115	\N	\N	images/defaults/profile.png	\N	\N	\N	\N	\N	f	0	0	0	0	\N	\N	\N	0	0	UTC	f		0	0	0	0	\N	\N	1	f	\N	f	f	\N	f	\N	f	f	60	\N	t	t	t	0	f	f	f	f	f	en_US	\N	-1
202	2013-03-24 03:09:41.295406+00	2013-05-16 17:35:58.18936+00	195	I received a PhD in Biomedical Engineering and I am currently a stay at home mom. I would love to teach Science, Mathematics, Physics, Biology and Chemistry for any level in school. \r\nI believe that a good mentor is very important to develop interest in a subject and thereafter, learning is automatic. I am a very friendly and amicable person. 	\N	images/defaults/profile.png	\N	\N	\N	US	\N	f	1	0	0	4	1982-12-16	0907DF8C-B5F5-4F97-5790586F19512FF6		0	1	US/Eastern	f		0	0	0	0			3	f	\N	f	t		f	\N	f	f	59	mpsc5qhgg	t	t	t	0	t	t	f	t	f	en_US	\N	-1
249	2013-06-03 17:29:52.991834+00	2013-06-07 13:19:13.832708+00	242	My name is Patrice and I am a French teacher for over 10 years. After practicing distance teaching in Japan, I developed a method specially suited for the Internet. I am keen on languages and I speak English, Spanish and Japanese.	\N	uploads/profiles/profile_images/tyu8kgsnyfd0ik0pp6wp.jpg	\N	\N	\N	FR	\N	t	1	0	0	20	1972-05-12	6F0B00C3-AB63-B692-01CF88094A9CA8A3		0	0	Europe/Paris	f		0	20	20	0		Linked in	2	t	2013-06-03 17:39:49.761481+00	f	t	contact@telefrench.com	f	\N	f	f	60	grqf1qn8q	t	t	t	0	t	t	f	t	f	en_US	\N	-1
265	2013-07-06 01:24:29.689387+00	2013-07-06 16:35:52.511192+00	258	Hello! I'm a junior sociology major at Reed College. I have studied French for five years and tutored it for one. 	\N	uploads/profiles/profile_images/9zc03rexu11dfstagmpj.jpg	\N	\N	\N	US	\N	f	1	0	0	20	1992-11-02	EFC9D437-CF48-6E8D-67907D82F5D75381		0	1	US/Pacific	f		0	0	0	0		Reddit post	1	f	\N	f	t	lady.and.scholar@gmail.com	f	\N	f	f	60	\N	t	t	t	0	t	t	f	t	f	en_US	\N	-1
260	2013-06-24 17:30:00.645127+00	2013-06-24 17:36:18.638599+00	253		\N	images/defaults/profile.png	\N	\N	\N	US	\N	f	2	0	0	4	1988-07-05	A8565921-B191-4D2B-1334A4750F4EF4C6		0	1	US/Central	f		0	0	0	0			1	f	\N	f	f		f	\N	f	f	60	\N	t	t	t	0	f	f	f	f	t	en_US	\N	-1
261	2013-06-26 23:20:50.638333+00	2013-06-26 23:20:54.355747+00	254	\N	\N	images/defaults/profile.png	\N	\N	\N	UK	\N	t	3	0	0	4	1957-09-05	\N	\N	0	0	Europe/London	f		0	0	0	0			1	f	\N	f	f	\N	t	\N	f	f	60	\N	t	t	t	0	f	f	f	f	t	en_US	\N	-1
274	2013-07-19 21:13:12.935221+00	2013-07-19 21:13:24.126687+00	267	arer aergqerg	\N	uploads/profiles/profile_images/igzn4m9hfvclx095h4fy.png	\N	\N	\N	US	\N	f	1	0	0	0	1990-01-01	B7CA9ED0-CD52-8085-FBE9AE027FDD13DD	\N	0	0	US/Alaska	f		0	0	0	0	\N	\N	3	f	\N	f	f	\N	f	\N	f	f	60	\N	t	t	t	0	f	f	f	f	f	en_US	1231231	23
94	2013-01-28 16:03:41.294055+00	2013-07-30 20:08:42.76344+00	91	Dynamic tutoring in GMAT Maths only.	\N	uploads/profiles/profile_images/r14az2jnygljot3hm1ni.jpg	\N	\N	\N	US	\N	t	1	0	0	20	1985-10-02	136D34F6-B472-0628-54D7D24DB2C805DD		4.5	0	US/Eastern	f		2	10	30	2		Nick	3	t	2013-01-28 16:20:35.901043+00	t	t	emizrahi14@gsb.columbia.edu	t	2013-12-31	f	f	0	qx5qsn8y	t	t	t	0	t	t	f	t	f	en_US	\N	-1
266	2013-07-11 21:20:48.449074+00	2013-07-11 21:21:12.218961+00	259		\N	images/defaults/profile.png	\N	\N	\N	UK	\N	t	2	0	0	1	1995-05-30	1C1053E6-FFB8-15E1-AE5FE1886B8DCE58		0	0	Europe/London	f		0	0	0	0			1	f	\N	f	f		f	\N	f	f	60	\N	t	t	t	0	f	f	f	f	t	en_US	\N	-1
267	2013-07-13 12:31:38.717069+00	2013-07-14 16:25:37.86439+00	260	As a certified instructor for over 15 years, I teach in a firm, yet flexible manner.  I not only teach the student how to understand their subject matter, I also teach the student focus and discipline.  These are 2 things that students need the most, especially in a world that teaches them constant and instant gratification.  Classes are held via Skype or in-person.	\N	uploads/profiles/profile_images/gi4d1arzq1u99974lw32.jpg	\N	\N	\N	US	\N	t	1	0	0	0	1970-09-11	70229C1B-96DC-DB48-2413615FCD71E3F0		0	0	US/Alaska	f		0	25	30	0			3	t	2013-07-13 12:33:43.413193+00	f	f	tarmendi@bellsouth.net	t	\N	f	f	60	\N	t	t	t	0	t	t	f	t	f	en_US	\N	-1
251	2013-06-04 20:22:31.585083+00	2013-06-04 20:22:36.362971+00	244	\N	\N	images/defaults/profile.png	\N	\N	\N	US	\N	f	2	0	0	0	1991-05-25	A8B6D657-06FE-2D6C-CDEE7FE57FAAE3F7	\N	0	0	US/Eastern	f		0	0	0	0			1	f	\N	f	f	\N	f	\N	f	f	60	\N	t	t	t	0	f	f	f	f	t	en_US	\N	-1
240	2013-05-19 15:26:50.440288+00	2013-05-21 05:06:10.575927+00	233	 I am 'A' grade  certified  on line maths tutor,can handle SAT,GRE MAT and 12 th grade maths,i am well versed  in all topics related in mathematics	\N	uploads/profiles/profile_images/sjkyox2uaneg7y606ul2.jpg	\N	\N	\N	IN	\N	t	1	0	0	3	1969-12-26	6620CB26-E773-F69B-4798489A64CB9231		0	0	Asia/Calcutta	f		0	0	0	0			3	f	\N	f	t	psnv98850@gmail.com	t	\N	f	f	0	ys7qwqqmc	t	t	t	0	t	t	f	t	f	en_US	\N	-1
262	2013-06-26 23:24:19.139157+00	2013-06-26 23:24:33.270884+00	255	\N	\N	images/defaults/profile.png	\N	\N	\N	UK	\N	f	4	0	0	4	2000-01-01	1C00ECF1-07C1-4A1B-3B8C1B03CFA30AD6	\N	0	0	America/Anguilla	f		0	0	0	0			1	f	\N	f	f	\N	f	\N	f	f	60	\N	t	t	t	0	f	f	f	f	t	en_US	\N	-1
241	2013-05-20 11:54:58.448169+00	2013-05-29 17:47:19.480208+00	234	I am a certified ELE Teacher (Espaol como Lengua Extranjera), certification that I obtained in Barcelona, Spain. Ive specialized on online lessons, using the communicative method, so it focuses on communication, but without neglecting grammar. What is of concern to me is to listen to my students or future students in order to know their needs, therefore, I am able to adapt my lessons to what they expect from a Spanish course; to practice it or to prepare for specific exams (DELE, CELU, etc.).		uploads/profiles/profile_images/4hbyyqh6l2r3uakwclyh.jpg				IT		t	1	0	0	20	1975-04-25	4526CD03-EF2F-CDF4-3CC03C22BDE14B99		0	1	Europe/Rome	f		0	11	11	0		Linkedin	2	t	2013-05-29 13:41:36.163548+00	f	t		f	\N	f	f	60		t	t	t	0	t	t	t	t	f	en_US	\N	-1
232	2013-05-06 11:49:14.067614+00	2013-05-14 15:38:02.538949+00	225	\N	\N	images/defaults/profile.png	\N	\N	\N	PH	\N	t	0	0	0	3	1987-01-26	\N	\N	0	0	Africa/Abidjan	f		0	0	0	0			3	f	\N	f	f	\N	t	\N	f	f	60	\N	t	t	t	0	f	f	f	f	f	en_US	\N	-1
263	2013-06-28 16:10:32.453443+00	2013-06-28 16:16:14.615451+00	256	looking for a good tutor	\N	images/defaults/profile.png	\N	\N	\N	US	\N	f	1	0	0	2	1994-04-05	737D34C4-0DC5-E921-BE80EEE30D029451	\N	0	0	US/East-Indiana	f		0	0	0	0			3	f	\N	f	t		f	\N	f	f	55	uvjr55ksn	t	t	t	0	f	f	f	f	f	en_US	\N	-1
253	2013-06-07 21:55:39.048162+00	2013-06-07 21:58:14.329528+00	246	Tutor	\N	images/defaults/profile.png	\N	\N	\N	CH	\N	f	1	0	0	4	1982-06-03	468A2534-B322-BB0E-6CC28B4D62A1DBAD		0	0	Europe/Zurich	f		0	100	100	0	Nick		3	t	2013-06-07 21:57:17.623653+00	f	t	d.wittwer@me.com	f	\N	f	f	60	t1yy5urv4	t	t	t	0	f	f	f	f	f	en_US	\N	-1
242	2013-05-20 23:26:05.124073+00	2013-05-29 16:06:45.482032+00	235	A graduate student at Worcester Polytechnic Institute major in Mechanical Engineering. \r\nNative speaker of Chinese, great pronunciation, tour around Chinaonce writing Chinese novelette for a living.\r\nAvailable near Worcester, MA.  	\N	uploads/profiles/profile_images/lp0heh0bds720lk3rqt9.jpg	\N	\N	\N	US	\N	t	1	0	0	4	1988-12-19	AAC36240-D38F-3BCB-D7A9301890E0AF19		0	1	US/Eastern	f		0	25	25	0			3	t	2013-05-20 23:28:25.607547+00	f	t	qirenyifan@gmail.com	t	\N	f	f	60	yvnh8tuw	t	t	t	0	t	t	f	f	f	en_US	\N	-1
78	2012-09-03 16:36:41.930543+00	2013-05-14 15:38:02.14619+00	75	\N	\N	images/defaults/profile.png	\N	\N	\N	US	\N	t	2	0	0	4	1995-07-24	825BD0C9-FAFB-59A4-F37F9409F849AC5C	\N	0	1	US/Alaska	f		0	0	0	0			1	f	\N	f	f	\N	t	\N	f	f	60	\N	t	t	t	0	f	f	f	f	f	en_US	\N	-1
93	2013-01-28 15:59:21.213996+00	2013-05-14 15:38:02.150851+00	90	Happy to provide GMAT tutoring (I got a 770), and am ex BCG.	\N	images/defaults/profile.png	\N	\N	\N	US	\N	f	1	0	0	4	1984-08-18	13457281-A727-72FC-9843585F18711197		0	0	US/Eastern	f		0	60	60	0			3	t	2013-02-14 16:32:54.559792+00	f	t	ldecrespigny@gmail.com	f	\N	f	f	60	\N	t	t	t	0	t	t	f	t	f	en_US	\N	-1
100	2013-01-29 21:50:55.674799+00	2013-05-14 15:38:02.15441+00	97	I'm a first year student at Columbia Business School. Prior to school, I worked as a producer in financial television for over four years, first at CNBC and then at Bloomberg. I'm transitioning into the financial services industry. I went to Georgetown University undergrad, and I grew up outside of Boston, MA.	\N	uploads/profiles/profile_images/0oxwl5grfpq62jwgwe97.jpg	\N	\N	\N	US	\N	f	1	0	0	4	1985-05-24	535F40FA-BE1A-144D-22EF945A0CC402F1		0	1	US/Alaska	f		0	30	30	0			3	t	2013-01-29 21:57:15.405904+00	t	t	jennydwork@gmail.com	f	\N	f	f	60	\N	t	t	t	0	t	t	f	t	f	en_US	\N	-1
90	2013-01-18 15:21:05.413685+00	2013-05-14 15:38:02.157758+00	87	My name is Siri Kurada, a senior at NYU, majoring in mathematics. I live in New York City - I do online and in-person tutoring. Feel free to get in touch with me regarding available times/rates. \r\n\r\n	\N	uploads/profiles/profile_images/kmjh7y97gf2n9bbuouan.jpg	\N	\N	\N	US	\N	f	1	0	0	4	1991-02-10	0EB16614-0F23-2426-BD7280388620C476		0	1	US/Eastern	f		0	25	25	0			3	t	2013-01-18 15:24:20.329928+00	t	t		f	\N	f	f	60	tvv8xzwb	t	t	t	0	t	t	f	t	f	en_US	\N	-1
92	2013-01-28 15:54:44.294648+00	2013-05-14 15:38:02.161053+00	89	Current student at Columbia Business School.  Have worked as an entrepreneur (Med Preps LLC) as well as at a Senior Policy Analyst at the Centre for Micro Finance and a Quantitative Analyst at Bank of America.	\N	uploads/profiles/profile_images/kmkjswqym6h2xzj9f925.png	\N	\N	\N	US	\N	t	1	0	0	4	1985-05-04	131B8B6C-ED10-2116-434B9E9590A63F9A		0	0	US/Eastern	f		0	30	30	0			3	t	2013-01-28 15:59:37.135069+00	t	t	kimia.ferdowsi@gmail.com	t	\N	f	f	60	\N	t	t	t	0	t	t	f	t	f	en_US	\N	-1
82	2012-09-18 16:27:58.417138+00	2013-05-14 15:38:02.164373+00	79	\N	\N	images/defaults/profile.png	\N	\N	\N	UK	\N	f	4	0	0	4	2005-02-28	86DC44A6-E9F2-8B84-20AF847D0659BBDE	\N	0	1	Europe/London	f		0	0	0	0			1	f	\N	f	f	\N	f	\N	f	f	60	\N	t	t	t	0	f	f	f	f	f	en_US	\N	-1
268	2013-07-13 14:10:17.468781+00	2013-07-28 21:33:25.130467+00	261		\N	uploads/profiles/profile_images/qy39ei1ew5c7dujbp2w8.jpeg	\N	\N	\N	UK	\N	t	2	0	0	0	1979-03-05	73A9C43A-D8C4-7CF2-FD5A8AF6FEEFD4A9		0	0	Europe/London	f		0	0	0	0			1	f	\N	f	f		t	\N	f	f	60	\N	t	t	t	0	f	f	f	f	t	en_US	\N	-1
86	2012-11-01 21:38:31.336671+00	2013-05-14 15:38:02.167612+00	83	I tutor English, math, and the sciences for grade school, high school, and college.	\N	images/defaults/profile.png	\N	\N	\N	US	\N	t	1	0	0	0	1981-02-10	6B9F5A03-E1B3-F2F5-D7D7CD70E16314DB		0	0	US/Eastern	f		0	25	40	0			3	t	2012-11-01 21:50:07.339559+00	t	t	scarl814@gmail.com	f	\N	f	f	60	\N	t	t	t	0	t	t	f	t	f	en_US	\N	-1
70	2012-08-13 08:22:14.558389+00	2013-05-14 15:38:02.170864+00	68			images/defaults/profile.png				UK		f	2	45	0	0	1986-08-11	375BEA82-C919-1087-A8B07E1AEBE033B6		0	0	UTC	f		0	0	0	0			1	f	\N	f	f		f	\N	f	f	60		t	t	t	0	f	f	f	f	f	en_US	\N	-1
88	2012-12-10 20:30:13.198611+00	2013-05-14 15:38:02.174175+00	85	\N	\N	images/defaults/profile.png	\N	\N	\N	UK	\N	t	2	0	0	4	1986-09-08	41ADA816-C98E-A789-5CCEAACEB8B02274	\N	0	1	Europe/London	f		0	0	0	0	Nick Crosthwaite 		1	f	\N	f	f	\N	t	\N	f	f	60	\N	t	t	t	0	f	f	f	f	f	en_US	\N	-1
74	2012-08-19 23:47:47.764664+00	2013-05-14 15:38:02.177401+00	71	IM A NATIVE SPANISH SPEAKER FROM ARGENTINA AND I WOULD LIKE TO HELP ENGLISH SPEAKERS LEARN SPANISH	\N	uploads/profiles/profile_images/epmtrlwx47ip18zcrgq3.jpg	\N	\N	\N	AR	\N	t	1	0	0	1	1977-05-13	8CF74034-EA2A-13BB-02796A223DA4D16D		0	1	America/Argentina/Buenos_Aires	f		0	0	0	0			3	f	\N	t	f		t	\N	f	f	60	vbxfqp9	t	t	t	0	t	t	f	t	f	en_US	\N	-1
197	2013-03-14 13:12:23.711357+00	2013-05-14 15:38:02.180812+00	190	\N	\N	images/defaults/profile.png	\N	\N	\N	UK	\N	t	0	0	0	20	1988-10-06	\N	\N	0	1	Europe/London	t		0	0	0	0		linkedin	3	f	\N	f	f	\N	t	\N	f	f	60	\N	t	t	t	0	f	f	f	f	f	en_US	\N	-1
98	2013-01-28 17:58:31.525549+00	2013-05-14 15:38:02.184043+00	95	Former Consultant and Investment Banker - Engineer from Cornell University, MBA from Columbia Business School		images/defaults/profile.png	\N	\N	\N	US	\N	f	1	0	0	4	1986-07-13	17892AB9-D694-64A3-DCC6C51D8F40C526		0	0	US/Alaska	f		0	50	50	0			3	t	2013-01-28 17:59:31.784671+00	t	t	bgitler@gmail.com	f	\N	f	f	60	\N	t	t	t	0	t	t	f	t	f	en_US	\N	-1
96	2013-01-28 16:08:33.708024+00	2013-05-14 15:38:02.187341+00	93	I am a current student at Columbia Business School. After graduating from the University of Notre Dame with a double major in Finance and Philosophy, I spent four years working as a management consultant before beginning the MBA program at CBS.\r\n\r\nI applied to CBS with a 770 GMAT score (99th percentile) and a 46 GMAT Verbal (also 99th percentile). I am most qualified to teach GMAT and SAT verbal but am also happy to tutor more elementary math concepts.	\N	uploads/profiles/profile_images/g0tt4i0ygo2naa56byro.jpg	\N	\N	\N	US	\N	f	1	0	0	4	1986-04-09	1399CA67-B8FF-F7C1-DB7A367071887B66		0	0	US/Eastern	f		0	32	32	0			3	t	2013-02-04 16:40:02.288763+00	t	t	amelecki@gmail.com	f	\N	f	f	60	\N	t	t	t	0	t	t	f	t	f	en_US	\N	-1
148	2013-02-08 16:48:57.382919+00	2013-05-14 15:38:02.190685+00	144	Graduate of West Point and the Harvard Kennedy School, and a public policy, and policy research and analysis professional.	\N	images/defaults/profile.png	\N	\N	\N	US	\N	f	1	0	0	1	1983-03-04	4B6A1364-02D6-1BA7-13DBB4C2C2D5B29A		0	0	US/Eastern	f		0	10	10	0			3	t	2013-02-08 16:51:14.076933+00	t	t	AlvesAA@gmail.com	f	\N	f	f	60	\N	t	t	t	0	t	t	f	t	f	en_US	\N	-1
108	2013-02-04 16:09:00.368149+00	2013-05-14 15:38:02.193925+00	103	EXPERIENCE IN TUTORING ENGLISH AND PHILOSOPHY, UP TO DEGREE LEVEL.	\N	images/defaults/profile.png	\N	\N	\N	UK	\N	t	1	0	0	4	1984-09-30	7BE603B5-E470-54DB-F7FE99A6E1A37091	\N	0	1	America/Anguilla	t		0	0	0	0			1	f	\N	f	t	LUCYMARPLES3@HOTMAIL.COM	t	\N	f	f	60	tm3ryzdt	t	t	t	0	t	t	f	t	f	en_US	\N	-1
110	2013-02-04 19:53:51.302714+00	2013-05-14 15:38:02.197486+00	105	I tutor English Language and Literature to primary and secondary schoolchildren.	\N	images/defaults/profile.png	\N	\N	\N	UK	\N	t	1	0	0	1	1992-07-03	83F1DBB2-A716-BFC7-BFD9CEDF2732DBB5	\N	0	1	America/Anguilla	f		0	0	0	0			1	f	\N	f	t	roweenayip@gmail.com	t	\N	f	f	60	tfbcpm0z	t	t	t	0	t	t	f	t	f	en_US	\N	-1
112	2013-02-05 01:17:05.906431+00	2013-05-14 15:38:02.200862+00	107	\N	\N	images/defaults/profile.png	\N	\N	\N	US	\N	f	0	0	0	20	1985-09-05	\N	\N	0	0	US/Alaska	f		0	0	0	0		Columbia University posting	3	f	\N	f	f	\N	f	\N	f	f	60	\N	t	t	t	0	f	f	f	f	f	en_US	\N	-1
104	2013-02-02 17:38:33.434112+00	2013-05-14 15:38:02.204167+00	99	I'm a former investment banker turned grad student currently living in New York City. I scored a 710 on the GMAT and would be happy to help you improve your scores. 	\N	images/defaults/profile.png	\N	\N	\N	US	\N	t	1	0	0	4	1983-06-07	180F4D93-F380-5B22-2C325736E80B764E		0	1	US/Eastern	f		0	10	20	0			3	t	2013-02-02 17:46:59.13332+00	t	t	smenon14@gsb.columbia.edu	t	\N	f	f	60	\N	t	t	t	0	t	t	f	t	f	en_US	\N	-1
72	2012-08-18 22:42:52.193254+00	2013-05-14 15:38:02.207495+00	1			images/defaults/profile.png				\N		f	4	10	0	0	\N	B41F10D5-AFCD-E925-0FEB1B570738B5B2		0	0	UTC	f		0	0	0	0			1	f	\N	f	f		f	\N	f	f	60		t	t	t	0	f	f	f	f	f	en_US	\N	-1
176	2013-02-22 21:34:13.059807+00	2013-05-14 15:38:02.210761+00	169	CFA Charter Holder, Columbia Business School MBA Student	\N	uploads/profiles/profile_images/t3lg80qb71g87gisnkzu.jpg	\N	\N	\N	US	\N	t	1	0	0	4	1981-10-15	26EA9D43-0039-2425-DE50BDF544D437A8		0	0	US/Alaska	f		0	15	15	0			3	t	2013-02-22 21:37:02.644367+00	t	t	melmed@gmail.com	t	\N	f	f	60	\N	t	t	t	0	t	t	f	t	f	en_US	\N	-1
227	2013-05-04 15:57:10.404162+00	2013-05-14 15:38:02.214035+00	220	\N	\N	images/defaults/profile.png	\N	\N	\N	IN	\N	t	0	0	0	20	1984-11-05	\N	\N	0	0	Asia/Calcutta	f		0	0	0	0		LinkedIn	3	f	\N	f	f	\N	t	\N	f	f	60	\N	t	t	t	0	f	f	f	f	f	en_US	\N	-1
236	2013-05-07 19:20:48.978778+00	2013-05-14 15:38:02.21759+00	229	\N	\N	images/defaults/profile.png	\N	\N	\N	\N	\N	f	0	0	0	0	\N	\N	\N	0	0	UTC	f		0	0	0	0	\N	\N	1	f	\N	f	f	\N	f	\N	f	f	60	\N	t	t	t	0	f	f	f	f	f	en_US	\N	-1
71	2012-08-15 19:36:25.350609+00	2013-05-14 15:38:02.220853+00	69	\N	\N	images/defaults/profile.png	\N	\N	\N	US	\N	f	2	0	0	4	1996-04-12	B6856AEE-F263-5EBC-5541DEE1197F9764	\N	0	1	US/Alaska	f		0	0	0	0			1	f	\N	f	f	\N	f	\N	f	f	60	\N	t	t	t	0	f	f	f	f	f	en_US	\N	-1
79	2012-09-06 17:04:15.667155+00	2013-05-14 15:38:02.224361+00	76		\N	images/defaults/profile.png	\N	\N	\N	UK	\N	t	2	0	0	4	1994-11-04	1DE881D8-FB3E-9432-4929A5CBD05CD088		0	1	Europe/London	f		0	0	0	0			1	f	\N	f	f		f	\N	f	f	60	\N	t	t	t	0	f	f	f	f	f	en_US	\N	-1
77	2012-08-30 17:44:46.025651+00	2013-05-14 15:38:02.228191+00	74	Hard working and dedicated to facilitating teaching and learning, I have four years experiene working with 11-18 year olds in mainstream education, with a focus on Media Studies, English and CHRE. \r\nI have since worked one to one with students with behavioural difficulties and have also lectured to trainee teachers on effective teaching and learning strategies.\r\nThe study space is in my living room; a dining table in an open bay window. 	\N	images/defaults/profile.png	\N	\N	\N	UK	\N	t	1	0	0	4	1980-05-30	B6B5ABCD-ED74-09A2-E1B71FE63EC56DB0		0	1	Europe/London	t		0	0	0	0			3	f	\N	f	f		t	\N	f	f	57	1cyvdb4j	t	t	t	0	t	t	f	t	f	en_US	\N	-1
73	2012-08-19 10:57:45.073436+00	2013-05-14 15:38:02.231746+00	70	\N	\N	images/defaults/profile.png	\N	\N	\N	UK	\N	f	2	0	0	4	1992-04-08	7169F8E6-AC14-846F-D22FCFD36137D0F5	\N	0	0	Europe/London	f		0	0	0	0			1	f	\N	f	f	\N	f	\N	f	f	60	\N	t	t	t	0	f	f	f	f	f	en_US	\N	-1
81	2012-09-18 16:26:14.726899+00	2013-05-14 15:38:02.234996+00	78		\N	images/defaults/profile.png	\N	\N	\N	UK	\N	t	3	0	0	4	1985-04-12	\N		0	1	Europe/London	f		0	0	0	0			1	f	\N	f	f		t	\N	f	f	60	\N	t	t	t	0	f	f	f	f	f	en_US	\N	-1
83	2012-09-20 17:29:27.14411+00	2013-05-14 15:38:02.238242+00	80	I offer tuition for the following: - GCSEs: Maths, Economics, Chemistry - AS/A2: Maths, Economics, Chemistry, Philosophy, Politics - Degree level: Economics, Philosophy, Politics		images/defaults/profile.png	\N	\N	\N	UK	\N	t	1	0	0	4	1987-01-16	F01AE9D9-CA33-373A-CA01C78ABD52B5F4		0	0	Europe/London	f		0	10	20	0			3	t	2012-09-20 17:33:31.425592+00	t	t		t	\N	f	f	60	\N	t	t	t	0	t	t	f	t	f	en_US	\N	-1
89	2012-12-18 11:10:22.174887+00	2013-05-14 15:38:02.241578+00	86		\N	images/defaults/profile.png	\N	\N	\N	SG	\N	f	2	0	0	0	1990-01-31	C9D18F56-903A-6B66-EF1242ED5243E8A7		0	0	Singapore	f		0	0	0	0			1	f	\N	f	f		f	\N	f	f	60	\N	t	t	t	0	f	f	f	f	f	en_US	\N	-1
75	2012-08-22 15:49:49.851066+00	2013-05-14 15:38:02.244818+00	72	I am a 24 year old Cambridge graduate, with extensive experience teaching KS3, GCSE, AS and A level History, Spanish, French and Music. I have taught English as a foreign language in Romania, Ecuador, Peru, West Bank and India. I am a qualified oboe teacher. 		uploads/profiles/profile_images/o5jazuavwnbasv4hbb50.jpg				UK		f	1	0	0	4	1988-06-29	166DA74F-9278-9660-FBB3A66BE2B63DD5		0	1	Europe/London	f		0	0	0	0			1	f	\N	t	f	harriet.armstonclarke@tvf.co.uk	f	\N	f	f	60		t	t	t	0	t	t	f	t	f	en_US	\N	-1
99	2013-01-28 21:36:16.281798+00	2013-05-14 15:38:02.248187+00	96	Columbia Business School Student	\N	uploads/profiles/profile_images/0gn1sxgkcojsi0c735w7.jpg	\N	\N	\N	US	\N	t	1	0	0	4	1985-08-02	1F53A44B-C007-032F-B02506023F91A1C5		0	1	US/Eastern	f		0	20	20	0			3	t	2013-01-28 22:07:55.764844+00	t	t	couch.sara@gmail.com	t	\N	f	f	59	rk9jqb0r	t	t	t	0	t	t	f	t	f	en_US	\N	-1
95	2013-01-28 16:05:25.812182+00	2013-05-14 15:38:02.251456+00	92	I am a Columbia Business School student, and obtained a 760 on my GMAT.  I completed the verbal component of the test with no errors. 	\N	images/defaults/profile.png	\N	\N	\N	US	\N	t	1	0	0	4	1985-05-21	137D3A09-D9A2-B5F3-14F03FA9E3A48574		0	0	US/Alaska	f		0	20	25	0			3	t	2013-02-02 21:06:42.023343+00	t	f	abdieldoug@gmail.com	t	\N	f	f	60	fk1dnf6g3	t	t	t	0	t	t	f	t	f	en_US	\N	-1
107	2013-02-04 16:07:31.546379+00	2013-05-14 15:38:02.254766+00	102	EXPERIENCE IN TUTORING ENGLISH AND PHILOSOPHY, UP TO DEGREE LEVEL.	\N	images/defaults/profile.png	\N	\N	\N	UK	\N	t	1	0	0	4	1984-09-30	7BD896A1-ADA2-F7E3-F32725248D636116	\N	0	1	America/Anguilla	t		0	0	0	0			1	f	\N	f	t	LUCYMARPLES3@HOTMAIL.COM	t	\N	f	f	60	\N	t	t	t	0	t	t	f	t	f	en_US	\N	-1
111	2013-02-05 01:16:08.802419+00	2013-05-14 15:38:02.257989+00	106	\N	\N	images/defaults/profile.png	\N	\N	\N	US	\N	f	0	0	0	20	1985-09-05	\N	\N	0	0	US/Alaska	f		0	0	0	0		Columbia University posting	3	f	\N	f	f	\N	f	\N	f	f	60	\N	t	t	t	0	f	f	f	f	f	en_US	\N	-1
127	2013-02-05 16:00:44.01469+00	2013-05-14 15:38:02.261189+00	123	Columbia Business School student 2014	\N	images/defaults/profile.png	\N	\N	\N	US	\N	t	1	0	0	4	1985-02-19	AF1FBD36-CDC0-5679-5A1698F8FD80EB13	\N	0	1	US/Alaska	f		0	0	0	0	Debby		3	f	\N	f	t	jplin2889@hotmail.com	t	\N	f	f	60	\N	t	t	t	0	t	t	f	t	f	en_US	\N	-1
87	2012-11-26 05:05:07.286579+00	2013-05-14 15:38:02.264471+00	84	Attorney, licensed to practice in New York and Massachusetts. Can teach subjects tested on the Bar Exam, subjects taught in ABA-accredited Law Schools, and more.	\N	images/defaults/profile.png	\N	\N	\N	US	\N	f	1	0	0	20	1987-05-20	4F486769-A1EC-3F35-F595593CBB5BFF44	\N	0	0	US/Alaska	f		0	0	0	0		Columbia Business School Venture Fair/Gust	3	f	\N	f	t	msakrani@gmail.com	f	\N	f	f	60	\N	t	t	t	0	t	t	f	t	f	en_US	\N	-1
168	2013-02-16 17:19:27.475222+00	2013-05-14 15:38:02.267786+00	162	Columbia University student with Economics background. \r\nNative Chinese speaker, proficient in English language.\r\nLife is a tree full of possibilities :) \r\nStart your journey now!\r\n	\N	images/defaults/profile.png	\N	\N	\N	US	\N	t	1	0	0	1	1989-02-20	E8AC98CE-945F-1336-47A0C4CEDAA837C8		0	1	US/Eastern	f		0	20	30	0			3	t	2013-02-16 17:23:33.072317+00	t	t	zhuye0720@yahoo.cn	f	\N	f	f	59	vubzbznp4	t	t	t	0	t	t	f	t	f	en_US	\N	-1
160	2013-02-12 20:14:35.651035+00	2013-05-14 15:38:02.271106+00	155		\N	uploads/profiles/profile_images/u2ikj6zspbe5wh77i34k.jpg	\N	\N	\N	UK	\N	t	2	0	0	4	1985-02-07	20DAD9B4-F955-FA70-41A8E717ED9178CA		0	0	Europe/London	f		0	0	0	0			1	f	\N	f	f		t	\N	f	f	60	\N	t	t	t	0	f	f	f	f	f	en_US	\N	-1
117	2013-02-05 03:55:29.433204+00	2013-05-14 15:38:02.27453+00	112	Freshman studying at Columbia University.	\N	images/defaults/profile.png	\N	\N	\N	US	\N	t	1	0	0	4	1994-06-01	952D07F7-EA2C-586E-39CA48479103ED9F		0	1	US/Alaska	f		0	25	40	0			3	t	2013-02-05 04:00:08.592776+00	t	t		f	\N	f	f	60	\N	t	t	t	0	t	t	f	t	f	en_US	\N	-1
91	2013-01-25 16:22:42.653913+00	2013-05-14 15:38:02.277767+00	88		\N	uploads/profiles/profile_images/3r73jebq0k78c8qkb138.jpg	\N	\N	\N	US	\N	t	2	0	0	0	1985-10-02	798B5121-E63B-6AE4-34ED16A8BC0E7FFD		0	0	US/Eastern	f		0	0	0	0			3	f	\N	f	f		t	\N	f	f	60	\N	t	t	t	0	f	f	f	f	f	en_US	\N	-1
205	2013-04-03 20:56:48.94283+00	2013-05-14 15:38:02.281095+00	198	Experienced ESL, SAT, NYS exams, multi subject tutor	\N	images/defaults/profile.png	\N	\N	\N	US	\N	t	1	0	0	4	1985-08-02	326C60AA-0141-81A6-B175FD09186FF200	\N	0	1	US/Alaska	f		0	0	0	0			3	f	\N	f	t	catluva2285@yahoo.com	t	\N	f	f	15	fkz2uvzg	t	t	t	0	f	t	f	f	f	en_US	\N	-1
103	2013-02-02 17:37:12.210481+00	2013-05-14 15:38:02.284362+00	98	MBA Student at Columbia Business School with an engineering background. \r\nFrench native - Italian fluent	\N	uploads/profiles/profile_images/8ck1wnpi4jznlfd1sdur.jpg	\N	\N	\N	US	\N	f	1	0	0	4	1985-09-11	1802F24E-D027-F75B-50063D60C6C51828		0	1	US/Eastern	f		0	20	30	0			3	t	2013-02-04 02:05:04.443394+00	t	t	juliette.lafille@gmail.com	f	\N	f	f	58	yzvvbphr8	t	t	t	0	t	t	f	t	f	en_US	\N	-1
131	2013-02-06 03:25:24.178806+00	2013-05-14 15:38:02.287697+00	127	background in engineering and business	\N	images/defaults/profile.png	\N	\N	\N	US	\N	f	1	0	0	4	1983-07-03	C79EB35B-E4F3-AF3B-96CF4AED05971F7E	\N	0	0	US/Eastern	f		0	0	0	0			3	f	\N	f	f	crosbo@gmail.com	f	\N	f	f	60	\N	t	t	t	0	t	t	f	t	f	en_US	\N	-1
133	2013-02-06 04:28:55.317965+00	2013-05-14 15:38:02.290933+00	129	\N	\N	images/defaults/profile.png	\N	\N	\N	US	\N	f	0	0	0	1	1986-09-03	\N	\N	0	0	US/Eastern	f		0	0	0	0			3	f	\N	f	f	\N	f	\N	f	f	60	\N	t	t	t	0	f	f	f	f	f	en_US	\N	-1
192	2013-03-07 23:57:20.624863+00	2013-05-14 15:38:02.470605+00	185		\N	images/defaults/profile.png	\N	\N	\N	US	\N	t	2	0	0	1	1988-08-25	C9CFF9D7-929F-D974-D90C3D81698B0B92		0	1	US/Alaska	f		0	0	0	0			1	f	\N	f	f		t	\N	f	f	60	\N	t	t	t	0	f	f	f	f	f	en_US	\N	-1
106	2013-02-04 05:50:37.867788+00	2013-05-14 15:38:02.297415+00	101	Columbia University graduate in Economics and Philosophy, experienced in SAT Math, SAT Verbal, SAT Writing, GRE, ACT, AP Calculus, and essay writing. Also experienced with debate coaching (Public Forum and Parliamentary Debate).	\N	uploads/profiles/profile_images/cree5qfhopzahtm9pgeh.png	\N	\N	\N	US	\N	t	1	0	0	1	1989-11-01	65C6248E-EAD4-B9A4-1BB72E042CB994D7		0	1	US/Eastern	f		0	15	15	0			3	t	2013-02-04 05:54:26.520078+00	t	t	mapleleafrag@gmail.com	f	\N	f	f	60	\N	t	t	t	0	t	t	f	t	f	en_US	\N	-1
115	2013-02-05 02:14:41.542448+00	2013-05-14 15:38:02.300898+00	110	I am a graduate of Princeton University, where I majored in English and minored in Creative Writing. I am currently pursuing my J.D. at Columbia Law School. Between college and law school, I worked for two years as a grant writer for The Mount Sinai Medical Center. I have experience tutoring high school level math, biology, chemistry, English, and SAT prep; I am especially comfortable tutoring students in English or writing. I would also be pleased to tutor students for the LSAT.	\N	images/defaults/profile.png	\N	\N	\N	US	\N	t	1	0	0	1	1988-05-30	9191A85A-F4BC-7EE5-5974105657591A3F		0	1	US/Eastern	f		0	0	0	0			3	f	\N	f	t	kgeringer@gmail.com	t	\N	f	f	60	\N	t	t	t	0	t	t	f	t	f	en_US	\N	-1
144	2013-02-06 23:57:45.024675+00	2013-05-14 15:38:02.307397+00	140	I am a graduate from Columbia University in NYC. I have experience tutoring in Algebra, Calculus, Geometry and Trigonometry. I can also offer assistance with college applications and essays.    	\N	uploads/profiles/profile_images/5zb3xzvypx2v1ipuu15j.jpg	\N	\N	\N	US	\N	f	1	0	0	1	1983-11-09	F3B65246-FA0C-024D-D3DCCDC12568BF94		0	1	US/Eastern	f		0	30	30	0			3	t	2013-02-07 00:04:51.233209+00	t	t		f	\N	f	f	60	rkq2rpqcz	t	t	t	0	t	t	f	t	f	en_US	\N	-1
114	2013-02-05 01:56:16.955371+00	2013-05-14 15:38:02.313991+00	109	I am a second year law student at Columbia University.  I graduated summa cum laude from Syracuse University in 2011 with a B.S. in Finance and Political Science.	\N	uploads/profiles/profile_images/1uxya5056jtx013jfnz8.jpg	\N	\N	\N	US	\N	f	1	0	0	1	1988-11-12	90E91173-9A74-2D0E-3DC11A5CACAB9BC9		0	1	US/Eastern	f		0	30	30	0			3	t	2013-02-05 02:01:49.379283+00	t	t	seturney11@gmail.com	f	\N	f	f	60	\N	t	t	t	0	t	t	f	t	f	en_US	\N	-1
129	2013-02-06 02:27:25.991319+00	2013-05-14 15:38:02.317291+00	125	Proficient and dedicated tutor in literature, language arts, creative writing, history, social sciences, and Spanish.  \r\n\r\nIvy league student about to graduate with a Bachelor's Degree	\N	uploads/profiles/profile_images/ww8ak0qus2c2fmy2g66o.jpg	\N	\N	\N	US	\N	t	1	0	0	1	1990-11-28	C58BE651-D7A9-22DB-7D88ED0F4A4A7235		0	1	US/Eastern	f		0	20	25	0			3	t	2013-02-06 02:28:48.694256+00	t	t	mk3055@columbia.edu	t	\N	f	f	60	pd5qghsw2	t	t	t	0	t	t	f	t	f	en_US	\N	-1
109	2013-02-04 19:01:51.962504+00	2013-05-14 15:38:02.320603+00	104	Native Mandarin Chinese speaker. Student at Columbia University in NYC.		images/defaults/profile.png	\N	\N	\N	US	\N	t	1	0	0	1	1994-06-23	821569AE-9B22-CF95-993B25288F3FA5DB		0	0	US/Eastern	f		0	10	10	0			3	t	2013-02-04 19:04:58.177617+00	t	t	xuxiao2695@gmail.com	t	\N	f	f	60	\N	t	t	t	0	t	t	f	t	f	en_US	\N	-1
128	2013-02-06 01:10:58.978722+00	2013-05-14 15:38:02.323899+00	124	\N	\N	images/defaults/profile.png	\N	\N	\N	US	\N	t	2	0	0	4	1994-10-22	C2CFC4C5-B275-1573-1DA060A370165B99	\N	0	1	US/Pacific	f		0	0	0	0	ciara		1	f	\N	f	f	\N	t	\N	f	f	60	\N	t	t	t	0	f	f	f	f	f	en_US	\N	-1
228	2013-05-05 08:20:01.991755+00	2013-05-14 15:38:02.327204+00	221		\N	images/defaults/profile.png	\N	\N	\N	IE	\N	f	2	0	0	20	1990-08-19	85DE4330-A99F-C270-0828764C4D03CD19		0	1	Europe/Dublin	f		0	0	0	0		Linkedin	1	f	\N	f	f		f	\N	f	f	60	\N	t	t	t	0	f	f	f	f	f	en_US	\N	-1
118	2013-02-05 04:10:07.446683+00	2013-05-14 15:38:02.33046+00	113	I am a Columbia University graduate, Class of 2012. I majored in Economics and Political Science. My specialties are English reading and writing, Mathematics, and Social Sciences. I am originally from South Africa, went to High School in Hong Kong and now work as a Business Analyst in New York City. I'd be happy to answer any other questions you might have! 	\N	images/defaults/profile.png	\N	\N	\N	US	\N	t	1	0	0	1	1987-04-15	95B2F908-9C28-A9C7-9E40BC8EEFE0C935		0	0	US/Alaska	f		0	10	30	0			3	t	2013-02-05 04:16:51.581463+00	t	t	mphobrown@gmail.com	t	\N	f	f	60	\N	t	t	t	0	t	t	f	t	f	en_US	\N	-1
113	2013-02-05 01:20:43.723187+00	2013-05-14 15:38:02.333751+00	108	I am a student at Columbia University majoring in Mathematics and Statistics. I love teaching and am excited to work with you!	\N	uploads/profiles/profile_images/o60bnmaik0j11c4i3w64.jpg	\N	\N	\N	US	\N	f	1	0	0	1	1994-03-21	8FA35DA9-F43E-DC0C-9056CE2499E9170E		0	1	US/Eastern	f		0	15	25	0			3	t	2013-02-05 01:23:59.62481+00	t	t	a.yellow.submaureen@gmail.com	f	\N	f	f	60	gmjy4p2q5	t	t	t	0	t	t	f	t	f	en_US	\N	-1
140	2013-02-06 18:28:14.793776+00	2013-05-14 15:38:02.337027+00	136	I am currently a 2nd grade teacher at an independent school in NYC. I received my Masters in elementary special and general education. I have been a tutor for the past three years to children aged 3-11. 	\N	images/defaults/profile.png	\N	\N	\N	US	\N	f	1	0	0	1	1986-07-27	E7EC58CD-9726-FDF2-1D660FF8F98BFCE8	\N	0	1	US/Eastern	f		0	0	0	0			3	f	\N	f	f		f	\N	f	f	60	\N	t	t	t	0	t	t	f	t	f	en_US	\N	-1
135	2013-02-06 05:45:44.619617+00	2013-05-14 15:38:02.340354+00	131	I am masters student of law at Columbia Law School, New York.	\N	images/defaults/profile.png	\N	\N	\N	US	\N	f	1	0	0	1	1984-03-26	CCA4215A-A230-B8E4-24E7C5BA1ADE218C	\N	0	0	US/Alaska	f		0	0	0	0			3	f	\N	f	t	anujpethia@gmail.com	f	\N	f	f	60	\N	t	t	t	0	t	t	f	t	f	en_US	\N	-1
136	2013-02-06 06:05:52.266743+00	2013-05-14 15:38:02.343701+00	132	\N	\N	images/defaults/profile.png	\N	\N	\N	\N	\N	f	0	0	0	0	\N	\N	\N	0	0	UTC	f		0	0	0	0	\N	\N	1	f	\N	f	f	\N	f	\N	f	f	60	\N	t	t	t	0	f	f	f	f	f	en_US	\N	-1
134	2013-02-06 04:46:22.971315+00	2013-05-14 15:38:02.346893+00	130	I double majored in actuarial science and economics at University of Illinois Urbana-Champaign and have had success with the examinations for credentialing in the Society of Actuaries. I have experience in math through calculus and statistics. Also, your DOB field is missing the month of September.t	\N	images/defaults/profile.png	\N	\N	\N	US	\N	f	1	0	0	1	1991-08-11	CA8469A0-9066-8C31-63D9B89DB6CBF70E		0	1	US/Central	f		0	10	10	0			3	t	2013-02-06 04:49:12.164578+00	t	t	tiernane@gmail.com	f	\N	f	f	60	\N	t	t	t	0	t	t	f	t	f	en_US	\N	-1
141	2013-02-06 18:58:01.402758+00	2013-05-14 15:38:02.350213+00	137	\N	\N	images/defaults/profile.png	\N	\N	\N	US	\N	t	0	0	0	1	1990-04-13	\N	\N	0	0	US/Alaska	f		0	0	0	0			3	f	\N	f	f	\N	t	\N	f	f	60	\N	t	t	t	0	f	f	f	f	f	en_US	\N	-1
143	2013-02-06 21:01:43.303689+00	2013-05-14 15:38:02.353494+00	139		\N	images/defaults/profile.png	\N	\N	\N	US	\N	t	2	0	0	1	1995-05-04	ED6A266A-BBE4-E8E2-5B4AC37C3D312B9C		0	0	US/Alaska	f		0	0	0	0			1	f	\N	f	f		t	\N	f	f	60	\N	t	t	t	0	f	f	f	f	f	en_US	\N	-1
150	2013-02-09 20:39:50.539459+00	2013-05-14 15:38:02.356716+00	145	I am a sophomore at Columbia University. I am majoring in Earth and Environmental Engineering. 	\N	uploads/profiles/profile_images/jqprb59ngcmo61360r3f.jpg	\N	\N	\N	US	\N	f	1	0	0	4	1993-06-20	873202B4-E63A-BEED-5A9E085E6EF8DFE7		0	1	US/Eastern	f		0	0	0	0			3	f	\N	f	t	mlw2157@columbia.edu	t	\N	f	f	60	hq2jx0w	t	t	t	0	t	t	f	t	f	en_US	\N	-1
169	2013-02-17 01:08:47.876757+00	2013-05-14 15:38:02.360003+00	163	Hi, I'm a graduate student at Columbia University, with 5 years of experience in education.\r\nI'm thrilled to teach you various topics.\r\n	\N	images/defaults/profile.png	\N	\N	\N	US	\N	f	1	0	0	20	1985-05-04	F9774884-06D5-1736-75F26E21E82EE442	\N	0	0	US/Alaska	f		0	0	0	0		you contacted me through Columbia University	3	f	\N	f	t	etygfn@gmail.com	f	\N	f	f	60	\N	t	t	t	0	t	t	f	t	f	en_US	\N	-1
213	2013-04-29 18:14:44.196678+00	2013-05-14 15:38:02.363343+00	206	Studying towards a Masters in International Affairs at Columbia University, New York.\r\nBachelor's degree in English Literature\r\nGRE - 1470\r\nSAT - 2170\r\nSAT 2 - Literature - 800	\N	images/defaults/profile.png	\N	\N	\N	US	\N	t	1	0	0	1	1989-04-09	662717C3-9D92-C0D7-47418C6885210171		0	1	US/Eastern	f		0	10	15	0			3	t	2013-04-29 18:19:37.674163+00	f	t	raa2165@columbia.edu	f	\N	f	f	60	t5qwv0syw	t	t	t	0	t	t	f	t	f	en_US	\N	-1
190	2013-03-02 00:52:06.162416+00	2013-05-14 15:38:02.366736+00	183	I am a NYU graduate student majoring TESOL(Teaching English to Speakers of Other Languages). I have four years experience of English teaching and standardized test preparation. I am a patient and responsible person teaches with heart and art. I took the Intercultural perspective class, Second language classroom class, Academic writing class, and other major courses related to teaching English as a second language. 	\N	uploads/profiles/profile_images/9j1f4ne2obg7c1q3kheh.png	\N	\N	\N	US	\N	t	1	0	0	20	1986-10-08	96A4C147-F37F-51F6-01347A445FDC11E5		0	1	US/Eastern	f		0	10	16	0		NYU CAREER CENTER	3	t	2013-03-02 01:04:39.462803+00	f	t	qw334@nyu.edu	t	\N	f	f	58	xy5ptbwr7	t	t	t	0	t	t	f	t	f	en_US	\N	-1
177	2013-02-22 22:44:34.547603+00	2013-05-14 15:38:02.3701+00	170	I have BS and MS degrees in Mechanical Engineering from the University of Illinois at Urbana-Champaign and an MBA from Columbia Business School.  I have work experience in engineering, corporate strategy, and investment research.		images/defaults/profile.png	\N	\N	\N	US	\N	t	1	0	0	20	1981-10-13	296ED4A4-DCDA-80EF-657EDC578C25C231		0	0	US/Eastern	f		0	20	20	0		CBS bottom line	3	t	2013-02-22 22:49:45.532665+00	t	t	ajmontgo@gmail.com	t	\N	f	f	60	3fcm9ufvu	t	t	t	0	t	t	f	t	f	en_US	\N	-1
105	2013-02-04 03:56:31.154611+00	2013-05-14 15:38:02.373422+00	100	I am a recent graduate from Barnard College of Columbia University. I have been tutoring for over 4 years including general homework help and teaching beginner's Arabic to non-speakers for 1 year. I also speak conversational level French. 	\N	uploads/profiles/profile_images/8gyn1g389204rq6ym8h7.jpg	\N	\N	\N	US	\N	f	1	0	0	1	1990-07-10	61B0ECB2-D30C-6074-D409D35E26020CC0		0	1	US/Eastern	f		0	20	30	0	Nick Crosthwaite		3	t	2013-02-04 03:59:34.684152+00	t	t	algirl90@hotmail.com	f	\N	f	f	56	s8xnh0yu7	t	t	t	0	t	t	f	t	f	en_US	\N	-1
206	2013-04-06 16:43:33.190775+00	2013-05-14 15:38:02.377+00	199	I have long experience in teaching Physics to elementary and high school students. My students have always score good grades.	\N	images/defaults/profile.png	\N	\N	\N	IN	\N	t	1	0	0	0	1979-06-25	C3ECD217-E764-8E69-5569FEFCF06564B6		0	0	Asia/Calcutta	f		0	0	0	0			3	f	\N	f	t	sheoran.rk@gmail.com	f	\N	f	f	54	3ngntfsc	t	t	t	0	t	t	f	t	f	en_US	\N	-1
137	2013-02-06 14:27:32.674628+00	2013-05-14 15:38:02.38042+00	133	University of Illinois computer science student who tutors CS, mechanics, E & M, quantum physics, calculus, and electrical engineering through the university, and also helps out in a local 4th grade classroom when there's time to spare. Can tutor at any skill level. I'll help you succeed!	\N	uploads/profiles/profile_images/tedyshr0gwhbz2fs7ymk.png	\N	\N	\N	US	\N	t	1	0	0	4	1991-07-26	DF4F9D08-ED08-8BBD-18E09098C822DDE8		0	0	US/Central	f		0	10	14	0			3	t	2013-02-06 14:32:50.496772+00	t	t	liamhession@gmail.com	t	\N	f	f	58	6zxw1uw	t	t	t	0	t	t	f	t	f	en_US	\N	-1
198	2013-03-14 15:05:46.892379+00	2013-05-14 15:38:02.383749+00	191	I graduated with a MSc in Sustainable Energy in 2011 and also hold a Physics undergraduate degree, both from Imperial College. Native Chinese speaker. I am now involved in energy and environmental-related non-profit work.\r\n	\N	uploads/profiles/profile_images/s0wtj3yu6bdvcrb4r4j9.jpg	\N	\N	\N	US	\N	t	1	0	0	20	1988-05-26	1F7166FF-DA28-898D-59AFE50047F394FB		0	1	US/Eastern	f		0	10	15	0		LinkedIn	3	t	2013-03-14 15:11:52.07177+00	f	t	sandyyt@gmail.com	t	\N	f	f	57	xt1kmnx	t	t	t	0	t	t	f	t	f	en_US	\N	-1
183	2013-02-25 22:59:08.121404+00	2013-05-14 15:38:02.3871+00	176	I recently graduated from Stanford University and I would like to earn a little money tutoring while I apply to medical school.	\N	uploads/profiles/profile_images/m83xe5fj001vm750d6dt.jpg	\N	\N	\N	US	\N	f	1	0	0	4	1988-12-08	C4847520-E757-409E-68348350C7AF0C50		0	0	US/Eastern	f		0	15	15	0			3	t	2013-02-25 23:02:58.645886+00	t	t	nam88pnyc@aol.com	f	\N	f	f	60	kfbf99x	t	t	t	0	t	t	f	t	f	en_US	\N	-1
155	2013-02-12 00:07:40.479824+00	2013-05-14 15:38:02.390385+00	150	Looking forward to working with you!	\N	images/defaults/profile.png	\N	\N	\N	US	\N	f	1	0	0	1	1994-05-04	F5AC4EA5-F8D9-BD38-FB3F795031230447		0	1	US/Alaska	f		0	15	30	0			3	t	2013-02-12 00:11:42.800644+00	t	t		f	\N	f	f	60	\N	t	t	t	0	t	t	f	t	f	en_US	\N	-1
229	2013-05-06 04:46:45.068026+00	2013-05-14 15:38:02.393616+00	222	I have been working with students for over 20 years and I love helping students to reach their potential. I am just as excited as a student when they really get something that I am teaching.	\N	images/defaults/profile.png	\N	\N	\N	US	\N	t	1	0	0	20	1959-09-04	B1C81B1A-D319-CB6F-D9DEC5E40C9EF1DC		0	1	US/Pacific	t		0	10	10	0		Linked IN	3	t	2013-05-06 05:11:43.582183+00	f	t	lynftc1@gmail.com	t	\N	f	f	60	yn5gdvsnw	t	t	t	0	t	t	f	t	f	en_US	\N	-1
220	2013-05-02 18:49:19.418876+00	2013-05-14 15:38:02.39694+00	213	Raise your SAT Reading/Writing scores in as little as one lesson! I am a certified English teacher with over ten years experience. Specializing in SAT Reading/Standardized Verbal Testing and writing, I offer online tutoring options that are effective, affordable and reliable.\r\n\r\nInstructor is a former English teacher certified in English. Specializes in reading, writing and standardized test tutoring.	\N	uploads/profiles/profile_images/vxwg47n367b5b33oz1it.jpg	\N	\N	\N	US	\N	t	1	0	0	20	1975-03-18	01E1C1FF-B766-C875-7FA26A748A61E9D4		0	1	US/Eastern	f		0	35	35	0		LinkedIn	3	t	2013-05-12 18:14:34.881529+00	f	t	stacealleyne@gmail.com	f	\N	f	f	59	fx38xmzcy	t	t	t	0	t	t	f	t	f	en_US	\N	-1
237	2013-05-11 09:07:01.355197+00	2013-05-14 15:38:02.400297+00	230	Qualified and experience Tefl and Romanian teacher.	\N	uploads/profiles/profile_images/vfmit8734lgdf3z97adq.jpg	\N	\N	\N	UK	\N	t	1	0	0	20	1976-11-27	BC92667F-FD54-93F0-34B7687A3BD7EF76		0	1	America/Anguilla	f		0	0	0	0		linkedin	1	f	\N	f	t	roberta_lungu@yahoo.com	t	\N	f	f	60	\N	t	t	t	0	t	t	f	t	f	en_US	\N	-1
116	2013-02-05 03:18:12.637862+00	2013-05-14 15:38:02.403965+00	111	I am a recent Columbia University grad that loves math, but still has a place in my heart for good old grammar.	\N	uploads/profiles/profile_images/iace8jqh17fw9w66xrzl.jpg	\N	\N	\N	US	\N	t	1	0	0	1	1990-05-23	93D7956C-C61B-CE34-82AD875D2AF2293B		0	1	US/Eastern	f		0	20	40	0	Nick Crosthwaite		3	t	2013-02-05 03:20:56.759892+00	t	t	uzudeh@gmail.com	t	\N	f	f	57	3jcjbpk	t	t	t	0	t	t	f	t	f	en_US	\N	-1
162	2013-02-13 03:43:31.410488+00	2013-05-14 15:38:02.407264+00	157	I have a bachelor of science degree from the University of Ottawa. I am currently completing my thesis for my PhD in medical sciences at McMaster University and I plan to pursue an MBA degree upon completion. I have a lot of experience being a teaching assistant for various undergraduate science and nursing courses. I was also promoted to being the head TA for one of these courses and have a passion for teaching!	\N	images/defaults/profile.png	\N	\N	\N	CA	\N	t	1	0	0	4	1980-12-06	30EB15B5-E4AA-C325-D07AE4F8320A0B2E		0	0	Canada/Eastern	f		0	0	0	0			3	f	\N	f	t	stephenhanson@rogers.com	t	\N	f	f	56	2hzurddvc	t	t	t	0	t	t	f	t	f	en_US	\N	-1
138	2013-02-06 14:29:42.130247+00	2013-05-14 15:38:02.410768+00	134	I'm a senior at Columbia University majoring in Chemistry and Biomedical Engineering. I'm proficient in biology, chemistry, physics, and most kinds of math. I can also speak French!	\N	images/defaults/profile.png	\N	\N	\N	US	\N	t	1	0	0	1	1990-04-30	DF6342BE-A1C4-3100-EBB1FEF8333A7DBC	\N	0	0	US/Eastern	f		0	0	0	0			3	f	\N	f	t	jeremy.jeremythomas@gmail.com	t	\N	f	f	60	\N	t	t	t	0	t	t	f	t	f	en_US	\N	-1
132	2013-02-06 04:11:24.327321+00	2013-05-14 15:38:02.414077+00	128	I am a 3rd year medical student at the University of Missouri - Kansas City. I received a BA in chemistry at the University of Missouri - Kansas City, as well. I am in interested in going into surgery or internal medicine and will hopefully figure this out by the end of this year. 	\N	images/defaults/profile.png	\N	\N	\N	US	\N	f	1	0	0	4	1989-01-23	C9442C56-9E8C-0670-5F50E7AF327201D5		0	0	US/Central	f		0	0	0	0			3	f	\N	f	t	whoshoo@gmail.com	f	\N	f	f	60	\N	t	t	t	0	t	t	f	t	f	en_US	\N	-1
207	2013-04-07 23:27:39.642621+00	2013-05-14 15:38:02.42074+00	200	I am a student at the University of Michigan, currently enrolled in the school of Literature, Science and the Arts.  However, I am also awaiting decision on my application to the Ross School of Business.  I am a freshman (graduating in 2016)	\N	uploads/profiles/profile_images/f0nbt96jcirmxz1tpknu.jpg	\N	\N	\N	US	\N	f	1	0	0	20	1993-11-29	05E77D4A-F50E-66C5-F1E62794AA3048B6		0	0	US/Michigan	f		0	20	20	0		Career Services	3	t	2013-04-07 23:32:49.671636+00	f	f		f	\N	f	f	60	\N	t	t	t	0	t	t	f	t	f	en_US	\N	-1
191	2013-03-05 20:43:33.726506+00	2013-05-14 15:38:02.4242+00	184	Currently a graduate student at NYU studying Occupational Therapy, my experience includes working as a mentor for young women ages 13-20, a recreational camp counselor for children ages 8-10, and holding volunteer positions at both my local Sunday School and NY Presbyterian Weill Cornell Hospital.	\N	images/defaults/profile.png	\N	\N	\N	US	\N	t	1	0	0	20	1986-04-26	5BD64440-A6D1-C46B-50B1E9EF5C7E62BF		0	1	US/Eastern	f		0	10	12	0		NYU Wasserman Career Center	3	t	2013-03-06 00:01:29.216908+00	f	t	shehnazkhan26@yahoo.com	t	\N	f	f	60	\N	t	t	t	0	t	t	f	t	f	en_US	\N	-1
199	2013-03-14 21:01:01.409604+00	2013-05-14 15:38:02.427532+00	192	I am an engineer in Electronics and Communication with a MBA.\r\nI am good at Math, Trigonometry, Calculus, Differential Equation, Physics, Chemistry and Biology.\r\nI am available 7 days a week 12pm to 7 pm.\r\nI live in Tucson.	\N	images/defaults/profile.png	\N	\N	\N	US	\N	f	1	0	0	4	1984-09-01	2C26A199-FCE4-F39A-23A9D754E117D37B		0	1	US/Arizona	f		0	0	0	0			3	f	\N	f	t		f	\N	f	f	60	2qr9nmsm	t	t	t	0	t	t	f	t	f	en_US	\N	-1
178	2013-02-23 22:48:53.078509+00	2013-05-14 15:38:02.43084+00	171	Biochemistry Major in NYU\r\nI can teach:\r\nBiology\r\nChemistry\r\nOrganic Chemistry\r\nPhysics\r\nCalculus\r\nPython\r\nJava	\N	images/defaults/profile.png	\N	\N	\N	US	\N	f	1	0	0	1	1992-05-16	5D1BB80A-CD6B-FBC3-9939BC1C23D3D123		0	0	US/Alaska	f		0	0	0	0			3	f	\N	f	f	joe.wu.nyu@gmail.com	f	\N	f	f	60	\N	t	t	t	0	t	t	f	t	f	en_US	\N	-1
184	2013-02-26 01:38:30.515807+00	2013-05-14 15:38:02.434077+00	177	I am 2nd Year Law Student at Columbia Law School. I completed my undergraduate degree in Philosophy and Economics at University College London. 	\N	images/defaults/profile.png	\N	\N	\N	US	\N	f	1	0	0	1	1989-03-27	CA38325F-C759-11EE-79A613EFEA63814C		0	1	US/Alaska	f		0	0	0	0			3	f	\N	f	t		f	\N	f	f	60	hbhg7chu	t	t	t	0	t	t	f	t	f	en_US	\N	-1
151	2013-02-10 01:40:03.943784+00	2013-05-14 15:38:02.437342+00	146	I am here to help!	\N	uploads/profiles/profile_images/186j64gl7ewt8cmayohb.jpg	\N	\N	\N	US	\N	f	1	0	0	4	1986-09-03	91EFA75E-C726-502D-08AB3FA406469F0A		0	0	US/Eastern	f		0	0	0	0			3	f	\N	f	t		f	\N	f	f	60	\N	t	t	t	0	t	t	f	t	f	en_US	\N	-1
214	2013-04-29 19:10:16.399451+00	2013-05-14 15:38:02.440612+00	207	I am a graduate student at Teachers College (TC) of Columbia University. My field of study is Physical Education. I have a BS from West Chester University of PA in Health and Physical Education and I plan on graduating from TC with a MA in Physical Education. 	\N	images/defaults/profile.png	\N	\N	\N	US	\N	t	1	0	0	1	1989-10-15	6823A6FF-B4BF-69CE-FADF36008704C53C	\N	0	0	US/Eastern	f		0	0	0	0	eran@universaltutors.com		3	f	\N	f	t	smb2236@tc.columbia.edu	t	\N	f	f	60	\N	t	t	t	0	t	t	f	t	f	en_US	\N	-1
221	2013-05-02 19:40:45.632488+00	2013-05-14 15:38:02.447175+00	214	\N	\N	images/defaults/profile.png	\N	\N	\N	UK	\N	t	2	0	0	4	1987-01-14	03B8712B-B437-F8FC-1117CE764F07BD7F	\N	0	0	America/Anguilla	f		0	0	0	0			1	f	\N	f	f	\N	t	\N	f	f	60	\N	t	t	t	0	f	f	f	f	f	en_US	\N	-1
152	2013-02-11 02:32:25.908071+00	2013-05-14 15:38:02.450386+00	147	\N	\N	images/defaults/profile.png	\N	\N	\N	US	\N	t	0	0	0	1	1989-12-25	\N	\N	0	1	US/Eastern	f		0	0	0	0			3	f	\N	f	f	\N	t	\N	f	f	60	\N	t	t	t	0	f	f	f	f	f	en_US	\N	-1
139	2013-02-06 16:11:42.784762+00	2013-05-14 15:38:02.453634+00	135	I am a current student in educational development at Teachers College at Columbia University.  Currently, I am teaching ESL and tutoring in citizenship and adult literacy in Philadelphia.  Previously, I worked as a teacher in an elementary school in India, and have experience in all elementary school subjects: English, math, science, social studies, and even art and public speaking.  I look forward to being able to work with students so that they might reach their full potential.	\N	images/defaults/profile.png	\N	\N	\N	US	\N	t	1	0	0	1	1984-06-07	E30A8248-ADFD-A195-1CF5BADDB54DEDCE	\N	0	1	US/Eastern	f		0	0	0	0			3	f	\N	f	t	diana.hochner@tc.edu	t	\N	f	f	60	\N	t	t	t	0	t	t	f	t	f	en_US	\N	-1
215	2013-04-30 10:40:53.58714+00	2013-05-14 15:38:02.457015+00	208	Currently a junior at New York University double majoring in Psychology and Linguistics! Once a week I T.A. for an Intro to Psych class and have had very positive reviews. Friendly, helpful and willing to go the extra mile to make sure you understand! 	\N	images/defaults/profile.png	\N	\N	\N	US	\N	f	1	0	0	1	1991-09-25	896B7619-A02C-D0D3-B2E53EC4B9B49E3B		0	1	US/Alaska	f		0	0	0	0			3	f	\N	f	t	tapitoes@aol.com	f	\N	f	f	60	\N	t	t	t	0	t	t	f	t	f	en_US	\N	-1
200	2013-03-15 00:50:24.894621+00	2013-05-14 15:38:02.46031+00	193	B.A. Environmental Science and Policy\r\nCert. Markets and Management\r\nDuke University 2009\r\n\r\n3 year sustainability consulting experience\r\nBooz Allen Hamilton\r\n\r\nMSc Environmental Technology - Business and the Environment\r\nImperial College of London\r\n\r\nAsk me science or business questions, and anything in between!	\N	uploads/profiles/profile_images/anh460lxdiw0b2iekpx0.jpg	\N	\N	\N	UK	\N	t	1	0	0	20	1986-09-12	345BC266-C5F8-A6D3-7E18A8FDF1BEECFB		0	0	Europe/London	f		0	0	0	0		LinkedIn	1	f	\N	f	t	jared.smith12@imperial.ac.uk	f	\N	f	f	60	0qn7sxv84	t	t	t	0	t	t	f	t	f	en_US	\N	-1
156	2013-02-12 04:05:17.7742+00	2013-05-14 15:38:02.463954+00	151	I am a Harvard University (college) and Columbia University (graduate school) alum who loves learning.  I offer both online and in-person tutoring.  Feel free to contact me with any questions on availability and rates.  	\N	uploads/profiles/profile_images/zpha4ud873er3fwwz6oy.jpg	\N	\N	\N	US	\N	f	1	0	0	1	1988-01-19	FE2D023C-FC86-D2EE-8DBC876946F3C1A4		0	1	US/Eastern	f		0	50	50	0			3	t	2013-02-12 04:07:20.549182+00	t	t	msjadele@gmail.com	f	\N	f	f	60	r62fkdx4j	t	t	t	0	t	t	f	t	f	en_US	\N	-1
163	2013-02-13 04:55:59.581714+00	2013-05-14 15:38:02.467284+00	158	Hello, my name is Cameron and I attend Columbia University. I expect to major in Political Science-Economics. I am available Fridays 9AM-7PM, Saturdays 9AM-4PM, and Sundays 11AM-8PM, and can arrange other times on a case-by-case basis!	\N	images/defaults/profile.png	\N	\N	\N	US	\N	t	1	0	0	1	1993-12-05	3382ACE2-B98D-C66A-569436AD8775C3E6		0	0	US/Alaska	f		0	0	0	0			3	f	\N	f	t	cameron.fegers@gmail.com	t	\N	f	f	60	\N	t	t	t	0	t	t	f	t	f	en_US	\N	-1
254	2013-06-11 08:47:28.937197+00	2013-06-11 08:48:13.030538+00	247		\N	images/defaults/profile.png	\N	\N	\N	US	\N	f	2	0	0	1	1993-04-07	F857EDB2-0EC0-D8C4-8DF85DEFFC51785B		0	1	US/Central	f		0	0	0	0			1	f	\N	f	f		f	\N	f	f	60	\N	t	t	t	0	f	f	f	f	t	en_US	\N	-1
171	2013-02-19 18:40:32.868163+00	2013-05-14 15:38:02.474699+00	164	\N	\N	images/defaults/profile.png	\N	\N	\N	UK	\N	t	0	0	0	1	1987-10-08	\N	\N	0	0	Europe/London	t		0	0	0	0			1	f	\N	f	f	\N	t	\N	f	f	60	\N	t	t	t	0	f	f	f	f	f	en_US	\N	-1
179	2013-02-24 05:10:18.923403+00	2013-05-14 15:38:02.478312+00	172			images/defaults/profile.png				US		t	1	0	0	20	1991-11-01	96938564-E463-6375-5066B5B4803C50C6		0	1	US/Eastern	f		0	0	0	0		School posting	3	f	\N	f	f		f	\N	f	f	60		t	t	t	0	f	f	f	f	f	en_US	\N	-1
208	2013-04-08 20:44:11.670486+00	2013-05-14 15:38:02.485964+00	201	I'm a freelance writer and a business coach. I help people learn English. I also help with reading and writing skills.	\N	uploads/profiles/profile_images/cep9uft7pqqrr6y6tyi7.jpg	\N	\N	\N	US	\N	t	1	0	0	20	1977-06-17	3393D404-06E1-74B2-76D11F7D3F43F1FC		0	1	US/Eastern	f		0	10	10	0		wahm.com	3	t	2013-04-08 20:46:32.890592+00	f	f	deanna.troupe@gmail.com	t	\N	f	f	60	\N	t	t	t	0	t	t	f	t	f	en_US	\N	-1
185	2013-02-26 09:22:30.062939+00	2013-05-14 15:38:02.49267+00	178	Chemical Engineer with business experience	\N	images/defaults/profile.png	\N	\N	\N	IE	\N	t	1	0	0	20	1981-01-03	DAD29043-F531-FA1A-165C0B10C11E33E5		0	0	Europe/Dublin	f		0	15	15	0		LinedIn	2	t	2013-02-26 10:31:40.528189+00	f	t	jptattan@hotmail.com	t	\N	f	f	60	c1jvs4qp	t	t	t	0	t	f	f	t	f	en_US	\N	-1
231	2013-05-06 11:46:50.141543+00	2013-05-14 15:38:02.495932+00	224	\N	\N	images/defaults/profile.png	\N	\N	\N	PH	\N	t	0	0	0	3	1987-01-26	\N	\N	0	0	Africa/Abidjan	f		0	0	0	0			3	f	\N	f	f	\N	t	\N	f	f	60	\N	t	t	t	0	f	f	f	f	f	en_US	\N	-1
130	2013-02-06 03:14:10.172081+00	2013-05-14 15:38:02.499148+00	126	I am a student at Columbia University studying Environmental Engineering and Operations Research. I am currently doing research on quantum electronics. I play the guitar, hike and play several sports. I love to teach and interact with kids. My favorite subjects are Physics and Mathematics	\N	images/defaults/profile.png	\N	\N	\N	US	\N	f	1	0	0	1	1992-06-30	C737C38B-DDA9-8E61-4339289C1DA6D277		0	0	US/Alaska	f		0	25	25	0			3	t	2013-02-06 03:16:00.906542+00	t	t	tnd2111@columbia.edu	f	\N	f	f	60	\N	t	t	t	0	t	t	f	t	f	en_US	\N	-1
180	2013-02-24 19:58:12.920345+00	2013-05-14 15:38:02.502443+00	173	Columbia Business School MBA, former Consultant, Bachelor and Masters in Industrial Engineering. Scored 730 on GMAT test and highest scores on ALevels and GCSEs. I also earned several international prizes in Physics and Mathematics. I have been a private tutor for 15 years (I am currently a Columbia Official Tutor) and I LOVE teaching!!!	\N	uploads/profiles/profile_images/3jjobrvou4i31x800cql.jpg	\N	\N	\N	US	\N	f	1	0	0	4	1985-02-19	8A85FD94-E307-CEBB-6C4DD3F2AB6397D1		0	1	US/Eastern	f		0	30	40	0	Nick Crosthwaite		3	t	2013-02-24 20:06:47.852957+00	t	t	normazabal13@gsb.columbia.edu	t	\N	f	f	58	hn4hz6j0	t	t	t	0	t	t	f	t	f	en_US	\N	-1
193	2013-03-11 14:23:06.658772+00	2013-05-14 15:38:02.505759+00	186	2nd year MBA Student at Columbia Business School with experience in engineering, finance, and operations.  Able to effectively tutor writing skills, finance, accounting, operations, capital markets, and other business courses.  Also able to give high-quality GMAT tutoring (scored 740).	\N	uploads/profiles/profile_images/j2uibg5jqjmtu55rvmya.jpg	\N	\N	\N	US	\N	f	1	0	0	20	1983-11-11	8359FDA1-E9B5-10B8-6848F311F9F83E69		0	0	US/Eastern	f		0	28	30	0		Columbia Business School	3	t	2013-03-11 14:27:00.282843+00	f	t	boswellm@gmail.com	f	\N	f	f	60	\N	t	t	t	0	t	t	f	t	f	en_US	\N	-1
142	2013-02-06 19:05:27.551317+00	2013-05-14 15:38:02.509104+00	138	I am an NYU graduate with an individualized degree in Art Therapy and Education. I have spent the past 2 years working as a teacher in the US and South Korea.  I enjoy teaching and tutoring, and specialize in English/ESL/EFL.  In addition, I have a TEOFL Certification from the ITTT that focuses on young learners (primary and secondary school).	\N	images/defaults/profile.png	\N	\N	\N	US	\N	t	1	0	0	4	1989-03-04	E9410DA6-A71F-74DD-3C632DB860643D91		0	1	US/Central	f		0	15	15	0			3	t	2013-02-06 19:13:07.949156+00	t	t	teganmcdonough@gmail.com	t	\N	f	f	60	k5btyqs	t	t	t	0	t	t	f	t	f	en_US	\N	-1
201	2013-03-23 09:14:57.234375+00	2013-05-14 15:38:02.512438+00	194	I am a Math Tutor.  I have taught for 18+ years and I love everything about math.  From elementary to college  - Math explains the world.	\N	images/defaults/profile.png	\N	\N	\N	US	\N	f	1	0	0	1	1973-02-28	E294214B-A884-CDCD-7962B3288A50328A	\N	0	1	US/Eastern	f		0	0	0	0			3	f	\N	f	t		f	\N	f	f	60	\N	t	t	t	0	t	t	f	t	f	en_US	\N	-1
164	2013-02-13 20:20:23.339318+00	2013-05-14 15:38:02.515778+00	159	MBA candidate at the University of Chicago Booth School of Business.  Fields of study include: Finance, Economics, Entrepreneurship, and Strategic Management.  	\N	images/defaults/profile.png	\N	\N	\N	US	\N	t	1	0	0	4	1988-09-13	5495CDAB-E5BE-06C8-DD78DAA01DCD6ADB		0	0	US/Central	f		0	15	20	0			3	t	2013-02-13 20:29:42.437496+00	t	t	kyle.e.portnoy@gmail.com	t	\N	f	f	58	2thmdbuw	t	t	t	0	t	t	f	t	f	en_US	\N	-1
157	2013-02-12 08:11:24.374404+00	2013-05-14 15:38:02.519091+00	152	Teach students of: \r\n1. Matriculation (class 9th & 10th) (subjects: Chemistry, Physics, Mathematics, biology etc.)\r\n2. Intermediate (1st & 2nd Year) (Subjects: Accounting, Statistics, Business Mathematics, Economics, Principle of Commerce etc.)\r\n3. Graduation (B.Com I & II) (Subjects: Accounting, Statistics & Business Mathematics, Introduction to business, Economics, Management, Business & Industrial Law etc.)\r\n4. Specialist in Mathematics, Advance Mathematics, Accounting and Statistics.	\N	images/defaults/profile.png	\N	\N	\N	PK	\N	t	1	0	0	20	1981-03-31	06FB1834-FD00-ACC3-A78AEC6F27A7837F		0	0	Asia/Karachi	f		0	25	25	0		Linkedin	3	t	2013-02-12 08:15:41.136772+00	t	t		t	\N	f	f	58	1bb9hup3n	t	t	t	0	t	t	f	t	f	en_US	\N	-1
153	2013-02-11 15:19:41.404388+00	2013-05-14 15:38:02.522425+00	148	I am a post graduate Chemical Engineering student at University of Pretoria in South Africa, Currently doing my Beng (Chem) hons in Polymer Sciences. 	\N	images/defaults/profile.png	\N	\N	\N	ZA	\N	f	1	0	0	1	1988-09-01	E2C870A6-0909-07F9-5C4BD7DF97EAE35B		0	0	Africa/Johannesburg	f		0	12	12	0			1	t	2013-02-11 15:21:41.402828+00	t	t		f	\N	f	f	59	tcp5gzzyv	t	t	t	0	t	t	f	t	f	en_US	\N	-1
172	2013-02-19 19:59:23.688287+00	2013-05-14 15:38:02.532368+00	165	\N	\N	images/defaults/profile.png	\N	\N	\N	US	\N	t	2	0	0	20	1994-10-09	88F5E7F1-975F-DC43-28B771B697535D91	\N	0	0	US/Pacific	f		0	0	0	0		http://fairheadcreative.com/portfolio/	1	f	\N	f	f	\N	f	\N	f	f	60	\N	t	t	t	0	f	f	f	f	f	en_US	\N	-1
216	2013-04-30 16:52:47.688322+00	2013-05-14 15:38:02.535692+00	209	...	\N	images/defaults/profile.png	\N	\N	\N	US	\N	t	1	0	0	1	1991-11-18	96B85752-AD5B-9144-4D1B197F63BF7583	\N	0	1	US/Alaska	f		0	0	0	0			3	f	\N	f	t	christina.vinces@gmail.com	t	\N	f	f	60	\N	t	t	t	0	f	f	f	f	f	en_US	\N	-1
222	2013-05-02 19:41:10.215965+00	2013-05-29 16:06:35.964546+00	215	Web design tutor. HTML/CSS/JS	\N	images/defaults/profile.png	\N	\N	\N	CA	\N	t	1	0	0	0	1983-02-07	03BC1DA1-C839-6CCC-AF7CD310DAB2B287		0	0	Canada/Atlantic	f		0	0	0	0			3	f	\N	f	t	andrew.rains@gmail.com	f	\N	f	f	44	xymtrd5j	t	t	t	0	t	t	f	f	f	en_US	\N	-1
270	2013-07-15 22:33:50.576617+00	2013-07-16 14:33:15.226921+00	263	testing	\N	images/defaults/profile.png	\N	\N	\N	UK	\N	t	1	0	0	1	1953-02-02	B3448293-D97D-E84A-EEDE073BC0FE8A8F		0	0	America/Anguilla	f		0	20	20	0			3	t	2013-07-15 22:47:18.655702+00	f	f		t	\N	f	f	55	7g4zbqz2	t	t	t	0	f	f	f	f	f	en_US	\N	-1
255	2013-06-17 16:25:40.735095+00	2013-07-16 14:58:22.72516+00	248	I am acutally a developer in universaltutors	\N	images/defaults/profile.png	\N	\N	\N	IL	\N	t	1	0	0	4	1985-09-17	4969C458-0B1F-2756-8C191005A5275148		0	0	Israel	f		0	0	0	0			3	f	\N	f	t		t	\N	f	f	0	muf7tntyj	t	t	t	0	f	f	f	f	f	en_US	\N	-1
223	2013-05-02 20:20:24.621052+00	2013-05-14 15:38:02.542178+00	216	f	\N	images/defaults/profile.png	\N	\N	\N	CA	\N	f	1	0	0	1	1990-01-09	05237033-C9F8-91E7-F1DC385543A721B1	\N	0	0	Canada/Atlantic	f		0	0	0	0			3	f	\N	f	t	evanpatricklewis@gmail.com	f	\N	f	f	55	7xdvbruyh	t	t	t	0	f	f	f	f	f	en_US	\N	-1
154	2013-02-11 17:39:22.264223+00	2013-05-14 15:38:02.545512+00	149	I write, therefore I am. I go walking. I take pictures of food. I fry pasta. I write lengthy vituperative e-mails. I mispronounce. I pontificate on occasion. I drink tea. I vacillate. I meditate. I read slowly. And I repeat, with variation. Always with variation.	\N	uploads/profiles/profile_images/w0v57w9hi4fyqnt5716u.jpg	\N	\N	\N	US	\N	f	1	0	0	1	1990-04-12	E7C7F83F-D375-DB09-75BED9C250B0352D		0	1	US/Alaska	f		0	20	20	0			3	t	2013-02-11 17:44:40.534327+00	t	t	periwynkle@gmail.com	f	\N	f	f	60	\N	t	t	t	0	t	t	f	t	f	en_US	\N	-1
173	2013-02-21 17:57:02.378541+00	2013-05-14 15:38:02.548971+00	166	English Literature, Essay Writing and Spanish Tutor. Columbia University Class of 2011, Cinema Studies Major. Hispanic Studies Minor. Aspiring Filmmaker & Spoken Word Poet.	\N	uploads/profiles/profile_images/xqq58fyhtr29r99f4ogl.jpg	\N	\N	\N	US	\N	t	1	0	0	4	1989-06-06	EB9FDF70-F09E-67D1-B23D6A82574E309B		0	0	US/Eastern	f		0	10	28	0	Nick Crosthwaite		3	t	2013-02-21 18:07:14.574841+00	t	t	amin.e.fernandez@gmail.com	t	\N	f	f	59	j79n55m4u	t	t	t	0	t	t	f	t	f	en_US	\N	-1
145	2013-02-07 14:04:42.54291+00	2013-05-14 15:38:02.552568+00	141	I am currently working on my Masters in Classical Studies (Latin and Greek) from the University of Vermont.  I teach Latin at a private school in Baton Rouge, LA.  I love Latin and Greek, and I would love to help others with any questions about those languages!	\N	images/defaults/profile.png	\N	\N	\N	US	\N	t	1	0	0	1	1985-07-02	120405A2-B426-1AF0-0D254A27B163E4A7		0	1	US/Central	f		0	13	15	0			3	t	2013-02-07 14:07:40.198745+00	t	t	bechevansart@gmail.com	f	\N	f	f	60	\N	t	t	t	0	t	t	f	t	f	en_US	\N	-1
97	2013-01-28 16:09:25.422554+00	2013-05-14 15:38:02.555976+00	94	GMAT Tutor and current MBA student at Columbia Business School. I scored a 760 (99th) percentile on the GMAT in 2010. 		uploads/profiles/profile_images/cwcbj6nxwz0r2ttgsow2.jpg	\N	\N	\N	US	\N	f	1	0	0	4	1986-08-03	13A1D0AC-AC07-C911-B30FBCD124E8DB46		0	0	US/Eastern	f		0	0	0	0	Eran Mizrahi		3	f	\N	f	t	efisher555@gmail.com	f	\N	f	f	60	\N	t	t	t	0	t	t	f	t	f	en_US	\N	-1
165	2013-02-14 18:11:43.132371+00	2013-05-14 15:38:02.559426+00	160	i am from india and can teach maths very well	\N	images/defaults/profile.png	\N	\N	\N	IN	\N	t	1	0	0	1	1991-01-15	83804AE7-0DE6-293C-D73BF7EDE54E73CB		0	0	Asia/Calcutta	f		0	0	0	0			3	f	\N	f	f		t	\N	f	f	60	\N	t	t	t	0	t	t	f	t	f	en_US	\N	-1
187	2013-02-27 20:27:24.907169+00	2013-05-14 15:38:02.566084+00	180	My name's Daniel. I've had experience teaching for more than 7 years in a variety of settings - as a writing and history tutor in college, as an adjunct professor while in Graduate school, and as an employee of the Museum of the City of New York. \r\n\r\nWhile my approach towards teaching emphasizes flexibility and adaptability, I infuse all of my lessons with quality, passion, and creativity.\r\n	\N	uploads/profiles/profile_images/gltv8sr5s9sp3pg91mwh.jpg	\N	\N	\N	US	\N	f	4	0	0	3	2013-01-01	2621BC2C-FCDD-5A0D-9812CD2F6CFFA54A		0	0	US/Alaska	f		0	26	26	0			1	t	2013-02-28 21:21:02.278547+00	f	t	dlondon@gc.cuny.edu	f	\N	f	f	60	\N	t	t	t	0	t	t	f	f	f	en_US	\N	-1
210	2013-04-11 04:30:09.392075+00	2013-05-14 15:38:02.569433+00	203	USC Math Graduate Student on Full Teacher's Assistant Scholarship 	\N	uploads/profiles/profile_images/154nmnkqnlxljiljoc3y.jpg	\N	\N	\N	US	\N	f	1	0	0	4	1984-11-02	AB4A5B19-E77B-787F-C93175A0B67B1757		0	0	US/Alaska	f		0	55	55	0			3	t	2013-04-11 04:33:31.280339+00	f	t	zhengkaw@gmail.com	f	\N	f	f	60	\N	t	t	t	0	t	t	f	t	f	en_US	\N	-1
181	2013-02-25 00:04:57.674125+00	2013-05-14 15:38:02.57274+00	174	\N	\N	images/defaults/profile.png	\N	\N	\N	US	\N	t	0	0	0	1	1989-05-04	\N	\N	0	1	US/Alaska	f		0	0	0	0			3	f	\N	f	f	\N	t	\N	f	f	60	\N	t	t	t	0	f	f	f	f	f	en_US	\N	-1
224	2013-05-02 21:35:46.387248+00	2013-05-14 15:38:02.575964+00	217	I am an ontario certified teacher currently working in a local community college. I am very much interested in starting my career as online teaching. I specialize in teaching high school and college level math. 	\N	images/defaults/profile.png	\N	\N	\N	CA	\N	t	1	0	0	20	1978-01-05	07D58408-E0F7-798B-24745232946B567E		0	1	Canada/Atlantic	f		0	10	10	0		LinkedIn	3	t	2013-05-02 21:37:56.235792+00	f	t		t	\N	f	f	60	\N	t	t	t	0	t	t	f	t	f	en_US	\N	-1
194	2013-03-11 21:21:24.646942+00	2013-05-14 15:38:02.579255+00	187		\N	images/defaults/profile.png	\N	\N	\N	EG	\N	t	2	0	0	0	1995-03-04	92513EB1-FDF2-6A75-E687CE792C11A1A2		0	0	Africa/Abidjan	f		0	0	0	0	universe		1	f	\N	f	f		t	\N	f	f	60	\N	t	t	t	0	f	f	f	f	f	en_US	\N	-1
217	2013-04-30 18:37:36.958494+00	2013-05-14 15:38:02.582617+00	210	\N	\N	images/defaults/profile.png	\N	\N	\N	US	\N	t	2	0	0	0	1980-01-01	9A77EC6F-BB4B-5A6D-7F8639CC4E9E1990	\N	0	0	US/Eastern	f		0	0	0	0			1	f	\N	f	f	\N	f	\N	f	f	60	\N	t	t	t	0	f	f	f	f	f	en_US	\N	-1
233	2013-05-06 11:52:38.977299+00	2013-05-14 15:38:02.585834+00	226	\N	\N	images/defaults/profile.png	\N	\N	\N	PH	\N	t	0	0	0	3	1987-01-26	\N	\N	0	0	Africa/Abidjan	f		0	0	0	0			3	f	\N	f	f	\N	t	\N	f	f	60	\N	t	t	t	0	f	f	f	f	f	en_US	\N	-1
146	2013-02-07 22:03:47.967074+00	2013-05-14 15:38:02.589121+00	142	I am a junior at American University and have past tutoring experience. I teach English to Spanish-speakers and Spanish to English-speakers. I just studied in Costa Rica and have been learning Spanish since elementary school.  I am now fluent and an expert in Spanish grammar and writing.	\N	uploads/profiles/profile_images/1f0agfu84e2vizt411af.gif	\N	\N	\N	US	\N	t	1	0	0	4	1991-12-27	23281B79-9B23-6C9D-56D84B7BEC17557C		0	1	US/Eastern	f		0	26	26	0			3	t	2013-02-08 06:41:48.054883+00	t	t	mg5344a@student.american.edu	f	\N	f	f	60	\N	t	t	t	0	t	t	f	t	f	en_US	\N	-1
174	2013-02-21 21:05:51.242894+00	2013-05-14 15:38:02.592506+00	167		\N	images/defaults/profile.png	\N	\N	\N	US	\N	t	4	0	0	4	2013-01-01	F2613442-F196-91B5-32FB83668650E42A		0	1	US/Eastern	f		0	0	0	0			1	f	\N	f	f		f	\N	f	f	60	\N	t	t	t	0	f	f	f	f	f	en_US	\N	-1
188	2013-02-28 00:23:19.186452+00	2013-05-14 15:38:02.595729+00	181	Hello everyone! My subjects are Business Studies, IT/Computer Science and Media Studies from Key Stage 4 to postgraduate level. I look forward to helping you succeed!	\N	uploads/profiles/profile_images/s5loyq0l5221u391mp82.jpg	\N	\N	\N	UK	\N	t	1	0	0	20	1962-12-06	2E927ADE-DA98-7C56-797F417D19637DE0		0	0	Europe/London	t	uploads/tutor/crb_certificates/CRB_March2011.jpg	0	25	25	0		Linkedin	1	t	2013-02-28 00:32:00.976664+00	f	t	rossfion@netscape.net	t	\N	f	f	60	\N	t	t	t	0	t	t	f	t	f	en_US	\N	-1
158	2013-02-12 17:20:44.810545+00	2013-05-14 15:38:02.599058+00	153	Hi there, I am an American student in my second year at the University of Edinburgh. My course is International Relations, but I have enrolled in various outside courses ranging from business studies to sociology. Along with my studies, I am a member of the Edinburgh Charity Fashion Show Committee. 	\N	images/defaults/profile.png	\N	\N	\N	UK	\N	t	1	0	0	1	1993-09-09	1AA2B5EC-F0F8-716B-BBC6DFE53DA60565		0	1	America/Anguilla	f		0	10	10	0			1	t	2013-02-12 17:29:32.03868+00	t	t	safoora.biglari@gmail.com	t	\N	f	f	60	8szcdxm	t	t	t	0	t	t	f	t	f	en_US	\N	-1
256	2013-06-17 23:49:26.761361+00	2013-06-17 23:49:36.24845+00	249	Hi	\N	images/defaults/profile.png	\N	\N	\N	UK	\N	t	1	0	0	20	1985-11-02	4D6B7C33-EEB6-1D6F-4A774344B6302012	\N	0	0	America/Anguilla	f		0	0	0	0		sss	3	f	\N	f	t		t	\N	f	f	60	\N	t	t	t	0	f	f	f	f	f	en_US	\N	-1
234	2013-05-06 20:39:39.080315+00	2013-05-14 15:38:02.602433+00	227	As a linguist, I have three years experience of teaching Hindi as a foreign language.\r\nIn past, I have successfully taught many students from USA, UK, Romania and Pakistan.\r\nIf interested, you can ask me for references and can hire me as your favourite Hindi Teacher.	\N	images/defaults/profile.png	\N	\N	\N	IN	\N	t	1	0	0	20	1990-09-05	D3DBD7C8-ECA5-C02A-9574F321D73CAF22	\N	0	0	Asia/Calcutta	f		0	0	0	0		Linkedin	3	f	\N	f	t		t	\N	f	f	60	\N	t	t	t	0	t	t	f	t	f	en_US	\N	-1
211	2013-04-17 23:02:12.74063+00	2013-05-14 15:38:02.609072+00	204		\N	images/defaults/profile.png	\N	\N	\N	US	\N	t	2	0	0	1	1987-12-25	067810B2-C2F4-1665-F158467FE5137FB6		0	1	US/Eastern	f		0	0	0	0			1	f	\N	f	f		t	\N	f	f	60	\N	t	t	t	0	f	f	f	f	f	en_US	\N	-1
195	2013-03-12 00:45:58.02652+00	2013-05-14 15:38:02.612695+00	188		\N	images/defaults/profile.png	\N	\N	\N	UK	\N	f	2	0	0	0	1969-03-02	99A2B02E-033A-5363-31DC35143EBAFE97		0	0	America/Cayman	f		0	0	0	0	dsa		1	f	\N	f	f		f	\N	f	f	60	\N	t	t	t	0	f	f	f	f	f	en_US	\N	-1
225	2013-05-03 10:59:03.107307+00	2013-05-14 15:38:02.616087+00	218	I am an Online Physics teacher for past five years. Before that I have taught in face to face classes for twenty years. I teach CIE A, AS level, IGCSE , GCSE, IB students	\N	images/defaults/profile.png	\N	\N	\N	IN	\N	t	1	0	0	20	1955-06-11	248F8738-C4D0-57F2-2DC554D0D1D56D84	\N	0	1	Asia/Calcutta	f		0	0	0	0		Linkedin group	3	f	\N	f	t	sengupta.kajal@gmail.com	t	\N	f	f	60	nprgk0b	t	t	t	0	t	t	f	t	f	en_US	\N	-1
203	2013-03-24 10:05:51.634864+00	2013-05-14 15:38:02.619431+00	196	I'm a second year student in Glasgow studying languages. My main subjects are German and Slavonic Studies, but I have studied French, German and Russian to university level, and Polish to a beginners level. I'd be happy to help any student needing help in any of these languages.	\N	uploads/profiles/profile_images/8uurdhjlzj6wxsm0fhhn.jpg	\N	\N	\N	UK	\N	t	1	0	0	4	1993-05-03	17EBE145-B531-C463-9C6C1AF35EC3726F		0	0	Europe/London	f		0	10	10	0			1	t	2013-03-24 10:12:05.11847+00	f	t	larafdd@gmail.com	f	\N	f	f	60	\N	t	t	t	0	t	t	f	t	f	en_US	\N	-1
182	2013-02-25 16:39:58.185922+00	2013-05-14 15:38:02.622768+00	175	I'm an MSc Risk Management and Financial Engineering student at Imperial College Business School with a background in BSc Applied Mathematics from Sharif  University of Technology. \r\nI have 4 years of tutoring experience both in undergrad and grad level (math and business related subjects.	\N	uploads/profiles/profile_images/erug40x3jtywiiyaa5vi.jpg	\N	\N	\N	UK	\N	t	1	0	0	4	1986-12-03	B6F3ADD3-F339-041E-C91BB18A51F86AF3		0	0	Europe/London	f		0	15	20	0			1	t	2013-02-25 16:43:53.091555+00	t	t	shahin.iraninejad@gmail.com	t	\N	f	f	60	\N	t	t	f	0	t	t	f	t	f	en_US	\N	-1
147	2013-02-07 22:30:58.643099+00	2013-05-14 15:38:02.626118+00	143	Graduate student at Columbia Business School with a Bachelors of Science in Information Systems and International Business	\N	images/defaults/profile.png	\N	\N	\N	US	\N	t	1	0	0	4	1985-07-17	2420DA73-FABE-E1F2-A62E933C7EC5533B		0	1	US/Alaska	f		0	25	25	0			3	t	2013-02-07 22:33:34.601491+00	t	t	debby.man@gmail.com	t	\N	f	f	60	\N	t	t	t	0	t	t	f	t	f	en_US	\N	-1
175	2013-02-22 00:31:59.005401+00	2013-05-14 15:38:02.629407+00	168	I have a degree in psychology and one in philosophy, but I am also experienced with writing and different methods of citation.	\N	images/defaults/profile.png	\N	\N	\N	US	\N	t	1	0	0	20	1984-10-25	F9C136B5-F3FD-FF20-38C0B79EAC06682B	\N	0	1	US/Eastern	f		0	0	0	0		SAHM.com	3	f	\N	f	f	adime_adozen@yahoo.com	t	\N	f	f	60	c7wszj2	t	t	t	0	t	t	f	t	f	en_US	\N	-1
189	2013-02-28 19:45:34.939345+00	2013-05-14 15:38:02.632676+00	182	\N	\N	images/defaults/profile.png	\N	\N	\N	UK	\N	f	0	0	0	4	1990-04-17	\N	\N	0	0	America/Anguilla	f		0	0	0	0			1	f	\N	f	f	\N	f	\N	f	f	60	\N	t	t	t	0	f	f	f	f	f	en_US	\N	-1
196	2013-03-12 15:22:38.806383+00	2013-05-14 15:38:02.635877+00	189	I'm helping the Universal Tutor co-founders with training materials for the tutors.		images/defaults/profile.png				US		t	1	0	0	20	1984-10-23	B900EE83-CFDA-63C0-83B862D0BED15642		0	1	US/Eastern	f		0	0	0	0		edtech networking event	3	f	\N	f	t	carmen.krol@gmail.com	t	\N	f	f	281	h1zwwzkh	t	t	t	0	t	t	f	t	f	en_US	\N	-1
226	2013-05-03 22:17:55.486644+00	2013-05-14 15:38:02.639301+00	219	I had more than 4 years of teaching Experience. I had completed my Masters in Math. \r\n   	\N	uploads/profiles/profile_images/kbh87h5z9e9opnav9z8h.jpg	\N	\N	\N	US	\N	t	1	0	0	20	1987-10-26	3CD6B283-C5A2-55FC-916FE5E5682C5A3A		0	0	US/Central	f		0	10	10	0		Linkedin	3	t	2013-05-03 22:30:49.991772+00	f	t		t	\N	f	f	59	qj4jkpyqn	t	t	t	0	t	t	f	t	f	en_US	\N	-1
212	2013-04-29 18:14:27.115987+00	2013-05-14 15:38:02.642612+00	205	I am a current social work student at Columbia who has experience as a teacher and as a tutor.  I was a New York City Teaching Fellow who worked as a teacher in the South Bronx for three years and I hold my Master's in Education from Mercy College.  I have experience working with children from Kindergarten through Middle School.	\N	images/defaults/profile.png	\N	\N	\N	US	\N	f	1	0	0	1	1981-07-06	662484FF-06CD-C971-6AAB899AE5DF1FF0		0	1	US/Alaska	f		0	0	0	0			3	f	\N	f	t	rebeccaburkett@gmail.com	f	\N	f	f	60	\N	t	t	t	0	t	t	f	t	f	en_US	\N	-1
167	2013-02-16 05:52:41.380039+00	2013-05-14 15:38:02.64588+00	161		\N	uploads/profiles/profile_images/c2jf382yoberior9eno7.jpg	\N	\N	\N	US	\N	t	2	0	0	4	1979-12-05	D01A34A2-0B5E-4B86-1B0E5D99A656CE88		0	0	US/Pacific-New	f		0	0	0	0	Doug Adiel 		3	f	\N	f	f		t	\N	f	f	60	\N	t	t	t	0	f	f	f	f	f	en_US	\N	-1
219	2013-05-01 05:40:32.071603+00	2013-05-14 15:38:02.649633+00	212		\N	uploads/profiles/profile_images/dqpdj7trzwjutiof92cq.jpg	\N	\N	\N	US	\N	f	2	0	0	4	1991-05-25	B22CE98C-9345-E4F0-F8AF5D6497136546		0	0	US/Eastern	f		0	0	0	0			1	f	\N	f	f		f	\N	f	f	60	\N	t	t	t	0	f	f	f	f	f	en_US	\N	-1
159	2013-02-12 19:40:47.061372+00	2013-05-14 15:38:02.6529+00	154	5+ years experience tutoring in high school level math and science. GMAT wiz.	\N	uploads/profiles/profile_images/a418gm16xriw0vsqntnc.jpg	\N	\N	\N	CA	\N	t	1	0	0	4	1985-10-10	1FA583D5-F658-FC56-3E235B8A6E0D054C		0	0	Canada/Atlantic	f		0	0	0	0	Eran Mizrahi		3	f	\N	f	t	hooman10@gmail.com	t	\N	f	f	60	\N	t	t	t	0	t	t	f	t	f	en_US	\N	-1
204	2013-03-29 09:16:18.690856+00	2013-05-14 15:38:02.656156+00	197		\N	images/defaults/profile.png	\N	\N	\N	IN	\N	f	2	0	0	1	1979-10-06	17C0FE12-9E81-214B-0165734794BF9493		0	0	Asia/Calcutta	f		0	0	0	0			1	f	\N	f	f		f	\N	f	f	60	\N	t	t	t	0	f	f	f	f	f	en_US	\N	-1
235	2013-05-07 18:38:46.741384+00	2013-05-14 15:38:02.659384+00	228		\N	images/defaults/profile.png	\N	\N	\N	DK	\N	t	2	0	0	1	1986-04-07	030852DA-EEC7-96CB-DCEFE038D7C753D3		0	1	Europe/Copenhagen	f		0	0	0	0			1	f	\N	f	f		t	\N	f	f	60	\N	t	t	t	0	f	f	f	f	f	en_US	\N	-1
243	2013-05-21 14:58:01.088227+00	2013-05-29 16:05:33.882771+00	236	Certified English Language teacher with eight years of teaching experience.Possesses good presentation and communication skills to leave an enduring effect amongst students.	\N	images/defaults/profile.png	\N	\N	\N	IN	\N	t	1	0	0	0	1977-06-26	CC172261-F999-24F4-8A854C43DDA8700A		0	1	Asia/Calcutta	f		0	0	0	0			3	f	\N	f	t	vinitavi26@gmail.com	t	\N	f	f	58	d4y8cbp	t	t	t	0	t	t	f	t	f	en_US	\N	-1
218	2013-04-30 23:27:43.924079+00	2013-05-29 16:04:59.519904+00	211	I am an undergraduate student at the University of Michigan in Ann Arbor planning to major in neuroscience and minor in math, while on the premed track	\N	images/defaults/profile.png	\N	\N	\N	US	\N	f	1	0	0	1	1993-11-24	A4D7DD64-B8E8-AA44-C6CB7DE8E770EAB3	\N	0	1	US/Eastern	f		0	0	0	0			3	f	\N	f	t	jenche2012@gmail.com	f	\N	f	f	60	\N	t	t	t	0	t	t	f	t	f	en_US	\N	-1
259	2013-06-24 15:37:42.395696+00	2013-07-19 02:06:07.279819+00	252	Columbia University Class of 2015, English Major.		images/defaults/profile.png				US		f	1	0	0	4	1992-10-21	A4523420-0ECD-27BF-4AA4027865B98A2B		0	0	US/Eastern	f		0	0	0	0			3	f	\N	f	t		t	\N	f	f	9804	7mkk74v	t	t	t	0	f	f	f	f	f	en_US		-1
272	2013-07-18 19:24:24.06045+00	2013-07-26 13:44:48.107093+00	265	I'm Joseph, a junior at Columbia University. I'm majoring in English and love books and bikes.	\N	uploads/profiles/profile_images/iv4boq58pfx5hk9exxou.jpg	\N	\N	\N	US	\N	f	1	0	0	0	1992-10-21	198237C6-FC56-474C-B2122354397328ED	\N	0	0	US/Alaska	f		0	0	0	0	\N	\N	3	f	\N	f	f	\N	f	\N	f	f	0	3ypd5uw	t	t	t	0	t	t	f	f	f	en_US	10027	30
275	2013-07-23 13:26:31.800184+00	2013-07-23 13:27:15.775891+00	268	I work in wizoku.com\r\nWhattt is working with the tutoring type option!!!	\N	images/defaults/profile.png	\N	\N	\N	UK	\N	t	1	0	0	0	1985-09-17	7516A129-B321-95E2-A7EBBCB07760C677	\N	0	0	America/Anguilla	f		0	0	0	0			3	f	\N	f	f	\N	t	\N	f	f	60	\N	t	t	t	0	f	f	f	f	f	en_US	\N	-1
273	2013-07-19 15:17:16.120256+00	2013-07-19 15:38:13.674656+00	266	asdasfdasf		uploads/profiles/profile_images/zfa1dk6j583bbku6qpvh.jpg				US		f	1	0	0	0	1972-01-01	AB101F84-F2C9-99BB-193D3AE62737F229		0	0	US/Alaska	f		0	0	0	0			3	f	\N	f	f		f	\N	f	f	9974	btjg0t21	t	t	t	0	f	f	f	f	f	en_US	1231231	23
276	2013-07-25 14:36:57.128061+00	2013-07-25 14:43:47.15188+00	269	I tutor in-person only	\N	uploads/profiles/profile_images/pemnwz4czs33utpzdxrh.jpg	\N	\N	\N	US	\N	f	1	0	0	0	1988-01-01	E7B505B8-D0B8-12BE-8FA9387F1660DDE8	\N	0	0	US/Eastern	f		0	0	0	0	\N	\N	2	f	\N	f	f	\N	f	\N	f	f	60	\N	t	t	t	0	t	t	f	t	f	en_US	10023	34
170	2013-02-17 17:58:47.242443+00	2013-07-26 21:31:20.577063+00	67			uploads/profiles/profile_images/syceq0nb8i43ji07rici.jpg				US		f	1	0	0	0	1981-08-01	BD6C2605-BD9E-4A27-C950BD55613A826B		0	0	US/Eastern	f		0	3	3	0			3	f	2013-06-25 18:00:24+00	f	f		f	\N	f	f	1000	4kxvnum5	t	t	t	0	f	f	f	f	f	en_US		-1
278	2013-07-28 16:35:30.027032+00	2013-07-28 20:07:00.918421+00	271	test	\N	uploads/profiles/profile_images/162583e2s1s0s0i1yi99.jpg	\N	\N	\N	US	\N	f	1	0	0	0	1995-01-01	7D54CC8B-B318-7AB7-FB97FA0E60FC0EFA	\N	0	0	US/Alaska	f		0	0	0	0	\N	\N	3	f	\N	f	f	\N	f	\N	f	f	57	1xg0byrw	t	t	t	0	f	f	f	f	f	en_US	10002	40
250	2013-06-03 18:56:38.892121+00	2013-07-28 18:08:35.694001+00	243	COlumbia Student		images/defaults/profile.png				US		t	1	0	0	2	1981-03-04	722547C1-E488-6899-242EB1D3B53A89A6		0	0	US/Alaska	f		0	0	0	0			3	f	\N	f	f	sd2758@columbia.edu	t	\N	f	f	327	pvq3kfju	t	t	t	0	f	t	f	f	f	en_US	\N	-1
282	2013-07-29 21:41:41.618435+00	2013-07-29 21:41:41.730497+00	275	\N	\N	images/defaults/profile.png	\N	\N	\N	\N	\N	f	0	0	0	0	\N	\N	\N	0	0	UTC	f		0	0	0	0	\N	\N	1	f	\N	f	f	\N	f	\N	f	f	60	\N	t	t	t	0	f	f	f	f	t	en_US	\N	-1
277	2013-07-26 00:00:09.96701+00	2013-07-26 13:45:07.894756+00	270	B.S. Mathematics, Arcadia University, Magna Cum Laude\r\nM.A. Statistics, Columbia University\r\nPh.D. Candidate in Measurement & Evaluation, Teachers College-Columbia University\r\n	\N	uploads/profiles/profile_images/wifzy6u3edxlrpgez6qn.jpg	\N	\N	\N	US	\N	f	1	0	0	0	1985-02-26	F2BE1612-A54D-1390-B2339431578DC011	\N	0	0	US/Eastern	f		0	0	0	0	\N	\N	3	f	\N	f	f	\N	f	\N	f	f	60	pchcj24tu	t	t	t	0	t	t	f	t	f	en_US	10027	20
252	2013-06-07 11:53:11.704837+00	2013-07-26 13:45:16.013644+00	245	My name is Laura Papi. I am italian. I have a degree in foreign languages, I am specialized in english and spanish. I have experience as teacher in Italy for english, spanish and italian classes. If you want to learn or improve your italian contact me.\r\nYou don't need to have some kind of prerequisite. I can teach to all the level. You just need to have passion and willing to learn	\N	uploads/profiles/profile_images/t3ner7rk5g228qumy4r8.jpg	\N	\N	\N	IT	\N	f	1	0	0	20	1985-11-21	30FE986A-923D-F84E-53743DE993BA55B7		0	1	Europe/Rome	f		0	15	15	0		Linkedin	2	t	2013-06-07 11:55:33.412071+00	f	t	laura0papi@gmail.com	f	\N	f	f	60	4zs38zmu	t	t	t	0	t	t	f	t	f	en_US	\N	-1
279	2013-07-28 16:57:16.789071+00	2013-07-28 16:57:29.382653+00	272	asda sdfsdf	\N	uploads/profiles/profile_images/eiqg8mybkj8bh8jjidfe.jpg	\N	\N	\N	US	\N	f	1	0	0	0	1994-01-01	7E1C2789-D8FE-2FF0-9AAD2517E834DB86	\N	0	0	US/Alaska	f		0	0	0	0	\N	\N	3	f	\N	f	f	\N	f	\N	f	f	60	\N	t	t	t	0	f	f	f	f	f	en_US	qwqeqw	22
280	2013-07-29 21:08:52.963255+00	2013-07-29 21:12:30.387096+00	273	Columbia University undergraduate, International Baccalaureate Diploma recipient. 	\N	uploads/profiles/profile_images/pzcv1v5js7r5kbwuwk6i.jpg	\N	\N	\N	US	\N	f	1	0	0	0	1994-05-22	BA9AB991-CE20-64FA-DC253769AD1442BF	\N	0	0	US/Alaska	f		0	0	0	0	\N	\N	3	f	\N	f	f	\N	f	\N	f	f	60	\N	t	t	t	0	t	t	f	t	f	en_US	10027	9.5
281	2013-07-29 21:11:07.386994+00	2013-07-29 21:11:21.605231+00	274	sadasdfasdfasdfasdfasdf dfasdfsadf asfsadfasdfasd sdfsadfasdfasdfasdf	\N	uploads/profiles/profile_images/upywub8b689oru4olyqq.gif	\N	\N	\N	US	\N	f	1	0	0	0	1975-01-01	BAAF5B75-0E91-CE52-DF5D0D994F48E25B	\N	0	0	US/Alaska	f		0	0	0	0	\N	\N	3	f	\N	f	f	\N	f	\N	f	f	60	\N	t	t	t	0	f	f	f	f	f	en_US	10024	33
286	2013-07-30 19:47:46.344747+00	2013-07-30 20:07:20.662408+00	279	I've always really enjoyed math all throughout school. I have been doing in home tutoring for a year now and have really enjoyed it.	\N	uploads/profiles/profile_images/e6sbck0yu2etf8omyxzs.jpg	\N	\N	\N	US	\N	f	1	0	0	0	1994-06-24	EB339221-B8F3-7987-31CB11038C667C5F		0	0	US/Alaska	f		0	0	0	0	\N	\N	3	f	\N	f	f		f	\N	f	f	52	6r40rj1	t	t	t	0	t	t	f	t	f	en_US	78660	30
283	2013-07-29 21:57:29.071694+00	2013-07-29 22:10:04.061416+00	276	I am a Columbia University student majoring in Physics. I attended Rye Country Day prior to Columbia University. I have tutoring experience in Math, English and Physics. I also have exam prep (ACT and SAT) tutoring experience.\r\n\r\nIn addition, I can provide proofreading services. 	\N	uploads/profiles/profile_images/ojbuojv37jcgss1qe0an.jpg	\N	\N	\N	US	\N	f	1	0	0	0	1993-03-23	BC57A0E4-AAF1-D409-24C71610753B5FBE	\N	0	0	US/Alaska	f		0	0	0	0	\N	\N	3	f	\N	f	f	\N	f	\N	f	f	60	cc0m9ugmc	t	t	t	0	t	t	f	f	f	en_US	10025	25
285	2013-07-30 01:55:20.795052+00	2013-07-30 15:01:20.640742+00	278	Hi, I'm Dominique Jones. I am going to be a sophomore at Columbia University in the fall. I have been working in education this summer, interning with the International Rescue Committee and working with high school-aged refugees. The program is a Summer Academy to prepare these students for school in NYC. I have also worked with students in the past tutoring French and History. 	\N	uploads/profiles/profile_images/4jakh4ylxewaol1x7ugq.jpg	\N	\N	\N	US	\N	f	1	0	0	0	1993-12-31	C4D93FE1-A868-A030-809473A6263FB0FC		0	1	US/Eastern	f		0	0	0	0	\N	\N	3	f	\N	f	f	domjon15@gmail.com	f	\N	f	f	60	\N	t	t	t	0	t	t	f	t	f	en_US	10027	30
284	2013-07-29 22:52:30.111577+00	2013-07-30 20:06:54.600059+00	277	I am a Master's student at Columbia University. I am majoring in Computer Science.	\N	uploads/profiles/profile_images/umrv6mjn32h3wt6x0b0e.jpg	\N	\N	\N	US	\N	f	1	0	0	0	1986-08-06	BE4F584B-97C0-D8C0-1963579D58279642		0	0	US/Pacific	f		0	0	0	0	\N	\N	3	f	\N	f	f		f	\N	f	f	60	\N	t	t	t	0	t	t	f	t	f	en_US	95134	30
\.


--
-- Data for Name: profile_userprofile_favorite; Type: TABLE DATA; Schema: public; Owner: -
--

COPY profile_userprofile_favorite (id, userprofile_id, user_id) FROM stdin;
63	94	1
64	137	88
65	203	67
66	238	179
67	94	179
\.


--
-- Data for Name: profile_userprofile_genres; Type: TABLE DATA; Schema: public; Owner: -
--

COPY profile_userprofile_genres (id, userprofile_id, genre_id) FROM stdin;
1	272	98
2	272	99
3	272	100
4	272	374
5	272	376
6	272	377
7	272	382
8	259	572
13	273	578
14	273	574
15	274	578
16	274	574
17	276	450
18	276	454
19	276	455
20	276	456
21	276	457
22	276	458
23	276	443
24	277	43
25	277	44
26	277	395
27	277	396
28	277	145
29	277	403
30	277	149
31	277	155
32	277	176
33	277	37
34	277	38
35	277	39
36	277	40
37	277	41
38	277	42
39	277	299
40	277	300
41	277	302
42	277	303
43	277	304
44	277	305
45	277	306
46	277	51
47	277	308
48	277	309
49	277	310
50	277	311
51	277	313
52	277	314
53	277	315
54	277	296
55	277	467
56	277	468
57	277	471
58	277	472
59	277	90
60	277	91
61	277	297
62	277	98
63	277	102
64	277	307
65	277	298
66	277	235
67	277	236
68	277	113
69	277	118
70	277	553
71	277	123
72	277	554
73	170	44
74	170	443
75	170	468
76	170	467
77	170	39
78	278	416
79	278	417
80	278	419
81	278	420
82	278	424
83	278	426
84	278	428
85	278	411
86	278	414
87	279	578
88	279	574
89	280	515
90	280	517
91	280	521
92	280	522
93	280	13
94	280	29
95	280	33
96	280	35
97	280	36
98	280	37
99	280	38
100	280	39
101	280	40
102	280	41
103	280	42
104	280	43
105	280	44
106	280	443
107	280	316
108	280	317
109	280	574
110	280	578
111	280	525
112	280	336
113	280	337
114	280	340
115	280	473
116	280	356
117	280	357
118	280	235
119	280	573
120	280	503
121	280	505
122	281	464
123	281	465
124	282	363
125	282	521
126	282	525
127	282	526
128	282	527
129	282	29
130	282	30
131	282	31
132	282	32
133	282	34
134	282	35
135	282	36
136	282	37
137	282	38
138	282	167
139	282	40
140	282	41
141	282	298
142	282	43
143	282	302
144	282	303
145	282	304
146	282	305
147	282	50
148	282	51
149	282	308
150	282	309
151	282	52
152	282	573
153	282	53
154	282	193
155	282	194
156	282	177
157	282	77
158	282	78
159	282	79
160	282	90
161	282	91
162	282	93
163	282	95
164	282	98
165	282	99
166	282	100
167	282	307
168	282	362
169	282	39
170	282	364
171	282	365
172	282	366
173	282	367
174	282	368
175	282	369
176	282	376
177	282	123
178	282	124
179	282	125
180	282	382
181	282	383
182	283	257
183	283	307
184	283	472
185	283	28
186	283	30
187	283	31
188	283	32
189	283	33
190	283	35
191	283	37
192	283	38
193	283	39
194	283	40
195	283	41
196	283	298
197	283	43
198	283	44
199	283	302
200	283	303
201	283	304
202	283	305
203	283	50
204	283	51
205	283	52
206	283	309
207	283	310
208	283	308
209	283	53
210	283	376
211	283	467
212	283	468
213	283	471
214	283	176
215	283	98
216	283	99
217	283	100
218	283	363
219	283	364
220	283	365
221	283	366
222	283	367
223	283	180
224	283	374
225	283	375
226	283	248
227	283	377
228	283	252
229	283	382
230	283	383
231	284	419
232	284	429
233	284	430
234	284	402
235	284	403
236	284	411
237	284	413
238	285	30
239	285	35
240	285	236
241	285	522
242	285	363
243	285	364
244	285	365
245	285	366
246	285	237
247	285	579
248	285	85
249	285	235
250	285	526
251	285	28
252	285	29
253	285	524
254	285	31
255	286	298
256	286	299
257	286	300
258	286	302
259	286	303
260	286	304
261	286	305
262	286	306
263	286	307
\.


--
-- Data for Name: profile_weekavailability; Type: TABLE DATA; Schema: public; Owner: -
--

COPY profile_weekavailability (id, user_id, weekday, begin, "end") FROM stdin;
6	1	3	01:00:00	23:30:00
7	1	4	00:45:00	23:30:00
8	1	5	00:45:00	23:30:00
65	99	1	16:00:00	20:00:00
66	99	4	12:00:00	20:00:00
67	99	5	12:00:00	20:00:00
68	92	6	12:00:00	14:00:00
70	98	4	10:00:00	19:00:00
71	98	5	10:00:00	18:00:00
72	98	6	12:00:00	20:00:00
69	98	3	13:00:00	20:00:00
126	91	2	00:00:00	00:00:00
73	100	0	16:00:00	00:00:00
74	100	1	16:00:00	00:00:00
75	100	2	16:00:00	00:00:00
5	1	1	00:45:00	23:15:00
76	100	3	16:00:00	00:00:00
77	100	4	16:00:00	00:00:00
35	1	3	07:30:00	12:15:00
9	1	6	02:00:00	11:45:00
1	1	0	00:45:00	05:15:00
30	1	0	07:30:00	18:00:00
78	100	5	00:00:00	00:00:00
34	1	0	06:00:00	07:00:00
79	100	6	00:00:00	00:00:00
80	101	0	20:00:00	23:00:00
41	1	2	09:30:00	19:00:00
44	71	3	20:30:00	22:15:00
45	71	2	18:45:00	19:15:00
46	74	1	10:00:00	22:00:00
47	74	4	10:00:00	22:00:00
81	101	2	20:00:00	23:00:00
82	101	3	20:00:00	23:00:00
83	101	5	09:00:00	12:00:00
84	93	1	11:00:00	22:00:00
53	83	0	08:00:00	23:00:00
85	93	3	11:00:00	22:00:00
54	83	1	08:00:00	23:00:00
86	109	0	10:45:00	12:15:00
55	83	2	08:00:00	23:00:00
56	83	3	08:00:00	23:00:00
57	83	4	08:00:00	23:00:00
58	83	6	16:00:00	23:00:00
59	89	4	00:00:00	00:00:00
88	109	1	11:00:00	20:00:00
87	109	0	15:00:00	18:00:00
89	109	2	12:00:00	20:00:00
90	109	3	11:00:00	15:30:00
91	109	4	08:00:00	18:00:00
92	109	5	08:00:00	18:00:00
64	96	2	16:30:00	20:30:00
63	96	1	16:30:00	20:30:00
93	109	6	08:00:00	20:00:00
94	111	0	19:00:00	23:00:00
95	111	1	19:00:00	23:00:00
96	111	2	19:00:00	23:00:00
97	111	3	19:00:00	23:00:00
98	111	6	14:00:00	23:00:00
127	91	1	00:00:00	23:00:00
99	111	5	11:45:00	19:15:00
100	112	1	08:00:00	15:00:00
101	112	0	15:00:00	19:00:00
102	112	2	09:15:00	13:45:00
103	112	4	08:00:00	22:00:00
104	112	5	08:00:00	17:00:00
105	112	6	08:00:00	22:00:00
106	113	0	21:30:00	00:00:00
107	113	1	20:00:00	00:00:00
108	113	2	20:00:00	00:00:00
109	113	3	20:00:00	00:00:00
110	113	4	20:00:00	00:00:00
111	113	5	06:00:00	06:30:00
112	113	5	12:00:00	00:00:00
113	113	6	12:00:00	00:00:00
114	125	6	10:00:00	23:00:00
115	125	5	10:00:00	23:00:00
139	133	1	18:30:00	23:45:00
128	91	3	00:00:00	00:00:00
129	128	6	09:30:00	10:00:00
116	125	4	10:00:00	18:00:00
117	125	4	18:15:00	23:00:00
118	125	0	00:00:00	11:00:00
120	125	2	00:00:00	16:00:00
121	125	3	00:00:00	13:15:00
119	125	1	00:00:00	11:00:00
122	125	0	19:15:00	00:00:00
123	125	1	19:15:00	00:00:00
125	125	3	19:30:00	00:00:00
124	125	2	19:30:00	00:00:00
60	91	1	00:00:00	00:00:00
140	133	2	10:15:00	15:15:00
141	133	2	22:00:00	23:45:00
132	140	0	18:15:00	21:00:00
142	133	3	16:15:00	23:45:00
143	133	4	10:15:00	21:30:00
144	133	5	09:00:00	21:30:00
131	140	1	18:15:00	21:00:00
145	133	6	09:00:00	23:45:00
146	142	0	09:00:00	10:00:00
147	142	0	17:45:00	23:00:00
134	140	2	18:00:00	20:45:00
148	142	1	09:00:00	11:30:00
130	140	3	18:15:00	20:45:00
149	142	1	18:00:00	23:00:00
136	140	5	08:00:00	12:45:00
137	140	6	08:15:00	12:45:00
138	133	0	15:00:00	23:45:00
150	142	2	15:00:00	23:00:00
151	142	2	09:00:00	10:00:00
152	142	4	09:00:00	10:00:00
153	142	4	15:00:00	18:00:00
154	142	5	12:00:00	18:00:00
155	142	6	12:00:00	15:00:00
156	146	5	00:30:00	00:00:00
157	146	6	00:30:00	00:00:00
159	146	3	19:00:00	00:00:00
158	146	4	19:00:00	00:00:00
160	146	2	19:00:00	00:00:00
162	146	0	19:00:00	00:00:00
161	146	1	19:00:00	00:00:00
163	148	1	20:00:00	23:00:00
164	148	3	20:00:00	23:00:00
165	148	2	20:00:00	23:00:00
166	148	0	20:00:00	23:00:00
167	150	4	18:00:00	19:00:00
168	152	0	09:00:00	21:00:00
169	152	1	09:00:00	21:00:00
170	152	2	09:00:00	21:00:00
61	91	0	00:00:00	23:45:00
171	152	3	09:00:00	21:00:00
172	153	0	11:00:00	23:45:00
173	153	2	12:00:00	23:45:00
174	153	3	10:30:00	23:45:00
175	153	5	13:00:00	20:45:00
176	153	6	11:30:00	22:30:00
298	199	1	17:00:00	00:00:00
275	191	0	15:00:00	18:00:00
184	157	0	19:00:00	23:00:00
185	157	1	19:00:00	23:00:00
186	157	2	19:00:00	23:00:00
187	157	3	19:00:00	23:00:00
188	158	6	10:00:00	20:00:00
190	158	5	09:00:00	16:00:00
189	158	4	09:00:00	20:15:00
191	158	1	21:00:00	22:00:00
248	180	0	19:00:00	23:00:00
276	191	1	15:00:00	18:00:00
250	180	2	10:00:00	19:00:00
195	159	0	19:00:00	21:00:00
196	159	2	19:00:00	21:00:00
197	159	6	18:00:00	21:00:00
198	162	0	19:15:00	23:30:00
199	162	1	18:15:00	23:30:00
200	162	6	18:00:00	22:00:00
251	180	3	19:00:00	23:00:00
252	180	4	10:00:00	19:00:00
202	166	0	17:00:00	22:00:00
203	166	1	17:00:00	22:00:00
204	166	2	17:00:00	22:00:00
205	166	3	17:00:00	22:00:00
206	166	4	17:00:00	23:00:00
207	166	5	12:00:00	20:00:00
208	166	6	12:00:00	20:00:00
212	167	3	00:00:00	00:00:00
211	167	2	00:00:00	00:00:00
210	167	1	00:00:00	00:00:00
209	167	0	00:00:00	00:00:00
213	167	4	00:00:00	00:00:00
214	167	5	00:00:00	00:00:00
215	167	6	00:00:00	00:00:00
216	91	4	00:00:00	00:00:00
217	91	5	00:00:00	00:00:00
218	91	6	00:00:00	00:00:00
219	170	0	06:00:00	11:00:00
220	170	1	06:00:00	11:00:00
221	173	6	11:00:00	23:00:00
222	173	0	08:00:00	23:00:00
223	173	3	08:00:00	23:00:00
253	180	5	10:00:00	23:00:00
224	173	4	09:00:00	21:00:00
225	175	5	10:00:00	17:00:00
226	175	2	09:00:00	20:00:00
227	175	1	09:00:00	13:00:00
228	175	1	18:00:00	21:00:00
229	175	3	17:00:00	21:00:00
230	176	0	08:00:00	16:00:00
231	176	1	08:00:00	16:00:00
232	176	2	08:00:00	16:00:00
233	176	3	08:00:00	16:00:00
234	176	4	08:00:00	16:00:00
235	176	5	10:00:00	16:00:00
236	176	6	10:00:00	16:00:00
237	177	0	09:00:00	16:00:00
238	177	1	13:00:00	20:00:00
239	177	4	09:00:00	23:00:00
254	180	6	10:00:00	23:00:00
277	191	3	15:00:00	18:00:00
249	180	1	10:00:00	19:00:00
240	181	0	11:30:00	22:00:00
241	181	1	11:30:00	22:00:00
255	183	1	10:00:00	21:00:00
256	183	4	10:00:00	21:00:00
257	183	5	10:00:00	21:00:00
258	183	6	09:30:00	21:00:00
246	181	5	15:45:00	00:00:00
259	179	1	07:30:00	16:00:00
247	181	6	15:45:00	00:00:00
260	179	2	09:00:00	18:00:00
242	181	2	11:30:00	22:00:00
261	179	3	10:30:00	17:00:00
243	181	3	11:30:00	22:00:00
278	191	4	15:00:00	18:00:00
265	184	3	03:00:00	07:00:00
266	184	4	04:00:00	07:00:00
279	192	0	12:00:00	18:00:00
280	192	1	12:00:00	18:00:00
262	184	0	01:15:00	07:00:00
263	184	1	03:00:00	07:00:00
264	184	2	01:15:00	07:00:00
267	184	5	01:00:00	07:00:00
268	184	6	03:00:00	07:00:00
269	186	0	10:15:00	13:30:00
281	192	2	12:00:00	18:00:00
270	186	2	10:30:00	15:30:00
271	186	1	10:15:00	20:30:00
272	186	3	12:30:00	15:30:00
273	186	4	12:45:00	17:30:00
274	186	6	13:30:00	16:45:00
282	192	3	12:00:00	18:00:00
283	192	4	12:00:00	18:00:00
284	192	5	12:00:00	18:00:00
285	192	6	12:00:00	18:00:00
288	193	2	10:00:00	00:00:00
291	193	5	13:00:00	00:00:00
287	193	1	10:00:00	00:00:00
286	193	0	10:00:00	00:00:00
289	193	3	10:00:00	00:00:00
290	193	4	10:00:00	00:00:00
292	193	6	13:00:00	00:00:00
295	196	2	15:30:00	20:00:00
293	196	0	09:00:00	18:00:00
294	196	1	15:30:00	20:00:00
296	196	3	14:00:00	21:00:00
300	199	3	17:00:00	00:00:00
297	199	0	17:00:00	00:00:00
299	199	2	17:00:00	00:00:00
301	199	4	17:00:00	00:00:00
302	199	5	17:00:00	00:00:00
303	199	6	10:00:00	00:00:00
304	201	0	21:00:00	00:00:00
305	201	1	20:00:00	23:00:00
306	201	5	20:00:00	22:00:00
312	206	0	06:00:00	00:00:00
313	206	0	00:00:00	01:00:00
314	206	1	06:00:00	00:00:00
315	206	2	06:00:00	00:00:00
316	206	3	06:00:00	00:00:00
413	264	4	00:30:00	15:00:00
317	206	4	06:00:00	00:00:00
318	206	5	08:00:00	23:45:00
319	206	6	08:00:00	23:45:00
320	195	0	02:30:00	03:00:00
321	195	1	02:30:00	03:00:00
322	195	2	02:30:00	03:00:00
323	195	3	02:30:00	03:00:00
324	195	4	02:30:00	03:00:00
325	195	5	02:30:00	03:00:00
326	195	6	02:30:00	03:00:00
327	217	0	10:00:00	14:00:00
328	217	2	10:00:00	14:00:00
336	223	0	21:00:00	23:30:00
337	223	1	21:00:00	23:30:00
338	223	2	21:00:00	23:30:00
339	223	3	21:00:00	23:30:00
340	223	4	21:00:00	23:30:00
341	223	5	05:00:00	07:00:00
342	223	5	21:00:00	23:30:00
343	223	6	05:00:00	07:30:00
344	223	6	21:00:00	23:30:00
345	222	1	01:00:00	02:00:00
346	222	2	03:00:00	04:00:00
347	222	3	03:00:00	04:00:00
432	272	1	05:45:00	10:00:00
381	242	2	12:00:00	19:00:00
380	242	1	12:00:00	19:00:00
379	242	0	12:00:00	19:00:00
329	219	0	17:00:00	23:45:00
330	219	1	17:00:00	23:45:00
331	219	2	17:00:00	23:45:00
332	219	3	17:00:00	23:45:00
333	219	4	17:00:00	23:45:00
334	219	5	17:00:00	23:45:00
335	219	6	17:00:00	23:45:00
433	273	3	09:00:00	23:00:00
382	242	3	12:00:00	19:00:00
349	213	6	01:00:00	17:00:00
348	213	5	01:00:00	17:00:00
350	232	0	08:00:00	20:00:00
351	232	1	08:00:00	20:00:00
352	232	2	08:00:00	20:00:00
353	232	3	08:00:00	20:00:00
354	232	4	08:00:00	20:00:00
355	235	0	08:00:00	21:00:00
383	242	4	12:00:00	19:00:00
356	235	2	08:00:00	21:00:00
357	235	1	08:00:00	21:00:00
358	235	3	08:00:00	21:00:00
434	273	1	09:00:00	23:00:00
359	235	4	08:00:00	21:00:00
435	273	4	09:00:00	23:00:00
360	235	5	08:00:00	21:00:00
362	235	6	08:00:00	21:00:00
384	245	0	15:00:00	21:00:00
385	245	1	15:00:00	21:00:00
386	245	2	15:00:00	21:00:00
387	245	3	15:00:00	21:00:00
363	240	0	12:00:00	00:00:00
364	240	0	00:00:00	03:00:00
365	240	1	00:00:00	03:00:00
388	245	4	15:00:00	21:00:00
366	240	1	21:00:00	00:00:00
367	240	2	00:00:00	03:00:00
368	240	2	12:00:00	00:00:00
369	240	3	00:00:00	03:00:00
370	240	3	12:00:00	00:00:00
372	240	6	00:00:00	03:00:00
373	240	6	12:00:00	00:00:00
389	245	5	15:00:00	21:00:00
436	273	6	08:15:00	23:00:00
374	234	0	10:00:00	19:00:00
375	234	1	09:00:00	19:00:00
376	234	2	09:30:00	19:00:00
378	234	3	09:00:00	19:00:00
377	234	4	10:00:00	19:00:00
393	67	3	10:30:00	22:45:00
394	67	5	02:45:00	12:45:00
437	273	5	08:00:00	23:00:00
438	273	0	09:00:00	23:00:00
414	264	5	00:15:00	00:45:00
415	265	4	13:30:00	17:45:00
395	250	1	01:00:00	10:00:00
396	250	2	01:00:00	10:00:00
397	250	3	01:00:00	05:00:00
398	250	4	01:00:00	08:00:00
399	250	5	01:00:00	06:00:00
400	250	6	01:00:00	09:00:00
416	265	2	12:30:00	19:00:00
417	265	6	14:15:00	21:45:00
403	260	0	18:30:00	20:30:00
404	260	1	18:30:00	20:30:00
405	260	3	18:00:00	20:00:00
406	260	4	16:30:00	20:00:00
407	260	5	12:30:00	14:00:00
408	263	0	09:00:00	15:45:00
409	264	0	00:30:00	15:00:00
410	264	1	00:30:00	15:00:00
411	264	2	00:30:00	15:00:00
412	264	3	00:30:00	15:00:00
418	265	0	13:30:00	17:30:00
419	266	0	05:15:00	08:30:00
420	267	0	05:30:00	08:45:00
421	67	2	07:45:00	16:30:00
422	67	0	11:15:00	16:30:00
423	269	0	10:00:00	16:15:00
424	269	1	12:15:00	17:00:00
425	270	5	10:30:00	20:45:00
426	270	3	07:30:00	11:30:00
427	270	1	08:15:00	13:45:00
428	270	0	09:30:00	15:15:00
429	270	2	09:30:00	15:15:00
430	270	6	10:30:00	20:30:00
431	271	5	05:30:00	09:45:00
439	273	2	09:00:00	23:00:00
440	274	4	07:00:00	18:30:00
441	274	5	06:45:00	16:45:00
442	274	6	05:15:00	15:00:00
443	274	2	06:15:00	16:15:00
444	274	0	02:45:00	17:00:00
445	274	1	06:45:00	12:30:00
446	274	3	09:00:00	17:15:00
447	275	5	07:00:00	19:45:00
448	275	4	07:00:00	22:15:00
449	275	6	07:00:00	20:00:00
450	276	2	19:00:00	00:00:00
451	276	3	19:00:00	00:00:00
452	276	5	00:00:00	00:00:00
453	276	0	19:00:00	00:00:00
454	276	1	19:00:00	00:00:00
455	276	4	19:00:00	00:00:00
456	276	6	00:00:00	23:45:00
457	277	5	11:00:00	15:00:00
458	277	6	11:15:00	15:00:00
459	278	0	09:00:00	12:00:00
460	278	3	18:00:00	21:00:00
461	278	0	18:00:00	21:00:00
462	278	1	18:00:00	21:00:00
463	278	2	18:00:00	21:00:00
464	278	2	09:00:00	12:00:00
465	278	3	09:00:00	12:00:00
466	278	1	09:00:00	12:00:00
467	279	3	13:00:00	15:00:00
\.


--
-- Data for Name: profile_withdrawitem; Type: TABLE DATA; Schema: public; Owner: -
--

COPY profile_withdrawitem (id, created, updated, user_id, currency_id, value, credits, status, invoice, email, commission, monthly_payment) FROM stdin;
146	2012-08-14 08:49:03.923241+00	2012-08-14 08:49:03.923282+00	1	1	2.69799999999999995	2.69799999999999995	0	naw1heQyvuFrwML3Yc4z	nickcrosthwaite@gmail.com	0.302000000000000046	f
145	2012-08-13 11:18:28.918154+00	2012-08-13 11:18:28.918197+00	1	1	0.766000000000000014	0.766000000000000014	0	SgwClNASzR8HiDDuBlm6	nickcrosthwaite@gmail.com	0.234000000000000014	f
147	2013-05-14 15:40:01.831766+00	2013-05-14 16:01:22.370404+00	91	3	12.6099999999999994	8	3	UTWDP0JZC8LQWCTZUHA	emizrahi14@gsb.columbia.edu	0	t
148	2013-05-14 16:01:22.379697+00	2013-05-14 16:01:33.79224+00	91	3	12.6099999999999994	8	3	UTWDD0YXQE28GNBG7P9	emizrahi14@gsb.columbia.edu	0	t
149	2013-05-14 16:01:33.800944+00	2013-05-14 16:01:49.368539+00	91	3	12.6099999999999994	8	3	UTWD4SCCHN5SFGYIGXO	emizrahi14@gsb.columbia.edu	0	t
150	2013-05-14 16:01:49.377113+00	2013-05-14 16:05:14.222526+00	91	3	12.6099999999999994	8	3	UTWDB9ZF99HJVZECQAK	emizrahi14@gsb.columbia.edu	0	t
151	2013-05-14 16:05:14.231028+00	2013-05-16 08:42:40.663448+00	91	3	12.6099999999999994	8	3	UTWDO7I7D5OZM0RFL8Q	emizrahi14@gsb.columbia.edu	0	t
152	2013-05-16 08:42:40.673762+00	2013-07-04 01:29:10.843336+00	91	3	12.6099999999999994	8	3	UTWDXSAUGHBQ277QCKK	emizrahi14@gsb.columbia.edu	0	t
153	2013-07-04 01:29:10.853033+00	2013-07-04 01:32:47.364941+00	91	3	12.6099999999999994	8	1	UTWDKRWVAIY2VR3K4DC	emizrahi14@gsb.columbia.edu	0	t
\.


--
-- Data for Name: socialaccount_socialaccount; Type: TABLE DATA; Schema: public; Owner: -
--

COPY socialaccount_socialaccount (id, user_id, last_login, date_joined) FROM stdin;
9	172	2013-02-24 20:24:56.23017+00	2013-02-24 05:21:05.603574+00
10	244	2013-06-04 20:22:36.373773+00	2013-06-04 20:22:36.373805+00
11	247	2013-06-11 08:47:31.850919+00	2013-06-11 08:47:31.850961+00
6	67	2013-07-20 17:51:58.873358+00	2012-08-10 17:04:06.247333+00
12	268	2013-07-23 13:27:10.758778+00	2013-07-23 13:26:38.43209+00
\.


--
-- Data for Name: south_migrationhistory; Type: TABLE DATA; Schema: public; Owner: -
--

COPY south_migrationhistory (id, app_name, migration, applied) FROM stdin;
1	socialaccount	0001_initial	2012-04-23 09:36:11.643107+00
2	twitter	0001_initial	2012-04-23 09:36:11.81444+00
3	twitter	0002_snowflake	2012-04-23 09:36:11.984009+00
4	openid	0001_initial	2012-04-23 09:36:12.079233+00
5	facebook	0001_initial	2012-04-23 09:36:12.155761+00
6	facebook	0002_auto__add_facebookaccesstoken__add_unique_facebookaccesstoken_app_acco	2012-04-23 09:36:12.187413+00
7	profile	0001_initial	2012-04-23 09:36:12.276697+00
8	profile	0002_auto__add_field_userprofile_parent__add_field_userprofile_type__add_fi	2012-04-23 09:36:12.377719+00
9	profile	0003_auto__add_child__del_field_userprofile_parent	2012-04-23 09:36:12.409595+00
10	profile	0004_auto__add_field_userprofile_date_of_birth	2012-04-23 09:36:12.440675+00
11	profile	0005_auto__chg_field_userprofile_date_of_birth	2012-04-23 09:36:12.488237+00
12	profile	0006_auto__add_field_userprofile_scribblar_id__add_field_child_active__add_	2012-04-23 09:36:12.543438+00
13	classes	0001_initial	2012-04-23 09:36:24.375996+00
14	profile	0007_auto__add_field_userprofile_subjects	2012-04-23 09:36:27.438762+00
15	profile	0008_auto__chg_field_userprofile_scribblar_id	2012-04-23 09:36:27.493644+00
16	profile	0009_auto__chg_field_userprofile_profile_image	2012-04-23 09:36:27.544243+00
17	profile	0010_auto__add_tutorsubject__del_field_userprofile_subjects__add_field_user	2012-04-27 16:14:17.348466+00
18	profile	0011_auto__add_tutorqualification__add_message__add_tutorreview__add_tutorf	2012-04-27 16:14:17.556118+00
19	profile	0012_auto__add_field_userprofile_gender	2012-04-27 16:14:17.716103+00
20	profile	0013_auto__add_field_userprofile_timezone	2012-04-27 16:14:17.761499+00
21	profile	0014_auto__add_weekavailability__add_dayavailability	2012-04-27 16:14:17.814812+00
22	classes	0002_auto__add_field_class_subject__add_field_class_earning_fee__add_field_	2012-04-27 16:14:18.139675+00
23	profile	0015_auto__add_field_dayavailability_day_off	2012-05-03 14:40:32.941747+00
24	profile	0016_auto__add_usercreditmovement	2012-05-03 14:40:33.149814+00
25	profile	0017_auto__add_studentreview__add_field_tutorreview_related_class	2012-05-03 14:40:33.261722+00
26	profile	0018_auto	2012-05-03 14:40:33.331216+00
27	profile	0019_auto__add_field_message_read	2012-05-03 14:40:33.390596+00
28	profile	0020_auto	2012-05-03 14:40:33.454087+00
29	profile	0021_auto__add_report	2012-05-03 14:40:33.529625+00
30	classes	0003_auto__del_field_class_name__add_field_class_status	2012-05-03 14:40:33.759361+00
31	classes	0004_auto__add_field_class_cancelation_reason	2012-05-03 14:40:33.82412+00
32	profile	0022_auto__add_field_userprofile_crb__add_field_userprofile_crb_file__add_f	2012-05-04 15:42:34.476212+00
33	profile	0023_auto__add_field_userprofile_no_reviews	2012-05-04 15:42:34.549854+00
34	profile	0024_auto__del_field_userprofile_apply_crb	2012-05-04 16:41:26.478238+00
35	profile	0025_auto__add_field_userprofile_min_credits__add_field_userprofile_max_cre	2012-05-04 17:28:21.612384+00
36	profile	0026_auto__add_field_userprofile_classes_given	2012-05-04 20:47:11.318524+00
37	profile	0027_auto__add_referral	2012-05-08 15:51:43.634578+00
38	profile	0028_auto__add_field_referral_used	2012-05-08 15:51:43.748347+00
39	profile	0029_auto__chg_field_referral_name__chg_field_referral_key	2012-05-08 15:51:43.933709+00
40	profile	0030_auto__add_field_userprofile_referral_key	2012-05-09 09:20:01.74761+00
41	profile	0031_auto__chg_field_userprofile_referral_key	2012-05-09 09:20:01.963605+00
42	profile	0032_auto__add_field_userprofile_other_referral	2012-05-09 09:20:02.025626+00
43	profile	0033_auto__add_field_referral_activated	2012-05-09 15:16:56.173637+00
44	core	0001_initial	2012-05-15 10:46:51.233556+00
45	flatblocks	0001_initial	2012-05-16 13:55:52.830146+00
46	core	0002_auto__add_video__add_quote	2012-05-16 13:55:53.119761+00
47	profile	0034_auto__add_field_userprofile_currency	2012-05-16 13:55:53.481798+00
48	profile	0035_auto__add_field_userprofile_crb_checked__add_field_userprofile_activat	2012-05-16 13:55:53.618535+00
49	profile	0036_auto__add_field_userprofile_featured	2012-05-16 13:55:53.675542+00
50	profile	0037_auto__del_field_userprofile_featured	2012-05-16 13:55:53.75974+00
51	profile	0038_auto__add_field_userprofile_featured	2012-05-16 13:55:53.841622+00
52	profile	0039_auto__add_field_userprofile_webcam	2012-05-16 15:04:06.291695+00
53	profile	0040_auto__add_topupitem	2012-05-17 16:22:50.592635+00
54	profile	0041_auto__add_field_topupitem_currency	2012-05-17 16:22:50.728311+00
55	ipn	0001_first_migration	2012-05-17 16:22:51.103031+00
56	classes	0005_auto__add_field_class_alert_sent	2012-05-18 12:44:40.754878+00
57	profile	0042_auto__chg_field_userprofile_currency	2012-05-18 13:06:12.66161+00
58	profile	0043_auto__add_field_userprofile_paypal_email	2012-05-25 15:28:18.587715+00
59	profile	0044_auto__add_withdrawitem	2012-05-25 15:28:18.871131+00
60	profile	0045_auto__add_field_withdrawitem_email	2012-05-25 15:28:18.945121+00
61	ap	0001_initial	2012-05-25 15:28:19.189618+00
62	common	0001_initial	2012-05-25 15:47:09.008829+00
63	common	0002_auto__add_field_feedback_created__add_field_feedback_updated	2012-05-25 15:47:09.057874+00
64	common	0003_auto__add_feedbackquestion__add_feedbackquestionoptions__del_field_fee	2012-05-25 15:47:09.155665+00
65	common	0004_auto__del_feedbackquestionoptions__add_feedbackquestionoption__add_fee	2012-05-25 15:47:09.625962+00
66	common	0005_auto__del_feedback__del_feedbackquestioncomment__add_feedbackquestiona	2012-05-25 15:47:09.681189+00
67	common	0006_auto__del_feedbackquestionanswer__add_feedbackanswer	2012-05-25 15:47:09.705292+00
68	core	0003_auto__add_field_video_type	2012-06-11 13:53:19.009016+00
69	profile	0046_auto__add_field_userprofile_partners_newsletters	2012-06-11 14:52:42.016367+00
70	classes	0006_auto__del_field_class_end__del_field_class_start__add_field_class_dura	2012-06-19 09:14:58.964133+00
71	classes	0007_auto__add_educationalsystem__add_educationalsystemcountry__add_classle	2012-06-19 09:23:30.061123+00
72	classes	0008_auto__add_field_class_subject	2012-06-19 09:23:30.10102+00
73	profile	0047_auto__add_field_tutorsubject_level	2012-06-19 09:27:37.046172+00
74	profile	0048_auto__del_field_userprofile_crb_checked__add_field_userprofile_crb_exp	2012-06-19 09:27:37.15128+00
75	profile	0049_auto__add_field_usercreditmovement_value__add_field_usercreditmovement	2012-06-19 09:27:37.237154+00
76	profile	0050_auto__add_field_tutorsubject_system	2012-06-19 11:21:51.667298+00
77	profile	0051_auto__add_field_userprofile_crb_alert_expire_date__add_field_userprofi	2012-06-20 09:46:23.201407+00
78	profile	0052_auto__add_field_message_email_sent	2012-06-20 10:57:16.041802+00
79	profile	0053_auto__add_field_tutorreview_is_active	2012-06-20 14:06:11.178305+00
80	classes	0009_auto__add_field_class_tutor_appeared	2012-06-21 09:09:25.511089+00
81	profile	0054_auto__add_studentinterest	2012-06-21 10:24:45.502391+00
82	profile	0055_auto__del_field_studentinterest_level__del_field_studentinterest_syste	2012-06-21 10:24:45.572289+00
83	core	0004_auto__add_bundle	2012-06-21 11:44:41.043722+00
84	profile	0056_auto__add_field_userprofile_test_class_minutes	2012-06-21 12:23:48.412506+00
85	profile	0057_auto__add_field_userprofile_test_class_id	2012-06-21 12:23:48.487958+00
86	core	0005_auto__add_emailtemplate	2012-06-28 11:01:17.824211+00
87	core	0006_auto__add_field_emailtemplate_subject	2012-06-28 11:01:17.932327+00
88	classes	0010_auto__add_field_class_cover	2012-06-29 10:01:14.351535+00
89	faq	0001_initial	2012-06-29 11:01:03.111362+00
90	classes	0011_auto__del_field_class_subject__add_field_class_subject_credits_per_hou	2012-07-02 14:17:03.670513+00
91	classes	0012_auto__add_field_class_subject	2012-07-02 14:17:03.762579+00
92	profile	0058_auto__chg_field_tutorsubject_level__chg_field_tutorsubject_system	2012-07-03 10:28:03.383443+00
93	profile	0059_auto__add_field_studentinterest_system__add_field_studentinterest_leve	2012-07-03 10:28:03.503095+00
94	profile	0060_auto__add_field_userprofile_notifications_messages__add_field_userprof	2012-07-17 08:35:33.371568+00
95	profile	0061_auto__add_field_userprofile_income_without_commission	2012-07-17 13:11:42.543194+00
96	profile	0062_auto__add_field_userprofile_profile_image_approved__add_field_userprof	2012-07-18 13:33:31.956671+00
97	profile	0063_auto__add_field_message_parent	2012-07-19 08:06:32.571273+00
98	profile	0064_auto__del_field_message_parent__add_field_message_child	2012-07-19 08:06:34.317731+00
99	common	0007_auto__add_field_feedbackquestion_position	2012-07-19 08:35:49.501274+00
100	common	0008_auto__add_field_feedbackquestionoption_position	2012-07-19 08:35:49.553804+00
101	core	0007_auto__add_timezone__add_country	2012-07-19 10:19:44.195447+00
102	core	0008_auto__add_field_country_country_name	2012-07-19 10:19:44.236935+00
103	mailchimp	0001_initial	2012-07-19 14:33:08.480614+00
104	mailchimp	0002_added_queue	2012-07-19 14:33:08.536945+00
105	mailchimp	0003_fixed_template_id	2012-07-19 14:33:08.637171+00
106	mailchimp	0004_fixed_template_id_max	2012-07-19 14:33:08.647098+00
107	mailchimp	0005_added_link_to_object	2012-07-19 14:33:08.679254+00
108	mailchimp	0006_added_locks	2012-07-19 14:33:08.712701+00
109	mailchimp	0007_extra_info	2012-07-19 14:33:08.726349+00
110	profile	0065_auto__add_field_withdrawitem_commission	2012-07-20 09:04:39.947687+00
111	classes	0013_auto__add_field_class_level__add_field_class_system__add_field_class_o	2012-07-20 14:34:41.464252+00
112	core	0009_auto__add_discount__add_discountuser__add_unique_discountuser_user_dis	2012-07-23 12:44:31.947894+00
113	core	0010_auto__del_field_discountuser_used	2012-07-23 12:44:32.005179+00
114	core	0011_auto__add_field_discountuser_used	2012-07-23 12:44:32.061255+00
115	core	0012_auto__add_field_discountuser_active	2012-07-23 12:44:32.102796+00
116	core	0013_auto__chg_field_discount_discount_percentage__chg_field_discount_disco	2012-07-23 12:44:32.314607+00
117	profile	0066_auto__add_field_topupitem_discount__chg_field_withdrawitem_credits	2012-07-23 12:44:32.740272+00
118	core	0014_auto__add_field_discount_total_times__add_field_discount_total_times_u	2012-07-26 10:44:21.981517+00
119	profile	0067_auto__add_uploadprofileimage__chg_field_message_message	2012-08-01 12:06:36.338482+00
120	core	0015_auto__add_document	2012-08-07 13:14:24.373262+00
121	profile	0070_auto__add_field_userprofile_is_new	2013-02-05 11:13:41.301276+00
122	core	0016_auto__add_masswithdraw	2013-05-14 14:37:55.252948+00
123	profile	0068_auto__add_field_userprofile_class_language	2013-05-14 14:38:01.790296+00
124	profile	0069_auto__chg_field_userprofile_class_language	2013-05-14 14:38:02.0482+00
125	profile	0071_unset_users_as_new	2013-05-14 14:38:02.667007+00
126	profile	0072_auto__add_field_withdrawitem_monthly_payment	2013-05-14 14:38:03.339058+00
127	ipn	0002_auto__chg_field_paypalipn_txn_id__chg_field_paypalipn_txn_type__chg_fi	2013-05-14 14:38:04.004741+00
128	profile	0073_auto__add_genre__add_field_userprofile_zipcode__add_field_userprofile_	2013-07-18 00:39:22.65188+00
\.


--
-- Data for Name: tagging_tag; Type: TABLE DATA; Schema: public; Owner: -
--

COPY tagging_tag (id, name) FROM stdin;
\.


--
-- Data for Name: tagging_taggeditem; Type: TABLE DATA; Schema: public; Owner: -
--

COPY tagging_taggeditem (id, tag_id, content_type_id, object_id) FROM stdin;
\.


--
-- Data for Name: twitter_twitteraccount; Type: TABLE DATA; Schema: public; Owner: -
--

COPY twitter_twitteraccount (socialaccount_ptr_id, social_id, username, profile_image_url) FROM stdin;
\.


--
-- Data for Name: twitter_twitterapp; Type: TABLE DATA; Schema: public; Owner: -
--

COPY twitter_twitterapp (id, site_id, name, consumer_key, consumer_secret, request_token_url, access_token_url, authorize_url) FROM stdin;
\.


--
-- Name: ap_masspayment_pkey; Type: CONSTRAINT; Schema: public; Owner: -; Tablespace: 
--

ALTER TABLE ONLY ap_masspayment
    ADD CONSTRAINT ap_masspayment_pkey PRIMARY KEY (id);


--
-- Name: ap_masspaymentreceiver_pkey; Type: CONSTRAINT; Schema: public; Owner: -; Tablespace: 
--

ALTER TABLE ONLY ap_masspaymentreceiver
    ADD CONSTRAINT ap_masspaymentreceiver_pkey PRIMARY KEY (id);


--
-- Name: auth_group_name_key; Type: CONSTRAINT; Schema: public; Owner: -; Tablespace: 
--

ALTER TABLE ONLY auth_group
    ADD CONSTRAINT auth_group_name_key UNIQUE (name);


--
-- Name: auth_group_permissions_group_id_key; Type: CONSTRAINT; Schema: public; Owner: -; Tablespace: 
--

ALTER TABLE ONLY auth_group_permissions
    ADD CONSTRAINT auth_group_permissions_group_id_key UNIQUE (group_id, permission_id);


--
-- Name: auth_group_permissions_pkey; Type: CONSTRAINT; Schema: public; Owner: -; Tablespace: 
--

ALTER TABLE ONLY auth_group_permissions
    ADD CONSTRAINT auth_group_permissions_pkey PRIMARY KEY (id);


--
-- Name: auth_group_pkey; Type: CONSTRAINT; Schema: public; Owner: -; Tablespace: 
--

ALTER TABLE ONLY auth_group
    ADD CONSTRAINT auth_group_pkey PRIMARY KEY (id);


--
-- Name: auth_message_pkey; Type: CONSTRAINT; Schema: public; Owner: -; Tablespace: 
--

ALTER TABLE ONLY auth_message
    ADD CONSTRAINT auth_message_pkey PRIMARY KEY (id);


--
-- Name: auth_permission_content_type_id_key; Type: CONSTRAINT; Schema: public; Owner: -; Tablespace: 
--

ALTER TABLE ONLY auth_permission
    ADD CONSTRAINT auth_permission_content_type_id_key UNIQUE (content_type_id, codename);


--
-- Name: auth_permission_pkey; Type: CONSTRAINT; Schema: public; Owner: -; Tablespace: 
--

ALTER TABLE ONLY auth_permission
    ADD CONSTRAINT auth_permission_pkey PRIMARY KEY (id);


--
-- Name: auth_user_groups_pkey; Type: CONSTRAINT; Schema: public; Owner: -; Tablespace: 
--

ALTER TABLE ONLY auth_user_groups
    ADD CONSTRAINT auth_user_groups_pkey PRIMARY KEY (id);


--
-- Name: auth_user_groups_user_id_key; Type: CONSTRAINT; Schema: public; Owner: -; Tablespace: 
--

ALTER TABLE ONLY auth_user_groups
    ADD CONSTRAINT auth_user_groups_user_id_key UNIQUE (user_id, group_id);


--
-- Name: auth_user_pkey; Type: CONSTRAINT; Schema: public; Owner: -; Tablespace: 
--

ALTER TABLE ONLY auth_user
    ADD CONSTRAINT auth_user_pkey PRIMARY KEY (id);


--
-- Name: auth_user_user_permissions_pkey; Type: CONSTRAINT; Schema: public; Owner: -; Tablespace: 
--

ALTER TABLE ONLY auth_user_user_permissions
    ADD CONSTRAINT auth_user_user_permissions_pkey PRIMARY KEY (id);


--
-- Name: auth_user_user_permissions_user_id_key; Type: CONSTRAINT; Schema: public; Owner: -; Tablespace: 
--

ALTER TABLE ONLY auth_user_user_permissions
    ADD CONSTRAINT auth_user_user_permissions_user_id_key UNIQUE (user_id, permission_id);


--
-- Name: auth_user_username_key; Type: CONSTRAINT; Schema: public; Owner: -; Tablespace: 
--

ALTER TABLE ONLY auth_user
    ADD CONSTRAINT auth_user_username_key UNIQUE (username);


--
-- Name: classes_class_pkey; Type: CONSTRAINT; Schema: public; Owner: -; Tablespace: 
--

ALTER TABLE ONLY classes_class
    ADD CONSTRAINT classes_class_pkey PRIMARY KEY (id);


--
-- Name: classes_classlevel_pkey; Type: CONSTRAINT; Schema: public; Owner: -; Tablespace: 
--

ALTER TABLE ONLY classes_classlevel
    ADD CONSTRAINT classes_classlevel_pkey PRIMARY KEY (id);


--
-- Name: classes_classsubject_pkey; Type: CONSTRAINT; Schema: public; Owner: -; Tablespace: 
--

ALTER TABLE ONLY classes_classsubject
    ADD CONSTRAINT classes_classsubject_pkey PRIMARY KEY (id);


--
-- Name: classes_classsubject_systems_classsubject_id_34b22d83_uniq; Type: CONSTRAINT; Schema: public; Owner: -; Tablespace: 
--

ALTER TABLE ONLY classes_classsubject_systems
    ADD CONSTRAINT classes_classsubject_systems_classsubject_id_34b22d83_uniq UNIQUE (classsubject_id, educationalsystem_id);


--
-- Name: classes_classsubject_systems_pkey; Type: CONSTRAINT; Schema: public; Owner: -; Tablespace: 
--

ALTER TABLE ONLY classes_classsubject_systems
    ADD CONSTRAINT classes_classsubject_systems_pkey PRIMARY KEY (id);


--
-- Name: classes_classuserhistory_pkey; Type: CONSTRAINT; Schema: public; Owner: -; Tablespace: 
--

ALTER TABLE ONLY classes_classuserhistory
    ADD CONSTRAINT classes_classuserhistory_pkey PRIMARY KEY (id);


--
-- Name: classes_educationalsystem_pkey; Type: CONSTRAINT; Schema: public; Owner: -; Tablespace: 
--

ALTER TABLE ONLY classes_educationalsystem
    ADD CONSTRAINT classes_educationalsystem_pkey PRIMARY KEY (id);


--
-- Name: classes_educationalsystemcountry_pkey; Type: CONSTRAINT; Schema: public; Owner: -; Tablespace: 
--

ALTER TABLE ONLY classes_educationalsystemcountry
    ADD CONSTRAINT classes_educationalsystemcountry_pkey PRIMARY KEY (id);


--
-- Name: common_feedbackanswer_pkey; Type: CONSTRAINT; Schema: public; Owner: -; Tablespace: 
--

ALTER TABLE ONLY common_feedbackanswer
    ADD CONSTRAINT common_feedbackanswer_pkey PRIMARY KEY (id);


--
-- Name: common_feedbackquestion_pkey; Type: CONSTRAINT; Schema: public; Owner: -; Tablespace: 
--

ALTER TABLE ONLY common_feedbackquestion
    ADD CONSTRAINT common_feedbackquestion_pkey PRIMARY KEY (id);


--
-- Name: common_feedbackquestionoption_pkey; Type: CONSTRAINT; Schema: public; Owner: -; Tablespace: 
--

ALTER TABLE ONLY common_feedbackquestionoption
    ADD CONSTRAINT common_feedbackquestionoption_pkey PRIMARY KEY (id);


--
-- Name: core_bundle_pkey; Type: CONSTRAINT; Schema: public; Owner: -; Tablespace: 
--

ALTER TABLE ONLY core_bundle
    ADD CONSTRAINT core_bundle_pkey PRIMARY KEY (id);


--
-- Name: core_country_country_key; Type: CONSTRAINT; Schema: public; Owner: -; Tablespace: 
--

ALTER TABLE ONLY core_country
    ADD CONSTRAINT core_country_country_key UNIQUE (country);


--
-- Name: core_country_pkey; Type: CONSTRAINT; Schema: public; Owner: -; Tablespace: 
--

ALTER TABLE ONLY core_country
    ADD CONSTRAINT core_country_pkey PRIMARY KEY (id);


--
-- Name: core_country_timezones_country_id_64913ec7_uniq; Type: CONSTRAINT; Schema: public; Owner: -; Tablespace: 
--

ALTER TABLE ONLY core_country_timezones
    ADD CONSTRAINT core_country_timezones_country_id_64913ec7_uniq UNIQUE (country_id, timezone_id);


--
-- Name: core_country_timezones_pkey; Type: CONSTRAINT; Schema: public; Owner: -; Tablespace: 
--

ALTER TABLE ONLY core_country_timezones
    ADD CONSTRAINT core_country_timezones_pkey PRIMARY KEY (id);


--
-- Name: core_currency_pkey; Type: CONSTRAINT; Schema: public; Owner: -; Tablespace: 
--

ALTER TABLE ONLY core_currency
    ADD CONSTRAINT core_currency_pkey PRIMARY KEY (id);


--
-- Name: core_discount_code_key; Type: CONSTRAINT; Schema: public; Owner: -; Tablespace: 
--

ALTER TABLE ONLY core_discount
    ADD CONSTRAINT core_discount_code_key UNIQUE (code);


--
-- Name: core_discount_pkey; Type: CONSTRAINT; Schema: public; Owner: -; Tablespace: 
--

ALTER TABLE ONLY core_discount
    ADD CONSTRAINT core_discount_pkey PRIMARY KEY (id);


--
-- Name: core_discountuser_pkey; Type: CONSTRAINT; Schema: public; Owner: -; Tablespace: 
--

ALTER TABLE ONLY core_discountuser
    ADD CONSTRAINT core_discountuser_pkey PRIMARY KEY (id);


--
-- Name: core_discountuser_user_id_7bfad585_uniq; Type: CONSTRAINT; Schema: public; Owner: -; Tablespace: 
--

ALTER TABLE ONLY core_discountuser
    ADD CONSTRAINT core_discountuser_user_id_7bfad585_uniq UNIQUE (user_id, discount_id);


--
-- Name: core_document_pkey; Type: CONSTRAINT; Schema: public; Owner: -; Tablespace: 
--

ALTER TABLE ONLY core_document
    ADD CONSTRAINT core_document_pkey PRIMARY KEY (id);


--
-- Name: core_document_slug_key; Type: CONSTRAINT; Schema: public; Owner: -; Tablespace: 
--

ALTER TABLE ONLY core_document
    ADD CONSTRAINT core_document_slug_key UNIQUE (slug);


--
-- Name: core_emailtemplate_pkey; Type: CONSTRAINT; Schema: public; Owner: -; Tablespace: 
--

ALTER TABLE ONLY core_emailtemplate
    ADD CONSTRAINT core_emailtemplate_pkey PRIMARY KEY (id);


--
-- Name: core_emailtemplate_type_key; Type: CONSTRAINT; Schema: public; Owner: -; Tablespace: 
--

ALTER TABLE ONLY core_emailtemplate
    ADD CONSTRAINT core_emailtemplate_type_key UNIQUE (type);


--
-- Name: core_masswithdraw_items_masswithdraw_id_4b187a89a5f1d167_uniq; Type: CONSTRAINT; Schema: public; Owner: -; Tablespace: 
--

ALTER TABLE ONLY core_masswithdraw_items
    ADD CONSTRAINT core_masswithdraw_items_masswithdraw_id_4b187a89a5f1d167_uniq UNIQUE (masswithdraw_id, withdrawitem_id);


--
-- Name: core_masswithdraw_items_pkey; Type: CONSTRAINT; Schema: public; Owner: -; Tablespace: 
--

ALTER TABLE ONLY core_masswithdraw_items
    ADD CONSTRAINT core_masswithdraw_items_pkey PRIMARY KEY (id);


--
-- Name: core_masswithdraw_pkey; Type: CONSTRAINT; Schema: public; Owner: -; Tablespace: 
--

ALTER TABLE ONLY core_masswithdraw
    ADD CONSTRAINT core_masswithdraw_pkey PRIMARY KEY (id);


--
-- Name: core_quote_pkey; Type: CONSTRAINT; Schema: public; Owner: -; Tablespace: 
--

ALTER TABLE ONLY core_quote
    ADD CONSTRAINT core_quote_pkey PRIMARY KEY (id);


--
-- Name: core_timezone_pkey; Type: CONSTRAINT; Schema: public; Owner: -; Tablespace: 
--

ALTER TABLE ONLY core_timezone
    ADD CONSTRAINT core_timezone_pkey PRIMARY KEY (id);


--
-- Name: core_timezone_timezone_key; Type: CONSTRAINT; Schema: public; Owner: -; Tablespace: 
--

ALTER TABLE ONLY core_timezone
    ADD CONSTRAINT core_timezone_timezone_key UNIQUE (timezone);


--
-- Name: core_video_pkey; Type: CONSTRAINT; Schema: public; Owner: -; Tablespace: 
--

ALTER TABLE ONLY core_video
    ADD CONSTRAINT core_video_pkey PRIMARY KEY (id);


--
-- Name: django_admin_log_pkey; Type: CONSTRAINT; Schema: public; Owner: -; Tablespace: 
--

ALTER TABLE ONLY django_admin_log
    ADD CONSTRAINT django_admin_log_pkey PRIMARY KEY (id);


--
-- Name: django_comment_flags_pkey; Type: CONSTRAINT; Schema: public; Owner: -; Tablespace: 
--

ALTER TABLE ONLY django_comment_flags
    ADD CONSTRAINT django_comment_flags_pkey PRIMARY KEY (id);


--
-- Name: django_comment_flags_user_id_key; Type: CONSTRAINT; Schema: public; Owner: -; Tablespace: 
--

ALTER TABLE ONLY django_comment_flags
    ADD CONSTRAINT django_comment_flags_user_id_key UNIQUE (user_id, comment_id, flag);


--
-- Name: django_comments_pkey; Type: CONSTRAINT; Schema: public; Owner: -; Tablespace: 
--

ALTER TABLE ONLY django_comments
    ADD CONSTRAINT django_comments_pkey PRIMARY KEY (id);


--
-- Name: django_content_type_app_label_key; Type: CONSTRAINT; Schema: public; Owner: -; Tablespace: 
--

ALTER TABLE ONLY django_content_type
    ADD CONSTRAINT django_content_type_app_label_key UNIQUE (app_label, model);


--
-- Name: django_content_type_pkey; Type: CONSTRAINT; Schema: public; Owner: -; Tablespace: 
--

ALTER TABLE ONLY django_content_type
    ADD CONSTRAINT django_content_type_pkey PRIMARY KEY (id);


--
-- Name: django_flatpage_pkey; Type: CONSTRAINT; Schema: public; Owner: -; Tablespace: 
--

ALTER TABLE ONLY django_flatpage
    ADD CONSTRAINT django_flatpage_pkey PRIMARY KEY (id);


--
-- Name: django_flatpage_sites_flatpage_id_key; Type: CONSTRAINT; Schema: public; Owner: -; Tablespace: 
--

ALTER TABLE ONLY django_flatpage_sites
    ADD CONSTRAINT django_flatpage_sites_flatpage_id_key UNIQUE (flatpage_id, site_id);


--
-- Name: django_flatpage_sites_pkey; Type: CONSTRAINT; Schema: public; Owner: -; Tablespace: 
--

ALTER TABLE ONLY django_flatpage_sites
    ADD CONSTRAINT django_flatpage_sites_pkey PRIMARY KEY (id);


--
-- Name: django_session_pkey; Type: CONSTRAINT; Schema: public; Owner: -; Tablespace: 
--

ALTER TABLE ONLY django_session
    ADD CONSTRAINT django_session_pkey PRIMARY KEY (session_key);


--
-- Name: django_site_pkey; Type: CONSTRAINT; Schema: public; Owner: -; Tablespace: 
--

ALTER TABLE ONLY django_site
    ADD CONSTRAINT django_site_pkey PRIMARY KEY (id);


--
-- Name: emailconfirmation_emailaddress_pkey; Type: CONSTRAINT; Schema: public; Owner: -; Tablespace: 
--

ALTER TABLE ONLY emailconfirmation_emailaddress
    ADD CONSTRAINT emailconfirmation_emailaddress_pkey PRIMARY KEY (id);


--
-- Name: emailconfirmation_emailaddress_user_id_key; Type: CONSTRAINT; Schema: public; Owner: -; Tablespace: 
--

ALTER TABLE ONLY emailconfirmation_emailaddress
    ADD CONSTRAINT emailconfirmation_emailaddress_user_id_key UNIQUE (user_id, email);


--
-- Name: emailconfirmation_emailconfirmation_pkey; Type: CONSTRAINT; Schema: public; Owner: -; Tablespace: 
--

ALTER TABLE ONLY emailconfirmation_emailconfirmation
    ADD CONSTRAINT emailconfirmation_emailconfirmation_pkey PRIMARY KEY (id);


--
-- Name: facebook_facebookaccesstoken_app_id_2dd6dfc2_uniq; Type: CONSTRAINT; Schema: public; Owner: -; Tablespace: 
--

ALTER TABLE ONLY facebook_facebookaccesstoken
    ADD CONSTRAINT facebook_facebookaccesstoken_app_id_2dd6dfc2_uniq UNIQUE (app_id, account_id);


--
-- Name: facebook_facebookaccesstoken_pkey; Type: CONSTRAINT; Schema: public; Owner: -; Tablespace: 
--

ALTER TABLE ONLY facebook_facebookaccesstoken
    ADD CONSTRAINT facebook_facebookaccesstoken_pkey PRIMARY KEY (id);


--
-- Name: facebook_facebookaccount_pkey; Type: CONSTRAINT; Schema: public; Owner: -; Tablespace: 
--

ALTER TABLE ONLY facebook_facebookaccount
    ADD CONSTRAINT facebook_facebookaccount_pkey PRIMARY KEY (socialaccount_ptr_id);


--
-- Name: facebook_facebookaccount_social_id_key; Type: CONSTRAINT; Schema: public; Owner: -; Tablespace: 
--

ALTER TABLE ONLY facebook_facebookaccount
    ADD CONSTRAINT facebook_facebookaccount_social_id_key UNIQUE (social_id);


--
-- Name: facebook_facebookapp_pkey; Type: CONSTRAINT; Schema: public; Owner: -; Tablespace: 
--

ALTER TABLE ONLY facebook_facebookapp
    ADD CONSTRAINT facebook_facebookapp_pkey PRIMARY KEY (id);


--
-- Name: faq_faqitem_pkey; Type: CONSTRAINT; Schema: public; Owner: -; Tablespace: 
--

ALTER TABLE ONLY faq_faqitem
    ADD CONSTRAINT faq_faqitem_pkey PRIMARY KEY (id);


--
-- Name: faq_faqsection_pkey; Type: CONSTRAINT; Schema: public; Owner: -; Tablespace: 
--

ALTER TABLE ONLY faq_faqsection
    ADD CONSTRAINT faq_faqsection_pkey PRIMARY KEY (id);


--
-- Name: flatblocks_flatblock_pkey; Type: CONSTRAINT; Schema: public; Owner: -; Tablespace: 
--

ALTER TABLE ONLY flatblocks_flatblock
    ADD CONSTRAINT flatblocks_flatblock_pkey PRIMARY KEY (id);


--
-- Name: flatblocks_flatblock_slug_key; Type: CONSTRAINT; Schema: public; Owner: -; Tablespace: 
--

ALTER TABLE ONLY flatblocks_flatblock
    ADD CONSTRAINT flatblocks_flatblock_slug_key UNIQUE (slug);


--
-- Name: mailchimp_campaign_pkey; Type: CONSTRAINT; Schema: public; Owner: -; Tablespace: 
--

ALTER TABLE ONLY mailchimp_campaign
    ADD CONSTRAINT mailchimp_campaign_pkey PRIMARY KEY (id);


--
-- Name: mailchimp_queue_pkey; Type: CONSTRAINT; Schema: public; Owner: -; Tablespace: 
--

ALTER TABLE ONLY mailchimp_queue
    ADD CONSTRAINT mailchimp_queue_pkey PRIMARY KEY (id);


--
-- Name: mailchimp_reciever_pkey; Type: CONSTRAINT; Schema: public; Owner: -; Tablespace: 
--

ALTER TABLE ONLY mailchimp_reciever
    ADD CONSTRAINT mailchimp_reciever_pkey PRIMARY KEY (id);


--
-- Name: openid_openidaccount_identity_key; Type: CONSTRAINT; Schema: public; Owner: -; Tablespace: 
--

ALTER TABLE ONLY openid_openidaccount
    ADD CONSTRAINT openid_openidaccount_identity_key UNIQUE (identity);


--
-- Name: openid_openidaccount_pkey; Type: CONSTRAINT; Schema: public; Owner: -; Tablespace: 
--

ALTER TABLE ONLY openid_openidaccount
    ADD CONSTRAINT openid_openidaccount_pkey PRIMARY KEY (socialaccount_ptr_id);


--
-- Name: openid_openidnonce_pkey; Type: CONSTRAINT; Schema: public; Owner: -; Tablespace: 
--

ALTER TABLE ONLY openid_openidnonce
    ADD CONSTRAINT openid_openidnonce_pkey PRIMARY KEY (id);


--
-- Name: openid_openidstore_pkey; Type: CONSTRAINT; Schema: public; Owner: -; Tablespace: 
--

ALTER TABLE ONLY openid_openidstore
    ADD CONSTRAINT openid_openidstore_pkey PRIMARY KEY (id);


--
-- Name: paypal_ipn_pkey; Type: CONSTRAINT; Schema: public; Owner: -; Tablespace: 
--

ALTER TABLE ONLY paypal_ipn
    ADD CONSTRAINT paypal_ipn_pkey PRIMARY KEY (id);


--
-- Name: profile_child_pkey; Type: CONSTRAINT; Schema: public; Owner: -; Tablespace: 
--

ALTER TABLE ONLY profile_child
    ADD CONSTRAINT profile_child_pkey PRIMARY KEY (id);


--
-- Name: profile_dayavailability_pkey; Type: CONSTRAINT; Schema: public; Owner: -; Tablespace: 
--

ALTER TABLE ONLY profile_dayavailability
    ADD CONSTRAINT profile_dayavailability_pkey PRIMARY KEY (id);


--
-- Name: profile_genre_name_key; Type: CONSTRAINT; Schema: public; Owner: -; Tablespace: 
--

ALTER TABLE ONLY profile_genre
    ADD CONSTRAINT profile_genre_name_key UNIQUE (name);


--
-- Name: profile_genre_pkey; Type: CONSTRAINT; Schema: public; Owner: -; Tablespace: 
--

ALTER TABLE ONLY profile_genre
    ADD CONSTRAINT profile_genre_pkey PRIMARY KEY (id);


--
-- Name: profile_message_pkey; Type: CONSTRAINT; Schema: public; Owner: -; Tablespace: 
--

ALTER TABLE ONLY profile_message
    ADD CONSTRAINT profile_message_pkey PRIMARY KEY (id);


--
-- Name: profile_newslettersubscription_email_key; Type: CONSTRAINT; Schema: public; Owner: -; Tablespace: 
--

ALTER TABLE ONLY profile_newslettersubscription
    ADD CONSTRAINT profile_newslettersubscription_email_key UNIQUE (email);


--
-- Name: profile_newslettersubscription_pkey; Type: CONSTRAINT; Schema: public; Owner: -; Tablespace: 
--

ALTER TABLE ONLY profile_newslettersubscription
    ADD CONSTRAINT profile_newslettersubscription_pkey PRIMARY KEY (id);


--
-- Name: profile_referral_key_key; Type: CONSTRAINT; Schema: public; Owner: -; Tablespace: 
--

ALTER TABLE ONLY profile_referral
    ADD CONSTRAINT profile_referral_key_key UNIQUE (key);


--
-- Name: profile_referral_pkey; Type: CONSTRAINT; Schema: public; Owner: -; Tablespace: 
--

ALTER TABLE ONLY profile_referral
    ADD CONSTRAINT profile_referral_pkey PRIMARY KEY (id);


--
-- Name: profile_report_pkey; Type: CONSTRAINT; Schema: public; Owner: -; Tablespace: 
--

ALTER TABLE ONLY profile_report
    ADD CONSTRAINT profile_report_pkey PRIMARY KEY (id);


--
-- Name: profile_studentinterest_pkey; Type: CONSTRAINT; Schema: public; Owner: -; Tablespace: 
--

ALTER TABLE ONLY profile_studentinterest
    ADD CONSTRAINT profile_studentinterest_pkey PRIMARY KEY (id);


--
-- Name: profile_studentreview_pkey; Type: CONSTRAINT; Schema: public; Owner: -; Tablespace: 
--

ALTER TABLE ONLY profile_studentreview
    ADD CONSTRAINT profile_studentreview_pkey PRIMARY KEY (id);


--
-- Name: profile_topupitem_pkey; Type: CONSTRAINT; Schema: public; Owner: -; Tablespace: 
--

ALTER TABLE ONLY profile_topupitem
    ADD CONSTRAINT profile_topupitem_pkey PRIMARY KEY (id);


--
-- Name: profile_tutorfavorite_pkey; Type: CONSTRAINT; Schema: public; Owner: -; Tablespace: 
--

ALTER TABLE ONLY profile_tutorfavorite
    ADD CONSTRAINT profile_tutorfavorite_pkey PRIMARY KEY (id);


--
-- Name: profile_tutorfavorite_user_id_7b8697ad_uniq; Type: CONSTRAINT; Schema: public; Owner: -; Tablespace: 
--

ALTER TABLE ONLY profile_tutorfavorite
    ADD CONSTRAINT profile_tutorfavorite_user_id_7b8697ad_uniq UNIQUE (user_id, tutor_id);


--
-- Name: profile_tutorqualification_pkey; Type: CONSTRAINT; Schema: public; Owner: -; Tablespace: 
--

ALTER TABLE ONLY profile_tutorqualification
    ADD CONSTRAINT profile_tutorqualification_pkey PRIMARY KEY (id);


--
-- Name: profile_tutorreview_pkey; Type: CONSTRAINT; Schema: public; Owner: -; Tablespace: 
--

ALTER TABLE ONLY profile_tutorreview
    ADD CONSTRAINT profile_tutorreview_pkey PRIMARY KEY (id);


--
-- Name: profile_tutorsubject_pkey; Type: CONSTRAINT; Schema: public; Owner: -; Tablespace: 
--

ALTER TABLE ONLY profile_tutorsubject
    ADD CONSTRAINT profile_tutorsubject_pkey PRIMARY KEY (id);


--
-- Name: profile_uploadprofileimage_pkey; Type: CONSTRAINT; Schema: public; Owner: -; Tablespace: 
--

ALTER TABLE ONLY profile_uploadprofileimage
    ADD CONSTRAINT profile_uploadprofileimage_pkey PRIMARY KEY (id);


--
-- Name: profile_usercreditmovement_pkey; Type: CONSTRAINT; Schema: public; Owner: -; Tablespace: 
--

ALTER TABLE ONLY profile_usercreditmovement
    ADD CONSTRAINT profile_usercreditmovement_pkey PRIMARY KEY (id);


--
-- Name: profile_userprofile_favorite_pkey; Type: CONSTRAINT; Schema: public; Owner: -; Tablespace: 
--

ALTER TABLE ONLY profile_userprofile_favorite
    ADD CONSTRAINT profile_userprofile_favorite_pkey PRIMARY KEY (id);


--
-- Name: profile_userprofile_favorite_userprofile_id_381bdef1_uniq; Type: CONSTRAINT; Schema: public; Owner: -; Tablespace: 
--

ALTER TABLE ONLY profile_userprofile_favorite
    ADD CONSTRAINT profile_userprofile_favorite_userprofile_id_381bdef1_uniq UNIQUE (userprofile_id, user_id);


--
-- Name: profile_userprofile_genres_pkey; Type: CONSTRAINT; Schema: public; Owner: -; Tablespace: 
--

ALTER TABLE ONLY profile_userprofile_genres
    ADD CONSTRAINT profile_userprofile_genres_pkey PRIMARY KEY (id);


--
-- Name: profile_userprofile_genres_userprofile_id_7ee6d4382fbeba50_uniq; Type: CONSTRAINT; Schema: public; Owner: -; Tablespace: 
--

ALTER TABLE ONLY profile_userprofile_genres
    ADD CONSTRAINT profile_userprofile_genres_userprofile_id_7ee6d4382fbeba50_uniq UNIQUE (userprofile_id, genre_id);


--
-- Name: profile_userprofile_pkey; Type: CONSTRAINT; Schema: public; Owner: -; Tablespace: 
--

ALTER TABLE ONLY profile_userprofile
    ADD CONSTRAINT profile_userprofile_pkey PRIMARY KEY (id);


--
-- Name: profile_userprofile_user_id_key; Type: CONSTRAINT; Schema: public; Owner: -; Tablespace: 
--

ALTER TABLE ONLY profile_userprofile
    ADD CONSTRAINT profile_userprofile_user_id_key UNIQUE (user_id);


--
-- Name: profile_weekavailability_pkey; Type: CONSTRAINT; Schema: public; Owner: -; Tablespace: 
--

ALTER TABLE ONLY profile_weekavailability
    ADD CONSTRAINT profile_weekavailability_pkey PRIMARY KEY (id);


--
-- Name: profile_withdrawitem_pkey; Type: CONSTRAINT; Schema: public; Owner: -; Tablespace: 
--

ALTER TABLE ONLY profile_withdrawitem
    ADD CONSTRAINT profile_withdrawitem_pkey PRIMARY KEY (id);


--
-- Name: socialaccount_socialaccount_pkey; Type: CONSTRAINT; Schema: public; Owner: -; Tablespace: 
--

ALTER TABLE ONLY socialaccount_socialaccount
    ADD CONSTRAINT socialaccount_socialaccount_pkey PRIMARY KEY (id);


--
-- Name: south_migrationhistory_pkey; Type: CONSTRAINT; Schema: public; Owner: -; Tablespace: 
--

ALTER TABLE ONLY south_migrationhistory
    ADD CONSTRAINT south_migrationhistory_pkey PRIMARY KEY (id);


--
-- Name: tagging_tag_name_key; Type: CONSTRAINT; Schema: public; Owner: -; Tablespace: 
--

ALTER TABLE ONLY tagging_tag
    ADD CONSTRAINT tagging_tag_name_key UNIQUE (name);


--
-- Name: tagging_tag_pkey; Type: CONSTRAINT; Schema: public; Owner: -; Tablespace: 
--

ALTER TABLE ONLY tagging_tag
    ADD CONSTRAINT tagging_tag_pkey PRIMARY KEY (id);


--
-- Name: tagging_taggeditem_pkey; Type: CONSTRAINT; Schema: public; Owner: -; Tablespace: 
--

ALTER TABLE ONLY tagging_taggeditem
    ADD CONSTRAINT tagging_taggeditem_pkey PRIMARY KEY (id);


--
-- Name: tagging_taggeditem_tag_id_key; Type: CONSTRAINT; Schema: public; Owner: -; Tablespace: 
--

ALTER TABLE ONLY tagging_taggeditem
    ADD CONSTRAINT tagging_taggeditem_tag_id_key UNIQUE (tag_id, content_type_id, object_id);


--
-- Name: twitter_twitteraccount_pkey; Type: CONSTRAINT; Schema: public; Owner: -; Tablespace: 
--

ALTER TABLE ONLY twitter_twitteraccount
    ADD CONSTRAINT twitter_twitteraccount_pkey PRIMARY KEY (socialaccount_ptr_id);


--
-- Name: twitter_twitteraccount_social_id_key; Type: CONSTRAINT; Schema: public; Owner: -; Tablespace: 
--

ALTER TABLE ONLY twitter_twitteraccount
    ADD CONSTRAINT twitter_twitteraccount_social_id_key UNIQUE (social_id);


--
-- Name: twitter_twitterapp_pkey; Type: CONSTRAINT; Schema: public; Owner: -; Tablespace: 
--

ALTER TABLE ONLY twitter_twitterapp
    ADD CONSTRAINT twitter_twitterapp_pkey PRIMARY KEY (id);


--
-- Name: ap_masspaymentreceiver_payment_id; Type: INDEX; Schema: public; Owner: -; Tablespace: 
--

CREATE INDEX ap_masspaymentreceiver_payment_id ON ap_masspaymentreceiver USING btree (payment_id);


--
-- Name: auth_group_permissions_group_id; Type: INDEX; Schema: public; Owner: -; Tablespace: 
--

CREATE INDEX auth_group_permissions_group_id ON auth_group_permissions USING btree (group_id);


--
-- Name: auth_group_permissions_permission_id; Type: INDEX; Schema: public; Owner: -; Tablespace: 
--

CREATE INDEX auth_group_permissions_permission_id ON auth_group_permissions USING btree (permission_id);


--
-- Name: auth_message_user_id; Type: INDEX; Schema: public; Owner: -; Tablespace: 
--

CREATE INDEX auth_message_user_id ON auth_message USING btree (user_id);


--
-- Name: auth_permission_content_type_id; Type: INDEX; Schema: public; Owner: -; Tablespace: 
--

CREATE INDEX auth_permission_content_type_id ON auth_permission USING btree (content_type_id);


--
-- Name: auth_user_groups_group_id; Type: INDEX; Schema: public; Owner: -; Tablespace: 
--

CREATE INDEX auth_user_groups_group_id ON auth_user_groups USING btree (group_id);


--
-- Name: auth_user_groups_user_id; Type: INDEX; Schema: public; Owner: -; Tablespace: 
--

CREATE INDEX auth_user_groups_user_id ON auth_user_groups USING btree (user_id);


--
-- Name: auth_user_user_permissions_permission_id; Type: INDEX; Schema: public; Owner: -; Tablespace: 
--

CREATE INDEX auth_user_user_permissions_permission_id ON auth_user_user_permissions USING btree (permission_id);


--
-- Name: auth_user_user_permissions_user_id; Type: INDEX; Schema: public; Owner: -; Tablespace: 
--

CREATE INDEX auth_user_user_permissions_user_id ON auth_user_user_permissions USING btree (user_id);


--
-- Name: classes_class_student_id; Type: INDEX; Schema: public; Owner: -; Tablespace: 
--

CREATE INDEX classes_class_student_id ON classes_class USING btree (student_id);


--
-- Name: classes_class_tutor_id; Type: INDEX; Schema: public; Owner: -; Tablespace: 
--

CREATE INDEX classes_class_tutor_id ON classes_class USING btree (tutor_id);


--
-- Name: classes_classlevel_system_id; Type: INDEX; Schema: public; Owner: -; Tablespace: 
--

CREATE INDEX classes_classlevel_system_id ON classes_classlevel USING btree (system_id);


--
-- Name: classes_classsubject_systems_classsubject_id; Type: INDEX; Schema: public; Owner: -; Tablespace: 
--

CREATE INDEX classes_classsubject_systems_classsubject_id ON classes_classsubject_systems USING btree (classsubject_id);


--
-- Name: classes_classsubject_systems_educationalsystem_id; Type: INDEX; Schema: public; Owner: -; Tablespace: 
--

CREATE INDEX classes_classsubject_systems_educationalsystem_id ON classes_classsubject_systems USING btree (educationalsystem_id);


--
-- Name: classes_classuserhistory__class_id; Type: INDEX; Schema: public; Owner: -; Tablespace: 
--

CREATE INDEX classes_classuserhistory__class_id ON classes_classuserhistory USING btree (_class_id);


--
-- Name: classes_classuserhistory_user_id; Type: INDEX; Schema: public; Owner: -; Tablespace: 
--

CREATE INDEX classes_classuserhistory_user_id ON classes_classuserhistory USING btree (user_id);


--
-- Name: classes_educationalsystemcountry_system_id; Type: INDEX; Schema: public; Owner: -; Tablespace: 
--

CREATE INDEX classes_educationalsystemcountry_system_id ON classes_educationalsystemcountry USING btree (system_id);


--
-- Name: common_feedbackanswer_option_id; Type: INDEX; Schema: public; Owner: -; Tablespace: 
--

CREATE INDEX common_feedbackanswer_option_id ON common_feedbackanswer USING btree (option_id);


--
-- Name: common_feedbackanswer_question_id; Type: INDEX; Schema: public; Owner: -; Tablespace: 
--

CREATE INDEX common_feedbackanswer_question_id ON common_feedbackanswer USING btree (question_id);


--
-- Name: common_feedbackquestion_slug; Type: INDEX; Schema: public; Owner: -; Tablespace: 
--

CREATE INDEX common_feedbackquestion_slug ON common_feedbackquestion USING btree (slug);


--
-- Name: common_feedbackquestion_slug_like; Type: INDEX; Schema: public; Owner: -; Tablespace: 
--

CREATE INDEX common_feedbackquestion_slug_like ON common_feedbackquestion USING btree (slug varchar_pattern_ops);


--
-- Name: common_feedbackquestionoption_question_id; Type: INDEX; Schema: public; Owner: -; Tablespace: 
--

CREATE INDEX common_feedbackquestionoption_question_id ON common_feedbackquestionoption USING btree (question_id);


--
-- Name: core_country_timezones_country_id; Type: INDEX; Schema: public; Owner: -; Tablespace: 
--

CREATE INDEX core_country_timezones_country_id ON core_country_timezones USING btree (country_id);


--
-- Name: core_country_timezones_timezone_id; Type: INDEX; Schema: public; Owner: -; Tablespace: 
--

CREATE INDEX core_country_timezones_timezone_id ON core_country_timezones USING btree (timezone_id);


--
-- Name: core_discountuser_discount_id; Type: INDEX; Schema: public; Owner: -; Tablespace: 
--

CREATE INDEX core_discountuser_discount_id ON core_discountuser USING btree (discount_id);


--
-- Name: core_discountuser_user_id; Type: INDEX; Schema: public; Owner: -; Tablespace: 
--

CREATE INDEX core_discountuser_user_id ON core_discountuser USING btree (user_id);


--
-- Name: core_masswithdraw_currency_id; Type: INDEX; Schema: public; Owner: -; Tablespace: 
--

CREATE INDEX core_masswithdraw_currency_id ON core_masswithdraw USING btree (currency_id);


--
-- Name: core_masswithdraw_items_masswithdraw_id; Type: INDEX; Schema: public; Owner: -; Tablespace: 
--

CREATE INDEX core_masswithdraw_items_masswithdraw_id ON core_masswithdraw_items USING btree (masswithdraw_id);


--
-- Name: core_masswithdraw_items_withdrawitem_id; Type: INDEX; Schema: public; Owner: -; Tablespace: 
--

CREATE INDEX core_masswithdraw_items_withdrawitem_id ON core_masswithdraw_items USING btree (withdrawitem_id);


--
-- Name: django_admin_log_content_type_id; Type: INDEX; Schema: public; Owner: -; Tablespace: 
--

CREATE INDEX django_admin_log_content_type_id ON django_admin_log USING btree (content_type_id);


--
-- Name: django_admin_log_user_id; Type: INDEX; Schema: public; Owner: -; Tablespace: 
--

CREATE INDEX django_admin_log_user_id ON django_admin_log USING btree (user_id);


--
-- Name: django_comment_flags_comment_id; Type: INDEX; Schema: public; Owner: -; Tablespace: 
--

CREATE INDEX django_comment_flags_comment_id ON django_comment_flags USING btree (comment_id);


--
-- Name: django_comment_flags_flag; Type: INDEX; Schema: public; Owner: -; Tablespace: 
--

CREATE INDEX django_comment_flags_flag ON django_comment_flags USING btree (flag);


--
-- Name: django_comment_flags_flag_like; Type: INDEX; Schema: public; Owner: -; Tablespace: 
--

CREATE INDEX django_comment_flags_flag_like ON django_comment_flags USING btree (flag varchar_pattern_ops);


--
-- Name: django_comment_flags_user_id; Type: INDEX; Schema: public; Owner: -; Tablespace: 
--

CREATE INDEX django_comment_flags_user_id ON django_comment_flags USING btree (user_id);


--
-- Name: django_comments_content_type_id; Type: INDEX; Schema: public; Owner: -; Tablespace: 
--

CREATE INDEX django_comments_content_type_id ON django_comments USING btree (content_type_id);


--
-- Name: django_comments_site_id; Type: INDEX; Schema: public; Owner: -; Tablespace: 
--

CREATE INDEX django_comments_site_id ON django_comments USING btree (site_id);


--
-- Name: django_comments_user_id; Type: INDEX; Schema: public; Owner: -; Tablespace: 
--

CREATE INDEX django_comments_user_id ON django_comments USING btree (user_id);


--
-- Name: django_flatpage_sites_flatpage_id; Type: INDEX; Schema: public; Owner: -; Tablespace: 
--

CREATE INDEX django_flatpage_sites_flatpage_id ON django_flatpage_sites USING btree (flatpage_id);


--
-- Name: django_flatpage_sites_site_id; Type: INDEX; Schema: public; Owner: -; Tablespace: 
--

CREATE INDEX django_flatpage_sites_site_id ON django_flatpage_sites USING btree (site_id);


--
-- Name: django_flatpage_url; Type: INDEX; Schema: public; Owner: -; Tablespace: 
--

CREATE INDEX django_flatpage_url ON django_flatpage USING btree (url);


--
-- Name: django_flatpage_url_like; Type: INDEX; Schema: public; Owner: -; Tablespace: 
--

CREATE INDEX django_flatpage_url_like ON django_flatpage USING btree (url varchar_pattern_ops);


--
-- Name: django_session_expire_date; Type: INDEX; Schema: public; Owner: -; Tablespace: 
--

CREATE INDEX django_session_expire_date ON django_session USING btree (expire_date);


--
-- Name: emailconfirmation_emailaddress_user_id; Type: INDEX; Schema: public; Owner: -; Tablespace: 
--

CREATE INDEX emailconfirmation_emailaddress_user_id ON emailconfirmation_emailaddress USING btree (user_id);


--
-- Name: emailconfirmation_emailconfirmation_email_address_id; Type: INDEX; Schema: public; Owner: -; Tablespace: 
--

CREATE INDEX emailconfirmation_emailconfirmation_email_address_id ON emailconfirmation_emailconfirmation USING btree (email_address_id);


--
-- Name: facebook_facebookaccesstoken_account_id; Type: INDEX; Schema: public; Owner: -; Tablespace: 
--

CREATE INDEX facebook_facebookaccesstoken_account_id ON facebook_facebookaccesstoken USING btree (account_id);


--
-- Name: facebook_facebookaccesstoken_app_id; Type: INDEX; Schema: public; Owner: -; Tablespace: 
--

CREATE INDEX facebook_facebookaccesstoken_app_id ON facebook_facebookaccesstoken USING btree (app_id);


--
-- Name: facebook_facebookapp_site_id; Type: INDEX; Schema: public; Owner: -; Tablespace: 
--

CREATE INDEX facebook_facebookapp_site_id ON facebook_facebookapp USING btree (site_id);


--
-- Name: faq_faqitem_section_id; Type: INDEX; Schema: public; Owner: -; Tablespace: 
--

CREATE INDEX faq_faqitem_section_id ON faq_faqitem USING btree (section_id);


--
-- Name: mailchimp_campaign_content_type_id; Type: INDEX; Schema: public; Owner: -; Tablespace: 
--

CREATE INDEX mailchimp_campaign_content_type_id ON mailchimp_campaign USING btree (content_type_id);


--
-- Name: mailchimp_queue_content_type_id; Type: INDEX; Schema: public; Owner: -; Tablespace: 
--

CREATE INDEX mailchimp_queue_content_type_id ON mailchimp_queue USING btree (content_type_id);


--
-- Name: mailchimp_reciever_campaign_id; Type: INDEX; Schema: public; Owner: -; Tablespace: 
--

CREATE INDEX mailchimp_reciever_campaign_id ON mailchimp_reciever USING btree (campaign_id);


--
-- Name: paypal_ipn_7ff10c6f; Type: INDEX; Schema: public; Owner: -; Tablespace: 
--

CREATE INDEX paypal_ipn_7ff10c6f ON paypal_ipn USING btree (txn_id);


--
-- Name: profile_child_parent_id; Type: INDEX; Schema: public; Owner: -; Tablespace: 
--

CREATE INDEX profile_child_parent_id ON profile_child USING btree (parent_id);


--
-- Name: profile_dayavailability_user_id; Type: INDEX; Schema: public; Owner: -; Tablespace: 
--

CREATE INDEX profile_dayavailability_user_id ON profile_dayavailability USING btree (user_id);


--
-- Name: profile_genre_level; Type: INDEX; Schema: public; Owner: -; Tablespace: 
--

CREATE INDEX profile_genre_level ON profile_genre USING btree (level);


--
-- Name: profile_genre_lft; Type: INDEX; Schema: public; Owner: -; Tablespace: 
--

CREATE INDEX profile_genre_lft ON profile_genre USING btree (lft);


--
-- Name: profile_genre_parent_id; Type: INDEX; Schema: public; Owner: -; Tablespace: 
--

CREATE INDEX profile_genre_parent_id ON profile_genre USING btree (parent_id);


--
-- Name: profile_genre_rght; Type: INDEX; Schema: public; Owner: -; Tablespace: 
--

CREATE INDEX profile_genre_rght ON profile_genre USING btree (rght);


--
-- Name: profile_genre_tree_id; Type: INDEX; Schema: public; Owner: -; Tablespace: 
--

CREATE INDEX profile_genre_tree_id ON profile_genre USING btree (tree_id);


--
-- Name: profile_message_child_id; Type: INDEX; Schema: public; Owner: -; Tablespace: 
--

CREATE INDEX profile_message_child_id ON profile_message USING btree (child_id);


--
-- Name: profile_message_related_class_id; Type: INDEX; Schema: public; Owner: -; Tablespace: 
--

CREATE INDEX profile_message_related_class_id ON profile_message USING btree (related_class_id);


--
-- Name: profile_message_to_id; Type: INDEX; Schema: public; Owner: -; Tablespace: 
--

CREATE INDEX profile_message_to_id ON profile_message USING btree (to_id);


--
-- Name: profile_message_user_id; Type: INDEX; Schema: public; Owner: -; Tablespace: 
--

CREATE INDEX profile_message_user_id ON profile_message USING btree (user_id);


--
-- Name: profile_referral_user_id; Type: INDEX; Schema: public; Owner: -; Tablespace: 
--

CREATE INDEX profile_referral_user_id ON profile_referral USING btree (user_id);


--
-- Name: profile_report_user_id; Type: INDEX; Schema: public; Owner: -; Tablespace: 
--

CREATE INDEX profile_report_user_id ON profile_report USING btree (user_id);


--
-- Name: profile_report_violator_id; Type: INDEX; Schema: public; Owner: -; Tablespace: 
--

CREATE INDEX profile_report_violator_id ON profile_report USING btree (violator_id);


--
-- Name: profile_studentinterest_level_id; Type: INDEX; Schema: public; Owner: -; Tablespace: 
--

CREATE INDEX profile_studentinterest_level_id ON profile_studentinterest USING btree (level_id);


--
-- Name: profile_studentinterest_subject_id; Type: INDEX; Schema: public; Owner: -; Tablespace: 
--

CREATE INDEX profile_studentinterest_subject_id ON profile_studentinterest USING btree (subject_id);


--
-- Name: profile_studentinterest_system_id; Type: INDEX; Schema: public; Owner: -; Tablespace: 
--

CREATE INDEX profile_studentinterest_system_id ON profile_studentinterest USING btree (system_id);


--
-- Name: profile_studentinterest_user_id; Type: INDEX; Schema: public; Owner: -; Tablespace: 
--

CREATE INDEX profile_studentinterest_user_id ON profile_studentinterest USING btree (user_id);


--
-- Name: profile_studentreview_related_class_id; Type: INDEX; Schema: public; Owner: -; Tablespace: 
--

CREATE INDEX profile_studentreview_related_class_id ON profile_studentreview USING btree (related_class_id);


--
-- Name: profile_studentreview_user_id; Type: INDEX; Schema: public; Owner: -; Tablespace: 
--

CREATE INDEX profile_studentreview_user_id ON profile_studentreview USING btree (user_id);


--
-- Name: profile_topupitem_currency_id; Type: INDEX; Schema: public; Owner: -; Tablespace: 
--

CREATE INDEX profile_topupitem_currency_id ON profile_topupitem USING btree (currency_id);


--
-- Name: profile_topupitem_discount_id; Type: INDEX; Schema: public; Owner: -; Tablespace: 
--

CREATE INDEX profile_topupitem_discount_id ON profile_topupitem USING btree (discount_id);


--
-- Name: profile_topupitem_user_id; Type: INDEX; Schema: public; Owner: -; Tablespace: 
--

CREATE INDEX profile_topupitem_user_id ON profile_topupitem USING btree (user_id);


--
-- Name: profile_tutorfavorite_tutor_id; Type: INDEX; Schema: public; Owner: -; Tablespace: 
--

CREATE INDEX profile_tutorfavorite_tutor_id ON profile_tutorfavorite USING btree (tutor_id);


--
-- Name: profile_tutorfavorite_user_id; Type: INDEX; Schema: public; Owner: -; Tablespace: 
--

CREATE INDEX profile_tutorfavorite_user_id ON profile_tutorfavorite USING btree (user_id);


--
-- Name: profile_tutorqualification_user_id; Type: INDEX; Schema: public; Owner: -; Tablespace: 
--

CREATE INDEX profile_tutorqualification_user_id ON profile_tutorqualification USING btree (user_id);


--
-- Name: profile_tutorreview_related_class_id; Type: INDEX; Schema: public; Owner: -; Tablespace: 
--

CREATE INDEX profile_tutorreview_related_class_id ON profile_tutorreview USING btree (related_class_id);


--
-- Name: profile_tutorreview_user_id; Type: INDEX; Schema: public; Owner: -; Tablespace: 
--

CREATE INDEX profile_tutorreview_user_id ON profile_tutorreview USING btree (user_id);


--
-- Name: profile_tutorsubject_level_id; Type: INDEX; Schema: public; Owner: -; Tablespace: 
--

CREATE INDEX profile_tutorsubject_level_id ON profile_tutorsubject USING btree (level_id);


--
-- Name: profile_tutorsubject_subject_id; Type: INDEX; Schema: public; Owner: -; Tablespace: 
--

CREATE INDEX profile_tutorsubject_subject_id ON profile_tutorsubject USING btree (subject_id);


--
-- Name: profile_tutorsubject_system_id; Type: INDEX; Schema: public; Owner: -; Tablespace: 
--

CREATE INDEX profile_tutorsubject_system_id ON profile_tutorsubject USING btree (system_id);


--
-- Name: profile_tutorsubject_user_id; Type: INDEX; Schema: public; Owner: -; Tablespace: 
--

CREATE INDEX profile_tutorsubject_user_id ON profile_tutorsubject USING btree (user_id);


--
-- Name: profile_usercreditmovement_related_class_id; Type: INDEX; Schema: public; Owner: -; Tablespace: 
--

CREATE INDEX profile_usercreditmovement_related_class_id ON profile_usercreditmovement USING btree (related_class_id);


--
-- Name: profile_usercreditmovement_user_id; Type: INDEX; Schema: public; Owner: -; Tablespace: 
--

CREATE INDEX profile_usercreditmovement_user_id ON profile_usercreditmovement USING btree (user_id);


--
-- Name: profile_userprofile_currency_id; Type: INDEX; Schema: public; Owner: -; Tablespace: 
--

CREATE INDEX profile_userprofile_currency_id ON profile_userprofile USING btree (currency_id);


--
-- Name: profile_userprofile_favorite_user_id; Type: INDEX; Schema: public; Owner: -; Tablespace: 
--

CREATE INDEX profile_userprofile_favorite_user_id ON profile_userprofile_favorite USING btree (user_id);


--
-- Name: profile_userprofile_favorite_userprofile_id; Type: INDEX; Schema: public; Owner: -; Tablespace: 
--

CREATE INDEX profile_userprofile_favorite_userprofile_id ON profile_userprofile_favorite USING btree (userprofile_id);


--
-- Name: profile_userprofile_genres_genre_id; Type: INDEX; Schema: public; Owner: -; Tablespace: 
--

CREATE INDEX profile_userprofile_genres_genre_id ON profile_userprofile_genres USING btree (genre_id);


--
-- Name: profile_userprofile_genres_userprofile_id; Type: INDEX; Schema: public; Owner: -; Tablespace: 
--

CREATE INDEX profile_userprofile_genres_userprofile_id ON profile_userprofile_genres USING btree (userprofile_id);


--
-- Name: profile_weekavailability_user_id; Type: INDEX; Schema: public; Owner: -; Tablespace: 
--

CREATE INDEX profile_weekavailability_user_id ON profile_weekavailability USING btree (user_id);


--
-- Name: profile_withdrawitem_currency_id; Type: INDEX; Schema: public; Owner: -; Tablespace: 
--

CREATE INDEX profile_withdrawitem_currency_id ON profile_withdrawitem USING btree (currency_id);


--
-- Name: profile_withdrawitem_user_id; Type: INDEX; Schema: public; Owner: -; Tablespace: 
--

CREATE INDEX profile_withdrawitem_user_id ON profile_withdrawitem USING btree (user_id);


--
-- Name: socialaccount_socialaccount_user_id; Type: INDEX; Schema: public; Owner: -; Tablespace: 
--

CREATE INDEX socialaccount_socialaccount_user_id ON socialaccount_socialaccount USING btree (user_id);


--
-- Name: tagging_taggeditem_content_type_id; Type: INDEX; Schema: public; Owner: -; Tablespace: 
--

CREATE INDEX tagging_taggeditem_content_type_id ON tagging_taggeditem USING btree (content_type_id);


--
-- Name: tagging_taggeditem_object_id; Type: INDEX; Schema: public; Owner: -; Tablespace: 
--

CREATE INDEX tagging_taggeditem_object_id ON tagging_taggeditem USING btree (object_id);


--
-- Name: tagging_taggeditem_tag_id; Type: INDEX; Schema: public; Owner: -; Tablespace: 
--

CREATE INDEX tagging_taggeditem_tag_id ON tagging_taggeditem USING btree (tag_id);


--
-- Name: twitter_twitterapp_site_id; Type: INDEX; Schema: public; Owner: -; Tablespace: 
--

CREATE INDEX twitter_twitterapp_site_id ON twitter_twitterapp USING btree (site_id);


--
-- Name: _class_id_refs_id_637007a1; Type: FK CONSTRAINT; Schema: public; Owner: -
--

ALTER TABLE ONLY classes_classuserhistory
    ADD CONSTRAINT _class_id_refs_id_637007a1 FOREIGN KEY (_class_id) REFERENCES classes_class(id) DEFERRABLE INITIALLY DEFERRED;


--
-- Name: account_id_refs_socialaccount_ptr_id_45e95643; Type: FK CONSTRAINT; Schema: public; Owner: -
--

ALTER TABLE ONLY facebook_facebookaccesstoken
    ADD CONSTRAINT account_id_refs_socialaccount_ptr_id_45e95643 FOREIGN KEY (account_id) REFERENCES facebook_facebookaccount(socialaccount_ptr_id) DEFERRABLE INITIALLY DEFERRED;


--
-- Name: app_id_refs_id_6d24d761; Type: FK CONSTRAINT; Schema: public; Owner: -
--

ALTER TABLE ONLY facebook_facebookaccesstoken
    ADD CONSTRAINT app_id_refs_id_6d24d761 FOREIGN KEY (app_id) REFERENCES facebook_facebookapp(id) DEFERRABLE INITIALLY DEFERRED;


--
-- Name: auth_group_permissions_permission_id_fkey; Type: FK CONSTRAINT; Schema: public; Owner: -
--

ALTER TABLE ONLY auth_group_permissions
    ADD CONSTRAINT auth_group_permissions_permission_id_fkey FOREIGN KEY (permission_id) REFERENCES auth_permission(id) DEFERRABLE INITIALLY DEFERRED;


--
-- Name: auth_message_user_id_fkey; Type: FK CONSTRAINT; Schema: public; Owner: -
--

ALTER TABLE ONLY auth_message
    ADD CONSTRAINT auth_message_user_id_fkey FOREIGN KEY (user_id) REFERENCES auth_user(id) DEFERRABLE INITIALLY DEFERRED;


--
-- Name: auth_user_groups_group_id_fkey; Type: FK CONSTRAINT; Schema: public; Owner: -
--

ALTER TABLE ONLY auth_user_groups
    ADD CONSTRAINT auth_user_groups_group_id_fkey FOREIGN KEY (group_id) REFERENCES auth_group(id) DEFERRABLE INITIALLY DEFERRED;


--
-- Name: auth_user_user_permissions_permission_id_fkey; Type: FK CONSTRAINT; Schema: public; Owner: -
--

ALTER TABLE ONLY auth_user_user_permissions
    ADD CONSTRAINT auth_user_user_permissions_permission_id_fkey FOREIGN KEY (permission_id) REFERENCES auth_permission(id) DEFERRABLE INITIALLY DEFERRED;


--
-- Name: campaign_id_refs_id_9cfd2c; Type: FK CONSTRAINT; Schema: public; Owner: -
--

ALTER TABLE ONLY mailchimp_reciever
    ADD CONSTRAINT campaign_id_refs_id_9cfd2c FOREIGN KEY (campaign_id) REFERENCES mailchimp_campaign(id) DEFERRABLE INITIALLY DEFERRED;


--
-- Name: child_id_refs_id_79d67388; Type: FK CONSTRAINT; Schema: public; Owner: -
--

ALTER TABLE ONLY profile_message
    ADD CONSTRAINT child_id_refs_id_79d67388 FOREIGN KEY (child_id) REFERENCES auth_user(id) DEFERRABLE INITIALLY DEFERRED;


--
-- Name: child_id_refs_id_7b96ff3; Type: FK CONSTRAINT; Schema: public; Owner: -
--

ALTER TABLE ONLY profile_child
    ADD CONSTRAINT child_id_refs_id_7b96ff3 FOREIGN KEY (child_id) REFERENCES auth_user(id) DEFERRABLE INITIALLY DEFERRED;


--
-- Name: classsubject_id_refs_id_7825e3ee; Type: FK CONSTRAINT; Schema: public; Owner: -
--

ALTER TABLE ONLY classes_classsubject_systems
    ADD CONSTRAINT classsubject_id_refs_id_7825e3ee FOREIGN KEY (classsubject_id) REFERENCES classes_classsubject(id) DEFERRABLE INITIALLY DEFERRED;


--
-- Name: content_type_id_refs_id_1edf39ab; Type: FK CONSTRAINT; Schema: public; Owner: -
--

ALTER TABLE ONLY mailchimp_queue
    ADD CONSTRAINT content_type_id_refs_id_1edf39ab FOREIGN KEY (content_type_id) REFERENCES django_content_type(id) DEFERRABLE INITIALLY DEFERRED;


--
-- Name: content_type_id_refs_id_728de91f; Type: FK CONSTRAINT; Schema: public; Owner: -
--

ALTER TABLE ONLY auth_permission
    ADD CONSTRAINT content_type_id_refs_id_728de91f FOREIGN KEY (content_type_id) REFERENCES django_content_type(id) DEFERRABLE INITIALLY DEFERRED;


--
-- Name: content_type_id_refs_id_8421db1; Type: FK CONSTRAINT; Schema: public; Owner: -
--

ALTER TABLE ONLY mailchimp_campaign
    ADD CONSTRAINT content_type_id_refs_id_8421db1 FOREIGN KEY (content_type_id) REFERENCES django_content_type(id) DEFERRABLE INITIALLY DEFERRED;


--
-- Name: country_id_refs_id_5bcf0fa4; Type: FK CONSTRAINT; Schema: public; Owner: -
--

ALTER TABLE ONLY core_country_timezones
    ADD CONSTRAINT country_id_refs_id_5bcf0fa4 FOREIGN KEY (country_id) REFERENCES core_country(id) DEFERRABLE INITIALLY DEFERRED;


--
-- Name: currency_id_refs_id_3dc850ea; Type: FK CONSTRAINT; Schema: public; Owner: -
--

ALTER TABLE ONLY profile_withdrawitem
    ADD CONSTRAINT currency_id_refs_id_3dc850ea FOREIGN KEY (currency_id) REFERENCES core_currency(id) DEFERRABLE INITIALLY DEFERRED;


--
-- Name: currency_id_refs_id_57220f8e; Type: FK CONSTRAINT; Schema: public; Owner: -
--

ALTER TABLE ONLY profile_userprofile
    ADD CONSTRAINT currency_id_refs_id_57220f8e FOREIGN KEY (currency_id) REFERENCES core_currency(id) DEFERRABLE INITIALLY DEFERRED;


--
-- Name: currency_id_refs_id_5e6b7ff7; Type: FK CONSTRAINT; Schema: public; Owner: -
--

ALTER TABLE ONLY profile_topupitem
    ADD CONSTRAINT currency_id_refs_id_5e6b7ff7 FOREIGN KEY (currency_id) REFERENCES core_currency(id) DEFERRABLE INITIALLY DEFERRED;


--
-- Name: currency_id_refs_id_7deb81b9fcf24808; Type: FK CONSTRAINT; Schema: public; Owner: -
--

ALTER TABLE ONLY core_masswithdraw
    ADD CONSTRAINT currency_id_refs_id_7deb81b9fcf24808 FOREIGN KEY (currency_id) REFERENCES core_currency(id) DEFERRABLE INITIALLY DEFERRED;


--
-- Name: discount_id_refs_id_2c8fa9a8; Type: FK CONSTRAINT; Schema: public; Owner: -
--

ALTER TABLE ONLY profile_topupitem
    ADD CONSTRAINT discount_id_refs_id_2c8fa9a8 FOREIGN KEY (discount_id) REFERENCES core_discountuser(id) DEFERRABLE INITIALLY DEFERRED;


--
-- Name: discount_id_refs_id_5028c916; Type: FK CONSTRAINT; Schema: public; Owner: -
--

ALTER TABLE ONLY core_discountuser
    ADD CONSTRAINT discount_id_refs_id_5028c916 FOREIGN KEY (discount_id) REFERENCES core_discount(id) DEFERRABLE INITIALLY DEFERRED;


--
-- Name: django_admin_log_content_type_id_fkey; Type: FK CONSTRAINT; Schema: public; Owner: -
--

ALTER TABLE ONLY django_admin_log
    ADD CONSTRAINT django_admin_log_content_type_id_fkey FOREIGN KEY (content_type_id) REFERENCES django_content_type(id) DEFERRABLE INITIALLY DEFERRED;


--
-- Name: django_admin_log_user_id_fkey; Type: FK CONSTRAINT; Schema: public; Owner: -
--

ALTER TABLE ONLY django_admin_log
    ADD CONSTRAINT django_admin_log_user_id_fkey FOREIGN KEY (user_id) REFERENCES auth_user(id) DEFERRABLE INITIALLY DEFERRED;


--
-- Name: django_comment_flags_comment_id_fkey; Type: FK CONSTRAINT; Schema: public; Owner: -
--

ALTER TABLE ONLY django_comment_flags
    ADD CONSTRAINT django_comment_flags_comment_id_fkey FOREIGN KEY (comment_id) REFERENCES django_comments(id) DEFERRABLE INITIALLY DEFERRED;


--
-- Name: django_comment_flags_user_id_fkey; Type: FK CONSTRAINT; Schema: public; Owner: -
--

ALTER TABLE ONLY django_comment_flags
    ADD CONSTRAINT django_comment_flags_user_id_fkey FOREIGN KEY (user_id) REFERENCES auth_user(id) DEFERRABLE INITIALLY DEFERRED;


--
-- Name: django_comments_content_type_id_fkey; Type: FK CONSTRAINT; Schema: public; Owner: -
--

ALTER TABLE ONLY django_comments
    ADD CONSTRAINT django_comments_content_type_id_fkey FOREIGN KEY (content_type_id) REFERENCES django_content_type(id) DEFERRABLE INITIALLY DEFERRED;


--
-- Name: django_comments_site_id_fkey; Type: FK CONSTRAINT; Schema: public; Owner: -
--

ALTER TABLE ONLY django_comments
    ADD CONSTRAINT django_comments_site_id_fkey FOREIGN KEY (site_id) REFERENCES django_site(id) DEFERRABLE INITIALLY DEFERRED;


--
-- Name: django_comments_user_id_fkey; Type: FK CONSTRAINT; Schema: public; Owner: -
--

ALTER TABLE ONLY django_comments
    ADD CONSTRAINT django_comments_user_id_fkey FOREIGN KEY (user_id) REFERENCES auth_user(id) DEFERRABLE INITIALLY DEFERRED;


--
-- Name: django_flatpage_sites_site_id_fkey; Type: FK CONSTRAINT; Schema: public; Owner: -
--

ALTER TABLE ONLY django_flatpage_sites
    ADD CONSTRAINT django_flatpage_sites_site_id_fkey FOREIGN KEY (site_id) REFERENCES django_site(id) DEFERRABLE INITIALLY DEFERRED;


--
-- Name: educationalsystem_id_refs_id_50b52c13; Type: FK CONSTRAINT; Schema: public; Owner: -
--

ALTER TABLE ONLY classes_classsubject_systems
    ADD CONSTRAINT educationalsystem_id_refs_id_50b52c13 FOREIGN KEY (educationalsystem_id) REFERENCES classes_educationalsystem(id) DEFERRABLE INITIALLY DEFERRED;


--
-- Name: emailconfirmation_emailaddress_user_id_fkey; Type: FK CONSTRAINT; Schema: public; Owner: -
--

ALTER TABLE ONLY emailconfirmation_emailaddress
    ADD CONSTRAINT emailconfirmation_emailaddress_user_id_fkey FOREIGN KEY (user_id) REFERENCES auth_user(id) DEFERRABLE INITIALLY DEFERRED;


--
-- Name: emailconfirmation_emailconfirmation_email_address_id_fkey; Type: FK CONSTRAINT; Schema: public; Owner: -
--

ALTER TABLE ONLY emailconfirmation_emailconfirmation
    ADD CONSTRAINT emailconfirmation_emailconfirmation_email_address_id_fkey FOREIGN KEY (email_address_id) REFERENCES emailconfirmation_emailaddress(id) DEFERRABLE INITIALLY DEFERRED;


--
-- Name: flatpage_id_refs_id_3f17b0a6; Type: FK CONSTRAINT; Schema: public; Owner: -
--

ALTER TABLE ONLY django_flatpage_sites
    ADD CONSTRAINT flatpage_id_refs_id_3f17b0a6 FOREIGN KEY (flatpage_id) REFERENCES django_flatpage(id) DEFERRABLE INITIALLY DEFERRED;


--
-- Name: genre_id_refs_id_33b635c44a1cb346; Type: FK CONSTRAINT; Schema: public; Owner: -
--

ALTER TABLE ONLY profile_userprofile_genres
    ADD CONSTRAINT genre_id_refs_id_33b635c44a1cb346 FOREIGN KEY (genre_id) REFERENCES profile_genre(id) DEFERRABLE INITIALLY DEFERRED;


--
-- Name: group_id_refs_id_3cea63fe; Type: FK CONSTRAINT; Schema: public; Owner: -
--

ALTER TABLE ONLY auth_group_permissions
    ADD CONSTRAINT group_id_refs_id_3cea63fe FOREIGN KEY (group_id) REFERENCES auth_group(id) DEFERRABLE INITIALLY DEFERRED;


--
-- Name: level_id_refs_id_4508512c; Type: FK CONSTRAINT; Schema: public; Owner: -
--

ALTER TABLE ONLY profile_tutorsubject
    ADD CONSTRAINT level_id_refs_id_4508512c FOREIGN KEY (level_id) REFERENCES classes_classlevel(id) DEFERRABLE INITIALLY DEFERRED;


--
-- Name: level_id_refs_id_4d39fe90; Type: FK CONSTRAINT; Schema: public; Owner: -
--

ALTER TABLE ONLY profile_studentinterest
    ADD CONSTRAINT level_id_refs_id_4d39fe90 FOREIGN KEY (level_id) REFERENCES classes_classlevel(id) DEFERRABLE INITIALLY DEFERRED;


--
-- Name: masswithdraw_id_refs_id_7a304a61bd31d652; Type: FK CONSTRAINT; Schema: public; Owner: -
--

ALTER TABLE ONLY core_masswithdraw_items
    ADD CONSTRAINT masswithdraw_id_refs_id_7a304a61bd31d652 FOREIGN KEY (masswithdraw_id) REFERENCES core_masswithdraw(id) DEFERRABLE INITIALLY DEFERRED;


--
-- Name: option_id_refs_id_3796a5a8; Type: FK CONSTRAINT; Schema: public; Owner: -
--

ALTER TABLE ONLY common_feedbackanswer
    ADD CONSTRAINT option_id_refs_id_3796a5a8 FOREIGN KEY (option_id) REFERENCES common_feedbackquestionoption(id) DEFERRABLE INITIALLY DEFERRED;


--
-- Name: parent_id_refs_id_11f450bd760d8a77; Type: FK CONSTRAINT; Schema: public; Owner: -
--

ALTER TABLE ONLY profile_genre
    ADD CONSTRAINT parent_id_refs_id_11f450bd760d8a77 FOREIGN KEY (parent_id) REFERENCES profile_genre(id) DEFERRABLE INITIALLY DEFERRED;


--
-- Name: parent_id_refs_id_7b96ff3; Type: FK CONSTRAINT; Schema: public; Owner: -
--

ALTER TABLE ONLY profile_child
    ADD CONSTRAINT parent_id_refs_id_7b96ff3 FOREIGN KEY (parent_id) REFERENCES auth_user(id) DEFERRABLE INITIALLY DEFERRED;


--
-- Name: payment_id_refs_id_49b9540c; Type: FK CONSTRAINT; Schema: public; Owner: -
--

ALTER TABLE ONLY ap_masspaymentreceiver
    ADD CONSTRAINT payment_id_refs_id_49b9540c FOREIGN KEY (payment_id) REFERENCES ap_masspayment(id) DEFERRABLE INITIALLY DEFERRED;


--
-- Name: question_id_refs_id_2d190885; Type: FK CONSTRAINT; Schema: public; Owner: -
--

ALTER TABLE ONLY common_feedbackanswer
    ADD CONSTRAINT question_id_refs_id_2d190885 FOREIGN KEY (question_id) REFERENCES common_feedbackquestion(id) DEFERRABLE INITIALLY DEFERRED;


--
-- Name: question_id_refs_id_c41617e; Type: FK CONSTRAINT; Schema: public; Owner: -
--

ALTER TABLE ONLY common_feedbackquestionoption
    ADD CONSTRAINT question_id_refs_id_c41617e FOREIGN KEY (question_id) REFERENCES common_feedbackquestion(id) DEFERRABLE INITIALLY DEFERRED;


--
-- Name: related_class_id_refs_id_30fbbd1; Type: FK CONSTRAINT; Schema: public; Owner: -
--

ALTER TABLE ONLY profile_message
    ADD CONSTRAINT related_class_id_refs_id_30fbbd1 FOREIGN KEY (related_class_id) REFERENCES classes_class(id) DEFERRABLE INITIALLY DEFERRED;


--
-- Name: related_class_id_refs_id_4803ada1; Type: FK CONSTRAINT; Schema: public; Owner: -
--

ALTER TABLE ONLY profile_studentreview
    ADD CONSTRAINT related_class_id_refs_id_4803ada1 FOREIGN KEY (related_class_id) REFERENCES classes_class(id) DEFERRABLE INITIALLY DEFERRED;


--
-- Name: related_class_id_refs_id_4eefa9d6; Type: FK CONSTRAINT; Schema: public; Owner: -
--

ALTER TABLE ONLY profile_usercreditmovement
    ADD CONSTRAINT related_class_id_refs_id_4eefa9d6 FOREIGN KEY (related_class_id) REFERENCES classes_class(id) DEFERRABLE INITIALLY DEFERRED;


--
-- Name: related_class_id_refs_id_757e2be; Type: FK CONSTRAINT; Schema: public; Owner: -
--

ALTER TABLE ONLY profile_tutorreview
    ADD CONSTRAINT related_class_id_refs_id_757e2be FOREIGN KEY (related_class_id) REFERENCES classes_class(id) DEFERRABLE INITIALLY DEFERRED;


--
-- Name: section_id_refs_id_3129d868; Type: FK CONSTRAINT; Schema: public; Owner: -
--

ALTER TABLE ONLY faq_faqitem
    ADD CONSTRAINT section_id_refs_id_3129d868 FOREIGN KEY (section_id) REFERENCES faq_faqsection(id) DEFERRABLE INITIALLY DEFERRED;


--
-- Name: site_id_refs_id_2ab952e9; Type: FK CONSTRAINT; Schema: public; Owner: -
--

ALTER TABLE ONLY facebook_facebookapp
    ADD CONSTRAINT site_id_refs_id_2ab952e9 FOREIGN KEY (site_id) REFERENCES django_site(id) DEFERRABLE INITIALLY DEFERRED;


--
-- Name: site_id_refs_id_55bf92c3; Type: FK CONSTRAINT; Schema: public; Owner: -
--

ALTER TABLE ONLY twitter_twitterapp
    ADD CONSTRAINT site_id_refs_id_55bf92c3 FOREIGN KEY (site_id) REFERENCES django_site(id) DEFERRABLE INITIALLY DEFERRED;


--
-- Name: socialaccount_ptr_id_refs_id_14575d37; Type: FK CONSTRAINT; Schema: public; Owner: -
--

ALTER TABLE ONLY facebook_facebookaccount
    ADD CONSTRAINT socialaccount_ptr_id_refs_id_14575d37 FOREIGN KEY (socialaccount_ptr_id) REFERENCES socialaccount_socialaccount(id) DEFERRABLE INITIALLY DEFERRED;


--
-- Name: socialaccount_ptr_id_refs_id_68c0e1e3; Type: FK CONSTRAINT; Schema: public; Owner: -
--

ALTER TABLE ONLY openid_openidaccount
    ADD CONSTRAINT socialaccount_ptr_id_refs_id_68c0e1e3 FOREIGN KEY (socialaccount_ptr_id) REFERENCES socialaccount_socialaccount(id) DEFERRABLE INITIALLY DEFERRED;


--
-- Name: socialaccount_ptr_id_refs_id_bc919e5; Type: FK CONSTRAINT; Schema: public; Owner: -
--

ALTER TABLE ONLY twitter_twitteraccount
    ADD CONSTRAINT socialaccount_ptr_id_refs_id_bc919e5 FOREIGN KEY (socialaccount_ptr_id) REFERENCES socialaccount_socialaccount(id) DEFERRABLE INITIALLY DEFERRED;


--
-- Name: student_id_refs_id_4acadba4; Type: FK CONSTRAINT; Schema: public; Owner: -
--

ALTER TABLE ONLY classes_class
    ADD CONSTRAINT student_id_refs_id_4acadba4 FOREIGN KEY (student_id) REFERENCES auth_user(id) DEFERRABLE INITIALLY DEFERRED;


--
-- Name: subject_id_refs_id_5ebe0eb4; Type: FK CONSTRAINT; Schema: public; Owner: -
--

ALTER TABLE ONLY profile_studentinterest
    ADD CONSTRAINT subject_id_refs_id_5ebe0eb4 FOREIGN KEY (subject_id) REFERENCES classes_classsubject(id) DEFERRABLE INITIALLY DEFERRED;


--
-- Name: subject_id_refs_id_7b8c1190; Type: FK CONSTRAINT; Schema: public; Owner: -
--

ALTER TABLE ONLY profile_tutorsubject
    ADD CONSTRAINT subject_id_refs_id_7b8c1190 FOREIGN KEY (subject_id) REFERENCES classes_classsubject(id) DEFERRABLE INITIALLY DEFERRED;


--
-- Name: system_id_refs_id_4f887405; Type: FK CONSTRAINT; Schema: public; Owner: -
--

ALTER TABLE ONLY profile_tutorsubject
    ADD CONSTRAINT system_id_refs_id_4f887405 FOREIGN KEY (system_id) REFERENCES classes_educationalsystem(id) DEFERRABLE INITIALLY DEFERRED;


--
-- Name: system_id_refs_id_5a88196; Type: FK CONSTRAINT; Schema: public; Owner: -
--

ALTER TABLE ONLY classes_classlevel
    ADD CONSTRAINT system_id_refs_id_5a88196 FOREIGN KEY (system_id) REFERENCES classes_educationalsystem(id) DEFERRABLE INITIALLY DEFERRED;


--
-- Name: system_id_refs_id_613606d9; Type: FK CONSTRAINT; Schema: public; Owner: -
--

ALTER TABLE ONLY profile_studentinterest
    ADD CONSTRAINT system_id_refs_id_613606d9 FOREIGN KEY (system_id) REFERENCES classes_educationalsystem(id) DEFERRABLE INITIALLY DEFERRED;


--
-- Name: system_id_refs_id_e8bdb4a; Type: FK CONSTRAINT; Schema: public; Owner: -
--

ALTER TABLE ONLY classes_educationalsystemcountry
    ADD CONSTRAINT system_id_refs_id_e8bdb4a FOREIGN KEY (system_id) REFERENCES classes_educationalsystem(id) DEFERRABLE INITIALLY DEFERRED;


--
-- Name: tagging_taggeditem_content_type_id_fkey; Type: FK CONSTRAINT; Schema: public; Owner: -
--

ALTER TABLE ONLY tagging_taggeditem
    ADD CONSTRAINT tagging_taggeditem_content_type_id_fkey FOREIGN KEY (content_type_id) REFERENCES django_content_type(id) DEFERRABLE INITIALLY DEFERRED;


--
-- Name: tagging_taggeditem_tag_id_fkey; Type: FK CONSTRAINT; Schema: public; Owner: -
--

ALTER TABLE ONLY tagging_taggeditem
    ADD CONSTRAINT tagging_taggeditem_tag_id_fkey FOREIGN KEY (tag_id) REFERENCES tagging_tag(id) DEFERRABLE INITIALLY DEFERRED;


--
-- Name: timezone_id_refs_id_1f45f9e6; Type: FK CONSTRAINT; Schema: public; Owner: -
--

ALTER TABLE ONLY core_country_timezones
    ADD CONSTRAINT timezone_id_refs_id_1f45f9e6 FOREIGN KEY (timezone_id) REFERENCES core_timezone(id) DEFERRABLE INITIALLY DEFERRED;


--
-- Name: to_id_refs_id_79d67388; Type: FK CONSTRAINT; Schema: public; Owner: -
--

ALTER TABLE ONLY profile_message
    ADD CONSTRAINT to_id_refs_id_79d67388 FOREIGN KEY (to_id) REFERENCES auth_user(id) DEFERRABLE INITIALLY DEFERRED;


--
-- Name: tutor_id_refs_id_403e1c55; Type: FK CONSTRAINT; Schema: public; Owner: -
--

ALTER TABLE ONLY profile_tutorfavorite
    ADD CONSTRAINT tutor_id_refs_id_403e1c55 FOREIGN KEY (tutor_id) REFERENCES auth_user(id) DEFERRABLE INITIALLY DEFERRED;


--
-- Name: tutor_id_refs_id_4acadba4; Type: FK CONSTRAINT; Schema: public; Owner: -
--

ALTER TABLE ONLY classes_class
    ADD CONSTRAINT tutor_id_refs_id_4acadba4 FOREIGN KEY (tutor_id) REFERENCES auth_user(id) DEFERRABLE INITIALLY DEFERRED;


--
-- Name: user_id_refs_id_15975dae; Type: FK CONSTRAINT; Schema: public; Owner: -
--

ALTER TABLE ONLY profile_studentinterest
    ADD CONSTRAINT user_id_refs_id_15975dae FOREIGN KEY (user_id) REFERENCES auth_user(id) DEFERRABLE INITIALLY DEFERRED;


--
-- Name: user_id_refs_id_1b18fc1f; Type: FK CONSTRAINT; Schema: public; Owner: -
--

ALTER TABLE ONLY profile_usercreditmovement
    ADD CONSTRAINT user_id_refs_id_1b18fc1f FOREIGN KEY (user_id) REFERENCES auth_user(id) DEFERRABLE INITIALLY DEFERRED;


--
-- Name: user_id_refs_id_20feebf8; Type: FK CONSTRAINT; Schema: public; Owner: -
--

ALTER TABLE ONLY profile_topupitem
    ADD CONSTRAINT user_id_refs_id_20feebf8 FOREIGN KEY (user_id) REFERENCES auth_user(id) DEFERRABLE INITIALLY DEFERRED;


--
-- Name: user_id_refs_id_2e258b41; Type: FK CONSTRAINT; Schema: public; Owner: -
--

ALTER TABLE ONLY profile_referral
    ADD CONSTRAINT user_id_refs_id_2e258b41 FOREIGN KEY (user_id) REFERENCES auth_user(id) DEFERRABLE INITIALLY DEFERRED;


--
-- Name: user_id_refs_id_30e66d16; Type: FK CONSTRAINT; Schema: public; Owner: -
--

ALTER TABLE ONLY profile_studentreview
    ADD CONSTRAINT user_id_refs_id_30e66d16 FOREIGN KEY (user_id) REFERENCES auth_user(id) DEFERRABLE INITIALLY DEFERRED;


--
-- Name: user_id_refs_id_30fcb4fd; Type: FK CONSTRAINT; Schema: public; Owner: -
--

ALTER TABLE ONLY core_discountuser
    ADD CONSTRAINT user_id_refs_id_30fcb4fd FOREIGN KEY (user_id) REFERENCES auth_user(id) DEFERRABLE INITIALLY DEFERRED;


--
-- Name: user_id_refs_id_34de3005; Type: FK CONSTRAINT; Schema: public; Owner: -
--

ALTER TABLE ONLY profile_tutorqualification
    ADD CONSTRAINT user_id_refs_id_34de3005 FOREIGN KEY (user_id) REFERENCES auth_user(id) DEFERRABLE INITIALLY DEFERRED;


--
-- Name: user_id_refs_id_40297795; Type: FK CONSTRAINT; Schema: public; Owner: -
--

ALTER TABLE ONLY profile_userprofile_favorite
    ADD CONSTRAINT user_id_refs_id_40297795 FOREIGN KEY (user_id) REFERENCES auth_user(id) DEFERRABLE INITIALLY DEFERRED;


--
-- Name: user_id_refs_id_403e1c55; Type: FK CONSTRAINT; Schema: public; Owner: -
--

ALTER TABLE ONLY profile_tutorfavorite
    ADD CONSTRAINT user_id_refs_id_403e1c55 FOREIGN KEY (user_id) REFERENCES auth_user(id) DEFERRABLE INITIALLY DEFERRED;


--
-- Name: user_id_refs_id_4c5baa66; Type: FK CONSTRAINT; Schema: public; Owner: -
--

ALTER TABLE ONLY profile_dayavailability
    ADD CONSTRAINT user_id_refs_id_4c5baa66 FOREIGN KEY (user_id) REFERENCES auth_user(id) DEFERRABLE INITIALLY DEFERRED;


--
-- Name: user_id_refs_id_51ecca87; Type: FK CONSTRAINT; Schema: public; Owner: -
--

ALTER TABLE ONLY profile_weekavailability
    ADD CONSTRAINT user_id_refs_id_51ecca87 FOREIGN KEY (user_id) REFERENCES auth_user(id) DEFERRABLE INITIALLY DEFERRED;


--
-- Name: user_id_refs_id_578ed2f7; Type: FK CONSTRAINT; Schema: public; Owner: -
--

ALTER TABLE ONLY profile_withdrawitem
    ADD CONSTRAINT user_id_refs_id_578ed2f7 FOREIGN KEY (user_id) REFERENCES auth_user(id) DEFERRABLE INITIALLY DEFERRED;


--
-- Name: user_id_refs_id_5851d882; Type: FK CONSTRAINT; Schema: public; Owner: -
--

ALTER TABLE ONLY profile_tutorsubject
    ADD CONSTRAINT user_id_refs_id_5851d882 FOREIGN KEY (user_id) REFERENCES auth_user(id) DEFERRABLE INITIALLY DEFERRED;


--
-- Name: user_id_refs_id_5ad5c5cd; Type: FK CONSTRAINT; Schema: public; Owner: -
--

ALTER TABLE ONLY profile_tutorreview
    ADD CONSTRAINT user_id_refs_id_5ad5c5cd FOREIGN KEY (user_id) REFERENCES auth_user(id) DEFERRABLE INITIALLY DEFERRED;


--
-- Name: user_id_refs_id_651975b6; Type: FK CONSTRAINT; Schema: public; Owner: -
--

ALTER TABLE ONLY socialaccount_socialaccount
    ADD CONSTRAINT user_id_refs_id_651975b6 FOREIGN KEY (user_id) REFERENCES auth_user(id) DEFERRABLE INITIALLY DEFERRED;


--
-- Name: user_id_refs_id_6555656e; Type: FK CONSTRAINT; Schema: public; Owner: -
--

ALTER TABLE ONLY profile_report
    ADD CONSTRAINT user_id_refs_id_6555656e FOREIGN KEY (user_id) REFERENCES auth_user(id) DEFERRABLE INITIALLY DEFERRED;


--
-- Name: user_id_refs_id_7622d5ff; Type: FK CONSTRAINT; Schema: public; Owner: -
--

ALTER TABLE ONLY profile_userprofile
    ADD CONSTRAINT user_id_refs_id_7622d5ff FOREIGN KEY (user_id) REFERENCES auth_user(id) DEFERRABLE INITIALLY DEFERRED;


--
-- Name: user_id_refs_id_79d67388; Type: FK CONSTRAINT; Schema: public; Owner: -
--

ALTER TABLE ONLY profile_message
    ADD CONSTRAINT user_id_refs_id_79d67388 FOREIGN KEY (user_id) REFERENCES auth_user(id) DEFERRABLE INITIALLY DEFERRED;


--
-- Name: user_id_refs_id_7ceef80f; Type: FK CONSTRAINT; Schema: public; Owner: -
--

ALTER TABLE ONLY auth_user_groups
    ADD CONSTRAINT user_id_refs_id_7ceef80f FOREIGN KEY (user_id) REFERENCES auth_user(id) DEFERRABLE INITIALLY DEFERRED;


--
-- Name: user_id_refs_id_ab95d68; Type: FK CONSTRAINT; Schema: public; Owner: -
--

ALTER TABLE ONLY classes_classuserhistory
    ADD CONSTRAINT user_id_refs_id_ab95d68 FOREIGN KEY (user_id) REFERENCES auth_user(id) DEFERRABLE INITIALLY DEFERRED;


--
-- Name: user_id_refs_id_dfbab7d; Type: FK CONSTRAINT; Schema: public; Owner: -
--

ALTER TABLE ONLY auth_user_user_permissions
    ADD CONSTRAINT user_id_refs_id_dfbab7d FOREIGN KEY (user_id) REFERENCES auth_user(id) DEFERRABLE INITIALLY DEFERRED;


--
-- Name: userprofile_id_refs_id_57f888d1; Type: FK CONSTRAINT; Schema: public; Owner: -
--

ALTER TABLE ONLY profile_userprofile_favorite
    ADD CONSTRAINT userprofile_id_refs_id_57f888d1 FOREIGN KEY (userprofile_id) REFERENCES profile_userprofile(id) DEFERRABLE INITIALLY DEFERRED;


--
-- Name: userprofile_id_refs_id_6374852309f268d7; Type: FK CONSTRAINT; Schema: public; Owner: -
--

ALTER TABLE ONLY profile_userprofile_genres
    ADD CONSTRAINT userprofile_id_refs_id_6374852309f268d7 FOREIGN KEY (userprofile_id) REFERENCES profile_userprofile(id) DEFERRABLE INITIALLY DEFERRED;


--
-- Name: violator_id_refs_id_6555656e; Type: FK CONSTRAINT; Schema: public; Owner: -
--

ALTER TABLE ONLY profile_report
    ADD CONSTRAINT violator_id_refs_id_6555656e FOREIGN KEY (violator_id) REFERENCES auth_user(id) DEFERRABLE INITIALLY DEFERRED;


--
-- Name: withdrawitem_id_refs_id_5c3de72b72952678; Type: FK CONSTRAINT; Schema: public; Owner: -
--

ALTER TABLE ONLY core_masswithdraw_items
    ADD CONSTRAINT withdrawitem_id_refs_id_5c3de72b72952678 FOREIGN KEY (withdrawitem_id) REFERENCES profile_withdrawitem(id) DEFERRABLE INITIALLY DEFERRED;


--
-- PostgreSQL database dump complete
--

